Overall,Team,Player,Nat.,Pos,Age,To,Amateur Team,GP,G,G/PG,A,A/PG,PTS,P/PG,P/82,+/-,PIM,GP.1,W,L,T/O,SV%,GAA,PS,-9999,Draft Year,PrimaryPos,PointShares,GPG,APG,PPG,PlusMinusPG,WeightedScore,Overall▲
118.0,Los Angeles Kings,Lubomir Visnovsky,SK,D,24.0,2015.0,HC Slovan Bratislava (Slovakia),883.0,24.0,0.144960362400906,118,0.000164168020839078,495.0,0.560588901472254,,40.0,373.0,,,,,,,87.0,visnolu01,2000,D,87.0,0.027180067950169876,0.13363533408833522,0.5605889014722537,0.045300113250283124,47.95469988674972,
29.0,Detroit Red Wings,Niklas Kronwall,SE,D,19.0,2019.0,Djurgardens IF (Sweden),953.0,19.0,0.087093389296957,29,9.13886561353169e-05,432.0,0.453305351521511,,-5.0,564.0,,,,,,,74.3,kronwni01,2000,D,74.3,0.01993704092339979,0.030430220356768102,0.453305351521511,-0.005246589716684155,40.93750786988458,
62.0,New Jersey Devils,Paul Martin,US,D,19.0,2018.0,Elk River HS (High-MN),870.0,19.0,0.0574712643678161,62,6.60589245607082e-05,320.0,0.367816091954023,,126.0,238.0,,,,,,,72.2,martipa01,2000,D,72.2,0.021839080459770115,0.07126436781609195,0.367816091954023,0.14482758620689656,39.78896551724139,
159.0,Colorado Avalanche,John-Michael Liles,US,D,19.0,2017.0,Michigan State (CCHA),836.0,19.0,0.104066985645933,159,0.000124482040246331,370.0,0.442583732057416,,-44.0,286.0,,,,,,,61.1,lilesjo01,2000,D,61.1,0.022727272727272728,0.1901913875598086,0.44258373205741625,-0.05263157894736842,33.68741626794258,
13.0,Montreal Canadiens,Ron Hainsey,US,D,19.0,2020.0,Massachusetts-Lowell (H-East),1132.0,19.0,0.0521201413427562,13,4.60425276879472e-05,311.0,0.274734982332155,,-21.0,443.0,,,,,,,60.2,hainsro01,2000,D,60.2,0.01678445229681979,0.011484098939929329,0.2747349823321555,-0.018551236749116608,33.15218197879859,
33.0,Minnesota Wild,Nick Schultz,CA,D,18.0,2017.0,Prince Albert Raiders (WHL),1069.0,18.0,0.0280636108512629,33,2.62522084670373e-05,175.0,0.163704396632367,,-18.0,483.0,,,,,,,48.2,schulni01,2000,D,48.2,0.01683816651075772,0.03086997193638915,0.1637043966323667,-0.01683816651075772,26.537642656688497,
18.0,Pittsburgh Penguins,Brooks Orpik,US,D,19.0,2019.0,Boston College (H-East),1035.0,19.0,0.0173913043478261,18,1.68031926065953e-05,194.0,0.18743961352657,,79.0,972.0,,,,,,,43.8,orpikbr01,2000,D,43.8,0.018357487922705314,0.017391304347826087,0.18743961352657004,0.07632850241545894,24.129323671497584,
4.0,Columbus Blue Jackets,Rostislav Klesla,CZ,D,18.0,2014.0,Brampton Battalion (OHL),659.0,18.0,0.0728376327769347,4,0.000110527515594742,159.0,0.241274658573596,,-46.0,620.0,,,,,,,34.5,kleslro01,2000,D,34.5,0.027314112291350532,0.006069802731411229,0.24127465857359637,-0.06980273141122914,19.00754931714719,
21.0,Ottawa Senators,Anton Volchenkov,RU,D,18.0,2015.0,HK CSKA Moskva (Russia-2),696.0,18.0,0.0272988505747126,21,3.92224864579204e-05,133.0,0.191091954022989,,73.0,438.0,,,,,,,34.0,volchan01,2000,D,34.0,0.02586206896551724,0.03017241379310345,0.1910919540229885,0.10488505747126436,18.74475574712644,
40.0,Calgary Flames,Kurtis Foster,CA,D,18.0,2013.0,Peterborough Petes (OHL),405.0,18.0,0.103703703703704,40,0.000256058527663467,160.0,0.395061728395062,,-31.0,308.0,,,,,,,27.9,fosteku01,2000,D,27.9,0.044444444444444446,0.09876543209876543,0.3950617283950617,-0.07654320987654321,15.410925925925927,
194.0,New Jersey Devils,Deryk Engelland,CA,D,18.0,2020.0,Moose Jaw Warriors (WHL),671.0,18.0,0.0447093889716841,194,6.66309820740449e-05,127.0,0.189269746646796,,4.0,579.0,,,,,,,25.8,engelde01,2000,D,25.8,0.026825633383010434,0.28912071535022354,0.18926974664679583,0.005961251862891207,14.250581222056633,
54.0,Los Angeles Kings,Andreas Lilja,SE,D,25.0,2013.0,MIF (Sweden),580.0,25.0,0.0275862068965517,54,4.75624256837098e-05,87.0,0.15,,32.0,563.0,,,,,,,23.6,liljaan01,2000,D,23.6,0.04310344827586207,0.09310344827586207,0.15,0.05517241379310345,13.021637931034485,
156.0,Ottawa Senators,Greg Zanon,CA,D,20.0,2013.0,Nebraska-Omaha (CCHA),493.0,20.0,0.0243407707910751,156,4.93727602253045e-05,62.0,0.125760649087221,,-9.0,230.0,,,,,,,18.1,zanongr01,2000,D,18.1,0.04056795131845842,0.31643002028397565,0.1257606490872211,-0.018255578093306288,10.007738336713997,
97.0,Carolina Hurricanes,Niclas Wallin,SE,D,25.0,2011.0,Brynas IF (Sweden),614.0,25.0,0.0342019543973941,97,5.57035087905441e-05,79.0,0.128664495114007,,-61.0,460.0,,,,,,,16.2,wallini01,2000,D,16.2,0.04071661237785016,0.15798045602605862,0.12866449511400652,-0.0993485342019544,8.939234527687296,
232.0,Minnesota Wild,Lubomir Sekeras,SK,D,31.0,2004.0,HC Ocelari Trinec (Czech),213.0,31.0,0.0845070422535211,232,0.000396746677246578,71.0,0.333333333333333,,-27.0,122.0,,,,,,,14.1,sekerlu01,2000,D,14.1,0.14553990610328638,1.0892018779342723,0.3333333333333333,-0.1267605633802817,7.915798122065728,
88.0,Colorado Avalanche,Kurt Sauer,US,D,19.0,2010.0,Spokane Chiefs (WHL),357.0,19.0,0.0140056022408964,88,3.92313788260403e-05,33.0,0.092436974789916,,-15.0,250.0,,,,,,,10.1,sauerku01,2000,D,10.1,0.05322128851540616,0.24649859943977592,0.09243697478991597,-0.04201680672268908,5.594635854341737,
22.0,New Jersey Devils,David Hale,US,D,19.0,2011.0,Sioux City Musketeers (USHL),327.0,19.0,0.0122324159021407,22,3.74079997007361e-05,29.0,0.0886850152905199,,11.0,242.0,,,,,,,9.9,haleda01,2000,D,9.9,0.0581039755351682,0.0672782874617737,0.08868501529051988,0.03363914373088685,5.474204892966361,
133.0,Columbus Blue Jackets,Petteri Nummelin,FI,D,27.0,2008.0,HC Davos (Swiss),139.0,27.0,0.0647482014388489,133,0.00046581439884064,45.0,0.323741007194245,,-28.0,34.0,,,,,,,7.0,nummepe01,2000,D,7.0,0.19424460431654678,0.9568345323741008,0.3237410071942446,-0.2014388489208633,3.9935251798561153,
174.0,Boston Bruins,Jarno Kultanen,FI,D,27.0,2003.0,HIFK (Finland),102.0,27.0,0.0196078431372549,174,0.000192233756247597,13.0,0.127450980392157,,-3.0,59.0,,,,,,,3.0,kultaja01,2000,D,3.0,0.2647058823529412,1.7058823529411764,0.12745098039215685,-0.029411764705882353,1.863235294117647,
265.0,Toronto Maple Leafs,Jean-Philippe Cote,CA,D,18.0,2014.0,Cape Breton Screaming Eagles (QMJHL),27.0,18.0,0.0,265,0.0,4.0,0.148148148148148,,2.0,26.0,,,,,,,0.8,coteje01,2000,D,0.8,0.6666666666666666,9.814814814814815,0.14814814814814814,0.07407407407407407,1.5177777777777777,
270.0,Calgary Flames,Micki DuPont,CA,D,20.0,2008.0,Kamloops Blazers (WHL),23.0,20.0,0.0434782608695652,270,0.00189035916824197,4.0,0.173913043478261,,-7.0,12.0,,,,,,,0.4,duponmi01,2000,D,0.4,0.8695652173913043,11.73913043478261,0.17391304347826086,-0.30434782608695654,1.4765217391304348,
237.0,Boston Bruins,Zdenek Kutlak,CZ,D,20.0,2004.0,HC Ceske Budejovice (Czech),16.0,20.0,0.0625,237,0.00390625,3.0,0.1875,,-4.0,4.0,,,,,,,0.3,kutlazd01,2000,D,0.3,1.25,14.8125,0.1875,-0.25,1.4195000000000002,
268.0,Boston Bruins,Pavel Kolarik,CZ,D,27.0,2002.0,HC Slavia Praha (Czech),23.0,27.0,0.0,268,0.0,0.0,0.0,,-2.0,10.0,,,,,,,0.0,kolarpa01,2000,D,0.0,1.173913043478261,11.652173913043478,0.0,-0.08695652173913043,1.273913043478261,
267.0,New York Islanders,Tomi Pettinen,FI,D,23.0,2006.0,Ilves (Finland),24.0,23.0,0.0,267,0.0,0.0,0.0,,-3.0,18.0,,,,,,,0.1,pettito01,2000,D,0.1,0.9583333333333334,11.125,0.0,-0.125,1.2508333333333335,
202.0,New York Islanders,Ryan Caldwell,CA,D,19.0,2008.0,Thunder Bay Flyers (USHL),4.0,19.0,0.0,202,0.0,0.0,0.0,,-2.0,4.0,,,,,,,-0.1,caldwry01,2000,D,-0.1,4.75,50.5,0.0,-0.5,1.0840000000000003,
137.0,Nashville Predators,Mike Stuart,US,D,20.0,2006.0,Colorado College (WCHA),3.0,20.0,0.0,137,0.0,0.0,0.0,,0.0,0.0,,,,,,,0.0,stuarmi01,2000,D,0.0,6.666666666666667,45.666666666666664,0.0,0.0,0.785,
170.0,Minnesota Wild,Erik Reitz,US,D,18.0,2009.0,Barrie Colts (OHL),48.0,18.0,0.0208333333333333,170,0.000434027777777777,2.0,0.0416666666666667,,-7.0,69.0,,,,,,,0.6,reitzer01,2000,D,0.6,0.375,3.5416666666666665,0.041666666666666664,-0.14583333333333334,0.7133333333333335,
119.0,Colorado Avalanche,Brian Fahey,US,D,19.0,2011.0,Wisconsin (WCHA),7.0,19.0,0.0,119,0.0,1.0,0.142857142857143,,-1.0,2.0,,,,,,,0.1,faheybr01,2000,D,0.1,2.7142857142857144,17.0,0.14285714285714285,-0.14285714285714285,0.71175,
117.0,Chicago Blackhawks,Olli Malmivaara,FI,D,18.0,2008.0,Jokerit Jr. (Finland Jr.),2.0,18.0,0.0,117,0.0,0.0,0.0,,2.0,0.0,,,,,,,0.2,malmiol01,2000,D,0.2,9.0,58.5,0.0,1.0,0.6960000000000001,
64.0,New York Rangers,Filip Novak,CZ,D,18.0,2007.0,Regina Pats (WHL),17.0,18.0,0.0,64,0.0,0.0,0.0,,-1.0,6.0,,,,,,,0.1,novakfi01,2000,D,0.1,1.0588235294117647,3.764705882352941,0.0,-0.058823529411764705,0.45175,
61.0,Washington Capitals,Jakub Cutta,CZ,D,18.0,2004.0,Swift Current Broncos (WHL),8.0,18.0,0.0,61,0.0,0.0,0.0,,-5.0,0.0,,,,,,,-0.3,cuttaja01,2000,D,-0.3,2.25,7.625,0.0,-0.625,0.30400000000000005,
7.0,Boston Bruins,Lars Jonsson,SE,D,18.0,2007.0,Leksands IF Jr. (Sweden Jr.),8.0,18.0,0.0,7,0.0,2.0,0.25,,-4.0,6.0,,,,,,,0.0,jonssla01,2000,D,0.0,2.25,0.875,0.25,-0.5,0.12000000000000002,
31.0,Atlanta Thrashers,Ilja Nikulin,RU,D,,,THK Tver (Russia-2),,0.0,0.0,31,0.0,0.0,0.0,,0.0,,,,,,,,,,2000,D,0.0,0.0,0.0,0.0,0.0,,
41.0,San Jose Sharks,Tero Maatta,FI,D,,,Jokerit Jr. (Finland Jr.),,0.0,0.0,41,0.0,0.0,0.0,,0.0,,,,,,,,,,2000,D,0.0,0.0,0.0,0.0,0.0,,
42.0,Atlanta Thrashers,Libor Ustrnul,CZ,D,,,Plymouth Whalers (OHL),,0.0,0.0,42,0.0,0.0,0.0,,0.0,,,,,,,,,,2000,D,0.0,0.0,0.0,0.0,0.0,,
48.0,Buffalo Sabres,Gerard Dicaire,YU,D,18.0,,Seattle Thunderbirds (WHL),,18.0,0.0,48,0.0,0.0,0.0,,0.0,,,,,,,,,dicaige01,2000,D,0.0,0.0,0.0,0.0,0.0,,
57.0,New Jersey Devils,Matt DeMarchi,US,D,,,Minnesota (WCHA),,0.0,0.0,57,0.0,0.0,0.0,,0.0,,,,,,,,,,2000,D,0.0,0.0,0.0,0.0,0.0,,
58.0,Florida Panthers,Vladimir Sapozhnikov,RU,D,,,Kristall Saratov (Russia-2),,0.0,0.0,58,0.0,0.0,0.0,,0.0,,,,,,,,,,2000,D,0.0,0.0,0.0,0.0,0.0,,
63.0,Colorado Avalanche,Agris Saviels,LV,D,,,Owen Sound Attack (OHL),,0.0,0.0,63,0.0,0.0,0.0,,0.0,,,,,,,,,,2000,D,0.0,0.0,0.0,0.0,0.0,,
66.0,Boston Bruins,Tuukka Makela,FI,D,,,HIFK Jr. (Finland Jr.),,0.0,0.0,66,0.0,0.0,0.0,,0.0,,,,,,,,,,2000,D,0.0,0.0,0.0,0.0,0.0,,
72.0,Nashville Predators,Mattias Nilsson,SE,D,,,MoDo Hockey Jr. (Sweden Jr.),,0.0,0.0,72,0.0,0.0,0.0,,0.0,,,,,,,,,,2000,D,0.0,0.0,0.0,0.0,0.0,,
79.0,Montreal Canadiens,Tyler Hanchuck,CA,D,,,Brampton Battalion (OHL),,0.0,0.0,79,0.0,0.0,0.0,,0.0,,,,,,,,,,2000,D,0.0,0.0,0.0,0.0,0.0,,
83.0,Edmonton Oilers,Alexander Liubimov,RU,D,,,CSK VVS Samara (Russia),,0.0,0.0,83,0.0,0.0,0.0,,0.0,,,,,,,,,,2000,D,0.0,0.0,0.0,0.0,0.0,,
93.0,Vancouver Canucks,Tim Branham,US,D,,,Barrie Colts (OHL),,0.0,0.0,93,0.0,0.0,0.0,,0.0,,,,,,,,,,2000,D,0.0,0.0,0.0,0.0,0.0,,
96.0,St. Louis Blues,Antoine Bergeron,CA,D,,,Val-d'Or Foreurs (QMJHL),,0.0,0.0,96,0.0,0.0,0.0,,0.0,,,,,,,,,,2000,D,0.0,0.0,0.0,0.0,0.0,,
101.0,New York Islanders,Arto Tukio,FI,D,,,Ilves (Finland),,0.0,0.0,101,0.0,0.0,0.0,,0.0,,,,,,,,,,2000,D,0.0,0.0,0.0,0.0,0.0,,
106.0,Chicago Blackhawks,Scott Balan,CA,D,,,Regina Pats (WHL),,0.0,0.0,106,0.0,0.0,0.0,,0.0,,,,,,,,,,2000,D,0.0,0.0,0.0,0.0,0.0,,
110.0,Carolina Hurricanes,Jared Newman,US,D,,,Plymouth Whalers (OHL),,0.0,0.0,110,0.0,0.0,0.0,,0.0,,,,,,,,,,2000,D,0.0,0.0,0.0,0.0,0.0,,
112.0,New York Rangers,Premysl Duben,CZ,D,,,HC Dukla Jihlava (Czech-2),,0.0,0.0,112,0.0,0.0,0.0,,0.0,,,,,,,,,,2000,D,0.0,0.0,0.0,0.0,0.0,,
115.0,Florida Panthers,Chris Eade,CA,D,,,North Bay Centennials (OHL),,0.0,0.0,115,0.0,0.0,0.0,,0.0,,,,,,,,,,2000,D,0.0,0.0,0.0,0.0,0.0,,
121.0,Washington Capitals,Ryan Vanbuskirk,CA,D,,,Sarnia Sting (OHL),,0.0,0.0,121,0.0,0.0,0.0,,0.0,,,,,,,,,,2000,D,0.0,0.0,0.0,0.0,0.0,,
122.0,Ottawa Senators,Derrick Byfuglien,US,D,,,Fargo-Moorhead Ice Sharks (USHL),,0.0,0.0,122,0.0,0.0,0.0,,0.0,,,,,,,,,,2000,D,0.0,0.0,0.0,0.0,0.0,,
123.0,Dallas Stars,Vadim Khomitski,RU,D,,,HK CSKA Moskva (Russia-2),,0.0,0.0,123,0.0,0.0,0.0,,0.0,,,,,,,,,,2000,D,0.0,0.0,0.0,0.0,0.0,,
125.0,New Jersey Devils,Phil Cole,CA,D,,,Lethbridge Hurricanes (WHL),,0.0,0.0,125,0.0,0.0,0.0,,0.0,,,,,,,,,,2000,D,0.0,0.0,0.0,0.0,0.0,,
128.0,Detroit Red Wings,Alexander Seluyanov,RU,D,,,Salavat Yulaev Ufa (Russia),,0.0,0.0,128,0.0,0.0,0.0,,0.0,,,,,,,,,,2000,D,0.0,0.0,0.0,0.0,0.0,,
134.0,Anaheim Ducks,Peter Podhradsky,SK,D,,,HC Slovan Bratislava (Slovakia),,0.0,0.0,134,0.0,0.0,0.0,,0.0,,,,,,,,,,2000,D,0.0,0.0,0.0,0.0,0.0,,
138.0,Columbus Blue Jackets,Scott Heffernan,CA,D,,,Sarnia Sting (OHL),,0.0,0.0,138,0.0,0.0,0.0,,0.0,,,,,,,,,,2000,D,0.0,0.0,0.0,0.0,0.0,,
141.0,Calgary Flames,Wade Davis,CA,D,,,Calgary Hitmen (WHL),,0.0,0.0,141,0.0,0.0,0.0,,0.0,,,,,,,,,,2000,D,0.0,0.0,0.0,0.0,0.0,,
145.0,Montreal Canadiens,Ryan Glenn,CA,D,,,Walpole (EJHL),,0.0,0.0,145,0.0,0.0,0.0,,0.0,,,,,,,,,,2000,D,0.0,0.0,0.0,0.0,0.0,,
151.0,Chicago Blackhawks,Alexander Barkunov,RU,D,,,Torpedo Yaroslavl 2 (Russia-3),,0.0,0.0,151,0.0,0.0,0.0,,0.0,,,,,,,,,,2000,D,0.0,0.0,0.0,0.0,0.0,,
152.0,Edmonton Oilers,Paul Flache,CA,D,18.0,,Brampton Battalion (OHL),,18.0,0.0,152,0.0,0.0,0.0,,0.0,,,,,,,,,flachpa01,2000,D,0.0,0.0,0.0,0.0,0.0,,
153.0,Anaheim Ducks,Bill Cass,US,D,,,Boston College (H-East),,0.0,0.0,153,0.0,0.0,0.0,,0.0,,,,,,,,,,2000,D,0.0,0.0,0.0,0.0,0.0,,
158.0,Ottawa Senators,Sean Connolly,US,D,,,Northern Michigan (CCHA),,0.0,0.0,158,0.0,0.0,0.0,,0.0,,,,,,,,,,2000,D,0.0,0.0,0.0,0.0,0.0,,
160.0,Phoenix Coyotes,Nate Kiser,US,D,,,Plymouth Whalers (OHL),,0.0,0.0,160,0.0,0.0,0.0,,0.0,,,,,,,,,,2000,D,0.0,0.0,0.0,0.0,0.0,,
173.0,Nashville Predators,Tomas Harant,SK,D,,,MsHK Zilina (Slovakia-2),,0.0,0.0,173,0.0,0.0,0.0,,0.0,,,,,,,,,,2000,D,0.0,0.0,0.0,0.0,0.0,,
178.0,Atlanta Thrashers,Jeff Dwyer,US,D,,,Choate-Rosemary Hall (High-CT),,0.0,0.0,178,0.0,0.0,0.0,,0.0,,,,,,,,,,2000,D,0.0,0.0,0.0,0.0,0.0,,
181.0,Carolina Hurricanes,J.D. Forrest,US,D,,,USA National Jr. Team (NAHL),,0.0,0.0,181,0.0,0.0,0.0,,0.0,,,,,,,,,,2000,D,0.0,0.0,0.0,0.0,0.0,,
182.0,Montreal Canadiens,Petr Chvojka,CZ,D,,,HC Plzen Jr. (Czech Jr.),,0.0,0.0,182,0.0,0.0,0.0,,0.0,,,,,,,,,,2000,D,0.0,0.0,0.0,0.0,0.0,,
188.0,Ottawa Senators,Jason Maleyko,CA,D,,,Brampton Battalion (OHL),,0.0,0.0,188,0.0,0.0,0.0,,0.0,,,,,,,,,,2000,D,0.0,0.0,0.0,0.0,0.0,,
189.0,Colorado Avalanche,Chris Bahen,CA,D,,,Clarkson (ECAC),,0.0,0.0,189,0.0,0.0,0.0,,0.0,,,,,,,,,,2000,D,0.0,0.0,0.0,0.0,0.0,,
191.0,Tampa Bay Lightning,Aaron Gionet,CA,D,,,Kamloops Blazers (WHL),,0.0,0.0,191,0.0,0.0,0.0,,0.0,,,,,,,,,,2000,D,0.0,0.0,0.0,0.0,0.0,,
193.0,Chicago Blackhawks,Joey Martin,US,D,,,Omaha Lancers (USHL),,0.0,0.0,193,0.0,0.0,0.0,,0.0,,,,,,,,,,2000,D,0.0,0.0,0.0,0.0,0.0,,
196.0,Detroit Red Wings,Paul Ballantyne,CA,D,,,Soo Greyhounds (OHL),,0.0,0.0,196,0.0,0.0,0.0,,0.0,,,,,,,,,,2000,D,0.0,0.0,0.0,0.0,0.0,,
207.0,Chicago Blackhawks,Cliff Loya,US,D,,,Maine (H-East),,0.0,0.0,207,0.0,0.0,0.0,,0.0,,,,,,,,,,2000,D,0.0,0.0,0.0,0.0,0.0,,
209.0,Toronto Maple Leafs,Markus Seikola,FI,D,,,TPS Jr. (Finland Jr.),,0.0,0.0,209,0.0,0.0,0.0,,0.0,,,,,,,,,,2000,D,0.0,0.0,0.0,0.0,0.0,,
217.0,Phoenix Coyotes,Igor Samoilov,RU,D,,,Torpedo Yaroslavl 2 (Russia-3),,0.0,0.0,217,0.0,0.0,0.0,,0.0,,,,,,,,,,2000,D,0.0,0.0,0.0,0.0,0.0,,
218.0,Los Angeles Kings,Craig Olynick,CA,D,,,Seattle Thunderbirds (WHL),,0.0,0.0,218,0.0,0.0,0.0,,0.0,,,,,,,,,,2000,D,0.0,0.0,0.0,0.0,0.0,,
222.0,Tampa Bay Lightning,Marek Priechodsky,SK,D,,,HC Slovan Bratislava (Slovakia),,0.0,0.0,222,0.0,0.0,0.0,,0.0,,,,,,,,,,2000,D,0.0,0.0,0.0,0.0,0.0,,
223.0,Toronto Maple Leafs,Lubos Velebny,SK,D,,,HKM Zvolen Jr. (Slovakia Jr.),,0.0,0.0,223,0.0,0.0,0.0,,0.0,,,,,,,,,,2000,D,0.0,0.0,0.0,0.0,0.0,,
236.0,Nashville Predators,Mats Christeen,SE,D,,,Sodertalje SK Jr. (Sweden Jr.),,0.0,0.0,236,0.0,0.0,0.0,,0.0,,,,,,,,,,2000,D,0.0,0.0,0.0,0.0,0.0,,
238.0,New York Rangers,Danny Eberly,US,D,,,RPI (ECAC),,0.0,0.0,238,0.0,0.0,0.0,,0.0,,,,,,,,,,2000,D,0.0,0.0,0.0,0.0,0.0,,
239.0,Calgary Flames,David Hajek,CZ,D,,,KLH Chomutov (Czech-2),,0.0,0.0,239,0.0,0.0,0.0,,0.0,,,,,,,,,,2000,D,0.0,0.0,0.0,0.0,0.0,,
242.0,Atlanta Thrashers,Evan Nielsen,US,D,,,Notre Dame (CCHA),,0.0,0.0,242,0.0,0.0,0.0,,0.0,,,,,,,,,,2000,D,0.0,0.0,0.0,0.0,0.0,,
247.0,Edmonton Oilers,Jason Platt,US,D,,,Omaha Lancers (USHL),,0.0,0.0,247,0.0,0.0,0.0,,0.0,,,,,,,,,,2000,D,0.0,0.0,0.0,0.0,0.0,,
256.0,San Jose Sharks,Pasi Saarinen,FI,D,,,Ilves (Finland),,0.0,0.0,256,0.0,0.0,0.0,,0.0,,,,,,,,,,2000,D,0.0,0.0,0.0,0.0,0.0,,
259.0,Philadelphia Flyers,Regan Kelly,CA,D,,,Nipawin (SJHL),,0.0,0.0,259,0.0,0.0,0.0,,0.0,,,,,,,,,,2000,D,0.0,0.0,0.0,0.0,0.0,,
269.0,New York Rangers,Martin Richter,CZ,D,,,SaiPa (Finland),,0.0,0.0,269,0.0,0.0,0.0,,0.0,,,,,,,,,,2000,D,0.0,0.0,0.0,0.0,0.0,,
275.0,Montreal Canadiens,Jonathan Gauthier,CA,D,,,Rouyn-Noranda Huskies (QMJHL),,0.0,0.0,275,0.0,0.0,0.0,,0.0,,,,,,,,,,2000,D,0.0,0.0,0.0,0.0,0.0,,
283.0,Ottawa Senators,James Demone,CA,D,,,Portland Winter Hawks (WHL),,0.0,0.0,283,0.0,0.0,0.0,,0.0,,,,,,,,,,2000,D,0.0,0.0,0.0,0.0,0.0,,
284.0,Nashville Predators,Martin Hohener,CH,D,,,EHC Kloten (Swiss),,0.0,0.0,284,0.0,0.0,0.0,,0.0,,,,,,,,,,2000,D,0.0,0.0,0.0,0.0,0.0,,
288.0,Atlanta Thrashers,Mark McRae,CA,D,,,Cornell (ECAC),,0.0,0.0,288,0.0,0.0,0.0,,0.0,,,,,,,,,,2000,D,0.0,0.0,0.0,0.0,0.0,,
289.0,Washington Capitals,Bjorn Nord,SE,D,,,Djurgardens IF (Sweden),,0.0,0.0,289,0.0,0.0,0.0,,0.0,,,,,,,,,,2000,D,0.0,0.0,0.0,0.0,0.0,,
291.0,Chicago Blackhawks,Arne Ramholt,CH,D,,,EHC Kloten (Swiss),,0.0,0.0,291,0.0,0.0,0.0,,0.0,,,,,,,,,,2000,D,0.0,0.0,0.0,0.0,0.0,,
292.0,Columbus Blue Jackets,Louis Mandeville,CA,D,,,Rouyn-Noranda Huskies (QMJHL),,0.0,0.0,292,0.0,0.0,0.0,,0.0,,,,,,,,,,2000,D,0.0,0.0,0.0,0.0,0.0,,
293.0,St. Louis Blues,Lauri Kinos,FI,D,,,Montreal Rocket (QMJHL),,0.0,0.0,293,0.0,0.0,0.0,,0.0,,,,,,,,,,2000,D,0.0,0.0,0.0,0.0,0.0,,
12.0,Nashville Predators,Dan Hamhuis,CA,D,18.0,2020.0,Prince George Cougars (WHL),1148.0,18.0,0.0513937282229965,12,,356.0,0.310104529616725,,72.0,684.0,,,,,,,74.5,hamhuda01,2001,D,74.5,0.0156794425087108,0.010452961672473868,0.31010452961672474,0.0627177700348432,41.03040069686411,
176.0,New York Rangers,Marek Zidlicky,CZ,D,24.0,2016.0,HIFK (Finland),836.0,24.0,0.106459330143541,176,,417.0,0.498803827751196,,-64.0,680.0,,,,,,,70.7,zidlima01,2001,D,70.7,0.028708133971291867,0.21052631578947367,0.4988038277511962,-0.07655502392344497,38.976088516746415,
106.0,San Jose Sharks,Christian Ehrhoff,DE,D,19.0,2016.0,Krefeld (Germany),789.0,19.0,0.0937896070975919,106,,339.0,0.429657794676806,,48.0,517.0,,,,,,,67.7,ehrhoch01,2001,D,67.7,0.024081115335868188,0.13434727503168567,0.4296577946768061,0.060836501901140684,37.321375158428395,
151.0,Vancouver Canucks,Kevin Bieksa,CA,D,20.0,2018.0,Bowling Green (CCHA),808.0,20.0,0.077970297029703,151,,278.0,0.344059405940594,,2.0,1124.0,,,,,,,55.3,biekske01,2001,D,55.3,0.024752475247524754,0.18688118811881188,0.34405940594059403,0.0024752475247524753,30.488019801980197,
40.0,New York Rangers,Fedor Tyutin,RU,D,18.0,2017.0,SKA St. Petersburg (Russia),872.0,18.0,0.0630733944954128,40,,264.0,0.302752293577982,,-53.0,548.0,,,,,,,49.2,tyutife01,2001,D,49.2,0.020642201834862386,0.045871559633027525,0.30275229357798167,-0.06077981651376147,27.10598623853211,
172.0,Philadelphia Flyers,Dennis Seidenberg,DE,D,20.0,2018.0,Adler Mannheim (Germany),859.0,20.0,0.0512223515715949,172,,251.0,0.292200232828871,,39.0,359.0,,,,,,,49.1,seidede01,2001,D,49.1,0.023282887077997673,0.20023282887077998,0.29220023282887075,0.04540162980209546,27.07572176949942,
221.0,Washington Capitals,Johnny Oduya,SE,D,19.0,2018.0,Victoriaville Tigres (QMJHL),850.0,19.0,0.0482352941176471,221,0.000185415925002967,190.0,0.223529411764706,,63.0,372.0,,,,,,,44.8,oduyajo01,2001,D,44.8,0.02235294117647059,0.26,0.2235294117647059,0.07411764705882352,24.709176470588236,
17.0,Toronto Maple Leafs,Carlo Colaiacovo,CA,D,18.0,2016.0,Erie Otters (OHL),470.0,18.0,0.0723404255319149,17,,157.0,0.334042553191489,,-6.0,231.0,,,,,,,28.4,colaica01,2001,D,28.4,0.03829787234042553,0.036170212765957444,0.33404255319148934,-0.01276595744680851,15.676276595744682,
23.0,Ottawa Senators,Tim Gleason,US,D,18.0,2015.0,Windsor Spitfires (OHL),727.0,18.0,0.0233837689133425,23,,142.0,0.195323246217331,,-37.0,701.0,,,,,,,26.7,gleasti01,2001,D,26.7,0.024759284731774415,0.03163686382393398,0.1953232462173315,-0.05089408528198074,14.714848693259974,
7.0,Montreal Canadiens,Mike Komisarek,US,D,19.0,2014.0,Michigan (CCHA),551.0,19.0,0.0254083484573503,7,,81.0,0.147005444646098,,-19.0,679.0,,,,,,,17.6,komismi01,2001,D,17.6,0.034482758620689655,0.012704174228675136,0.147005444646098,-0.034482758620689655,9.703321234119784,
19.0,Boston Bruins,Shaone Morrisonn,CA,D,18.0,2011.0,Kamloops Blazers (WHL),480.0,18.0,0.0229166666666667,19,,75.0,0.15625,,34.0,455.0,,,,,,,16.3,morrish01,2001,D,16.3,0.0375,0.03958333333333333,0.15625,0.07083333333333333,9.003229166666669,
82.0,Toronto Maple Leafs,Jay Harrison,CA,D,18.0,2015.0,Brampton Battalion (OHL),372.0,18.0,0.0618279569892473,82,,75.0,0.201612903225806,,-27.0,360.0,,,,,,,14.8,harrija01,2001,D,14.8,0.04838709677419355,0.22043010752688172,0.20161290322580644,-0.07258064516129033,8.189865591397847,
241.0,Boston Bruins,Milan Jurcina,SK,D,18.0,2012.0,Halifax Mooseheads (QMJHL),430.0,18.0,0.0511627906976744,241,7.2331874421345e-05,81.0,0.188372093023256,,-28.0,280.0,,,,,,,14.3,jurcimi01,2001,D,14.3,0.04186046511627907,0.5604651162790698,0.1883720930232558,-0.06511627906976744,7.946976744186048,
179.0,Boston Bruins,Andrew Alberts,US,D,20.0,2014.0,Waterloo Black Hawks (USHL),459.0,20.0,0.0174291938997821,179,,55.0,0.119825708061002,,2.0,492.0,,,,,,,13.4,alberan01,2001,D,13.4,0.04357298474945534,0.3899782135076253,0.11982570806100218,0.004357298474945534,7.431764705882355,
85.0,Columbus Blue Jackets,Aaron Johnson,CA,D,18.0,2013.0,Rimouski Oceanic (QMJHL),291.0,18.0,0.0584192439862543,85,,62.0,0.213058419243986,,1.0,227.0,,,,,,,13.3,johnsaa01,2001,D,13.3,0.061855670103092786,0.2920962199312715,0.21305841924398625,0.003436426116838488,7.382697594501719,
127.0,Ottawa Senators,Christoph Schubert,DE,D,19.0,2010.0,Munchen (Germany),315.0,19.0,0.0793650793650794,127,,72.0,0.228571428571429,,27.0,263.0,,,,,,,12.9,schubch01,2001,D,12.9,0.06031746031746032,0.4031746031746032,0.22857142857142856,0.08571428571428572,7.184206349206351,
24.0,Florida Panthers,Lukas Krajicek,CZ,D,18.0,2010.0,Peterborough Petes (OHL),328.0,18.0,0.0335365853658537,24,,72.0,0.219512195121951,,-30.0,245.0,,,,,,,12.4,krajilu01,2001,D,12.4,0.054878048780487805,0.07317073170731707,0.21951219512195122,-0.09146341463414634,6.85658536585366,
27.0,Philadelphia Flyers,Jeff Woywitka,CA,D,18.0,2012.0,Red Deer Rebels (WHL),278.0,18.0,0.0323741007194245,27,,55.0,0.197841726618705,,3.0,149.0,,,,,,,11.8,woywije01,2001,D,11.8,0.06474820143884892,0.09712230215827339,0.19784172661870503,0.01079136690647482,6.536942446043167,
58.0,Washington Capitals,Nathan Paetsch,CA,D,18.0,2010.0,Moose Jaw Warriors (WHL),167.0,18.0,0.0419161676646707,58,,42.0,0.251497005988024,,12.0,114.0,,,,,,,7.0,paetsna01,2001,D,7.0,0.10778443113772455,0.3473053892215569,0.25149700598802394,0.0718562874251497,3.940419161676647,
267.0,Florida Panthers,Ivan Majesky,SK,D,25.0,2006.0,Ilves (Finland),202.0,25.0,0.0396039603960396,267,0.0,31.0,0.153465346534653,,-27.0,234.0,,,,,,,5.6,majesiv01,2001,D,5.6,0.12376237623762376,1.3217821782178218,0.15346534653465346,-0.13366336633663367,3.234207920792079,
39.0,Toronto Maple Leafs,Karel Pilar,CZ,D,23.0,2004.0,HC Chemopetrol (Czech),90.0,23.0,0.0666666666666667,39,,30.0,0.333333333333333,,-2.0,42.0,,,,,,,5.0,pilarka01,2001,D,5.0,0.25555555555555554,0.43333333333333335,0.3333333333333333,-0.022222222222222223,2.8666666666666667,
65.0,Toronto Maple Leafs,Brendan Bell,CA,D,18.0,2012.0,Ottawa 67's (OHL),102.0,18.0,0.0686274509803922,65,,28.0,0.274509803921569,,-19.0,51.0,,,,,,,3.9,bellbr02,2001,D,3.9,0.17647058823529413,0.6372549019607843,0.27450980392156865,-0.18627450980392157,2.248921568627451,
272.0,Edmonton Oilers,Ales Pisa,CZ,D,24.0,2003.0,HC Pardubice (Czech),53.0,24.0,0.0188679245283019,272,0.000232534698069164,4.0,0.0754716981132075,,12.0,26.0,,,,,,,2.1,pisaal01,2001,D,2.1,0.4528301886792453,5.132075471698113,0.07547169811320754,0.22641509433962265,1.7474528301886796,
271.0,Nashville Predators,Mikko Lehtonen,FI,D,23.0,2007.0,Karpat (Finland),15.0,23.0,0.0666666666666667,271,0.0,3.0,0.2,,0.0,8.0,,,,,,,0.6,lehtomi01,2001,D,0.6,1.5333333333333334,18.066666666666666,0.2,0.0,1.7399999999999998,
258.0,Detroit Red Wings,Dmitri Bykov,RU,D,24.0,2003.0,Ak Bars Kazan (Russia),71.0,24.0,0.028169014084507,258,0.000109644313845884,12.0,0.169014084507042,,1.0,43.0,,,,,,,2.3,bykovdm01,2001,D,2.3,0.3380281690140845,3.6338028169014085,0.16901408450704225,0.014084507042253521,1.6889436619718308,
246.0,Toronto Maple Leafs,Tomas Mojzis,CZ,D,19.0,2009.0,Moose Jaw Warriors (WHL),17.0,19.0,0.0588235294117647,246,0.0,3.0,0.176470588235294,,1.0,14.0,,,,,,,0.7,mojzito01,2001,D,0.7,1.1176470588235294,14.470588235294118,0.17647058823529413,0.058823529411764705,1.6797500000000003,
248.0,Edmonton Oilers,Kari Haakana,FI,D,27.0,2003.0,Jokerit (Finland),13.0,27.0,0.0,248,0.0,0.0,0.0,,-2.0,4.0,,,,,,,-0.1,haakaka01,2001,D,-0.1,2.076923076923077,19.076923076923077,0.0,-0.15384615384615385,1.3292500000000003,
225.0,Philadelphia Flyers,David Printz,SE,D,21.0,2007.0,Great Falls (AWHL),13.0,21.0,0.0,225,0.000102245687091017,0.0,0.0,,-3.0,4.0,,,,,,,-0.1,printda01,2001,D,-0.1,1.6153846153846154,17.307692307692307,0.0,-0.23076923076923078,1.1792500000000001,
116.0,Los Angeles Kings,Richard Petiot,CA,D,19.0,2011.0,Camrose (AJHL),15.0,19.0,0.0,116,,3.0,0.2,,4.0,25.0,,,,,,,0.8,petiori01,2001,D,0.8,1.2666666666666666,7.733333333333333,0.2,0.26666666666666666,1.0475,
54.0,Pittsburgh Penguins,Noah Welch,US,D,19.0,2011.0,St. Sebastian's School (High-MA),75.0,19.0,0.0533333333333333,54,,9.0,0.12,,-5.0,58.0,,,,,,,1.6,welchno01,2001,D,1.6,0.25333333333333335,0.72,0.12,-0.06666666666666667,0.9886666666666667,
168.0,Toronto Maple Leafs,Maxim Kondratiev,RU,D,18.0,2008.0,Lada Togliatti 2 (Russia-3),40.0,18.0,0.025,168,,3.0,0.075,,-4.0,24.0,,,,,,,0.7,kondrma01,2001,D,0.7,0.45,4.2,0.075,-0.1,0.8512500000000001,
35.0,Anaheim Ducks,Mark Popovic,CA,D,18.0,2010.0,Toronto St. Michael's Majors (OHL),81.0,18.0,0.0246913580246914,35,,7.0,0.0864197530864198,,-8.0,20.0,,,,,,,1.2,popovma01,2001,D,1.2,0.2222222222222222,0.43209876543209874,0.08641975308641975,-0.09876543209876543,0.7285185185185186,
146.0,Philadelphia Flyers,Jussi Timonen,FI,D,18.0,2007.0,KalPa Jr. (Finland Jr.),14.0,18.0,0.0,146,,4.0,0.285714285714286,,-10.0,6.0,,,,,,,-0.2,timonju01,2001,D,-0.2,1.2857142857142858,10.428571428571429,0.2857142857142857,-0.7142857142857143,0.723,
109.0,Montreal Canadiens,Martti Jarventie,FI,D,25.0,2002.0,TPS (Finland),1.0,25.0,0.0,109,,0.0,0.0,,2.0,0.0,,,,,,,0.2,jarvema01,2001,D,0.2,25.0,109.0,0.0,2.0,0.6855,
64.0,Florida Panthers,Tomas Malec,SK,D,19.0,2007.0,Rimouski Oceanic (QMJHL),46.0,19.0,0.0,64,,2.0,0.0434782608695652,,-2.0,47.0,,,,,,,0.8,malecto01,2001,D,0.8,0.41304347826086957,1.391304347826087,0.043478260869565216,-0.043478260869565216,0.622608695652174,
86.0,Pittsburgh Penguins,Drew Fata,CA,D,18.0,2008.0,Toronto St. Michael's Majors (OHL),8.0,18.0,0.125,86,,2.0,0.25,,-3.0,9.0,,,,,,,0.2,fatadr01,2001,D,0.2,2.25,10.75,0.25,-0.375,0.564,
113.0,New York Rangers,Bryce Lampman,US,D,19.0,2007.0,Omaha Lancers (USHL),10.0,19.0,0.0,113,,0.0,0.0,,-5.0,2.0,,,,,,,-0.3,lampmbr01,2001,D,-0.3,1.9,11.3,0.0,-0.5,0.5525,
68.0,Florida Panthers,Grant McNeill,CA,D,18.0,2004.0,Prince Albert Raiders (WHL),3.0,18.0,0.0,68,,0.0,0.0,,0.0,5.0,,,,,,,0.0,mcneigr01,2001,D,0.0,6.0,22.666666666666668,0.0,0.0,0.43000000000000005,
43.0,Edmonton Oilers,Doug Lynch,CA,D,18.0,2004.0,Red Deer Rebels (WHL),2.0,18.0,0.0,43,,0.0,0.0,,0.0,0.0,,,,,,,0.0,lynchdo01,2001,D,0.0,9.0,21.5,0.0,0.0,0.305,
31.0,Phoenix Coyotes,Matthew Spiller,CA,D,18.0,2008.0,Seattle Thunderbirds (WHL),68.0,18.0,0.0,31,,2.0,0.0294117647058824,,-14.0,74.0,,,,,,,-0.2,spillma01,2001,D,-0.2,0.2647058823529412,0.45588235294117646,0.029411764705882353,-0.20588235294117646,-0.054117647058823534,
15.0,Carolina Hurricanes,Igor Knyazev,RU,D,18.0,,Spartak Moskva (Russia-2),,18.0,0.0,15,,0.0,0.0,,0.0,,,,,,,,,knyazig01,2001,D,0.0,0.0,0.0,0.0,0.0,,
42.0,Nashville Predators,Tomas Slovak,SK,D,18.0,,HC Kosice (Slovakia),,18.0,0.0,42,,0.0,0.0,,0.0,,,,,,,,,slovato01,2001,D,0.0,0.0,0.0,0.0,0.0,,
60.0,New Jersey Devils,Victor Uchevatov,RU,D,18.0,,Lokomotiv Yaroslavl 2 (Russia-3),,18.0,0.0,60,,0.0,0.0,,0.0,,,,,,,,,uchevvi01,2001,D,0.0,0.0,0.0,0.0,0.0,,
61.0,Tampa Bay Lightning,Andreas Holmqvist,SE,D,20.0,,Hammarby IF (Sweden-2),,20.0,0.0,61,,0.0,0.0,,0.0,,,,,,,,,holmqan01,2001,D,0.0,0.0,0.0,0.0,0.0,,
74.0,Minnesota Wild,Chris Heid,CA,D,18.0,,Spokane Chiefs (WHL),,18.0,0.0,74,,0.0,0.0,,0.0,,,,,,,,,heidch01,2001,D,0.0,0.0,0.0,0.0,0.0,,
78.0,Phoenix Coyotes,Beat Forster,CH,D,18.0,,HC Davos (Swiss),,18.0,0.0,78,,0.0,0.0,,0.0,,,,,,,,,forstbe01,2001,D,0.0,0.0,0.0,0.0,0.0,,
81.0,Ottawa Senators,Neil Komadoski,US,D,19.0,,Notre Dame (CCHA),,19.0,0.0,81,,0.0,0.0,,0.0,,,,,,,,,komadne02,2001,D,0.0,0.0,0.0,0.0,0.0,,
84.0,Edmonton Oilers,Kenny Smith,US,D,19.0,,Harvard (ECAC),,19.0,0.0,84,,0.0,0.0,,0.0,,,,,,,,,smithke02,2001,D,0.0,0.0,0.0,0.0,0.0,,
96.0,Pittsburgh Penguins,Alexandre Rouleau,CA,D,18.0,,Val-d'Or Foreurs (QMJHL),,18.0,0.0,96,,0.0,0.0,,0.0,,,,,,,,,rouleal01,2001,D,0.0,0.0,0.0,0.0,0.0,,
100.0,Atlanta Thrashers,Brian Sipotz,US,D,19.0,,Miami (Ohio) (CCHA),,19.0,0.0,100,,0.0,0.0,,0.0,,,,,,,,,sipotbr01,2001,D,0.0,0.0,0.0,0.0,0.0,,
104.0,Chicago Blackhawks,Brent MacLellan,CA,D,18.0,,Rimouski Oceanic (QMJHL),,18.0,0.0,104,,0.0,0.0,,0.0,,,,,,,,,maclebr03,2001,D,0.0,0.0,0.0,0.0,0.0,,
105.0,Anaheim Ducks,Vladimir Korsunov,RU,D,18.0,,Spartak Moskva (Russia-2),,18.0,0.0,105,,0.0,0.0,,0.0,,,,,,,,,korsuvl01,2001,D,0.0,0.0,0.0,0.0,0.0,,
115.0,Chicago Blackhawks,Vladimir Gusev,RU,D,18.0,,Sibir Novosibirsk 2 (Russia-3),,18.0,0.0,115,,0.0,0.0,,0.0,,,,,,,,,gusevvl01,2001,D,0.0,0.0,0.0,0.0,0.0,,
118.0,Anaheim Ducks,Brandon Rogers,US,D,19.0,,Hotchkiss School (High-CT),,19.0,0.0,118,,0.0,0.0,,0.0,,,,,,,,,rogerbr01,2001,D,0.0,0.0,0.0,0.0,0.0,,
129.0,Detroit Red Wings,Miroslav Blatak,CZ,D,19.0,,HC Ziln Jr. (Czech Jr.),,19.0,0.0,129,,0.0,0.0,,0.0,,,,,,,,,blatami01,2001,D,0.0,0.0,0.0,0.0,0.0,,
138.0,Tampa Bay Lightning,Paul Lynch,US,D,19.0,,Valley (EJHL),,19.0,0.0,138,,0.0,0.0,,0.0,,,,,,,,,lynchpa01,2001,D,0.0,0.0,0.0,0.0,0.0,,
145.0,Calgary Flames,James Hakewill,US,D,19.0,,Westminster School (High-CT),,19.0,0.0,145,,0.0,0.0,,0.0,,,,,,,,,hakewja01,2001,D,0.0,0.0,0.0,0.0,0.0,,
149.0,Colorado Avalanche,Mikko Viitanen,FI,D,19.0,,Ahmat Hyvinkaa (Finland-2),,19.0,0.0,149,,0.0,0.0,,0.0,,,,,,,,,viitami01,2001,D,0.0,0.0,0.0,0.0,0.0,,
153.0,Los Angeles Kings,Tuukka Mantyla,FI,D,20.0,,Tappara (Finland),,20.0,0.0,153,,0.0,0.0,,0.0,,,,,,,,,mantytu01,2001,D,0.0,0.0,0.0,0.0,0.0,,
156.0,Pittsburgh Penguins,Andy Schneider,US,D,20.0,,Lincoln Stars (USHL),,20.0,0.0,156,,0.0,0.0,,0.0,,,,,,,,,schnean02,2001,D,0.0,0.0,0.0,0.0,0.0,,
160.0,Washington Capitals,Artem Ternavsky,RU,D,18.0,,Sherbrooke Castors (QMJHL),,18.0,0.0,160,,0.0,0.0,,0.0,,,,,,,,,ternaar01,2001,D,0.0,0.0,0.0,0.0,0.0,,
162.0,Ottawa Senators,Stefan Schauer,DE,D,18.0,,SC Riessersee (Germany-2),,18.0,0.0,162,,0.0,0.0,,0.0,,,,,,,,,schaust01,2001,D,0.0,0.0,0.0,0.0,0.0,,
167.0,Dallas Stars,Michal Blazek,CZ,D,19.0,,HC Vsetin Jr. (Czech Jr.),,19.0,0.0,167,,0.0,0.0,,0.0,,,,,,,,,blazemi01,2001,D,0.0,0.0,0.0,0.0,0.0,,
170.0,Anaheim Ducks,Jan Tabacek,SK,D,21.0,,MHC Martin (Slovakia),,21.0,0.0,170,,0.0,0.0,,0.0,,,,,,,,,tabacja01,2001,D,0.0,0.0,0.0,0.0,0.0,,
178.0,Nashville Predators,Anton Lavrentiev,RU,D,18.0,,Ak Bars Kazan 2 (Russia-3),,18.0,0.0,178,,0.0,0.0,,0.0,,,,,,,,,lavrean01,2001,D,0.0,0.0,0.0,0.0,0.0,,
185.0,Edmonton Oilers,Mikael Svensk,SE,D,18.0,,Vastra Frolunda HC Jr. (Sweden Jr.),,18.0,0.0,185,,0.0,0.0,,0.0,,,,,,,,,svensmi01,2001,D,0.0,0.0,0.0,0.0,0.0,,
186.0,Chicago Blackhawks,Petr Puncochar,CZ,D,18.0,,HC Slavia Karlovy Vary Jr. (Czech Jr.),,18.0,0.0,186,,0.0,0.0,,0.0,,,,,,,,,puncope01,2001,D,0.0,0.0,0.0,0.0,0.0,,
188.0,Tampa Bay Lightning,Art Femenella,US,D,19.0,,Sioux City Musketeers (USHL),,19.0,0.0,188,,0.0,0.0,,0.0,,,,,,,,,femenar01,2001,D,0.0,0.0,0.0,0.0,0.0,,
190.0,St. Louis Blues,Brett Scheffelmaier,CA,D,20.0,,Medicine Hat Tigers (WHL),,20.0,0.0,190,,0.0,0.0,,0.0,,,,,,,,,schefbr01,2001,D,0.0,0.0,0.0,0.0,0.0,,
197.0,New York Islanders,Jan Holub,CZ,D,18.0,,Bili Tygri Liberec Jr. (Czech Jr.),,18.0,0.0,197,,0.0,0.0,,0.0,,,,,,,,,holubja01,2001,D,0.0,0.0,0.0,0.0,0.0,,
199.0,Atlanta Thrashers,Matt Suderman,CA,D,18.0,,Saskatoon Blades (WHL),,18.0,0.0,199,,0.0,0.0,,0.0,,,,,,,,,suderma01,2001,D,0.0,0.0,0.0,0.0,0.0,,
203.0,Montreal Canadiens,Andrew Archer,CA,D,18.0,,Guelph Storm (OHL),,18.0,0.0,203,0.000233065212031558,0.0,0.0,,0.0,,,,,,,,,archean01,2001,D,0.0,0.0,0.0,0.0,0.0,,
205.0,Chicago Blackhawks,Teemu Jaaskelainen,FI,D,18.0,,Ilves Jr. (Finland Jr.),,18.0,0.0,205,0.000291140374451313,0.0,0.0,,0.0,,,,,,,,,jaaskte01,2001,D,0.0,0.0,0.0,0.0,0.0,,
208.0,Philadelphia Flyers,Thierry Douville,CA,D,18.0,,Baie-Comeau Drakkar (QMJHL),,18.0,0.0,208,4.61131550950096e-05,0.0,0.0,,0.0,,,,,,,,,douvith01,2001,D,0.0,0.0,0.0,0.0,0.0,,
211.0,Carolina Hurricanes,Sean Curry,US,D,19.0,,Tri-City Americans (WHL),,19.0,0.0,211,0.0,0.0,0.0,,0.0,,,,,,,,,curryse01,2001,D,0.0,0.0,0.0,0.0,0.0,,
218.0,Ottawa Senators,Jan Platil,CZ,D,18.0,,Barrie Colts (OHL),,18.0,0.0,218,0.000153915799004074,0.0,0.0,,0.0,,,,,,,,,platija01,2001,D,0.0,0.0,0.0,0.0,0.0,,
222.0,Tampa Bay Lightning,Jeremy Van Hoof,CA,D,20.0,,Ottawa 67's (OHL),,20.0,0.0,222,0.000392804180495727,0.0,0.0,,0.0,,,,,,,,,vanhoje01,2001,D,0.0,0.0,0.0,0.0,0.0,,
230.0,New York Rangers,Leonid Zhvachkin,RU,D,18.0,,Vityaz Podolsk 2 (Russia-3),,18.0,0.0,230,0.0,0.0,0.0,,0.0,,,,,,,,,zhvacle01,2001,D,0.0,0.0,0.0,0.0,0.0,,
233.0,Calgary Flames,Joe Campbell,US,D,19.0,,Des Moines Buccaneers (USHL),,19.0,0.0,233,0.000347015665278604,0.0,0.0,,0.0,,,,,,,,,campbjo01,2001,D,0.0,0.0,0.0,0.0,0.0,,
234.0,Buffalo Sabres,Calle Aslund,SE,D,18.0,,Huddinge IK Jr. (Sweden Jr.),,18.0,0.0,234,0.00520833333333333,0.0,0.0,,0.0,,,,,,,,,aslunca01,2001,D,0.0,0.0,0.0,0.0,0.0,,
235.0,Ottawa Senators,Neil Petruic,CA,D,19.0,,Kindersley (SJHL),,19.0,0.0,235,0.0,0.0,0.0,,0.0,,,,,,,,,petrune01,2001,D,0.0,0.0,0.0,0.0,0.0,,
237.0,Los Angeles Kings,Mike Gabinet,CA,D,19.0,,Nebraska-Omaha (CCHA),,19.0,0.0,237,0.00106666666666667,0.0,0.0,,0.0,,,,,,,,,gabinmi01,2001,D,0.0,0.0,0.0,0.0,0.0,,
244.0,Carolina Hurricanes,Carter Trevisani,CA,D,19.0,,Ottawa 67's (OHL),,19.0,0.0,244,0.0,0.0,0.0,,0.0,,,,,,,,,trevica01,2001,D,0.0,0.0,0.0,0.0,0.0,,
249.0,Washington Capitals,Matt Maglione,US,D,19.0,,Princeton (ECAC),,19.0,0.0,249,0.00444444444444445,0.0,0.0,,0.0,,,,,,,,,maglima01,2001,D,0.0,0.0,0.0,0.0,0.0,,
257.0,New Jersey Devils,Yevgeny Gamalei,RU,D,19.0,,Dynamo Moskva 2 (Russia-2),,19.0,0.0,257,0.0,0.0,0.0,,0.0,,,,,,,,,gamalye01,2001,D,0.0,0.0,0.0,0.0,0.0,,
262.0,Atlanta Thrashers,Mario Cartelli,CZ,D,21.0,,HC Ocelari Trinec (Czech),,21.0,0.0,262,0.0,0.0,0.0,,0.0,,,,,,,,,cartema01,2001,D,0.0,0.0,0.0,0.0,0.0,,
263.0,Florida Panthers,Jan Blanar,SK,D,18.0,,HK Dukla Trencin Jr. (Slovakia Jr.),,18.0,0.0,263,0.0,0.0,0.0,,0.0,,,,,,,,,blanaja01,2001,D,0.0,0.0,0.0,0.0,0.0,,
273.0,Phoenix Coyotes,Severin Blindenbacher,CH,D,18.0,,Kloten (Swiss),,18.0,0.0,273,0.0,0.0,0.0,,0.0,,,,,,,,,blindse01,2001,D,0.0,0.0,0.0,0.0,0.0,,
274.0,Carolina Hurricanes,Peter Reynolds,CA,D,20.0,,North Bay Centennials (OHL),,20.0,0.0,274,0.0,0.0,0.0,,0.0,,,,,,,,,reynope01,2001,D,0.0,0.0,0.0,0.0,0.0,,
279.0,Buffalo Sabres,Ryan Jorde,CA,D,19.0,,Tri-City Americans (WHL),,19.0,0.0,279,0.0,0.0,0.0,,0.0,,,,,,,,,jordery01,2001,D,0.0,0.0,0.0,0.0,0.0,,
280.0,New York Islanders,Roman Kuhtinov,RU,D,25.0,,Metallurg Novokuznetsk (Russia),,25.0,0.0,280,0.000594530321046373,0.0,0.0,,0.0,,,,,,,,,kuhtiro01,2001,D,0.0,0.0,0.0,0.0,0.0,,
283.0,St. Louis Blues,Simon Skoog,SE,D,18.0,,Morrums GoIS (Sweden-2),,18.0,0.0,283,0.000166204185454966,0.0,0.0,,0.0,,,,,,,,,skoogsi01,2001,D,0.0,0.0,0.0,0.0,0.0,,
288.0,Detroit Red Wings,Francois Senez,CA,D,19.0,,RPI (ECAC),,19.0,0.0,288,0.0,0.0,0.0,,0.0,,,,,,,,,senezfr01,2001,D,0.0,0.0,0.0,0.0,0.0,,
289.0,Tampa Bay Lightning,Henrik Bergfors,SE,D,19.0,,Sodertalje SK Jr. (Sweden Jr.),,19.0,0.0,289,0.0,0.0,0.0,,0.0,,,,,,,,,bergfhe01,2001,D,0.0,0.0,0.0,0.0,0.0,,
54.0,Chicago Blackhawks,Duncan Keith,CA,D,19.0,2022.0,Michigan State (CCHA),1256.0,19.0,0.0843949044585987,54,6.7193395269585e-05,646.0,0.514331210191083,,159.0,675.0,,,,,,,117.0,keithdu01,2002,D,117.0,0.015127388535031847,0.042993630573248405,0.5143312101910829,0.1265923566878981,64.4456210191083,
3.0,Florida Panthers,Jay Bouwmeester,CA,D,18.0,2020.0,Medicine Hat Tigers (WHL),1240.0,18.0,0.0709677419354839,3,5.72320499479709e-05,424.0,0.341935483870968,,-17.0,635.0,,,,,,,83.0,bouwmja01,2002,D,83.0,0.014516129032258065,0.0024193548387096775,0.3419354838709677,-0.013709677419354839,45.701612903225815,
241.0,Buffalo Sabres,Dennis Wideman,CA,D,19.0,2017.0,London Knights (OHL),815.0,19.0,0.121472392638037,241,0.000149045880537469,387.0,0.474846625766871,,-72.0,503.0,,,,,,,66.3,widemde01,2002,D,66.3,0.023312883435582823,0.29570552147239265,0.47484662576687114,-0.08834355828220859,36.55929447852761,
43.0,Dallas Stars,Trevor Daley,CA,D,18.0,2020.0,Soo Greyhounds (OHL),1058.0,18.0,0.0841209829867675,43,7.95094357152812e-05,309.0,0.292060491493384,,-8.0,648.0,,,,,,,62.3,daleytr01,2002,D,62.3,0.017013232514177693,0.04064272211720227,0.29206049149338376,-0.007561436672967864,34.31381852551985,
61.0,Colorado Avalanche,Johnny Boychuk,CA,D,18.0,2020.0,Calgary Hitmen (WHL),725.0,18.0,0.0744827586206897,61,0.000102734839476813,206.0,0.284137931034483,,123.0,331.0,,,,,,,49.0,boychjo01,2002,D,49.0,0.02482758620689655,0.08413793103448276,0.28413793103448276,0.1696551724137931,27.02048275862069,
4.0,Philadelphia Flyers,Joni Pitkanen,FI,D,18.0,2013.0,Karpat (Finland),535.0,18.0,0.106542056074766,4,0.000199144030046292,282.0,0.527102803738318,,-8.0,484.0,,,,,,,47.4,pitkajo01,2002,D,47.4,0.03364485981308411,0.007476635514018692,0.5271028037383177,-0.014953271028037384,26.151682242990656,
156.0,Chicago Blackhawks,James Wisniewski,US,D,18.0,2016.0,Plymouth Whalers (OHL),552.0,18.0,0.0960144927536232,156,0.000173939298466709,274.0,0.496376811594203,,-22.0,459.0,,,,,,,44.8,wisnija01,2002,D,44.8,0.03260869565217391,0.2826086956521739,0.4963768115942029,-0.03985507246376811,24.741992753623187,
129.0,Colorado Avalanche,Tom Gilbert,US,D,19.0,2017.0,Chicago Steel (USHL),655.0,19.0,0.0687022900763359,129,0.000104888992482956,223.0,0.340458015267176,,-40.0,198.0,,,,,,,40.0,gilbeto01,2002,D,40.0,0.02900763358778626,0.1969465648854962,0.34045801526717556,-0.061068702290076333,22.067557251908397,
5.0,Pittsburgh Penguins,Ryan Whitney,US,D,19.0,2014.0,Boston University (H-East),481.0,19.0,0.103950103950104,5,0.000216112482224748,259.0,0.538461538461538,,-30.0,383.0,,,,,,,39.3,whitnry01,2002,D,39.3,0.0395010395010395,0.010395010395010396,0.5384615384615384,-0.062370062370062374,21.694521829521825,
191.0,Toronto Maple Leafs,Ian White,CA,D,18.0,2013.0,Swift Current Broncos (WHL),503.0,18.0,0.0894632206759443,191,0.00017785928563806,179.0,0.355864811133201,,46.0,254.0,,,,,,,35.2,whiteia01,2002,D,35.2,0.03578528827037773,0.3797216699801193,0.3558648111332008,0.09145129224652088,19.464075546719688,
11.0,Buffalo Sabres,Keith Ballard,US,D,19.0,2015.0,Minnesota (WCHA),604.0,19.0,0.0629139072847682,11,0.00010416209815359,175.0,0.289735099337748,,-13.0,612.0,,,,,,,33.0,ballake01,2002,D,33.0,0.03145695364238411,0.018211920529801324,0.2897350993377483,-0.02152317880794702,18.196274834437087,
291.0,Detroit Red Wings,Jonathan Ericsson,SE,D,18.0,2020.0,Hasten Hockey Jr. (Sweden Jr.),680.0,18.0,0.0397058823529412,291,5.83910034602076e-05,125.0,0.183823529411765,,-21.0,535.0,,,,,,,27.3,ericsjo01,2002,D,27.3,0.026470588235294117,0.4279411764705882,0.18382352941176472,-0.030882352941176472,15.084926470588236,
44.0,Edmonton Oilers,Matt Greene,US,D,19.0,2017.0,Green Bay Gamblers (USHL),615.0,19.0,0.0276422764227642,44,4.49467909313239e-05,80.0,0.130081300813008,,-10.0,663.0,,,,,,,24.3,greenma01,2002,D,24.3,0.030894308943089432,0.07154471544715447,0.13008130081300814,-0.016260162601626018,13.393130081300816,
21.0,Chicago Blackhawks,Anton Babchuk,UA,D,18.0,2013.0,Elemash Elektrostal (Russia-2),289.0,18.0,0.124567474048443,21,0.000431029321966931,107.0,0.370242214532872,,14.0,108.0,,,,,,,21.1,babchan01,2002,D,21.1,0.06228373702422145,0.0726643598615917,0.370242214532872,0.04844290657439446,11.678875432525954,
183.0,Tampa Bay Lightning,Paul Ranger,CA,D,18.0,2014.0,Oshawa Generals (OHL),323.0,18.0,0.0743034055727554,183,0.000230041503321224,106.0,0.328173374613003,,-11.0,254.0,,,,,,,19.4,rangepa01,2002,D,19.4,0.05572755417956656,0.56656346749226,0.3281733746130031,-0.034055727554179564,10.778049535603715,
12.0,Washington Capitals,Steve Eminger,CA,D,18.0,2013.0,Kitchener Rangers (OHL),488.0,18.0,0.0389344262295082,12,7.97836603063693e-05,99.0,0.202868852459016,,-42.0,359.0,,,,,,,16.0,emingst01,2002,D,16.0,0.036885245901639344,0.02459016393442623,0.2028688524590164,-0.0860655737704918,8.82797131147541,
18.0,Los Angeles Kings,Denis Grebeshkov,RU,D,18.0,2014.0,Lokomotiv Yaroslavl (Russia),234.0,18.0,0.0726495726495726,18,0.000310468259186208,85.0,0.363247863247863,,-18.0,114.0,,,,,,,13.4,grebede01,2002,D,13.4,0.07692307692307693,0.07692307692307693,0.36324786324786323,-0.07692307692307693,7.432179487179488,
127.0,New York Rangers,Nate Guenin,US,D,19.0,2016.0,Green Bay Gamblers (USHL),205.0,19.0,0.024390243902439,127,0.000118976799524093,28.0,0.136585365853659,,7.0,94.0,,,,,,,6.7,guenina01,2002,D,6.7,0.09268292682926829,0.6195121951219512,0.13658536585365855,0.03414634146341464,3.7801219512195128,
104.0,Los Angeles Kings,Aaron Rome,CA,D,18.0,2014.0,Swift Current Broncos (WHL),226.0,18.0,0.0265486725663717,104,0.000117472002506069,28.0,0.123893805309735,,-17.0,185.0,,,,,,,5.2,romeaa01,2002,D,5.2,0.07964601769911504,0.46017699115044247,0.12389380530973451,-0.0752212389380531,2.9250442477876106,
65.0,Columbus Blue Jackets,Ole-Kristian Tollefsen,NO,D,18.0,2010.0,Lillehammer (Norway),163.0,18.0,0.0245398773006135,65,0.000150551394482291,12.0,0.0736196319018405,,-6.0,296.0,,,,,,,3.9,tolleol01,2002,D,3.9,0.11042944785276074,0.3987730061349693,0.0736196319018405,-0.03680981595092025,2.203282208588957,
253.0,St. Louis Blues,Tom Koivisto,FI,D,28.0,2003.0,Jokerit (Finland),22.0,28.0,0.0909090909090909,253,0.00413223140495868,6.0,0.272727272727273,,1.0,10.0,,,,,,,1.2,koivito01,2002,D,1.2,1.2727272727272727,11.5,0.2727272727272727,0.045454545454545456,1.9827272727272731,
198.0,Atlanta Thrashers,Nathan Oystrick,CA,D,19.0,2011.0,South Surrey (BCHL),65.0,19.0,0.0769230769230769,198,0.00118343195266272,15.0,0.230769230769231,,-2.0,61.0,,,,,,,2.4,oystrna01,2002,D,2.4,0.2923076923076923,3.046153846153846,0.23076923076923078,-0.03076923076923077,1.6853846153846157,
208.0,Buffalo Sabres,Radoslav Hecl,SK,D,27.0,2003.0,HC Slovan Bratislava (Slovakia),14.0,27.0,0.0,208,0.0,0.0,0.0,,0.0,2.0,,,,,,,0.2,heclra01,2002,D,0.2,1.9285714285714286,14.857142857142858,0.0,0.0,1.252,
70.0,Phoenix Coyotes,Joe Callahan,US,D,19.0,2011.0,Yale (ECAC),46.0,19.0,0.0,70,0.0,4.0,0.0869565217391304,,5.0,16.0,,,,,,,1.7,callajo02,2002,D,1.7,0.41304347826086957,1.5217391304347827,0.08695652173913043,0.10869565217391304,1.1523913043478262,
193.0,Philadelphia Flyers,Joey Mormina,CA,D,20.0,2008.0,Colgate (ECAC),1.0,20.0,0.0,193,0.0,0.0,0.0,,0.0,0.0,,,,,,,0.0,mormijo01,2002,D,0.0,20.0,193.0,0.0,0.0,1.0650000000000002,
181.0,Edmonton Oilers,Mikko Luoma,FI,D,26.0,2004.0,Tappara (Finland),3.0,26.0,0.0,181,0.0,1.0,0.333333333333333,,0.0,0.0,,,,,,,0.1,luomami01,2002,D,0.1,8.666666666666666,60.333333333333336,0.3333333333333333,0.0,1.05075,
229.0,Detroit Red Wings,Derek Meech,CA,D,18.0,2013.0,Red Deer Rebels (WHL),144.0,18.0,0.0277777777777778,229,0.000192901234567901,17.0,0.118055555555556,,-27.0,45.0,,,,,,,1.6,meechde01,2002,D,1.6,0.125,1.5902777777777777,0.11805555555555555,-0.1875,1.050486111111111,
285.0,Toronto Maple Leafs,Staffan Kronwall,SE,D,20.0,2010.0,Huddinge IK (Sweden-2),66.0,20.0,0.0151515151515152,285,0.000229568411386594,4.0,0.0606060606060606,,-7.0,23.0,,,,,,,0.7,kronwst01,2002,D,0.7,0.30303030303030304,4.318181818181818,0.06060606060606061,-0.10606060606060606,0.8456060606060607,
68.0,Vancouver Canucks,Brett Skinner,CA,D,19.0,2009.0,Des Moines Buccaneers (USHL),11.0,19.0,0.0,68,0.0,0.0,0.0,,3.0,4.0,,,,,,,0.4,skinnbr01,2002,D,0.4,1.7272727272727273,6.181818181818182,0.0,0.2727272727272727,0.5710000000000002,
80.0,Phoenix Coyotes,Matt Jones,US,D,19.0,2008.0,North Dakota (WCHA),106.0,19.0,0.00943396226415094,80,8.8999644001424e-05,11.0,0.10377358490566,,-27.0,63.0,,,,,,,0.7,jonesma01,2002,D,0.7,0.1792452830188679,0.7547169811320755,0.10377358490566038,-0.25471698113207547,0.4684905660377359,
217.0,San Jose Sharks,Tim Conboy,US,D,20.0,2010.0,Topeka Scarecrows (USHL),59.0,20.0,0.0,217,0.0,6.0,0.101694915254237,,-5.0,121.0,,,,,,,0.1,conboti01,2002,D,0.1,0.3389830508474576,3.6779661016949152,0.1016949152542373,-0.0847457627118644,0.4634745762711865,
26.0,Dallas Stars,Martin Vagner,CZ,D,18.0,,Hull Olympiques (QMJHL),,18.0,0.0,26,0.0,0.0,0.0,,0.0,,,,,,,,,vagnema01,2002,D,0.0,0.0,0.0,0.0,0.0,,
35.0,Pittsburgh Penguins,Ondrej Nemec,CZ,D,18.0,,HC Vsetin (Czech),,18.0,0.0,35,0.0,0.0,0.0,,0.0,,,,,,,,,nemecon01,2002,D,0.0,0.0,0.0,0.0,0.0,,
45.0,Montreal Canadiens,Tomas Linhart,CZ,D,18.0,,HC Pardubice Jr. (Czech Jr.),,18.0,0.0,45,0.0,0.0,0.0,,0.0,,,,,,,,,linhato01,2002,D,0.0,0.0,0.0,0.0,0.0,,
49.0,Vancouver Canucks,Kirill Koltsov,RU,D,19.0,,Avangard Omsk (Russia),,19.0,0.0,49,0.0,0.0,0.0,,0.0,,,,,,,,,koltski01,2002,D,0.0,0.0,0.0,0.0,0.0,,
51.0,New Jersey Devils,Anton Kadeykin,RU,D,18.0,,Elemash Elektrostal (Russia-2),,18.0,0.0,51,0.0,0.0,0.0,,0.0,,,,,,,,,kadeyan01,2002,D,0.0,0.0,0.0,0.0,0.0,,
52.0,San Jose Sharks,Dan Spang,US,D,19.0,,Winchester (High-MA),,19.0,0.0,52,0.0,0.0,0.0,,0.0,,,,,,,,,spangda01,2002,D,0.0,0.0,0.0,0.0,0.0,,
55.0,Vancouver Canucks,Denis Grot,BY,D,18.0,,Elemash Elektrostal (Russia-2),,18.0,0.0,55,0.0,0.0,0.0,,0.0,,,,,,,,,grotde01,2002,D,0.0,0.0,0.0,0.0,0.0,,
71.0,Anaheim Ducks,Brian Lee,US,D,,,Erie Otters (OHL),,0.0,0.0,71,0.0,0.0,0.0,,0.0,,,,,,,,,,2002,D,0.0,0.0,0.0,0.0,0.0,,
77.0,Washington Capitals,Patrick Wellar,CA,D,18.0,,Portland Winter Hawks (WHL),,18.0,0.0,77,0.0,0.0,0.0,,0.0,,,,,,,,,wellapa01,2002,D,0.0,0.0,0.0,0.0,0.0,,
78.0,Dallas Stars,Geoff Waugh,CA,D,19.0,,Kindersley (SJHL),,19.0,0.0,78,0.0,0.0,0.0,,0.0,,,,,,,,,waughge01,2002,D,0.0,0.0,0.0,0.0,0.0,,
82.0,Buffalo Sabres,John Adams,US,D,19.0,,Boston College (H-East),,19.0,0.0,82,0.0,0.0,0.0,,0.0,,,,,,,,,adamsjo03,2002,D,0.0,0.0,0.0,0.0,0.0,,
84.0,New Jersey Devils,Marek Chvatal,CZ,D,18.0,,HC Ocelari Trinec Jr. (Czech Jr.),,18.0,0.0,84,0.0,0.0,0.0,,0.0,,,,,,,,,chvatma01,2002,D,0.0,0.0,0.0,0.0,0.0,,
88.0,Toronto Maple Leafs,Dominic D'Amour,CA,D,18.0,,Hull Olympiques (QMJHL),,18.0,0.0,88,0.0,0.0,0.0,,0.0,,,,,,,,,damoudo01,2002,D,0.0,0.0,0.0,0.0,0.0,,
91.0,Carolina Hurricanes,Jesse Lane,US,D,19.0,,Hull Olympiques (QMJHL),,19.0,0.0,91,0.0,0.0,0.0,,0.0,,,,,,,,,laneje01,2002,D,0.0,0.0,0.0,0.0,0.0,,
94.0,Colorado Avalanche,Eric Lundberg,US,D,19.0,,Providence (H-East),,19.0,0.0,94,0.0,0.0,0.0,,0.0,,,,,,,,,lundber01,2002,D,0.0,0.0,0.0,0.0,0.0,,
101.0,Pittsburgh Penguins,Daniel Fernholm,SE,D,18.0,,Djurgardens IF Jr. (Sweden Jr.),,18.0,0.0,101,0.0,0.0,0.0,,0.0,,,,,,,,,fernhda01,2002,D,0.0,0.0,0.0,0.0,0.0,,
105.0,Philadelphia Flyers,Rosario Ruggeri,CA,D,18.0,,Chicoutimi Sagueneens (QMJHL),,18.0,0.0,105,0.0,0.0,0.0,,0.0,,,,,,,,,ruggero01,2002,D,0.0,0.0,0.0,0.0,0.0,,
106.0,Edmonton Oilers,Ivan Koltsov,RU,D,18.0,,Severstal Cherepovets 2 (Russia-3),,18.0,0.0,106,0.0,0.0,0.0,,0.0,,,,,,,,,koltsiv01,2002,D,0.0,0.0,0.0,0.0,0.0,,
107.0,Colorado Avalanche,Mikko Kalteva,FI,D,18.0,,Jokerit Jr. (Finland Jr.),,18.0,0.0,107,0.0,0.0,0.0,,0.0,,,,,,,,,kaltemi01,2002,D,0.0,0.0,0.0,0.0,0.0,,
119.0,Columbus Blue Jackets,Jekabs Redlihs,LV,D,20.0,,New York (EJHL),,20.0,0.0,119,0.0,0.0,0.0,,0.0,,,,,,,,,redlije01,2002,D,0.0,0.0,0.0,0.0,0.0,,
120.0,St. Louis Blues,Robin Jonsson,SE,D,18.0,,Bofors IK (Sweden-2),,18.0,0.0,120,0.0,0.0,0.0,,0.0,,,,,,,,,jonssro01,2002,D,0.0,0.0,0.0,0.0,0.0,,
122.0,Toronto Maple Leafs,David Turon,CZ,D,18.0,,HC Havirov Panthers (Czech),,18.0,0.0,122,0.0,0.0,0.0,,0.0,,,,,,,,,turonda01,2002,D,0.0,0.0,0.0,0.0,0.0,,
124.0,Atlanta Thrashers,Lane Manson,CA,D,18.0,,Moose Jaw Warriors (WHL),,18.0,0.0,124,0.0,0.0,0.0,,0.0,,,,,,,,,mansola01,2002,D,0.0,0.0,0.0,0.0,0.0,,
125.0,Ottawa Senators,Johan Bjork,SE,D,18.0,,MIF Jr. (Sweden Jr.),,18.0,0.0,125,0.0,0.0,0.0,,0.0,,,,,,,,,bjorkjo01,2002,D,0.0,0.0,0.0,0.0,0.0,,
131.0,Detroit Red Wings,Johan Berggren,SE,D,18.0,,Sunne IK (Sweden-3),,18.0,0.0,131,0.0,0.0,0.0,,0.0,,,,,,,,,berggjo01,2002,D,0.0,0.0,0.0,0.0,0.0,,
134.0,Florida Panthers,Topi Jaakola,FI,D,18.0,,Karpat (Finland),,18.0,0.0,134,0.0,0.0,0.0,,0.0,,,,,,,,,jaakoto01,2002,D,0.0,0.0,0.0,0.0,0.0,,
144.0,Atlanta Thrashers,Paul Flache,CA,D,20.0,,Brampton Battalion (OHL),,20.0,0.0,144,0.0,0.0,0.0,,0.0,,,,,,,,,flachpa01,2002,D,0.0,0.0,0.0,0.0,0.0,,
154.0,New Jersey Devils,Krisjanis Redlihs,LV,D,21.0,,Metalurgs Liepaja (EEHL),,21.0,0.0,154,0.0,0.0,0.0,,0.0,,,,,,,,,redlikr01,2002,D,0.0,0.0,0.0,0.0,0.0,,
157.0,Los Angeles Kings,Joel Andresen,CA,D,19.0,,St. Albert (AJHL),,19.0,0.0,157,0.0,0.0,0.0,,0.0,,,,,,,,,andrejo01,2002,D,0.0,0.0,0.0,0.0,0.0,,
162.0,Tampa Bay Lightning,Gerard Dicaire,YU,D,20.0,,Kootenay Ice (WHL),,20.0,0.0,162,0.0,0.0,0.0,,0.0,,,,,,,,,dicaige01,2002,D,0.0,0.0,0.0,0.0,0.0,,
163.0,San Jose Sharks,Tom Walsh,US,D,19.0,,Deerfield Academy (High-MA),,19.0,0.0,163,0.0,0.0,0.0,,0.0,,,,,,,,,walshto01,2002,D,0.0,0.0,0.0,0.0,0.0,,
169.0,Florida Panthers,Jeremy Swanson,CA,D,18.0,,Barrie Colts (OHL),,18.0,0.0,169,0.0,0.0,0.0,,0.0,,,,,,,,,swansje01,2002,D,0.0,0.0,0.0,0.0,0.0,,
170.0,Tampa Bay Lightning,P.J. Atherton,US,D,20.0,,Cedar Rapids Roughriders (USHL),,20.0,0.0,170,0.0,0.0,0.0,,0.0,,,,,,,,,atherp.01,2002,D,0.0,0.0,0.0,0.0,0.0,,
173.0,Anaheim Ducks,Luke Fritshaw,CA,D,18.0,,Prince Albert Raiders (WHL),,18.0,0.0,173,0.0,0.0,0.0,,0.0,,,,,,,,,fritslu01,2002,D,0.0,0.0,0.0,0.0,0.0,,
177.0,New York Rangers,Jake Taylor,US,D,19.0,,Green Bay Gamblers (USHL),,19.0,0.0,177,0.0,0.0,0.0,,0.0,,,,,,,,,tayloja01,2002,D,0.0,0.0,0.0,0.0,0.0,,
188.0,Chicago Blackhawks,Kevin Kantee,US,D,18.0,,Jokerit Jr. (Finland Jr.),,18.0,0.0,188,0.0,0.0,0.0,,0.0,,,,,,,,,kanteke01,2002,D,0.0,0.0,0.0,0.0,0.0,,
189.0,New York Islanders,Alexei Stonkus,RU,D,18.0,,Elemash Elektrostal (Russia-2),,18.0,0.0,189,0.0,0.0,0.0,,0.0,,,,,,,,,stonkal01,2002,D,0.0,0.0,0.0,0.0,0.0,,
192.0,Philadelphia Flyers,Nikita Korovkin,RU,D,18.0,,Kamloops Blazers (WHL),,18.0,0.0,192,0.0,0.0,0.0,,0.0,,,,,,,,,korovni01,2002,D,0.0,0.0,0.0,0.0,0.0,,
195.0,Colorado Avalanche,Taylor Christie,CA,D,19.0,,Bowling Green (CCHA),,19.0,0.0,195,0.0,0.0,0.0,,0.0,,,,,,,,,christa01,2002,D,0.0,0.0,0.0,0.0,0.0,,
203.0,Nashville Predators,Josh Morrow,CA,D,19.0,,Tri-City Americans (WHL),,19.0,0.0,203,0.0,0.0,0.0,,0.0,,,,,,,,,morrojo01,2002,D,0.0,0.0,0.0,0.0,0.0,,
207.0,Calgary Flames,Pierre Johnsson,SE,D,18.0,,Farjestad BK Jr. (Sweden Jr.),,18.0,0.0,207,0.0,0.0,0.0,,0.0,,,,,,,,,johnspi01,2002,D,0.0,0.0,0.0,0.0,0.0,,
210.0,Dallas Stars,Bryan Hamm,CA,D,18.0,,Peterborough Petes (OHL),,18.0,0.0,210,0.0,0.0,0.0,,0.0,,,,,,,,,hammbr01,2002,D,0.0,0.0,0.0,0.0,0.0,,
215.0,Los Angeles Kings,Mikhail Lyubushin,RU,D,19.0,,Krylja Sovetov Moskva 2 (Russia-3),,19.0,0.0,215,0.0,0.0,0.0,,0.0,,,,,,,,,lyubumi01,2002,D,0.0,0.0,0.0,0.0,0.0,,
232.0,Florida Panthers,Peter Hafner,US,D,19.0,,Taft School (High-CT),,19.0,0.0,232,0.0,0.0,0.0,,0.0,,,,,,,,,hafnepe01,2002,D,0.0,0.0,0.0,0.0,0.0,,
236.0,Atlanta Thrashers,Tyler Boldt,CA,D,18.0,,Kamloops Blazers (WHL),,18.0,0.0,236,0.0,0.0,0.0,,0.0,,,,,,,,,boldtty01,2002,D,0.0,0.0,0.0,0.0,0.0,,
238.0,Calgary Flames,Jyri Marttinen,FI,D,20.0,,JYP (Finland),,20.0,0.0,238,0.0,0.0,0.0,,0.0,,,,,,,,,marttjy01,2002,D,0.0,0.0,0.0,0.0,0.0,,
239.0,Pittsburgh Penguins,Ryan Lannon,US,D,19.0,,Harvard (ECAC),,19.0,0.0,239,0.0,0.0,0.0,,0.0,,,,,,,,,lannory01,2002,D,0.0,0.0,0.0,0.0,0.0,,
249.0,Phoenix Coyotes,Marcus Smith,US,D,19.0,,Kitchener Rangers (OHL),,19.0,0.0,249,0.0,0.0,0.0,,0.0,,,,,,,,,smithma02,2002,D,0.0,0.0,0.0,0.0,0.0,,
250.0,New Jersey Devils,Dan Glover,CA,D,19.0,,Camrose (AJHL),,19.0,0.0,250,0.0,0.0,0.0,,0.0,,,,,,,,,gloveda01,2002,D,0.0,0.0,0.0,0.0,0.0,,
257.0,Atlanta Thrashers,Pauli Levokari,FI,D,24.0,,HIFK (Finland),,24.0,0.0,257,0.0,0.0,0.0,,0.0,,,,,,,,,levokpa01,2002,D,0.0,0.0,0.0,0.0,0.0,,
260.0,Detroit Red Wings,Pierre-Olivier Beaulieu,CA,D,18.0,,Quebec Remparts (QMJHL),,18.0,0.0,260,0.0,0.0,0.0,,0.0,,,,,,,,,beaulpi01,2002,D,0.0,0.0,0.0,0.0,0.0,,
261.0,Anaheim Ducks,Francois Caron,CA,D,18.0,,Moncton Wildcats (QMJHL),,18.0,0.0,261,0.0,0.0,0.0,,0.0,,,,,,,,,caronfr01,2002,D,0.0,0.0,0.0,0.0,0.0,,
266.0,Nashville Predators,Steven Spencer,CA,D,20.0,,Swift Current Broncos (WHL),,20.0,0.0,266,0.0,0.0,0.0,,0.0,,,,,,,,,spencst01,2002,D,0.0,0.0,0.0,0.0,0.0,,
267.0,Anaheim Ducks,Chris Petrow,CA,D,18.0,,Oshawa Generals (OHL),,18.0,0.0,267,0.0,0.0,0.0,,0.0,,,,,,,,,petroch01,2002,D,0.0,0.0,0.0,0.0,0.0,,
268.0,Minnesota Wild,Mikhail Tyulyapkin,RU,D,18.0,,Torpedo Nidhny Novgorod 2 (Russia-3),,18.0,0.0,268,0.0,0.0,0.0,,0.0,,,,,,,,,tyulymi01,2002,D,0.0,0.0,0.0,0.0,0.0,,
271.0,Buffalo Sabres,Martin Cizek,CZ,D,18.0,,HC Slavia Praha Jr. (Czech Jr.),,18.0,0.0,271,0.0,0.0,0.0,,0.0,,,,,,,,,cizekma01,2002,D,0.0,0.0,0.0,0.0,0.0,,
275.0,Montreal Canadiens,Konstantin Korneev,RU,D,18.0,,Krylja Sovetov Moskva 2 (Russia-3),,18.0,0.0,275,0.0,0.0,0.0,,0.0,,,,,,,,,korneko01,2002,D,0.0,0.0,0.0,0.0,0.0,,
276.0,Ottawa Senators,Vitali Atyushov,RU,D,23.0,,Molot Prikamie Perm (Russia),,23.0,0.0,276,0.0,0.0,0.0,,0.0,,,,,,,,,atyusvi01,2002,D,0.0,0.0,0.0,0.0,0.0,,
278.0,Vancouver Canucks,Matt Gens,US,D,19.0,,St. Cloud State (WCHA),,19.0,0.0,278,0.0,0.0,0.0,,0.0,,,,,,,,,gensma01,2002,D,0.0,0.0,0.0,0.0,0.0,,
283.0,New York Islanders,Per Braxenholm,SE,D,18.0,,Morrums GoIS (Sweden-2),,18.0,0.0,283,0.0,0.0,0.0,,0.0,,,,,,,,,braxepe01,2002,D,0.0,0.0,0.0,0.0,0.0,,
288.0,San Jose Sharks,Michael Hutchins,US,D,19.0,,Des Moines Buccaneers (USHL),,19.0,0.0,288,0.0,0.0,0.0,,0.0,,,,,,,,,hutchmi02,2002,D,0.0,0.0,0.0,0.0,0.0,,
7.0,Nashville Predators,Ryan Suter,US,D,18.0,2025.0,USA U-18 Development Team (USDP/NAHL),1526.0,18.0,0.0701179554390564,7,4.59488567752663e-05,696.0,0.456094364351245,,127.0,785.0,,,,,,,132.2,suterry01,2003,D,132.2,0.011795543905635648,0.0045871559633027525,0.45609436435124506,0.08322411533420708,72.78837483617299,
49.0,Nashville Predators,Shea Weber,CA,D,18.0,2021.0,Kelowna Rockets (WHL),1038.0,18.0,0.215799614643545,49,0.000207899436072779,589.0,0.567437379576108,,79.0,714.0,,,,,,,118.9,webersh01,2003,D,118.9,0.017341040462427744,0.04720616570327553,0.5674373795761078,0.07610789980732177,65.49418111753373,
14.0,Chicago Blackhawks,Brent Seabrook,CA,D,18.0,2020.0,Lethbridge Hurricanes (WHL),1114.0,18.0,0.09245960502693,14,8.29978501139408e-05,464.0,0.416517055655296,,111.0,661.0,,,,,,,88.5,seabrbr01,2003,D,88.5,0.01615798922800718,0.012567324955116697,0.41651705565529623,0.09964093357271095,48.750314183123876,
9.0,Calgary Flames,Dion Phaneuf,CA,D,18.0,2019.0,Red Deer Rebels (WHL),1048.0,18.0,0.130725190839695,9,0.000124737777518793,494.0,0.471374045801527,,-57.0,1345.0,,,,,,,86.6,phanedi01,2003,D,86.6,0.01717557251908397,0.008587786259541985,0.4713740458015267,-0.05438931297709924,47.69784351145038,
245.0,Chicago Blackhawks,Dustin Byfuglien,US,D,18.0,2019.0,Prince George Cougars (WHL),869.0,18.0,0.203682393555811,245,0.000234387104206917,525.0,0.604142692750288,,-8.0,1094.0,,,,,,,85.6,byfugdu01,2003,D,85.6,0.020713463751438434,0.2819332566168009,0.6041426927502876,-0.009205983889528193,47.19996547756042,
47.0,San Jose Sharks,Matt Carle,US,D,18.0,2017.0,River City Lancers (USHL),730.0,18.0,0.0616438356164384,47,8.44436104334773e-05,283.0,0.387671232876712,,82.0,251.0,,,,,,,54.2,carlema01,2003,D,54.2,0.024657534246575342,0.06438356164383562,0.38767123287671235,0.11232876712328767,29.88828767123288,
239.0,Atlanta Thrashers,Toby Enstrom,SE,D,18.0,2018.0,MODO Hockey (Sweden),719.0,18.0,0.0751043115438108,239,0.000104456622453144,308.0,0.428372739916551,,5.0,422.0,,,,,,,50.9,enstrto01,2003,D,50.9,0.025034770514603615,0.33240611961057026,0.4283727399165508,0.006954102920723227,28.09569541029207,
8.0,Atlanta Thrashers,Braydon Coburn,CA,D,18.0,2021.0,Portland Winter Hawks (WHL),983.0,18.0,0.0498474059003052,8,5.07094668365261e-05,234.0,0.238046795523906,,46.0,720.0,,,,,,,47.7,coburbr01,2003,D,47.7,0.018311291963377416,0.008138351983723296,0.2380467955239064,0.04679552390640895,26.27803153611394,
132.0,Detroit Red Wings,Kyle Quincey,CA,D,18.0,2018.0,London Knights (OHL),586.0,18.0,0.0614334470989761,132,0.000104835233957297,158.0,0.26962457337884,,8.0,548.0,,,,,,,34.2,quincky01,2003,D,34.2,0.030716723549488054,0.22525597269624573,0.2696245733788396,0.013651877133105802,18.87740614334471,
37.0,Nashville Predators,Kevin Klein,CA,D,18.0,2017.0,Toronto St. Michael's Majors (OHL),627.0,18.0,0.0606060606060606,37,9.66603837417234e-05,154.0,0.245614035087719,,22.0,185.0,,,,,,,33.4,kleinke01,2003,D,33.4,0.028708133971291867,0.05901116427432217,0.24561403508771928,0.03508771929824561,18.419122807017544,
168.0,Columbus Blue Jackets,Marc Methot,CA,D,18.0,2019.0,London Knights (OHL),624.0,18.0,0.0352564102564103,168,5.6500657462196e-05,123.0,0.197115384615385,,51.0,380.0,,,,,,,30.8,methoma01,2003,D,30.8,0.028846153846153848,0.2692307692307692,0.1971153846153846,0.08173076923076923,17.007548076923076,
106.0,Buffalo Sabres,Jan Hejda,CZ,D,25.0,2015.0,HC Slavia Praha (Czech),627.0,25.0,0.0398724082934609,106,6.3592357724818e-05,135.0,0.215311004784689,,-7.0,317.0,,,,,,,29.8,hejdaja01,2003,D,29.8,0.03987240829346093,0.16905901116427433,0.215311004784689,-0.011164274322169059,16.442073365231263,
21.0,Boston Bruins,Mark Stuart,US,D,19.0,2017.0,Colorado College (WCHA),673.0,19.0,0.0386329866270431,21,5.74041406048189e-05,93.0,0.138187221396731,,43.0,722.0,,,,,,,25.0,stuarma01,2003,D,25.0,0.02823179791976226,0.031203566121842496,0.13818722139673106,0.0638930163447251,13.783060921248145,
250.0,Anaheim Ducks,Shane O'Brien,CA,D,20.0,2015.0,Toronto St. Michael's Majors (OHL),537.0,20.0,0.0242085661080074,250,4.50811286927512e-05,92.0,0.171322160148976,,6.0,916.0,,,,,,,21.0,obriesh01,2003,D,21.0,0.037243947858473,0.4655493482309125,0.1713221601489758,0.0111731843575419,11.62709497206704,
85.0,Philadelphia Flyers,Alexandre Picard,CA,D,18.0,2012.0,Halifax Mooseheads (QMJHL),253.0,18.0,0.075098814229249,85,0.000296833257823119,69.0,0.272727272727273,,-31.0,86.0,,,,,,,12.0,picaral01,2003,D,12.0,0.07114624505928854,0.3359683794466403,0.2727272727272727,-0.1225296442687747,6.669367588932808,
182.0,New York Islanders,Bruno Gervais,CA,D,18.0,2013.0,Acadie-Bathurst Titan (QMJHL),418.0,18.0,0.0382775119617225,182,9.1572995123738e-05,87.0,0.208133971291866,,-81.0,182.0,,,,,,,11.4,gervabr01,2003,D,11.4,0.0430622009569378,0.4354066985645933,0.20813397129186603,-0.1937799043062201,6.329688995215311,
79.0,Montreal Canadiens,Ryan O'Byrne,CA,D,19.0,2013.0,Nanaimo (BCHL),308.0,19.0,0.0162337662337662,79,5.27070332265136e-05,39.0,0.126623376623377,,-19.0,369.0,,,,,,,8.4,obyrnry01,2003,D,8.4,0.06168831168831169,0.2564935064935065,0.1266233766233766,-0.06168831168831169,4.664642857142859,
202.0,Buffalo Sabres,Nathan Paetsch,CA,D,20.0,2010.0,Moose Jaw Warriors (WHL),167.0,20.0,0.0419161676646707,202,0.000250995015956112,42.0,0.251497005988024,,12.0,114.0,,,,,,,7.0,paetsna01,2003,D,7.0,0.11976047904191617,1.2095808383233533,0.25149700598802394,0.0718562874251497,4.027844311377246,
92.0,Nashville Predators,Alexander Sulzer,DE,D,19.0,2014.0,Hamburg (Germany),131.0,19.0,0.0534351145038168,92,0.000407901637433716,22.0,0.16793893129771,,4.0,44.0,,,,,,,6.2,sulzeal01,2003,D,6.2,0.1450381679389313,0.7022900763358778,0.16793893129770993,0.030534351145038167,3.522977099236642,
122.0,New York Rangers,Corey Potter,US,D,19.0,2016.0,Michigan State (CCHA),130.0,19.0,0.0615384615384615,122,0.000473372781065088,32.0,0.246153846153846,,-11.0,53.0,,,,,,,5.9,potteco01,2003,D,5.9,0.14615384615384616,0.9384615384615385,0.24615384615384617,-0.08461538461538462,3.3819230769230773,
151.0,Chicago Blackhawks,Lasse Kukkonen,FI,D,21.0,2009.0,Karpat (Finland),159.0,21.0,0.0377358490566038,151,0.000237332384003797,22.0,0.138364779874214,,3.0,90.0,,,,,,,5.7,kukkola01,2003,D,5.7,0.1320754716981132,0.949685534591195,0.13836477987421383,0.018867924528301886,3.2658176100628933,
209.0,New York Rangers,Dylan Reese,US,D,19.0,2015.0,Pittsburgh Forge (NAHL),78.0,19.0,0.0384615384615385,209,0.000493096646942801,17.0,0.217948717948718,,-9.0,40.0,,,,,,,2.7,reesedy01,2003,D,2.7,0.24358974358974358,2.6794871794871793,0.21794871794871795,-0.11538461538461539,1.7984615384615388,
215.0,Edmonton Oilers,Mathieu Roy,CA,D,20.0,2013.0,Val-d'Or Foreurs (QMJHL),66.0,20.0,0.0303030303030303,215,0.000459136822773186,13.0,0.196969696969697,,-13.0,76.0,,,,,,,1.7,royma01,2003,D,1.7,0.30303030303030304,3.257575757575758,0.19696969696969696,-0.19696969696969696,1.300909090909091,
188.0,Montreal Canadiens,Mark Flood,CA,D,18.0,2012.0,Peterborough Petes (OHL),39.0,18.0,0.0769230769230769,188,0.0019723865877712,8.0,0.205128205128205,,-5.0,10.0,,,,,,,1.2,floodma01,2003,D,1.2,0.46153846153846156,4.82051282051282,0.20512820512820512,-0.1282051282051282,1.2061538461538464,
192.0,Tampa Bay Lightning,Doug O'Brien,CA,D,19.0,2006.0,Hull Olympiques (QMJHL),5.0,19.0,0.0,192,0.0,0.0,0.0,,0.0,2.0,,,,,,,0.0,obriedo01,2003,D,0.0,3.8,38.4,0.0,0.0,1.055,
195.0,Dallas Stars,Drew Bagnall,CA,D,19.0,2011.0,Battlefords (SJHL),2.0,19.0,0.0,195,0.0,0.0,0.0,,-2.0,4.0,,,,,,,-0.1,bagnadr01,2003,D,-0.1,9.5,97.5,0.0,-1.0,1.0545,
105.0,Florida Panthers,Martin Lojek,CZ,D,18.0,2008.0,Brampton Battalion (OHL),5.0,18.0,0.0,105,0.0,1.0,0.2,,1.0,0.0,,,,,,,0.2,lojekma01,2003,D,0.2,3.6,21.0,0.2,0.2,0.655,
254.0,Vancouver Canucks,Nathan McIver,CA,D,18.0,2009.0,Toronto St. Michael's Majors (OHL),36.0,18.0,0.0,254,0.0,1.0,0.0277777777777778,,-9.0,95.0,,,,,,,-0.3,mcivena01,2003,D,-0.3,0.5,7.055555555555555,0.027777777777777776,-0.25,0.5697222222222222,
63.0,Colorado Avalanche,David Liffiton,CA,D,18.0,2011.0,Plymouth Whalers (OHL),7.0,18.0,0.142857142857143,63,0.0204081632653061,1.0,0.142857142857143,,4.0,26.0,,,,,,,0.6,liffida01,2003,D,0.6,2.5714285714285716,9.0,0.14285714285714285,0.5714285714285714,0.5479999999999999,
88.0,St. Louis Blues,Zack Fitzgerald,US,D,18.0,2008.0,Seattle Thunderbirds (WHL),1.0,18.0,0.0,88,0.0,0.0,0.0,,0.0,0.0,,,,,,,0.0,fitzgza01,2003,D,0.0,18.0,88.0,0.0,0.0,0.5300000000000001,
30.0,St. Louis Blues,Shawn Belle,CA,D,18.0,2011.0,Tri-City Americans (WHL),20.0,18.0,0.0,30,0.0,1.0,0.05,,1.0,2.0,,,,,,,0.5,bellesh01,2003,D,0.5,0.9,1.5,0.05,0.05,0.5275000000000001,
50.0,New York Rangers,Ivan Baranka,SK,D,18.0,2008.0,HK Dubnica Jr. (Slovakia Jr.),1.0,18.0,0.0,50,0.0,1.0,1.0,,1.0,0.0,,,,,,,0.2,baraniv01,2003,D,0.2,18.0,50.0,1.0,1.0,0.35800000000000004,
41.0,Tampa Bay Lightning,Matt Smaby,US,D,18.0,2011.0,Shattuck-St. Mary's School (High-MN),122.0,18.0,0.0,41,0.0,6.0,0.0491803278688525,,-19.0,106.0,,,,,,,0.5,smabyma01,2003,D,0.5,0.14754098360655737,0.3360655737704918,0.04918032786885246,-0.1557377049180328,0.3151639344262295,
39.0,Calgary Flames,Tim Ramholt,CA,D,18.0,2008.0,ZSC Lions (Swiss),1.0,18.0,0.0,39,0.0,0.0,0.0,,-1.0,0.0,,,,,,,-0.1,ramhoti01,2003,D,-0.1,18.0,39.0,0.0,-1.0,0.27725000000000005,
59.0,Chicago Blackhawks,Michal Barinka,CZ,D,19.0,2006.0,HC Ceske Budejovice (Czech),34.0,19.0,0.0,59,0.0,2.0,0.0588235294117647,,-12.0,26.0,,,,,,,-0.2,barinmi01,2003,D,-0.2,0.5588235294117647,1.7352941176470589,0.058823529411764705,-0.35294117647058826,0.09294117647058822,
31.0,Carolina Hurricanes,Danny Richmond,US,D,19.0,2008.0,Michigan (CCHA),49.0,19.0,0.0,31,0.0,3.0,0.0612244897959184,,-12.0,75.0,,,,,,,-0.1,richmda01,2003,D,-0.1,0.3877551020408163,0.6326530612244898,0.061224489795918366,-0.24489795918367346,0.03173469387755102,
137.0,Carolina Hurricanes,Tyson Strachan,CA,D,18.0,2016.0,Vernon (BCHL),186.0,18.0,0.00537634408602151,137,2.89050757312984e-05,20.0,0.10752688172043,,-42.0,199.0,,,,,,,-0.8,stracty01,2003,D,-0.8,0.0967741935483871,0.7365591397849462,0.10752688172043011,-0.22580645161290322,-0.3631182795698925,
34.0,Tampa Bay Lightning,Mike Egener,DE,D,18.0,,Calgary Hitmen (WHL),,18.0,0.0,34,0.0,0.0,0.0,,0.0,,,,,,,,,egenemi01,2003,D,0.0,0.0,0.0,0.0,0.0,,
57.0,Toronto Maple Leafs,John Doherty,US,D,19.0,,Phillips Andover Academy (High-MA),,19.0,0.0,57,0.0,0.0,0.0,,0.0,,,,,,,,,doherjo01,2003,D,0.0,0.0,0.0,0.0,0.0,,
71.0,Columbus Blue Jackets,Dmitry Kosmachev,RU,D,18.0,,CSKA Moskva (Russia),,18.0,0.0,71,0.0,0.0,0.0,,0.0,,,,,,,,,kosmadm01,2003,D,0.0,0.0,0.0,0.0,0.0,,
76.0,Nashville Predators,Richard Stehlik,SK,D,19.0,,Sherbrooke Castors (QMJHL),,19.0,0.0,76,0.0,0.0,0.0,,0.0,,,,,,,,,stehlri01,2003,D,0.0,0.0,0.0,0.0,0.0,,
90.0,Anaheim Ducks,Juha Alen,FI,D,21.0,,Northern Michigan (CCHA),,21.0,0.0,90,0.0,0.0,0.0,,0.0,,,,,,,,,alenju01,2003,D,0.0,0.0,0.0,0.0,0.0,,
99.0,Dallas Stars,Matt Nickerson,US,D,18.0,,Texas Tornado (NAHL),,18.0,0.0,99,0.0,0.0,0.0,,0.0,,,,,,,,,nickema01,2003,D,0.0,0.0,0.0,0.0,0.0,,
100.0,Ottawa Senators,Philippe Seydoux,CH,D,18.0,,Kloten (Swiss),,18.0,0.0,100,0.0,0.0,0.0,,0.0,,,,,,,,,seydoph01,2003,D,0.0,0.0,0.0,0.0,0.0,,
102.0,Carolina Hurricanes,Aaron Dawson,US,D,18.0,,Peterborough Petes (OHL),,18.0,0.0,102,0.0,0.0,0.0,,0.0,,,,,,,,,dawsoaa01,2003,D,0.0,0.0,0.0,0.0,0.0,,
110.0,Atlanta Thrashers,Jim Sharrow,US,D,18.0,,Halifax Mooseheads (QMJHL),,18.0,0.0,110,0.0,0.0,0.0,,0.0,,,,,,,,,sharrji01,2003,D,0.0,0.0,0.0,0.0,0.0,,
114.0,Buffalo Sabres,Denis Ezhov,RU,D,18.0,,CSK VVS Samara (Russia-2),,18.0,0.0,114,0.0,0.0,0.0,,0.0,,,,,,,,,ezhovde01,2003,D,0.0,0.0,0.0,0.0,0.0,,
118.0,Boston Bruins,Frank Rediker,US,D,18.0,,Windsor Spitfires (OHL),,18.0,0.0,118,0.0,0.0,0.0,,0.0,,,,,,,,,redikfr01,2003,D,0.0,0.0,0.0,0.0,0.0,,
119.0,Anaheim Ducks,Nathan Saunders,CA,D,18.0,,Moncton Wildcats (QMJHL),,18.0,0.0,119,0.0,0.0,0.0,,0.0,,,,,,,,,saundna01,2003,D,0.0,0.0,0.0,0.0,0.0,,
124.0,Florida Panthers,James Pemberton,US,D,19.0,,Providence (H-East),,19.0,0.0,124,0.0,0.0,0.0,,0.0,,,,,,,,,pembeja01,2003,D,0.0,0.0,0.0,0.0,0.0,,
135.0,Ottawa Senators,Mattias Karlsson,SE,D,18.0,,Brynas IF Jr. (Sweden Jr.),,18.0,0.0,135,0.0,0.0,0.0,,0.0,,,,,,,,,karlsma01,2003,D,0.0,0.0,0.0,0.0,0.0,,
136.0,Atlanta Thrashers,Michael Vannelli,US,D,19.0,,Sioux Falls Stampede (USHL),,19.0,0.0,136,0.0,0.0,0.0,,0.0,,,,,,,,,vannemi01,2003,D,0.0,0.0,0.0,0.0,0.0,,
142.0,Ottawa Senators,Tim Cook,US,D,19.0,,River City Lancers (USHL),,19.0,0.0,142,0.0,0.0,0.0,,0.0,,,,,,,,,cookti01,2003,D,0.0,0.0,0.0,0.0,0.0,,
150.0,Buffalo Sabres,Thomas Morrow,US,D,19.0,,Des Moines Buccaneers (USHL),,19.0,0.0,150,0.0,0.0,0.0,,0.0,,,,,,,,,morroth01,2003,D,0.0,0.0,0.0,0.0,0.0,,
162.0,Florida Panthers,Martin Tuma,CZ,D,18.0,,HC Litvinov Jr. (Czech),,18.0,0.0,162,0.0,0.0,0.0,,0.0,,,,,,,,,tumama01,2003,D,0.0,0.0,0.0,0.0,0.0,,
166.0,Ottawa Senators,Sergei Gimayev,RU,D,19.0,,Severstal Cherepovets (Russia),,19.0,0.0,166,0.0,0.0,0.0,,0.0,,,,,,,,,gimayse01,2003,D,0.0,0.0,0.0,0.0,0.0,,
167.0,New Jersey Devils,Zach Tarkir,US,D,19.0,,Chilliwack (BCHL),,19.0,0.0,167,0.0,0.0,0.0,,0.0,,,,,,,,,tarkiza01,2003,D,0.0,0.0,0.0,0.0,0.0,,
169.0,Pittsburgh Penguins,Lukas Bolf,CZ,D,18.0,,HC Slavia Praha Jr. (Czech Jr.),,18.0,0.0,169,0.0,0.0,0.0,,0.0,,,,,,,,,bolflu01,2003,D,0.0,0.0,0.0,0.0,0.0,,
172.0,Buffalo Sabres,Pavel Voroshnin,RU,D,19.0,,Mississagua IceDogs (OHL),,19.0,0.0,172,0.0,0.0,0.0,,0.0,,,,,,,,,vorospa01,2003,D,0.0,0.0,0.0,0.0,0.0,,
179.0,New York Rangers,Philippe Furrer,CH,D,18.0,,SC Bern (Swiss),,18.0,0.0,179,0.0,0.0,0.0,,0.0,,,,,,,,,furreph01,2003,D,0.0,0.0,0.0,0.0,0.0,,
190.0,Vancouver Canucks,Chad Brownlee,CA,D,19.0,,Vernon (BCHL),,19.0,0.0,190,0.0,0.0,0.0,,0.0,,,,,,,,,brownch03,2003,D,0.0,0.0,0.0,0.0,0.0,,
194.0,Detroit Red Wings,Stefan Blom,SE,D,18.0,,Hammarby IF Jr. (Sweden Jr.),,18.0,0.0,194,0.0,0.0,0.0,,0.0,,,,,,,,,blomst01,2003,D,0.0,0.0,0.0,0.0,0.0,,
196.0,Dallas Stars,Elias Granath,SE,D,18.0,,Leksands IF Jr. (Sweden Jr.),,18.0,0.0,196,0.0,0.0,0.0,,0.0,,,,,,,,,granael01,2003,D,0.0,0.0,0.0,0.0,0.0,,
200.0,Columbus Blue Jackets,Alexander Guskov,RU,D,26.0,,Lokomotiv Yaroslavl (Russia),,26.0,0.0,200,0.0,0.0,0.0,,0.0,,,,,,,,,guskoal01,2003,D,0.0,0.0,0.0,0.0,0.0,,
207.0,Minnesota Wild,Georgy Misharin,RU,D,18.0,,Dynamo-Energiya Yekaterinberg (Russia-2),,18.0,0.0,207,0.0,0.0,0.0,,0.0,,,,,,,,,mishage01,2003,D,0.0,0.0,0.0,0.0,0.0,,
210.0,Nashville Predators,Andrei Mukhachev,RU,D,23.0,,CSKA Moskva (Russia),,23.0,0.0,210,0.0,0.0,0.0,,0.0,,,,,,,,,mukhaan01,2003,D,0.0,0.0,0.0,0.0,0.0,,
212.0,New York Islanders,Denis Rehak,SK,D,18.0,,HK Dukla Trencin Jr. (Slovakia Jr.),,18.0,0.0,212,0.0,0.0,0.0,,0.0,,,,,,,,,rehakde01,2003,D,0.0,0.0,0.0,0.0,0.0,,
217.0,Montreal Canadiens,Oskari Korpikari,FI,D,19.0,,Karpat (Finland),,19.0,0.0,217,0.0,0.0,0.0,,0.0,,,,,,,,,korpios01,2003,D,0.0,0.0,0.0,0.0,0.0,,
228.0,Ottawa Senators,Will Colbert,CA,D,18.0,,Ottawa 67's (OHL),,18.0,0.0,228,0.0,0.0,0.0,,0.0,,,,,,,,,colbewi01,2003,D,0.0,0.0,0.0,0.0,0.0,,
234.0,Florida Panthers,Petr Kadlec,CZ,D,26.0,,HC Slavia Praha (Czech),,26.0,0.0,234,0.0,0.0,0.0,,0.0,,,,,,,,,kadlepe01,2003,D,0.0,0.0,0.0,0.0,0.0,,
238.0,New York Islanders,Cody Blanshan,US,D,19.0,,Nebraska-Omaha (CCHA),,19.0,0.0,238,0.0,0.0,0.0,,0.0,,,,,,,,,blansco01,2003,D,0.0,0.0,0.0,0.0,0.0,,
248.0,Edmonton Oilers,Josef Hrabal,CZ,D,18.0,,HC Vsetin Jr. (Czech Jr.),,18.0,0.0,248,0.0,0.0,0.0,,0.0,,,,,,,,,hrabajo01,2003,D,0.0,0.0,0.0,0.0,0.0,,
253.0,St. Louis Blues,Andrei Pervyshin,RU,D,18.0,,Lokomotiv Yaroslavl 2 (Russia-3),,18.0,0.0,253,0.0,0.0,0.0,,0.0,,,,,,,,,pervyan01,2003,D,0.0,0.0,0.0,0.0,0.0,,
256.0,Tampa Bay Lightning,Brady Greco,US,D,20.0,,Chicago Steel (USHL),,20.0,0.0,256,0.0,0.0,0.0,,0.0,,,,,,,,,grecobr01,2003,D,0.0,0.0,0.0,0.0,0.0,,
257.0,Colorado Avalanche,Darryl Yacboski,CA,D,18.0,,Regina Pats (WHL),,18.0,0.0,257,0.0,0.0,0.0,,0.0,,,,,,,,,yacboda01,2003,D,0.0,0.0,0.0,0.0,0.0,,
259.0,Dallas Stars,Niko Vainio,FI,D,18.0,,Jokerit Jr. (Finland Jr.),,18.0,0.0,259,0.0,0.0,0.0,,0.0,,,,,,,,,vainini01,2003,D,0.0,0.0,0.0,0.0,0.0,,
267.0,San Jose Sharks,Brian O'Hanley,US,D,18.0,,Boston College HS (High-MA),,18.0,0.0,267,0.0,0.0,0.0,,0.0,,,,,,,,,ohanlbr01,2003,D,0.0,0.0,0.0,0.0,0.0,,
272.0,Phoenix Coyotes,Sean Sullivan,US,D,19.0,,St. Sebastian's School (High-MA),,19.0,0.0,272,0.0,0.0,0.0,,0.0,,,,,,,,,sullise01,2003,D,0.0,0.0,0.0,0.0,0.0,,
275.0,Chicago Blackhawks,Michael Grenzy,US,D,19.0,,Chicago Steel (USHL),,19.0,0.0,275,0.0,0.0,0.0,,0.0,,,,,,,,,grenzmi01,2003,D,0.0,0.0,0.0,0.0,0.0,,
280.0,Anaheim Ducks,Ville Mantymaa,FI,D,18.0,,Tappara Jr. (Finland Jr.),,18.0,0.0,280,0.0,0.0,0.0,,0.0,,,,,,,,,mantyvi01,2003,D,0.0,0.0,0.0,0.0,0.0,,
281.0,Minnesota Wild,Jean-Michel Bolduc,US,D,18.0,,Quebec Remparts (QMJHL),,18.0,0.0,281,0.0,0.0,0.0,,0.0,,,,,,,,,bolduje01,2003,D,0.0,0.0,0.0,0.0,0.0,,
283.0,Columbus Blue Jackets,Trevor Hendrikx,CA,D,18.0,,Peterborough Petes (OHL),,18.0,0.0,283,0.0,0.0,0.0,,0.0,,,,,,,,,hendrtr01,2003,D,0.0,0.0,0.0,0.0,0.0,,
285.0,Vancouver Canucks,Matthew Hansen,CA,D,18.0,,Seattle Thunderbirds (WHL),,18.0,0.0,285,0.0,0.0,0.0,,0.0,,,,,,,,,hansema01,2003,D,0.0,0.0,0.0,0.0,0.0,,
61.0,Pittsburgh Penguins,Alex Goligoski,US,D,19.0,2024.0,Sioux Falls Stampede (USHL),1078.0,19.0,0.0807050092764378,61,7.48655002564358e-05,475.0,0.440630797773655,,55.0,376.0,,,,,,,85.5,goligal01,2004,D,85.5,0.017625231910946195,0.05658627087198516,0.44063079777365494,0.05102040816326531,47.103617810760674,
29.0,Washington Capitals,Mike Green,CA,D,18.0,2020.0,Saskatoon Blades (WHL),880.0,18.0,0.170454545454545,29,0.000193698347107438,501.0,0.569318181818182,,-17.0,592.0,,,,,,,84.8,greenmi03,2004,D,84.8,0.020454545454545454,0.03295454545454545,0.5693181818181818,-0.019318181818181818,46.728806818181816,
91.0,Vancouver Canucks,Alexander Edler,SE,D,18.0,2023.0,Jamtlands HF (Sweden-3),1030.0,18.0,0.100970873786408,91,9.80299745499107e-05,439.0,0.42621359223301,,-19.0,733.0,,,,,,,79.3,edleral01,2004,D,79.3,0.017475728155339806,0.0883495145631068,0.4262135922330097,-0.018446601941747572,43.68766990291262,
262.0,Montreal Canadiens,Mark Streit,CH,D,26.0,2018.0,ZSC Lions (Swiss),786.0,26.0,0.122137404580153,262,0.000155391099974749,434.0,0.552162849872774,,-73.0,374.0,,,,,,,67.3,streima01,2004,D,67.3,0.03307888040712468,0.3333333333333333,0.5521628498727735,-0.09287531806615776,37.12517811704834,
71.0,Buffalo Sabres,Andrej Sekera,SK,D,18.0,2022.0,HK Dukla Trencin Jr. (Slovakia Jr.),842.0,18.0,0.0605700712589074,71,7.19359516139043e-05,253.0,0.300475059382423,,12.0,212.0,,,,,,,52.0,sekeran01,2004,D,52.0,0.021377672209026127,0.08432304038004751,0.3004750593824228,0.014251781472684086,28.65706650831354,
23.0,Ottawa Senators,Andrej Meszaros,SK,D,18.0,2015.0,HK Dukla Trencin (Slovakia),645.0,18.0,0.0976744186046512,23,0.000151433207138994,238.0,0.368992248062016,,25.0,457.0,,,,,,,41.7,meszaan01,2004,D,41.7,0.027906976744186046,0.03565891472868217,0.3689922480620155,0.03875968992248062,23.000581395348835,
180.0,St. Louis Blues,Roman Polak,CZ,D,18.0,2020.0,HC Vitkovice Jr. (Czech Jr.),806.0,18.0,0.032258064516129,180,4.00224125510285e-05,140.0,0.173697270471464,,-8.0,643.0,,,,,,,34.2,polakro01,2004,D,34.2,0.022332506203473945,0.22332506203473945,0.17369727047146402,-0.009925558312655087,18.859627791563277,
227.0,New York Islanders,Chris Campoli,CA,D,20.0,2012.0,Erie Otters (OHL),440.0,20.0,0.0795454545454545,227,0.000180785123966942,146.0,0.331818181818182,,-42.0,200.0,,,,,,,24.8,campoch01,2004,D,24.8,0.045454545454545456,0.5159090909090909,0.33181818181818185,-0.09545454545454546,13.736363636363636,
224.0,Boston Bruins,Matt Hunwick,US,D,19.0,2019.0,Michigan (CCHA),535.0,19.0,0.0467289719626168,224,8.73438728273211e-05,119.0,0.222429906542056,,-19.0,207.0,,,,,,,22.6,hunwima01,2004,D,22.6,0.03551401869158879,0.41869158878504675,0.22242990654205608,-0.03551401869158879,12.505233644859816,
56.0,Dallas Stars,Nicklas Grossmann,SE,D,19.0,2017.0,Sodertalje SK Jr. (Sweden Jr.),592.0,19.0,0.0219594594594595,56,3.70936815193573e-05,86.0,0.14527027027027,,4.0,314.0,,,,,,,20.1,grossni01,2004,D,20.1,0.03209459459459459,0.0945945945945946,0.14527027027027026,0.006756756756756757,11.090135135135137,
27.0,Washington Capitals,Jeff Schultz,CA,D,18.0,2016.0,Calgary Hitmen (WHL),409.0,18.0,0.0268948655256724,27,6.57576174221819e-05,76.0,0.185819070904645,,78.0,137.0,,,,,,,20.0,schulje02,2004,D,20.0,0.044009779951100246,0.06601466992665037,0.18581907090464547,0.19070904645476772,11.057946210268947,
84.0,Montreal Canadiens,Alexei Emelin,RU,D,18.0,2018.0,CSK VVS Samara (Russia-2),456.0,18.0,0.0328947368421053,84,7.21375807940906e-05,81.0,0.177631578947368,,-9.0,363.0,,,,,,,18.2,emelial01,2004,D,18.2,0.039473684210526314,0.18421052631578946,0.17763157894736842,-0.019736842105263157,10.05703947368421,
3.0,Chicago Blackhawks,Cam Barker,CA,D,18.0,2013.0,Medicine Hat Tigers (WHL),310.0,18.0,0.067741935483871,3,0.000218522372528616,96.0,0.309677419354839,,-29.0,290.0,,,,,,,15.1,barkeca01,2004,D,15.1,0.05806451612903226,0.00967741935483871,0.3096774193548387,-0.0935483870967742,8.348870967741934,
9.0,Anaheim Ducks,Ladislav Smid,CZ,D,18.0,2016.0,Bili Tygri Liberec (Czech),583.0,18.0,0.0205831903945111,9,3.53056439013913e-05,72.0,0.123499142367067,,-68.0,472.0,,,,,,,15.1,smidla01,2004,D,15.1,0.030874785591766724,0.015437392795883362,0.1234991423670669,-0.11663807890222985,8.316492281303603,
136.0,St. Louis Blues,Nikita Nikitin,RU,D,18.0,2016.0,Omskie Yastreby (Russia-3),259.0,18.0,0.0656370656370656,136,0.000253424963849674,76.0,0.293436293436293,,-15.0,85.0,,,,,,,14.4,nikitni01,2004,D,14.4,0.0694980694980695,0.525096525096525,0.29343629343629346,-0.05791505791505792,8.017683397683399,
79.0,Minnesota Wild,Clayton Stoner,CA,D,19.0,2017.0,Tri-City Americans (WHL),360.0,19.0,0.0194444444444444,79,5.40123456790122e-05,48.0,0.133333333333333,,5.0,459.0,,,,,,,13.4,stonecl01,2004,D,13.4,0.05277777777777778,0.21944444444444444,0.13333333333333333,0.013888888888888888,7.418611111111112,
271.0,Columbus Blue Jackets,Grant Clitsome,CA,D,19.0,2015.0,Nepean (CJHL),205.0,19.0,0.0731707317073171,271,0.000356930398572279,71.0,0.346341463414634,,2.0,98.0,,,,,,,12.8,clitsgr01,2004,D,12.8,0.09268292682926829,1.3219512195121952,0.3463414634146341,0.00975609756097561,7.234390243902439,
173.0,Calgary Flames,Adam Pardy,CA,D,20.0,2017.0,Cape Breton Screaming Eagles (QMJHL),342.0,20.0,0.0116959064327485,173,3.4198556820902e-05,52.0,0.152046783625731,,7.0,269.0,,,,,,,11.2,pardyad01,2004,D,11.2,0.05847953216374269,0.5058479532163743,0.15204678362573099,0.02046783625730994,6.2412865497076035,
28.0,Dallas Stars,Mark Fistric,CA,D,18.0,2015.0,Vancouver Giants (WHL),325.0,18.0,0.0123076923076923,28,3.78698224852071e-05,34.0,0.104615384615385,,28.0,284.0,,,,,,,10.2,fistrma01,2004,D,10.2,0.055384615384615386,0.08615384615384615,0.10461538461538461,0.08615384615384615,5.648461538461539,
66.0,Washington Capitals,Sami Lepisto,FI,D,19.0,2012.0,Jokerit (Finland),176.0,19.0,0.0340909090909091,66,0.000193698347107438,35.0,0.198863636363636,,23.0,137.0,,,,,,,8.9,lepissa01,2004,D,8.9,0.10795454545454546,0.375,0.19886363636363635,0.13068181818181818,4.986193181818182,
102.0,Tampa Bay Lightning,Mike Lundin,US,D,19.0,2013.0,Maine (H-East),252.0,19.0,0.0158730158730159,102,6.29881582262536e-05,36.0,0.142857142857143,,-11.0,54.0,,,,,,,8.2,lundimi01,2004,D,8.2,0.07539682539682539,0.40476190476190477,0.14285714285714285,-0.04365079365079365,4.575079365079365,
109.0,Carolina Hurricanes,Brett Carson,CA,D,18.0,2013.0,Calgary Hitmen (WHL),90.0,18.0,0.0222222222222222,109,0.000246913580246913,13.0,0.144444444444444,,8.0,20.0,,,,,,,3.6,carsobr01,2004,D,3.6,0.2,1.211111111111111,0.14444444444444443,0.08888888888888889,2.151666666666667,
241.0,Buffalo Sabres,Mike Card,CA,D,18.0,2007.0,Kelowna Rockets (WHL),4.0,18.0,0.0,241,0.0,0.0,0.0,,0.0,0.0,,,,,,,0.0,cardmi01,2004,D,0.0,4.5,60.25,0.0,0.0,1.2950000000000002,
217.0,New Jersey Devils,Tyler Eckford,CA,D,19.0,2011.0,Surrey (BCHL),7.0,19.0,0.0,217,0.0,1.0,0.142857142857143,,-1.0,4.0,,,,,,,0.1,eckfoty01,2004,D,0.1,2.7142857142857144,31.0,0.14285714285714285,-0.14285714285714285,1.2017499999999999,
201.0,San Jose Sharks,Mike Vernace,CA,D,18.0,2011.0,Brampton Battalion (OHL),22.0,18.0,0.0,201,0.0,1.0,0.0454545454545455,,-7.0,10.0,,,,,,,0.0,vernami01,2004,D,0.0,0.8181818181818182,9.136363636363637,0.045454545454545456,-0.3181818181818182,0.9704545454545456,
184.0,Colorado Avalanche,Derek Peltier,US,D,19.0,2010.0,Cedar Rapids Roughriders (USHL),14.0,19.0,0.0,184,0.0,0.0,0.0,,-4.0,2.0,,,,,,,-0.1,peltide01,2004,D,-0.1,1.3571428571428572,13.142857142857142,0.0,-0.2857142857142857,0.9565,
147.0,Nashville Predators,Janne Niskala,SE,D,22.0,2009.0,Lukko (Finland),6.0,22.0,0.166666666666667,147,0.0277777777777778,3.0,0.5,,0.0,6.0,,,,,,,0.5,niskaja01,2004,D,0.5,3.6666666666666665,24.5,0.5,0.0,0.9500000000000001,
115.0,New York Islanders,Wes O'Neill,CA,D,18.0,2010.0,Notre Dame (CCHA),5.0,18.0,0.0,115,0.0,0.0,0.0,,-1.0,6.0,,,,,,,0.0,oneilwe01,2004,D,0.0,3.6,23.0,0.0,-0.2,0.66,
69.0,Carolina Hurricanes,Casey Borer,US,D,19.0,2010.0,St. Cloud State (WCHA),16.0,19.0,0.0625,69,0.00390625,3.0,0.1875,,-4.0,9.0,,,,,,,0.3,borerca01,2004,D,0.3,1.1875,4.3125,0.1875,-0.25,0.5745,
146.0,Edmonton Oilers,Bryan Young,CA,D,18.0,2008.0,Peterborough Petes (OHL),17.0,18.0,0.0,146,0.0,0.0,0.0,,-9.0,10.0,,,,,,,-0.5,youngbr02,2004,D,-0.5,1.0588235294117647,8.588235294117647,0.0,-0.5294117647058824,0.5412499999999999,
76.0,Atlanta Thrashers,Scott Lehman,CA,D,18.0,2009.0,Toronto St. Michael's Majors (OHL),1.0,18.0,0.0,76,0.0,0.0,0.0,,0.0,0.0,,,,,,,0.0,lehmasc01,2004,D,0.0,18.0,76.0,0.0,0.0,0.47000000000000003,
43.0,Buffalo Sabres,Michael Funk,CA,D,18.0,2008.0,Portland Winter Hawks (WHL),9.0,18.0,0.0,43,0.0,2.0,0.222222222222222,,-1.0,0.0,,,,,,,0.1,funkmi01,2004,D,0.1,2.0,4.777777777777778,0.2222222222222222,-0.1111111111111111,0.33975000000000005,
40.0,Atlanta Thrashers,Grant Lewis,US,D,19.0,2009.0,Dartmouth (ECAC),1.0,19.0,0.0,40,0.0,0.0,0.0,,0.0,0.0,,,,,,,0.0,lewisgr01,2004,D,0.0,19.0,40.0,0.0,0.0,0.29500000000000004,
10.0,Atlanta Thrashers,Boris Valabik,SK,D,18.0,2010.0,Kitchener Rangers (OHL),80.0,18.0,0.0,10,0.0,7.0,0.0875,,-14.0,210.0,,,,,,,0.2,valabbo01,2004,D,0.2,0.225,0.125,0.0875,-0.175,0.14062500000000003,
12.0,Minnesota Wild,A.J. Thelen,US,D,18.0,,Michigan State (CCHA),,18.0,0.0,12,0.0,0.0,0.0,,0.0,,,,,,,,,thelea.01,2004,D,0.0,0.0,0.0,0.0,0.0,,
30.0,Tampa Bay Lightning,Andy Rogers,CA,D,18.0,,Calgary Hitmen (WHL),,18.0,0.0,30,0.0,0.0,0.0,,0.0,,,,,,,,,rogeran01,2004,D,0.0,0.0,0.0,0.0,0.0,,
34.0,Dallas Stars,Johan Fransson,SE,D,19.0,,Lulea HF (Sweden),,19.0,0.0,34,0.0,0.0,0.0,,0.0,,,,,,,,,fransjo01,2004,D,0.0,0.0,0.0,0.0,0.0,,
35.0,Phoenix Coyotes,Logan Stephenson,CA,D,18.0,,Tri-City Americans (WHL),,18.0,0.0,35,0.0,0.0,0.0,,0.0,,,,,,,,,stephlo01,2004,D,0.0,0.0,0.0,0.0,0.0,,
39.0,Anaheim Ducks,Jordan Smith,CA,D,18.0,,Soo Greyhounds (OHL),,18.0,0.0,39,0.0,0.0,0.0,,0.0,,,,,,,,,smithjo01,2004,D,0.0,0.0,0.0,0.0,0.0,,
44.0,Edmonton Oilers,Roman Tesliuk,RU,D,18.0,,Kamloops Blazers (WHL),,18.0,0.0,44,0.0,0.0,0.0,,0.0,,,,,,,,,tesliro01,2004,D,0.0,0.0,0.0,0.0,0.0,,
58.0,Ottawa Senators,Kirill Lyamin,RU,D,18.0,,CSKA Moskva (Russia),,18.0,0.0,58,0.0,0.0,0.0,,0.0,,,,,,,,,lyamiki01,2004,D,0.0,0.0,0.0,0.0,0.0,,
59.0,Columbus Blue Jackets,Kyle Wharton,CA,D,18.0,,Ottawa 67's (OHL),,18.0,0.0,59,0.0,0.0,0.0,,0.0,,,,,,,,,whartky01,2004,D,0.0,0.0,0.0,0.0,0.0,,
74.0,Anaheim Ducks,Kyle Klubertanz,US,D,18.0,,Green Bay Gamblers (USHL),,18.0,0.0,74,0.0,0.0,0.0,,0.0,,,,,,,,,klubeky01,2004,D,0.0,0.0,0.0,0.0,0.0,,
88.0,Washington Capitals,Clayton Barthel,DE,D,18.0,,Seattle Thunderbirds (WHL),,18.0,0.0,88,0.0,0.0,0.0,,0.0,,,,,,,,,barthcl01,2004,D,0.0,0.0,0.0,0.0,0.0,,
95.0,Los Angeles Kings,Paul Baier,US,D,19.0,,Deerfield Academy (High-MA),,19.0,0.0,95,0.0,0.0,0.0,,0.0,,,,,,,,,baierpa01,2004,D,0.0,0.0,0.0,0.0,0.0,,
96.0,Columbus Blue Jackets,Andrey Plekhanov,RU,D,18.0,,Neftekhimik Nizhnekamsk 2 (Russia-3),,18.0,0.0,96,0.0,0.0,0.0,,0.0,,,,,,,,,plekhan01,2004,D,0.0,0.0,0.0,0.0,0.0,,
101.0,Philadelphia Flyers,R.J. Anderson,US,D,18.0,,Centennial HS (High-MN),,18.0,0.0,101,0.0,0.0,0.0,,0.0,,,,,,,,,anderr.01,2004,D,0.0,0.0,0.0,0.0,0.0,,
105.0,Florida Panthers,Evan Schafer,CA,D,18.0,,Prince Albert Raiders (WHL),,18.0,0.0,105,0.0,0.0,0.0,,0.0,,,,,,,,,schafev01,2004,D,0.0,0.0,0.0,0.0,0.0,,
120.0,Chicago Blackhawks,Mitch Maunu,CA,D,18.0,,Windsor Spitfires (OHL),,18.0,0.0,120,0.0,0.0,0.0,,0.0,,,,,,,,,maunumi01,2004,D,0.0,0.0,0.0,0.0,0.0,,
130.0,Pittsburgh Penguins,Michal Sersen,SI,D,18.0,,Rimouski Oceanic (QMJHL),,18.0,0.0,130,0.0,0.0,0.0,,0.0,,,,,,,,,sersemi01,2004,D,0.0,0.0,0.0,0.0,0.0,,
132.0,Washington Capitals,Oscar Hedman,SE,D,18.0,,MODO Hockey (Sweden),,18.0,0.0,132,0.0,0.0,0.0,,0.0,,,,,,,,,hedmaos01,2004,D,0.0,0.0,0.0,0.0,0.0,,
144.0,Philadelphia Flyers,Chris Zarb,US,D,19.0,,Tri-City Storm (USHL),,19.0,0.0,144,0.0,0.0,0.0,,0.0,,,,,,,,,zarbch01,2004,D,0.0,0.0,0.0,0.0,0.0,,
151.0,Detroit Red Wings,Sergei Kolosov,BY,D,18.0,,Dinamo Minsk (Belarus),,18.0,0.0,151,0.0,0.0,0.0,,0.0,,,,,,,,,kolosse01,2004,D,0.0,0.0,0.0,0.0,0.0,,
152.0,Florida Panthers,Bret Nasby,CA,D,18.0,,Oshawa Generals (OHL),,18.0,0.0,152,0.0,0.0,0.0,,0.0,,,,,,,,,nasbybr01,2004,D,0.0,0.0,0.0,0.0,0.0,,
154.0,Colorado Avalanche,Richard Demen-Willaume,SE,D,18.0,,Vastra Frolunda HC Jr. (Sweden Jr.),,18.0,0.0,154,0.0,0.0,0.0,,0.0,,,,,,,,,demenri01,2004,D,0.0,0.0,0.0,0.0,0.0,,
155.0,New Jersey Devils,Alexander Mikhailishin,RU,D,18.0,,Spartak Moskva 2 (Russia-3),,18.0,0.0,155,0.0,0.0,0.0,,0.0,,,,,,,,,mikhaal01,2004,D,0.0,0.0,0.0,0.0,0.0,,
157.0,Toronto Maple Leafs,Dmitri Vorobiev,RU,D,18.0,,Lada Togliatti (Russia),,18.0,0.0,157,0.0,0.0,0.0,,0.0,,,,,,,,,vorobdm01,2004,D,0.0,0.0,0.0,0.0,0.0,,
161.0,Minnesota Wild,Jean-Claude Sawyer,CA,D,18.0,,Cape Breton Screaming Eagles (QMJHL),,18.0,0.0,161,0.0,0.0,0.0,,0.0,,,,,,,,,sawyeje01,2004,D,0.0,0.0,0.0,0.0,0.0,,
167.0,Columbus Blue Jackets,Rob Page,US,D,19.0,,Blake School (High-MN),,19.0,0.0,167,0.0,0.0,0.0,,0.0,,,,,,,,,pagero01,2004,D,0.0,0.0,0.0,0.0,0.0,,
177.0,Edmonton Oilers,Max Gordichuk,CA,D,18.0,,Kamloops Blazers (WHL),,18.0,0.0,177,0.0,0.0,0.0,,0.0,,,,,,,,,gordima01,2004,D,0.0,0.0,0.0,0.0,0.0,,
179.0,New York Islanders,Jaroslav Mrazek,CZ,D,18.0,,HC Sparta Praha Jr. (Czech Jr.),,18.0,0.0,179,0.0,0.0,0.0,,0.0,,,,,,,,,mrazeja01,2004,D,0.0,0.0,0.0,0.0,0.0,,
183.0,Dallas Stars,Trevor Ludwig,US,D,19.0,,Texas Tornado (NAHL),,19.0,0.0,183,0.0,0.0,0.0,,0.0,,,,,,,,,ludwitr01,2004,D,0.0,0.0,0.0,0.0,0.0,,
188.0,Tampa Bay Lightning,Jan Zapletal,CZ,D,18.0,,HC Vsetin Jr. (Czech Jr.),,18.0,0.0,188,0.0,0.0,0.0,,0.0,,,,,,,,,zapleja01,2004,D,0.0,0.0,0.0,0.0,0.0,,
193.0,Nashville Predators,Kevin Schaeffer,US,D,19.0,,Boston University (H-East),,19.0,0.0,193,0.0,0.0,0.0,,0.0,,,,,,,,,schaeke01,2004,D,0.0,0.0,0.0,0.0,0.0,,
194.0,Pittsburgh Penguins,Chris Peluso,US,D,18.0,,Brainerd HS (High-MN),,18.0,0.0,194,0.0,0.0,0.0,,0.0,,,,,,,,,pelusch01,2004,D,0.0,0.0,0.0,0.0,0.0,,
198.0,Columbus Blue Jackets,Justin Vienneau,CA,D,18.0,,Shawinigan Cataractes (QMJHL),,18.0,0.0,198,0.0,0.0,0.0,,0.0,,,,,,,,,viennju01,2004,D,0.0,0.0,0.0,0.0,0.0,,
202.0,Carolina Hurricanes,Ryan Pottruff,CA,D,18.0,,London Knights (OHL),,18.0,0.0,202,0.0,0.0,0.0,,0.0,,,,,,,,,pottrry01,2004,D,0.0,0.0,0.0,0.0,0.0,,
210.0,New York Islanders,Emil Axelsson,SE,D,18.0,,HC Orebro 90 (Sweden-2),,18.0,0.0,210,0.0,0.0,0.0,,0.0,,,,,,,,,axelsem01,2004,D,0.0,0.0,0.0,0.0,0.0,,
212.0,Montreal Canadiens,Jon Gleed,CA,D,20.0,,Cornell (ECAC),,20.0,0.0,212,0.0,0.0,0.0,,0.0,,,,,,,,,gleedjo01,2004,D,0.0,0.0,0.0,0.0,0.0,,
220.0,Toronto Maple Leafs,Maxim Semenov,KZ,D,20.0,,Lada Togliatti (Russia),,20.0,0.0,220,0.0,0.0,0.0,,0.0,,,,,,,,,semenma01,2004,D,0.0,0.0,0.0,0.0,0.0,,
225.0,San Jose Sharks,David MacDonald,CA,D,19.0,,New England Jr. Coyotes (EJHL),,19.0,0.0,225,0.0,0.0,0.0,,0.0,,,,,,,,,macdoda01,2004,D,0.0,0.0,0.0,0.0,0.0,,
243.0,Nashville Predators,Denis Kulyash,RU,D,21.0,,CSKA Moskva (Russia),,21.0,0.0,243,0.0,0.0,0.0,,0.0,,,,,,,,,kulyade01,2004,D,0.0,0.0,0.0,0.0,0.0,,
247.0,New York Rangers,Jonathan Paiement,CA,D,19.0,,Lewiston MAINEiacs (QMJHL),,19.0,0.0,247,0.0,0.0,0.0,,0.0,,,,,,,,,paiemjo01,2004,D,0.0,0.0,0.0,0.0,0.0,,
248.0,Dallas Stars,Lukas Vomela,CZ,D,18.0,,HC Ceske Budejovice (Czech),,18.0,0.0,248,0.0,0.0,0.0,,0.0,,,,,,,,,vomellu01,2004,D,0.0,0.0,0.0,0.0,0.0,,
253.0,Philadelphia Flyers,Travis Gawryletz,CA,D,18.0,,Trail (BCHL),,18.0,0.0,253,0.0,0.0,0.0,,0.0,,,,,,,,,gawrytr01,2004,D,0.0,0.0,0.0,0.0,0.0,,
254.0,Vancouver Canucks,David Schulz,CA,D,18.0,,Swift Current Broncos (WHL),,18.0,0.0,254,0.0,0.0,0.0,,0.0,,,,,,,,,schulda02,2004,D,0.0,0.0,0.0,0.0,0.0,,
267.0,Florida Panthers,Spencer Dillon,US,D,19.0,,Salmon Arm (BCHL),,19.0,0.0,267,0.0,0.0,0.0,,0.0,,,,,,,,,dillosp01,2004,D,0.0,0.0,0.0,0.0,0.0,,
268.0,Carolina Hurricanes,Martin Vagner,CZ,D,20.0,,Gatineau Olympiques (QMJHL),,20.0,0.0,268,0.0,0.0,0.0,,0.0,,,,,,,,,vagnema01,2004,D,0.0,0.0,0.0,0.0,0.0,,
275.0,Nashville Predators,Craig Switzer,CA,D,19.0,,Salmon Arm (BCHL),,19.0,0.0,275,0.0,0.0,0.0,,0.0,,,,,,,,,switzcr01,2004,D,0.0,0.0,0.0,0.0,0.0,,
278.0,Montreal Canadiens,Alex Dulac-Lemelin,CA,D,18.0,,Baie-Comeau Drakkar (QMJHL),,18.0,0.0,278,0.0,0.0,0.0,,0.0,,,,,,,,,dulacal01,2004,D,0.0,0.0,0.0,0.0,0.0,,
281.0,Colorado Avalanche,Steve McClellan,US,D,19.0,,Catholic Memorial School (High-MA),,19.0,0.0,281,0.0,0.0,0.0,,0.0,,,,,,,,,mcclest01,2004,D,0.0,0.0,0.0,0.0,0.0,,
282.0,New Jersey Devils,Valeri Klimov,RU,D,18.0,,Spartak Moskva 2 (Russia-3),,18.0,0.0,282,0.0,0.0,0.0,,0.0,,,,,,,,,klimova01,2004,D,0.0,0.0,0.0,0.0,0.0,,
283.0,Florida Panthers,Luke Beaverson,US,D,19.0,,Green Bay Gamblers (USHL),,19.0,0.0,283,0.0,0.0,0.0,,0.0,,,,,,,,,beavelu01,2004,D,0.0,0.0,0.0,0.0,0.0,,
289.0,San Jose Sharks,Christian Jensen,US,D,18.0,,New Jersey (AtJHL),,18.0,0.0,289,0.0,0.0,0.0,,0.0,,,,,,,,,jensech02,2004,D,0.0,0.0,0.0,0.0,0.0,,
290.0,Detroit Red Wings,Nils Backstrom,SE,D,18.0,,Stocksunds IF Jr. (Sweden Jr.),,18.0,0.0,290,0.0,0.0,0.0,,0.0,,,,,,,,,backsni03,2004,D,0.0,0.0,0.0,0.0,0.0,,
62.0,Pittsburgh Penguins,Kris Letang,CA,D,18.0,2026.0,Val-d'Or Foreurs (QMJHL),1186.0,18.0,0.149241146711636,62,0.000125835705490418,783.0,0.660202360876897,,87.0,815.0,,,,,,,129.1,letankr01,2005,D,129.1,0.01517706576728499,0.05227655986509275,0.6602023608768971,0.0733558178752108,71.1181112984823,
105.0,Phoenix Coyotes,Keith Yandle,US,D,19.0,2022.0,Cushing Academy (High-MA),1109.0,19.0,0.0928764652840397,105,8.37479398413343e-05,619.0,0.558160504959423,,-103.0,616.0,,,,,,,90.3,yandlke01,2005,D,90.3,0.017132551848512173,0.09467989179440937,0.5581605049594229,-0.09287646528403967,49.750617673579804,
35.0,San Jose Sharks,Marc-Edouard Vlasic,CA,D,18.0,2025.0,Quebec Remparts (QMJHL),1323.0,18.0,0.0634920634920635,35,4.79909776961931e-05,379.0,0.286470143613001,,42.0,472.0,,,,,,,84.6,vlasima01,2005,D,84.6,0.013605442176870748,0.026455026455026454,0.28647014361300077,0.031746031746031744,46.58015117157975,
28.0,Dallas Stars,Matt Niskanen,US,D,18.0,2020.0,Virginia HS (High-MN),949.0,18.0,0.0758693361433087,28,7.9946613428144e-05,356.0,0.375131717597471,,112.0,489.0,,,,,,,69.8,niskama01,2005,D,69.8,0.018967334035827187,0.029504741833508957,0.37513171759747105,0.11801896733403583,38.462918861959956,
3.0,Carolina Hurricanes,Jack Johnson,US,D,18.0,2025.0,USA U-18 Development Team (USDP/NAHL),1228.0,18.0,0.0627035830618893,3,5.10615497246656e-05,342.0,0.278501628664495,,-127.0,639.0,,,,,,,58.7,johnsja02,2005,D,58.7,0.014657980456026058,0.0024429967426710096,0.2785016286644951,-0.10342019543973942,32.318143322475564,
12.0,New York Rangers,Marc Staal,CA,D,18.0,2024.0,Sudbury Wolves (OHL),1136.0,18.0,0.0466549295774648,12,4.10694802618528e-05,234.0,0.205985915492958,,52.0,537.0,,,,,,,56.6,staalma01,2005,D,56.6,0.01584507042253521,0.01056338028169014,0.20598591549295775,0.045774647887323945,31.1681161971831,
216.0,Toronto Maple Leafs,Anton Stralman,SE,D,19.0,2023.0,Skovde IK (Sweden-2),938.0,19.0,0.0671641791044776,216,7.16036024567991e-05,293.0,0.312366737739872,,46.0,287.0,,,,,,,56.5,stralan01,2005,D,56.5,0.02025586353944563,0.2302771855010661,0.31236673773987206,0.04904051172707889,31.151812366737744,
67.0,Columbus Blue Jackets,Kris Russell,CA,D,18.0,2022.0,Medicine Hat Tigers (WHL),912.0,18.0,0.0526315789473684,67,5.77100646352724e-05,254.0,0.278508771929825,,2.0,271.0,,,,,,,49.1,russekr01,2005,D,49.1,0.019736842105263157,0.07346491228070176,0.27850877192982454,0.0021929824561403508,27.056315789473686,
108.0,Chicago Blackhawks,Niklas Hjalmarsson,SE,D,18.0,2021.0,HV71 Jr. (Sweden Jr.),821.0,18.0,0.0304506699147381,108,3.70897319302535e-05,172.0,0.209500609013398,,106.0,332.0,,,,,,,44.8,hjalmni01,2005,D,44.8,0.02192448233861145,0.1315468940316687,0.2095006090133983,0.12911084043848964,24.699683313032885,
79.0,Nashville Predators,Cody Franson,CA,D,18.0,2018.0,Vancouver Giants (WHL),550.0,18.0,0.0781818181818182,79,0.000142148760330579,212.0,0.385454545454545,,-10.0,202.0,,,,,,,37.0,fransco01,2005,D,37.0,0.03272727272727273,0.14363636363636365,0.38545454545454544,-0.01818181818181818,20.423636363636366,
55.0,Columbus Blue Jackets,Adam McQuaid,CA,D,18.0,2019.0,Sudbury Wolves (OHL),512.0,18.0,0.03125,55,6.103515625e-05,73.0,0.142578125,,62.0,694.0,,,,,,,21.3,mcquaad01,2005,D,21.3,0.03515625,0.107421875,0.142578125,0.12109375,11.762753906250001,
155.0,New Jersey Devils,Mark Fayne,US,D,18.0,2017.0,Noble & Greenough School (High-MA),389.0,18.0,0.0437017994858612,155,0.000112343957547201,65.0,0.167095115681234,,-19.0,131.0,,,,,,,17.0,faynema01,2005,D,17.0,0.04627249357326478,0.39845758354755784,0.16709511568123395,-0.04884318766066838,9.414652956298204,
96.0,Buffalo Sabres,Chris Butler,US,D,18.0,2019.0,Sioux City Musketeers (USHL),407.0,18.0,0.0343980343980344,96,8.45160550320256e-05,86.0,0.211302211302211,,-27.0,187.0,,,,,,,17.0,butlech01,2005,D,17.0,0.044226044226044224,0.23587223587223588,0.2113022113022113,-0.06633906633906633,9.403071253071255,
19.0,Detroit Red Wings,Jakub Kindl,CZ,D,18.0,2017.0,Kitchener Rangers (OHL),331.0,18.0,0.0483383685800604,19,0.000146037367311361,74.0,0.223564954682779,,14.0,181.0,,,,,,,15.9,kindlja01,2005,D,15.9,0.054380664652567974,0.05740181268882175,0.22356495468277945,0.04229607250755287,8.79394259818731,
84.0,New Jersey Devils,Mark Fraser,CA,D,18.0,2015.0,Kitchener Rangers (OHL),219.0,18.0,0.0182648401826484,84,8.34010967244219e-05,22.0,0.100456621004566,,7.0,302.0,,,,,,,7.1,frasema01,2005,D,7.1,0.0821917808219178,0.3835616438356164,0.1004566210045662,0.0319634703196347,3.969840182648402,
40.0,New York Rangers,Michael Sauer,US,D,18.0,2012.0,Portland Winter Hawks (WHL),98.0,18.0,0.0408163265306122,40,0.00041649312786339,18.0,0.183673469387755,,28.0,96.0,,,,,,,6.8,sauermi01,2005,D,6.8,0.1836734693877551,0.40816326530612246,0.1836734693877551,0.2857142857142857,3.85530612244898,
222.0,Colorado Avalanche,Kyle Cumiskey,CA,D,18.0,2015.0,Kelowna Rockets (WHL),139.0,18.0,0.0647482014388489,222,0.00046581439884064,35.0,0.251798561151079,,-9.0,48.0,,,,,,,5.7,cumisky01,2005,D,5.7,0.12949640287769784,1.5971223021582734,0.2517985611510791,-0.06474820143884892,3.338956834532375,
9.0,Ottawa Senators,Brian Lee,US,D,18.0,2013.0,Moorhead HS (High-MN),209.0,18.0,0.0239234449760766,9,0.000114466243904673,36.0,0.172248803827751,,-37.0,124.0,,,,,,,4.8,leebr01,2005,D,4.8,0.0861244019138756,0.0430622009569378,0.1722488038277512,-0.17703349282296652,2.661052631578948,
36.0,Edmonton Oilers,Taylor Chorney,CA,D,18.0,2018.0,Shattuck-St. Mary's School (High-MN),166.0,18.0,0.0240963855421687,36,0.000145158949049209,22.0,0.132530120481928,,-6.0,56.0,,,,,,,4.3,chornta01,2005,D,4.3,0.10843373493975904,0.21686746987951808,0.13253012048192772,-0.03614457831325301,2.413795180722892,
149.0,San Jose Sharks,Derek Joslin,CA,D,18.0,2013.0,Ottawa 67's (OHL),116.0,18.0,0.0344827586206897,149,0.000297265160523187,16.0,0.137931034482759,,-14.0,63.0,,,,,,,2.4,joslide01,2005,D,2.4,0.15517241379310345,1.2844827586206897,0.13793103448275862,-0.1206896551724138,1.4725862068965516,
185.0,Vancouver Canucks,Kris Fredheim,CA,D,18.0,2012.0,Notre Dame (SJHL),3.0,18.0,0.0,185,0.0,0.0,0.0,,-2.0,2.0,,,,,,,-0.1,fredhkr01,2005,D,-0.1,6.0,61.666666666666664,0.0,-0.6666666666666666,0.99675,
187.0,Atlanta Thrashers,Andrei Zubarev,RU,D,18.0,2011.0,Salavat Yulayev Ufa 2 (Russia-3),4.0,18.0,0.0,187,0.0,1.0,0.25,,-4.0,4.0,,,,,,,-0.2,zubaran01,2005,D,-0.2,4.5,46.75,0.25,-1.0,0.9905000000000002,
22.0,Boston Bruins,Matt Lashoff,US,D,18.0,2011.0,Kitchener Rangers (OHL),74.0,18.0,0.0135135135135135,22,0.000182615047479912,16.0,0.216216216216216,,-15.0,59.0,,,,,,,1.6,lashoma01,2005,D,1.6,0.24324324324324326,0.2972972972972973,0.21621621621621623,-0.20270270270270271,0.9462162162162163,
10.0,Vancouver Canucks,Luc Bourdon,CA,D,18.0,2008.0,Val-d'Or Foreurs (QMJHL),36.0,18.0,0.0555555555555556,10,0.00154320987654321,2.0,0.0555555555555556,,6.0,24.0,,,,,,,1.5,bourdlu01,2005,D,1.5,0.5,0.2777777777777778,0.05555555555555555,0.16666666666666666,0.9277777777777779,
141.0,Anaheim Ducks,Brian Salcido,US,D,20.0,2009.0,Colorado College (WCHA),2.0,20.0,0.0,141,0.0,1.0,0.5,,2.0,0.0,,,,,,,0.3,salcibr01,2005,D,0.3,10.0,70.5,0.5,1.0,0.8390000000000001,
81.0,Edmonton Oilers,Danny Syvret,CA,D,20.0,2011.0,London Knights (OHL),59.0,20.0,0.0508474576271186,81,0.000861821315713875,7.0,0.11864406779661,,-14.0,30.0,,,,,,,1.1,syvreda01,2005,D,1.1,0.3389830508474576,1.3728813559322033,0.11864406779661017,-0.23728813559322035,0.7702542372881357,
124.0,Colorado Avalanche,Ray Macias,US,D,18.0,2011.0,Kamloops Blazers (WHL),8.0,18.0,0.0,124,0.0,1.0,0.125,,-1.0,2.0,,,,,,,0.2,maciara01,2005,D,0.2,2.25,15.5,0.125,-0.125,0.7565000000000001,
31.0,Anaheim Ducks,Brendan Mikkelson,CA,D,18.0,2013.0,Portland Winter Hawks (WHL),131.0,18.0,0.00763358778625954,31,5.82716624905308e-05,10.0,0.0763358778625954,,-14.0,59.0,,,,,,,1.2,mikkebr01,2005,D,1.2,0.13740458015267176,0.2366412213740458,0.07633587786259542,-0.10687022900763359,0.6981679389312976,
46.0,New York Islanders,Dustin Kohn,CA,D,18.0,2010.0,Calgary Hitmen (WHL),22.0,18.0,0.0,46,0.0,4.0,0.181818181818182,,-2.0,4.0,,,,,,,0.5,kohndu01,2005,D,0.5,0.8181818181818182,2.090909090909091,0.18181818181818182,-0.09090909090909091,0.5840909090909092,
100.0,Boston Bruins,Jonathan Sigalet,CA,D,19.0,2007.0,Bowling Green (CCHA),1.0,19.0,0.0,100,0.0,0.0,0.0,,-2.0,4.0,,,,,,,-0.1,sigaljo02,2005,D,-0.1,19.0,100.0,0.0,-2.0,0.58225,
82.0,Toronto Maple Leafs,Phil Oreskovic,CA,D,18.0,2009.0,Brampton Battalion (OHL),10.0,18.0,0.1,82,0.01,2.0,0.2,,-2.0,21.0,,,,,,,0.2,oreskph01,2005,D,0.2,1.8,8.2,0.2,-0.2,0.56,
87.0,Buffalo Sabres,Marc-Andre Gragnani,CA,D,18.0,2016.0,Prince Edward Island Rocket (QMJHL),78.0,18.0,0.0384615384615385,87,0.000493096646942801,18.0,0.230769230769231,,4.0,36.0,,,,,,,0.7,gragnma01,2005,D,0.7,0.23076923076923078,1.1153846153846154,0.23076923076923078,0.05128205128205128,0.5593589743589744,
91.0,Philadelphia Flyers,Oskars Bartulis,LV,D,18.0,2011.0,Moncton Wildcats (QMJHL),66.0,18.0,0.0151515151515152,91,0.000229568411386594,9.0,0.136363636363636,,-16.0,32.0,,,,,,,0.7,bartuos01,2005,D,0.7,0.2727272727272727,1.378787878787879,0.13636363636363635,-0.24242424242424243,0.5463636363636364,
18.0,Nashville Predators,Ryan Parent,CA,D,18.0,2011.0,Guelph Storm (OHL),106.0,18.0,0.00943396226415094,18,8.8999644001424e-05,7.0,0.0660377358490566,,-18.0,36.0,,,,,,,0.9,parenry01,2005,D,0.9,0.16981132075471697,0.16981132075471697,0.0660377358490566,-0.16981132075471697,0.5218867924528302,
78.0,Nashville Predators,Teemu Laakso,FI,D,18.0,2012.0,HIFK Jr. (Finland Jr.),17.0,18.0,0.0,78,0.0,0.0,0.0,,-3.0,10.0,,,,,,,-0.1,laakste01,2005,D,-0.1,1.0588235294117647,4.588235294117647,0.0,-0.17647058823529413,0.41824999999999996,
37.0,St. Louis Blues,Scott Jackson,CA,D,18.0,2010.0,Seattle Thunderbirds (WHL),1.0,18.0,0.0,37,0.0,0.0,0.0,,0.0,0.0,,,,,,,0.0,jackssc01,2005,D,0.0,18.0,37.0,0.0,0.0,0.275,
30.0,Tampa Bay Lightning,Vladimir Mihalik,SK,D,18.0,2010.0,PHK Presov (Slovakia-2),15.0,18.0,0.0,30,0.0,3.0,0.2,,-7.0,8.0,,,,,,,-0.1,mihalvl01,2005,D,-0.1,1.2,2.0,0.2,-0.4666666666666667,0.18625,
27.0,Washington Capitals,Joe Finley,US,D,18.0,2013.0,Sioux Falls Stampede (USHL),21.0,18.0,0.0,27,0.0,1.0,0.0476190476190476,,-8.0,32.0,,,,,,,-0.4,finlejo01,2005,D,-0.4,0.8571428571428571,1.2857142857142858,0.047619047619047616,-0.38095238095238093,-0.03666666666666668,
14.0,Washington Capitals,Sasha Pokulok,CA,D,19.0,,Cornell (ECAC),,19.0,0.0,14,0.0,0.0,0.0,,0.0,,,,,,,,,pokulsa01,2005,D,0.0,0.0,0.0,0.0,0.0,,
49.0,Atlanta Thrashers,Chad Denny,CA,D,18.0,,Lewiston MAINEiacs (QMJHL),,18.0,0.0,49,0.0,0.0,0.0,,0.0,,,,,,,,,dennych01,2005,D,0.0,0.0,0.0,0.0,0.0,,
58.0,Carolina Hurricanes,Nate Hagemo,US,D,18.0,,Minnesota (WCHA),,18.0,0.0,58,0.0,0.0,0.0,,0.0,,,,,,,,,hagemna01,2005,D,0.0,0.0,0.0,0.0,0.0,,
60.0,Los Angeles Kings,T.J. Fast,CA,D,18.0,,Camrose (AJHL),,18.0,0.0,60,0.0,0.0,0.0,,0.0,,,,,,,,,fastt.01,2005,D,0.0,0.0,0.0,0.0,0.0,,
69.0,Calgary Flames,Gord Baldwin,CA,D,18.0,,Medicine Hat Tigers (WHL),,18.0,0.0,69,0.0,0.0,0.0,,0.0,,,,,,,,,baldwgo01,2005,D,0.0,0.0,0.0,0.0,0.0,,
70.0,Ottawa Senators,Vitali Anikeyenko,RU,D,18.0,,Lokomotiv Yaroslavl 2 (Russia-3),,18.0,0.0,70,0.0,0.0,0.0,,0.0,,,,,,,,,anikevi01,2005,D,0.0,0.0,0.0,0.0,0.0,,
77.0,New York Rangers,Dalyn Flatt,CA,D,18.0,,Saskatoon Blades (WHL),,18.0,0.0,77,0.0,0.0,0.0,,0.0,,,,,,,,,flattda01,2005,D,0.0,0.0,0.0,0.0,0.0,,
94.0,Carolina Hurricanes,Jakub Vojta,CZ,D,18.0,,HC Sparta Praha Jr. (Czech Jr.),,18.0,0.0,94,0.0,0.0,0.0,,0.0,,,,,,,,,vojtaja01,2005,D,0.0,0.0,0.0,0.0,0.0,,
104.0,Florida Panthers,Matt Duffy,US,D,19.0,,New Hampshire (EJHL),,19.0,0.0,104,0.0,0.0,0.0,,0.0,,,,,,,,,duffyma01,2005,D,0.0,0.0,0.0,0.0,0.0,,
109.0,Washington Capitals,Andrew Thomas,US,D,19.0,,Denver (WCHA),,19.0,0.0,109,0.0,0.0,0.0,,0.0,,,,,,,,,thomaan01,2005,D,0.0,0.0,0.0,0.0,0.0,,
118.0,Washington Capitals,Patrick McNeill,CA,D,18.0,,Saginaw Spirit (OHL),,18.0,0.0,118,0.0,0.0,0.0,,0.0,,,,,,,,,mcneipa01,2005,D,0.0,0.0,0.0,0.0,0.0,,
125.0,Pittsburgh Penguins,Tommi Leinonen,FI,D,18.0,,Karpat Jr. (Finland Jr.),,18.0,0.0,125,0.0,0.0,0.0,,0.0,,,,,,,,,leinoto01,2005,D,0.0,0.0,0.0,0.0,0.0,,
129.0,Minnesota Wild,Anthony Aiello,US,D,19.0,,Thayer Academy (High-MA),,19.0,0.0,129,0.0,0.0,0.0,,0.0,,,,,,,,,aiellan01,2005,D,0.0,0.0,0.0,0.0,0.0,,
134.0,Chicago Blackhawks,Brennan Turner,CA,D,18.0,,Notre Dame (SJHL),,18.0,0.0,134,0.0,0.0,0.0,,0.0,,,,,,,,,turnebr02,2005,D,0.0,0.0,0.0,0.0,0.0,,
136.0,Ottawa Senators,Tomas Kudelka,CZ,D,18.0,,HC Ziln Jr. (Czech Jr.),,18.0,0.0,136,0.0,0.0,0.0,,0.0,,,,,,,,,kudelto01,2005,D,0.0,0.0,0.0,0.0,0.0,,
139.0,Los Angeles Kings,Patrik Hersley,SE,D,19.0,,Malmo Jr. (Sweden Jr.),,19.0,0.0,139,0.0,0.0,0.0,,0.0,,,,,,,,,herslpa01,2005,D,0.0,0.0,0.0,0.0,0.0,,
145.0,Carolina Hurricanes,Tim Kunes,US,D,18.0,,New England Jr. Falcons (EJHL),,18.0,0.0,145,0.0,0.0,0.0,,0.0,,,,,,,,,kunesti01,2005,D,0.0,0.0,0.0,0.0,0.0,,
147.0,New York Rangers,Trevor Koverko,CA,D,18.0,,Owen Sound Attack (OHL),,18.0,0.0,147,0.0,0.0,0.0,,0.0,,,,,,,,,kovertr01,2005,D,0.0,0.0,0.0,0.0,0.0,,
151.0,Detroit Red Wings,Jeff May,CA,D,18.0,,Prince Albert Raiders (WHL),,18.0,0.0,151,0.0,0.0,0.0,,0.0,,,,,,,,,mayje01,2005,D,0.0,0.0,0.0,0.0,0.0,,
159.0,Carolina Hurricanes,Risto Korhonen,FI,D,18.0,,Karpat Jr. (Finland Jr.),,18.0,0.0,159,0.0,0.0,0.0,,0.0,,,,,,,,,korhori01,2005,D,0.0,0.0,0.0,0.0,0.0,,
164.0,Florida Panthers,Roman Derlyuk,RU,D,18.0,,Spartak St. Petersburg (Russia-2),,18.0,0.0,164,0.0,0.0,0.0,,0.0,,,,,,,,,derlyro01,2005,D,0.0,0.0,0.0,0.0,0.0,,
166.0,Colorado Avalanche,Jason Lynch,CA,D,18.0,,Spokane Chiefs (WHL),,18.0,0.0,166,0.0,0.0,0.0,,0.0,,,,,,,,,lynchja02,2005,D,0.0,0.0,0.0,0.0,0.0,,
169.0,St. Louis Blues,Mike Gauthier,CA,D,18.0,,Prince Albert Raiders (WHL),,18.0,0.0,169,0.0,0.0,0.0,,0.0,,,,,,,,,gauthmi01,2005,D,0.0,0.0,0.0,0.0,0.0,,
170.0,New Jersey Devils,Sean Zimmerman,US,D,18.0,,Spokane Chiefs (WHL),,18.0,0.0,170,0.0,0.0,0.0,,0.0,,,,,,,,,zimmese01,2005,D,0.0,0.0,0.0,0.0,0.0,,
174.0,Philadelphia Flyers,John Flatters,CA,D,18.0,,Red Deer Rebels (WHL),,18.0,0.0,174,0.0,0.0,0.0,,0.0,,,,,,,,,flattjo01,2005,D,0.0,0.0,0.0,0.0,0.0,,
175.0,Detroit Red Wings,Juho Mielonen,FI,D,18.0,,Ilves Jr. (Finland Jr.),,18.0,0.0,175,0.0,0.0,0.0,,0.0,,,,,,,,,mieloju01,2005,D,0.0,0.0,0.0,0.0,0.0,,
177.0,Columbus Blue Jackets,Derek Reinhart,CA,D,18.0,,Regina Pats (WHL),,18.0,0.0,177,0.0,0.0,0.0,,0.0,,,,,,,,,reinhde01,2005,D,0.0,0.0,0.0,0.0,0.0,,
180.0,New York Islanders,Tyrell Mason,CA,D,19.0,,Salmon Arm (BCHL),,19.0,0.0,180,0.0,0.0,0.0,,0.0,,,,,,,,,masonty01,2005,D,0.0,0.0,0.0,0.0,0.0,,
183.0,San Jose Sharks,Will Colbert,CA,D,20.0,,Ottawa 67's (OHL),,20.0,0.0,183,0.0,0.0,0.0,,0.0,,,,,,,,,colbewi01,2005,D,0.0,0.0,0.0,0.0,0.0,,
184.0,Los Angeles Kings,Ryan McGinnis,US,D,18.0,,Plymouth Whalers (OHL),,18.0,0.0,184,0.0,0.0,0.0,,0.0,,,,,,,,,mcginry01,2005,D,0.0,0.0,0.0,0.0,0.0,,
186.0,Ottawa Senators,Dmitri Megalinsky,RU,D,20.0,,Lokomotiv Yaroslavl 2 (Russia-3),,20.0,0.0,186,0.0,0.0,0.0,,0.0,,,,,,,,,megaldm01,2005,D,0.0,0.0,0.0,0.0,0.0,,
188.0,Chicago Blackhawks,Joe Charlebois,US,D,19.0,,Sioux City Musketeers (USHL),,19.0,0.0,188,0.0,0.0,0.0,,0.0,,,,,,,,,charljo01,2005,D,0.0,0.0,0.0,0.0,0.0,,
191.0,Buffalo Sabres,Vyacheslav Buravchikov,RU,D,18.0,,Krylia Sovetov Moskva (Russia-2),,18.0,0.0,191,0.0,0.0,0.0,,0.0,,,,,,,,,buravvy01,2005,D,0.0,0.0,0.0,0.0,0.0,,
194.0,Pittsburgh Penguins,Jean-Philippe Paquet,CA,D,18.0,,Shawinigan Cataractes (QMJHL),,18.0,0.0,194,0.0,0.0,0.0,,0.0,,,,,,,,,paqueje01,2005,D,0.0,0.0,0.0,0.0,0.0,,
196.0,New York Islanders,Nick Tuzzolino,US,D,19.0,,Sarnia Sting (OHL),,19.0,0.0,196,0.0,0.0,0.0,,0.0,,,,,,,,,tuzzoni01,2005,D,0.0,0.0,0.0,0.0,0.0,,
198.0,Carolina Hurricanes,Kyle Lawson,US,D,18.0,,USA U-18 Development Team (USDP/NAHL),,18.0,0.0,198,0.0,0.0,0.0,,0.0,,,,,,,,,lawsoky01,2005,D,0.0,0.0,0.0,0.0,0.0,,
201.0,Columbus Blue Jackets,Trevor Hendrikx,CA,D,20.0,,Peterborough Petes (OHL),,20.0,0.0,201,0.0,0.0,0.0,,0.0,,,,,,,,,hendrtr01,2005,D,0.0,0.0,0.0,0.0,0.0,,
206.0,Los Angeles Kings,Josh Meyers,US,D,19.0,,Sioux City Musketeers (USHL),,19.0,0.0,206,0.0,0.0,0.0,,0.0,,,,,,,,,meyerjo01,2005,D,0.0,0.0,0.0,0.0,0.0,,
208.0,Buffalo Sabres,Matt Generous,US,D,20.0,,New England Jr. Falcons (EJHL),,20.0,0.0,208,0.0,0.0,0.0,,0.0,,,,,,,,,generma01,2005,D,0.0,0.0,0.0,0.0,0.0,,
209.0,Washington Capitals,Viktor Dovgan,RU,D,18.0,,CSKA Moskva 2 (Russia-3),,18.0,0.0,209,0.0,0.0,0.0,,0.0,,,,,,,,,dovgavi01,2005,D,0.0,0.0,0.0,0.0,0.0,,
213.0,Nashville Predators,Scott Todd,CA,D,18.0,,Windsor Spitfires (OHL),,18.0,0.0,213,0.0,0.0,0.0,,0.0,,,,,,,,,toddsc01,2005,D,0.0,0.0,0.0,0.0,0.0,,
214.0,Detroit Red Wings,Bretton Stamler,CA,D,18.0,,Seattle Thunderbirds (WHL),,18.0,0.0,214,0.0,0.0,0.0,,0.0,,,,,,,,,stamlbr01,2005,D,0.0,0.0,0.0,0.0,0.0,,
221.0,Calgary Flames,Myles Rumsey,CA,D,18.0,,Swift Current Broncos (WHL),,18.0,0.0,221,0.0,0.0,0.0,,0.0,,,,,,,,,rumsemy01,2005,D,0.0,0.0,0.0,0.0,0.0,,
225.0,Tampa Bay Lightning,John Wessbecker,US,D,19.0,,Blake School (High-MN),,19.0,0.0,225,0.0,0.0,0.0,,0.0,,,,,,,,,wessbjo01,2005,D,0.0,0.0,0.0,0.0,0.0,,
229.0,Montreal Canadiens,Philippe Paquet,CA,D,18.0,,Salisbury School (High-CT),,18.0,0.0,229,0.0,0.0,0.0,,0.0,,,,,,,,,paqueph01,2005,D,0.0,0.0,0.0,0.0,0.0,,
1.0,St. Louis Blues,Erik Johnson,US,D,18.0,2025.0,USA U-18 Development Team (USDP/NAHL),1023.0,18.0,0.0928641251221896,1,9.07762708916809e-05,348.0,0.340175953079179,,-10.0,555.0,,,,,,,64.4,johnser01,2006,D,64.4,0.017595307917888565,0.0009775171065493646,0.34017595307917886,-0.009775171065493646,35.47190615835778,
45.0,Edmonton Oilers,Jeff Petry,US,D,18.0,2026.0,Des Moines Buccaneers (USHL),1006.0,18.0,0.095427435387674,45,9.48582856736322e-05,390.0,0.387673956262425,,-134.0,416.0,,,,,,,60.4,petryje01,2006,D,60.4,0.017892644135188866,0.04473161033797217,0.38767395626242546,-0.13320079522862824,33.27109343936382,
160.0,New York Islanders,Andrew MacDonald,CA,D,20.0,2019.0,Moncton Wildcats (QMJHL),586.0,20.0,0.0477815699658703,160,8.153851530012e-05,161.0,0.274744027303754,,-11.0,276.0,,,,,,,31.3,macdoan01,2006,D,31.3,0.034129692832764506,0.27303754266211605,0.27474402730375425,-0.01877133105802048,17.28505119453925,
63.0,Carolina Hurricanes,Jamie McBain,US,D,18.0,2017.0,USA U-18 Development Team (USDP/NAHL),348.0,18.0,0.0862068965517241,63,0.000247720967102655,110.0,0.316091954022989,,-17.0,72.0,,,,,,,21.3,mcbaija02,2006,D,21.3,0.05172413793103448,0.1810344827586207,0.3160919540229885,-0.04885057471264368,11.78080459770115,
68.0,Ottawa Senators,Eric Gryba,CA,D,18.0,2019.0,Green Bay Gamblers (USHL),289.0,18.0,0.0242214532871972,68,8.38112570491253e-05,43.0,0.14878892733564,,15.0,368.0,,,,,,,10.9,grybaer01,2006,D,10.9,0.06228373702422145,0.23529411764705882,0.14878892733564014,0.05190311418685121,6.05226643598616,
57.0,Buffalo Sabres,Mike Weber,US,D,18.0,2016.0,Windsor Spitfires (OHL),351.0,18.0,0.0256410256410256,57,7.3051355102637e-05,53.0,0.150997150997151,,-43.0,437.0,,,,,,,10.2,webermi01,2006,D,10.2,0.05128205128205128,0.1623931623931624,0.150997150997151,-0.1225071225071225,5.641766381766382,
147.0,Buffalo Sabres,Alex Biega,CA,D,18.0,2022.0,Salisbury School (High-CT),243.0,18.0,0.0164609053497942,147,6.7740351233721e-05,42.0,0.17283950617284,,-26.0,122.0,,,,,,,7.6,biegaal01,2006,D,7.6,0.07407407407407407,0.6049382716049383,0.1728395061728395,-0.10699588477366255,4.263127572016461,
111.0,Toronto Maple Leafs,Korbinian Holzer,DE,D,18.0,2020.0,Tolzer Lowen (Germany-2),206.0,18.0,0.029126213592233,111,0.000141389386370063,27.0,0.131067961165049,,-13.0,139.0,,,,,,,5.8,holzeko01,2006,D,5.8,0.08737864077669903,0.5388349514563107,0.13106796116504854,-0.06310679611650485,3.2659708737864075,
65.0,Pittsburgh Penguins,Brian Strait,US,D,18.0,2017.0,USA U-18 Development Team (USDP/NAHL),187.0,18.0,0.0320855614973262,65,0.00017158054276645,29.0,0.155080213903743,,-14.0,91.0,,,,,,,4.9,straibr01,2006,D,4.9,0.0962566844919786,0.34759358288770054,0.15508021390374332,-0.0748663101604278,2.7551604278074873,
75.0,Edmonton Oilers,Theo Peckham,CA,D,18.0,2013.0,Owen Sound Attack (OHL),160.0,18.0,0.025,75,0.00015625,17.0,0.10625,,-15.0,388.0,,,,,,,3.7,peckhth01,2006,D,3.7,0.1125,0.46875,0.10625,-0.09375,2.0996875000000004,
200.0,Atlanta Thrashers,Arturs Kulda,LV,D,18.0,2012.0,CSKA Moskva 2 (Russia-3),15.0,18.0,0.0,200,0.0,2.0,0.133333333333333,,3.0,8.0,,,,,,,0.6,kuldaar01,2006,D,0.6,1.2,13.333333333333334,0.13333333333333333,0.2,1.3675000000000002,
210.0,Atlanta Thrashers,Will O'Neill,US,D,18.0,2018.0,Tabor Academy (High-MA),1.0,18.0,0.0,210,0.0,0.0,0.0,,0.0,0.0,,,,,,,0.0,oneilwi01,2006,D,0.0,18.0,210.0,0.0,0.0,1.1400000000000001,
16.0,San Jose Sharks,Ty Wishart,CA,D,18.0,2012.0,Prince George Cougars (WHL),26.0,18.0,0.0384615384615385,16,0.0014792899408284,6.0,0.230769230769231,,5.0,10.0,,,,,,,1.6,wishaty01,2006,D,1.6,0.6923076923076923,0.6153846153846154,0.23076923076923078,0.19230769230769232,1.0646153846153847,
148.0,New Jersey Devils,Olivier Magnan,CA,D,20.0,2011.0,Rouyn-Noranda Huskies (QMJHL),18.0,20.0,0.0,148,0.0,0.0,0.0,,-4.0,4.0,,,,,,,0.2,magnaol01,2006,D,0.2,1.1111111111111112,8.222222222222221,0.0,-0.2222222222222222,0.9190000000000002,
126.0,New York Islanders,Shane Sims,US,D,18.0,2011.0,Des Moines Buccaneers (USHL),1.0,18.0,0.0,126,0.0,0.0,0.0,,0.0,0.0,,,,,,,0.0,simssh01,2006,D,0.0,18.0,126.0,0.0,0.0,0.7200000000000002,
30.0,New Jersey Devils,Matthew Corrente,CA,D,18.0,2011.0,Saginaw Spirit (OHL),34.0,18.0,0.0,30,0.0,6.0,0.176470588235294,,-5.0,68.0,,,,,,,0.9,correma01,2006,D,0.9,0.5294117647058824,0.8823529411764706,0.17647058823529413,-0.14705882352941177,0.6479411764705884,
103.0,Florida Panthers,Michael Caruso,CA,D,18.0,2013.0,Guelph Storm (OHL),2.0,18.0,0.0,103,0.0,0.0,0.0,,-1.0,0.0,,,,,,,-0.1,carusmi01,2006,D,-0.1,9.0,51.5,0.0,-0.5,0.5945,
21.0,New York Rangers,Bobby Sanguinetti,US,D,18.0,2013.0,Owen Sound Attack (OHL),45.0,18.0,0.0444444444444444,21,0.000987654320987653,6.0,0.133333333333333,,-6.0,8.0,,,,,,,0.8,sangubo01,2006,D,0.8,0.4,0.4666666666666667,0.13333333333333333,-0.13333333333333333,0.5333333333333334,
78.0,Tampa Bay Lightning,Kevin Quick,US,D,18.0,2009.0,Salisbury School (High-CT),6.0,18.0,0.0,78,0.0,1.0,0.166666666666667,,0.0,0.0,,,,,,,0.2,quickke01,2006,D,0.2,3.0,13.0,0.16666666666666666,0.0,0.5205,
64.0,St. Louis Blues,Jonas Junland,SE,D,18.0,2010.0,Linkoping HC (Sweden),4.0,18.0,0.0,64,0.0,2.0,0.5,,-3.0,2.0,,,,,,,0.0,junlajo01,2006,D,0.0,4.5,16.0,0.5,-0.75,0.41,
128.0,Boston Bruins,Andrew Bodnarchuk,CA,D,18.0,2016.0,Halifax Mooseheads (QMJHL),42.0,18.0,0.0,128,0.0,4.0,0.0952380952380952,,-9.0,16.0,,,,,,,0.1,bodnaan01,2006,D,0.1,0.42857142857142855,3.0476190476190474,0.09523809523809523,-0.21428571428571427,0.39547619047619054,
53.0,Montreal Canadiens,Mathieu Carle,CA,D,18.0,2010.0,Acadie-Bathurst Titan (QMJHL),3.0,18.0,0.0,53,0.0,0.0,0.0,,1.0,4.0,,,,,,,0.1,carlema02,2006,D,0.1,6.0,17.666666666666668,0.0,0.3333333333333333,0.36825,
32.0,Pittsburgh Penguins,Carl Sneep,US,D,18.0,2012.0,Brainerd HS (High-MN),1.0,18.0,0.0,32,0.0,1.0,1.0,,1.0,0.0,,,,,,,0.2,sneepca01,2006,D,0.2,18.0,32.0,1.0,1.0,0.26799999999999996,
27.0,Dallas Stars,Ivan Vishnevskiy,RU,D,18.0,2010.0,Rouyn-Noranda Huskies (QMJHL),5.0,18.0,0.0,27,0.0,2.0,0.4,,-1.0,2.0,,,,,,,0.2,vishniv01,2006,D,0.2,3.6,5.4,0.4,-0.2,0.2625,
29.0,Phoenix Coyotes,Chris Summers,US,D,18.0,2016.0,USA U-18 Development Team (USDP/NAHL),70.0,18.0,0.0285714285714286,29,0.000408163265306123,9.0,0.128571428571429,,-24.0,51.0,,,,,,,0.1,summech01,2006,D,0.1,0.2571428571428571,0.4142857142857143,0.12857142857142856,-0.34285714285714286,0.10714285714285715,
19.0,Anaheim Ducks,Mark Mitera,US,D,18.0,,Michigan (CCHA),,18.0,0.0,19,0.0,0.0,0.0,,0.0,,,,,,,,,miterma01,2006,D,0.0,0.0,0.0,0.0,0.0,,
20.0,Montreal Canadiens,David Fischer,US,D,18.0,,Apple Valley HS (High-MN),,18.0,0.0,20,0.0,0.0,0.0,,0.0,,,,,,,,,fischda01,2006,D,0.0,0.0,0.0,0.0,0.0,,
24.0,Buffalo Sabres,Dennis Persson,SE,D,18.0,,VIK Vasteras HK (Sweden-2),,18.0,0.0,24,0.0,0.0,0.0,,0.0,,,,,,,,,perssde01,2006,D,0.0,0.0,0.0,0.0,0.0,,
37.0,Boston Bruins,Yury Alexandrov,RU,D,18.0,,Severstal Cherepovets (Russia),,18.0,0.0,37,0.0,0.0,0.0,,0.0,,,,,,,,,alexayu01,2006,D,0.0,0.0,0.0,0.0,0.0,,
42.0,Philadelphia Flyers,Mike Ratchuk,US,D,18.0,,USA U-18 Development Team (USDP/NAHL),,18.0,0.0,42,0.0,0.0,0.0,,0.0,,,,,,,,,ratchmi01,2006,D,0.0,0.0,0.0,0.0,0.0,,
48.0,Los Angeles Kings,Joe Ryan,US,D,18.0,,Quebec Remparts (QMJHL),,18.0,0.0,48,0.0,0.0,0.0,,0.0,,,,,,,,,ryanjo01,2006,D,0.0,0.0,0.0,0.0,0.0,,
51.0,Colorado Avalanche,Nigel Williams,US,D,18.0,,USA U-18 Development Team (USDP/NAHL),,18.0,0.0,51,0.0,0.0,0.0,,0.0,,,,,,,,,willini01,2006,D,0.0,0.0,0.0,0.0,0.0,,
52.0,Washington Capitals,Keith Seabrook,CA,D,18.0,,Burnaby (BCHL),,18.0,0.0,52,0.0,0.0,0.0,,0.0,,,,,,,,,seabrke01,2006,D,0.0,0.0,0.0,0.0,0.0,,
55.0,Philadelphia Flyers,Denis Bodrov,RU,D,20.0,,Lada Togliatti (Russia),,20.0,0.0,55,0.0,0.0,0.0,,0.0,,,,,,,,,bodrode01,2006,D,0.0,0.0,0.0,0.0,0.0,,
61.0,Chicago Blackhawks,Simon Danis-Pepin,CA,D,18.0,,Maine (H-East),,18.0,0.0,61,0.0,0.0,0.0,,0.0,,,,,,,,,danissi01,2006,D,0.0,0.0,0.0,0.0,0.0,,
67.0,New Jersey Devils,Kirill Tulupov,RU,D,18.0,,Neftyanik Leninogorsk (Russia-2),,18.0,0.0,67,0.0,0.0,0.0,,0.0,,,,,,,,,tulupki01,2006,D,0.0,0.0,0.0,0.0,0.0,,
82.0,Vancouver Canucks,Daniel Rahimi,SE,D,19.0,,IF Bjorkloven Jr. (Sweden Jr.),,19.0,0.0,82,0.0,0.0,0.0,,0.0,,,,,,,,,rahimda01,2006,D,0.0,0.0,0.0,0.0,0.0,,
83.0,Anaheim Ducks,John de Gray,CA,D,18.0,,Brampton Battalion (OHL),,18.0,0.0,83,0.0,0.0,0.0,,0.0,,,,,,,,,degrajo01,2006,D,0.0,0.0,0.0,0.0,0.0,,
95.0,Chicago Blackhawks,Ben Shutron,CA,D,18.0,,Kingston Frontenacs (OHL),,18.0,0.0,95,0.0,0.0,0.0,,0.0,,,,,,,,,shutrbe01,2006,D,0.0,0.0,0.0,0.0,0.0,,
98.0,San Jose Sharks,James Delory,CA,D,18.0,,Oshawa Generals (OHL),,18.0,0.0,98,0.0,0.0,0.0,,0.0,,,,,,,,,delorja01,2006,D,0.0,0.0,0.0,0.0,0.0,,
101.0,Philadelphia Flyers,Joonas Lehtivuori,FI,D,18.0,,Ilves Jr. (Finland Jr.),,18.0,0.0,101,0.0,0.0,0.0,,0.0,,,,,,,,,lehtijo01,2006,D,0.0,0.0,0.0,0.0,0.0,,
102.0,Minnesota Wild,Kyle Medvec,US,D,18.0,,Apple Valley HS (High-MN),,18.0,0.0,102,0.0,0.0,0.0,,0.0,,,,,,,,,medveky01,2006,D,0.0,0.0,0.0,0.0,0.0,,
107.0,New Jersey Devils,Tyler Miller,US,D,20.0,,Penticton (BCHL),,20.0,0.0,107,0.0,0.0,0.0,,0.0,,,,,,,,,millety01,2006,D,0.0,0.0,0.0,0.0,0.0,,
110.0,Colorado Avalanche,Kevin Montgomery,US,D,18.0,,USA U-18 Development Team (USDP/NAHL),,18.0,0.0,110,0.0,0.0,0.0,,0.0,,,,,,,,,montgke01,2006,D,0.0,0.0,0.0,0.0,0.0,,
113.0,Columbus Blue Jackets,Ben Wright,CA,D,18.0,,Lethbridge Hurricanes (WHL),,18.0,0.0,113,0.0,0.0,0.0,,0.0,,,,,,,,,wrighbe01,2006,D,0.0,0.0,0.0,0.0,0.0,,
114.0,Los Angeles Kings,Niclas Andersen,SE,D,18.0,,Leksands IF (Sweden),,18.0,0.0,114,0.0,0.0,0.0,,0.0,,,,,,,,,anderni02,2006,D,0.0,0.0,0.0,0.0,0.0,,
116.0,Florida Panthers,Derrick Lapoint,US,D,18.0,,Eau Claire North HS (High-WI),,18.0,0.0,116,0.0,0.0,0.0,,0.0,,,,,,,,,lapoide01,2006,D,0.0,0.0,0.0,0.0,0.0,,
121.0,Ottawa Senators,Pierre-Luc Lessard,CA,D,18.0,,Gatineau Olympiques (QMJHL),,18.0,0.0,121,0.0,0.0,0.0,,0.0,,,,,,,,,lessapi01,2006,D,0.0,0.0,0.0,0.0,0.0,,
139.0,Montreal Canadiens,Pavel Valentenko,RU,D,18.0,,Neftekhimik Nishnekamsk (Russia),,18.0,0.0,139,0.0,0.0,0.0,,0.0,,,,,,,,,valenpa01,2006,D,0.0,0.0,0.0,0.0,0.0,,
140.0,Edmonton Oilers,Cody Wild,US,D,19.0,,Providence (H-East),,19.0,0.0,140,0.0,0.0,0.0,,0.0,,,,,,,,,wildco01,2006,D,0.0,0.0,0.0,0.0,0.0,,
142.0,Columbus Blue Jackets,Maxime Frechette,CA,D,18.0,,Drummondville Voltigeurs (QMJHL),,18.0,0.0,142,0.0,0.0,0.0,,0.0,,,,,,,,,frechma01,2006,D,0.0,0.0,0.0,0.0,0.0,,
144.0,Los Angeles Kings,Martin Nolet,CA,D,19.0,,College Champlain (QJAAAHL),,19.0,0.0,144,0.0,0.0,0.0,,0.0,,,,,,,,,noletma01,2006,D,0.0,0.0,0.0,0.0,0.0,,
152.0,Phoenix Coyotes,Jordan Bendfeld,CA,D,18.0,,Medicine Hat Tigers (WHL),,18.0,0.0,152,0.0,0.0,0.0,,0.0,,,,,,,,,bendfjo01,2006,D,0.0,0.0,0.0,0.0,0.0,,
155.0,Florida Panthers,Peter Aston,CA,D,20.0,,Windsor Spitfires (OHL),,20.0,0.0,155,0.0,0.0,0.0,,0.0,,,,,,,,,astonpe01,2006,D,0.0,0.0,0.0,0.0,0.0,,
159.0,Columbus Blue Jackets,Jesse Dudas,CA,D,18.0,,Prince George Cougars (WHL),,18.0,0.0,159,0.0,0.0,0.0,,0.0,,,,,,,,,dudasje01,2006,D,0.0,0.0,0.0,0.0,0.0,,
164.0,Los Angeles Kings,Constantin Braun,DE,D,18.0,,Eisbaren Berlin (Germany),,18.0,0.0,164,0.0,0.0,0.0,,0.0,,,,,,,,,braunco01,2006,D,0.0,0.0,0.0,0.0,0.0,,
168.0,Tampa Bay Lightning,Dane Crowley,CA,D,19.0,,Swift Current Broncos (WHL),,19.0,0.0,168,0.0,0.0,0.0,,0.0,,,,,,,,,crowlda01,2006,D,0.0,0.0,0.0,0.0,0.0,,
181.0,Ottawa Senators,Kevin Koopman,CA,D,18.0,,Beaver Valley (KIJHL),,18.0,0.0,181,0.0,0.0,0.0,,0.0,,,,,,,,,koopmke01,2006,D,0.0,0.0,0.0,0.0,0.0,,
184.0,St. Louis Blues,Alexander Hellstrom,SE,D,19.0,,IF Bjorkloven (Sweden-2),,19.0,0.0,184,0.0,0.0,0.0,,0.0,,,,,,,,,hellsal01,2006,D,0.0,0.0,0.0,0.0,0.0,,
185.0,Pittsburgh Penguins,Timo Seppanen,FI,D,19.0,,HIFK (Finland),,19.0,0.0,185,0.0,0.0,0.0,,0.0,,,,,,,,,seppati01,2006,D,0.0,0.0,0.0,0.0,0.0,,
188.0,Phoenix Coyotes,Chris Frank,US,D,20.0,,Western Michigan (CCHA),,20.0,0.0,188,0.0,0.0,0.0,,0.0,,,,,,,,,frankch01,2006,D,0.0,0.0,0.0,0.0,0.0,,
199.0,Montreal Canadiens,Cameron Cepek,US,D,18.0,,Portland Winter Hawks (WHL),,18.0,0.0,199,0.0,0.0,0.0,,0.0,,,,,,,,,cepekca01,2006,D,0.0,0.0,0.0,0.0,0.0,,
208.0,New Jersey Devils,Kyell Henegan,CA,D,18.0,,Shawinigan Cataractes (QMJHL),,18.0,0.0,208,0.0,0.0,0.0,,0.0,,,,,,,,,henegky01,2006,D,0.0,0.0,0.0,0.0,0.0,,
209.0,Calgary Flames,Per Jonsson,SE,D,18.0,,Farjestad BK Jr. (Sweden Jr.),,18.0,0.0,209,0.0,0.0,0.0,,0.0,,,,,,,,,jonsspe01,2006,D,0.0,0.0,0.0,0.0,0.0,,
212.0,Detroit Red Wings,Logan Pyett,CA,D,18.0,,Regina Pats (WHL),,18.0,0.0,212,0.0,0.0,0.0,,0.0,,,,,,,,,pyettlo01,2006,D,0.0,0.0,0.0,0.0,0.0,,
213.0,Carolina Hurricanes,Justin Krueger,DE,D,19.0,,Penticton (BCHL),,19.0,0.0,213,0.0,0.0,0.0,,0.0,,,,,,,,,kruegju01,2006,D,0.0,0.0,0.0,0.0,0.0,,
12.0,Montreal Canadiens,Ryan McDonagh,US,D,18.0,2026.0,Cretin-Derham Hall (High-MN),1025.0,18.0,0.0809756097560976,12,7.90005948839977e-05,426.0,0.415609756097561,,290.0,379.0,,,,,,,94.6,mcdonry01,2007,D,94.6,0.0175609756097561,0.011707317073170732,0.41560975609756096,0.28292682926829266,52.12356097560976,
43.0,Montreal Canadiens,P.K. Subban,CA,D,18.0,2022.0,Belleville Bulls (OHL),834.0,18.0,0.1378896882494,43,0.000165335357613189,467.0,0.559952038369305,,5.0,905.0,,,,,,,83.3,subbapk01,2007,D,83.3,0.02158273381294964,0.05155875299760192,0.5599520383693045,0.005995203836930456,45.906906474820154,
14.0,Colorado Avalanche,Kevin Shattenkirk,US,D,18.0,2024.0,USA U-18 Development Team (USDP/NAHL),952.0,18.0,0.108193277310924,14,0.000113648400536685,484.0,0.508403361344538,,-29.0,544.0,,,,,,,80.6,shattke01,2007,D,80.6,0.018907563025210083,0.014705882352941176,0.5084033613445378,-0.03046218487394958,44.40657563025209,
95.0,Los Angeles Kings,Alec Martinez,US,D,20.0,2025.0,Miami (Ohio) (CCHA),862.0,20.0,0.102088167053364,95,0.000118431748321768,289.0,0.335266821345708,,73.0,250.0,,,,,,,65.5,martial01,2007,D,65.5,0.02320185614849188,0.11020881670533643,0.3352668213457077,0.08468677494199536,36.09709976798144,
141.0,Pittsburgh Penguins,Jake Muzzin,CA,D,18.0,2023.0,Soo Greyhounds (OHL),683.0,18.0,0.101024890190337,141,0.000147913455622748,294.0,0.430453879941435,,62.0,399.0,,,,,,,58.1,muzzija01,2007,D,58.1,0.02635431918008785,0.20644216691068815,0.43045387994143486,0.09077598828696926,32.05192532942899,
18.0,St. Louis Blues,Ian Cole,US,D,18.0,2026.0,USA U-18 Development Team (USDP/NAHL),935.0,18.0,0.0385026737967914,18,4.1179330263948e-05,219.0,0.234224598930481,,158.0,835.0,,,,,,,51.3,coleia01,2007,D,51.3,0.019251336898395723,0.019251336898395723,0.23422459893048128,0.16898395721925133,28.27088235294117,
201.0,San Jose Sharks,Justin Braun,US,D,20.0,2023.0,Massachusetts (H-East),842.0,20.0,0.0403800475059382,201,4.79573010759361e-05,199.0,0.236342042755344,,23.0,317.0,,,,,,,42.0,braunju01,2007,D,42.0,0.023752969121140142,0.23871733966745842,0.23634204275534443,0.027315914489311165,23.164429928741093,
194.0,Toronto Maple Leafs,Carl Gunnarsson,SE,D,20.0,2021.0,Linkoping HC (Sweden),629.0,20.0,0.0476947535771065,194,7.58263172926971e-05,138.0,0.21939586645469,,55.0,179.0,,,,,,,32.7,gunnaca01,2007,D,32.7,0.03179650238473768,0.30842607313195547,0.21939586645468998,0.08744038155802862,18.06067567567568,
5.0,Washington Capitals,Karl Alzner,CA,D,18.0,2020.0,Calgary Hitmen (WHL),686.0,18.0,0.0291545189504373,5,4.24992987615704e-05,130.0,0.189504373177843,,54.0,219.0,,,,,,,32.1,alzneka01,2007,D,32.1,0.026239067055393587,0.007288629737609329,0.18950437317784258,0.07871720116618076,17.6946501457726,
27.0,Detroit Red Wings,Brendan Smith,CA,D,18.0,2026.0,St. Michael's (OPJHL),729.0,18.0,0.0534979423868313,27,7.33853805031979e-05,145.0,0.198902606310014,,-13.0,794.0,,,,,,,28.6,smithbr05,2007,D,28.6,0.024691358024691357,0.037037037037037035,0.19890260631001372,-0.01783264746227709,15.764224965706449,
4.0,Los Angeles Kings,Thomas Hickey,CA,D,18.0,2022.0,Seattle Thunderbirds (WHL),456.0,18.0,0.0482456140350877,4,0.000105801785164666,117.0,0.256578947368421,,37.0,190.0,,,,,,,23.8,hicketh01,2007,D,23.8,0.039473684210526314,0.008771929824561403,0.2565789473684211,0.08114035087719298,13.14142543859649,
78.0,Pittsburgh Penguins,Robert Bortuzzo,CA,D,18.0,2025.0,Kitchener Rangers (OHL),577.0,18.0,0.0346620450606586,78,6.00728683893563e-05,76.0,0.131715771230503,,37.0,533.0,,,,,,,19.9,borturo01,2007,D,19.9,0.03119584055459272,0.13518197573656845,0.1317157712305026,0.06412478336221837,10.987807625649914,
73.0,Montreal Canadiens,Yannick Weber,CH,D,18.0,2021.0,Kitchener Rangers (OHL),499.0,18.0,0.0561122244488978,73,0.000112449347592982,94.0,0.188376753507014,,-28.0,195.0,,,,,,,17.9,weberya01,2007,D,17.9,0.036072144288577156,0.1462925851703407,0.18837675350701402,-0.056112224448897796,9.885881763527056,
93.0,Anaheim Ducks,Steven Kampfer,US,D,18.0,2021.0,Michigan (CCHA),231.0,18.0,0.0649350649350649,93,0.000281104177208073,39.0,0.168831168831169,,-1.0,110.0,,,,,,,8.8,kampfst01,2007,D,8.8,0.07792207792207792,0.4025974025974026,0.16883116883116883,-0.004329004329004329,4.912943722943724,
205.0,Atlanta Thrashers,Paul Postma,CA,D,18.0,2018.0,Swift Current Broncos (WHL),205.0,18.0,0.048780487804878,205,0.000237953599048185,35.0,0.170731707317073,,-5.0,51.0,,,,,,,6.1,postmpa01,2007,D,6.1,0.08780487804878048,1.0,0.17073170731707318,-0.024390243902439025,3.486951219512195,
10.0,Florida Panthers,Keaton Ellerby,CA,D,18.0,2015.0,Kamloops Blazers (WHL),212.0,18.0,0.0188679245283019,10,8.89996440014241e-05,27.0,0.127358490566038,,-13.0,88.0,,,,,,,5.7,ellerke01,2007,D,5.7,0.08490566037735849,0.04716981132075472,0.12735849056603774,-0.06132075471698113,3.161179245283019,
162.0,Carolina Hurricanes,Brett Bellemore,CA,D,19.0,2015.0,Plymouth Whalers (OHL),121.0,19.0,0.0330578512396694,162,0.000273205382146028,20.0,0.165289256198347,,-2.0,79.0,,,,,,,5.2,bellebr01,2007,D,5.2,0.15702479338842976,1.3388429752066116,0.1652892561983471,-0.01652892561983471,3.032727272727273,
23.0,Nashville Predators,Jonathon Blum,US,D,18.0,2015.0,Vancouver Giants (WHL),110.0,18.0,0.0636363636363636,23,0.000578512396694215,24.0,0.218181818181818,,-11.0,22.0,,,,,,,4.3,blumjo02,2007,D,4.3,0.16363636363636364,0.20909090909090908,0.21818181818181817,-0.1,2.4250000000000007,
110.0,Minnesota Wild,Justin Falk,CA,D,18.0,2019.0,Spokane Chiefs (WHL),279.0,18.0,0.010752688172043,110,3.85401009750645e-05,33.0,0.118279569892473,,-63.0,219.0,,,,,,,4.2,falkju01,2007,D,4.2,0.06451612903225806,0.3942652329749104,0.11827956989247312,-0.22580645161290322,2.3510394265232977,
116.0,Calgary Flames,Keith Aulie,CA,D,18.0,2015.0,Brandon Wheat Kings (WHL),167.0,18.0,0.0239520958083832,116,0.000143425723403492,14.0,0.0838323353293413,,-13.0,196.0,,,,,,,2.6,aulieke01,2007,D,2.6,0.10778443113772455,0.6946107784431138,0.08383233532934131,-0.07784431137724551,1.5150299401197607,
118.0,Pittsburgh Penguins,Alex Grant,CA,D,18.0,2016.0,Saint John Sea Dogs (QMJHL),7.0,18.0,0.285714285714286,118,0.0408163265306123,2.0,0.285714285714286,,1.0,9.0,,,,,,,0.6,grantal01,2007,D,0.6,2.5714285714285716,16.857142857142858,0.2857142857142857,0.14285714285714285,0.8155,
31.0,Buffalo Sabres,T.J. Brennan,US,D,18.0,2016.0,St. John's Fog Devils (QMJHL),53.0,18.0,0.0943396226415094,31,0.00177999288002848,13.0,0.245283018867925,,-22.0,29.0,,,,,,,1.1,brenntj01,2007,D,1.1,0.33962264150943394,0.5849056603773585,0.24528301886792453,-0.41509433962264153,0.6927358490566039,
96.0,St. Louis Blues,Cade Fairchild,US,D,18.0,2012.0,USA U-18 Development Team (USDP/NAHL),5.0,18.0,0.0,96,0.0,1.0,0.2,,-1.0,0.0,,,,,,,0.1,faircca01,2007,D,0.1,3.6,19.2,0.2,-0.2,0.58625,
70.0,Calgary Flames,John Negrin,CA,D,18.0,2009.0,Kootenay Ice (WHL),3.0,18.0,0.0,70,0.0,1.0,0.333333333333333,,-2.0,2.0,,,,,,,0.0,negrijo01,2007,D,0.0,6.0,23.333333333333332,0.3333333333333333,-0.6666666666666666,0.43749999999999994,
45.0,Colorado Avalanche,Colby Cohen,US,D,18.0,2011.0,Lincoln Stars (USHL),3.0,18.0,0.0,45,0.0,0.0,0.0,,-1.0,4.0,,,,,,,0.0,cohenco01,2007,D,0.0,6.0,15.0,0.0,-0.3333333333333333,0.31,
35.0,Boston Bruins,Tommy Cross,US,D,18.0,2016.0,Westminster School (High-CT),3.0,18.0,0.0,35,0.0,1.0,0.333333333333333,,-1.0,0.0,,,,,,,0.0,crossto01,2007,D,0.0,6.0,11.666666666666666,0.3333333333333333,-0.3333333333333333,0.2675,
41.0,Philadelphia Flyers,Kevin Marshall,CA,D,18.0,2012.0,Lewiston MAINEiacs (QMJHL),10.0,18.0,0.0,41,0.0,0.0,0.0,,-1.0,8.0,,,,,,,-0.1,marshke01,2007,D,-0.1,1.8,4.1,0.0,-0.1,0.26249999999999996,
15.0,Edmonton Oilers,Alex Plante,CA,D,18.0,2012.0,Calgary Hitmen (WHL),10.0,18.0,0.0,15,0.0,2.0,0.2,,-1.0,15.0,,,,,,,0.3,plantal01,2007,D,0.3,1.8,1.5,0.2,-0.1,0.2575,
28.0,San Jose Sharks,Nicholas Petrecki,US,D,18.0,2013.0,Omaha Lancers (USHL),1.0,18.0,0.0,28,0.0,0.0,0.0,,0.0,0.0,,,,,,,0.0,petreni01,2007,D,0.0,18.0,28.0,0.0,0.0,0.23000000000000004,
62.0,New York Islanders,Mark Katic,CA,D,18.0,2011.0,Sarnia Sting (OHL),11.0,18.0,0.0,62,0.0,1.0,0.0909090909090909,,-9.0,4.0,,,,,,,-0.5,katicma01,2007,D,-0.5,1.6363636363636365,5.636363636363637,0.09090909090909091,-0.8181818181818182,0.21125000000000002,
30.0,Phoenix Coyotes,Nick Ross,CA,D,18.0,,Regina Pats (WHL),,18.0,0.0,30,0.0,0.0,0.0,,0.0,,,,,,,,,rossni01,2007,D,0.0,0.0,0.0,0.0,0.0,,
33.0,Vancouver Canucks,Taylor Ellington,CA,D,18.0,,Everett Silvertips (WHL),,18.0,0.0,33,0.0,0.0,0.0,,0.0,,,,,,,,,ellinta01,2007,D,0.0,0.0,0.0,0.0,0.0,,
34.0,Washington Capitals,Josh Godfrey,CA,D,19.0,,Soo Greyhounds (OHL),,19.0,0.0,34,0.0,0.0,0.0,,0.0,,,,,,,,,godfrjo01,2007,D,0.0,0.0,0.0,0.0,0.0,,
46.0,Washington Capitals,Theo Ruth,US,D,18.0,,USA U-18 Development Team (USDP/NAHL),,18.0,0.0,46,0.0,0.0,0.0,,0.0,,,,,,,,,ruthth01,2007,D,0.0,0.0,0.0,0.0,0.0,,
53.0,Columbus Blue Jackets,Will Weber,US,D,18.0,,Gaylord HS (High-MI),,18.0,0.0,53,0.0,0.0,0.0,,0.0,,,,,,,,,weberwi01,2007,D,0.0,0.0,0.0,0.0,0.0,,
59.0,Buffalo Sabres,Drew Schiestel,CA,D,18.0,,Mississagua IceDogs (OHL),,18.0,0.0,59,0.0,0.0,0.0,,0.0,,,,,,,,,schiedr01,2007,D,0.0,0.0,0.0,0.0,0.0,,
87.0,New Jersey Devils,Corbin McPherson,US,D,19.0,,Cowichan Valley (BCHL),,19.0,0.0,87,0.0,0.0,0.0,,0.0,,,,,,,,,mcpheco01,2007,D,0.0,0.0,0.0,0.0,0.0,,
120.0,Ottawa Senators,Ben Blood,US,D,18.0,,Shattuck-St. Mary's School (High-MN),,18.0,0.0,120,0.0,0.0,0.0,,0.0,,,,,,,,,bloodbe01,2007,D,0.0,0.0,0.0,0.0,0.0,,
123.0,Phoenix Coyotes,Maxim Goncharov,RU,D,18.0,,CSKA Moskva (Russia),,18.0,0.0,123,0.0,0.0,0.0,,0.0,,,,,,,,,gonchma01,2007,D,0.0,0.0,0.0,0.0,0.0,,
126.0,Chicago Blackhawks,Joe Lavin,US,D,18.0,,USA National Jr. Team (USDP/NAHL),,18.0,0.0,126,0.0,0.0,0.0,,0.0,,,,,,,,,lavinjo01,2007,D,0.0,0.0,0.0,0.0,0.0,,
130.0,Boston Bruins,Denis Reul,DE,D,18.0,,Jungadler Mannheim Jr. (Germany Jr.),,18.0,0.0,130,0.0,0.0,0.0,,0.0,,,,,,,,,reulde01,2007,D,0.0,0.0,0.0,0.0,0.0,,
131.0,Florida Panthers,John Lee,US,D,18.0,,Waterloo Black Hawks (USHL),,18.0,0.0,131,0.0,0.0,0.0,,0.0,,,,,,,,,leejo01,2007,D,0.0,0.0,0.0,0.0,0.0,,
133.0,Montreal Canadiens,Joe Stejskal,US,D,19.0,,Grand Rapids HS (High-MN),,19.0,0.0,133,0.0,0.0,0.0,,0.0,,,,,,,,,stejsjo01,2007,D,0.0,0.0,0.0,0.0,0.0,,
134.0,Toronto Maple Leafs,Juraj Mikus,SK,D,18.0,,HK Dukla Trencin (Slovakia),,18.0,0.0,134,0.0,0.0,0.0,,0.0,,,,,,,,,mikusju02,2007,D,0.0,0.0,0.0,0.0,0.0,,
155.0,Colorado Avalanche,Jens Hellgren,SE,D,18.0,,Frolunda HC Jr. (Sweden Jr.),,18.0,0.0,155,0.0,0.0,0.0,,0.0,,,,,,,,,hellgje01,2007,D,0.0,0.0,0.0,0.0,0.0,,
159.0,Boston Bruins,Alain Goulet,CA,D,18.0,,Aurora (OPJHL),,18.0,0.0,159,0.0,0.0,0.0,,0.0,,,,,,,,,gouleal01,2007,D,0.0,0.0,0.0,0.0,0.0,,
163.0,Montreal Canadiens,Nichlas Torp,SE,D,18.0,,HV71 Jr. (Sweden Jr.),,18.0,0.0,163,0.0,0.0,0.0,,0.0,,,,,,,,,torpni01,2007,D,0.0,0.0,0.0,0.0,0.0,,
166.0,New York Islanders,Blake Kessel,US,D,18.0,,Waterloo Black Hawks (USHL),,18.0,0.0,166,0.0,0.0,0.0,,0.0,,,,,,,,,kessebl01,2007,D,0.0,0.0,0.0,0.0,0.0,,
169.0,Boston Bruins,Radim Ostrcil,CZ,D,18.0,,Vsetinska hokejova (Czech),,18.0,0.0,169,0.0,0.0,0.0,,0.0,,,,,,,,,ostrcra01,2007,D,0.0,0.0,0.0,0.0,0.0,,
170.0,Minnesota Wild,Harri Ilvonen,FI,D,18.0,,Tappara Jr. (Finland Jr.),,18.0,0.0,170,0.0,0.0,0.0,,0.0,,,,,,,,,ilvonha01,2007,D,0.0,0.0,0.0,0.0,0.0,,
174.0,Nashville Predators,Robert Dietrich,DE,D,21.0,,DEG Metro Stars (DEL),,21.0,0.0,174,0.0,0.0,0.0,,0.0,,,,,,,,,dietrro01,2007,D,0.0,0.0,0.0,0.0,0.0,,
181.0,Florida Panthers,Corey Syvret,CA,D,18.0,,Guelph Storm (OHL),,18.0,0.0,181,0.0,0.0,0.0,,0.0,,,,,,,,,syvreco01,2007,D,0.0,0.0,0.0,0.0,0.0,,
184.0,Los Angeles Kings,Josh Kidd,CA,D,18.0,,Erie Otters (OHL),,18.0,0.0,184,0.0,0.0,0.0,,0.0,,,,,,,,,kiddjo01,2007,D,0.0,0.0,0.0,0.0,0.0,,
192.0,Montreal Canadiens,Scott Kishel,US,D,18.0,,Virginia HS (High-MN),,18.0,0.0,192,0.0,0.0,0.0,,0.0,,,,,,,,,kishesc01,2007,D,0.0,0.0,0.0,0.0,0.0,,
196.0,New York Islanders,Simon Lacroix,CA,D,18.0,,Shawinigan Cataractes (QMJHL),,18.0,0.0,196,0.0,0.0,0.0,,0.0,,,,,,,,,lacrosi01,2007,D,0.0,0.0,0.0,0.0,0.0,,
197.0,Tampa Bay Lightning,Michael Ward,CA,D,18.0,,Lewiston MAINEiacs (QMJHL),,18.0,0.0,197,0.0,0.0,0.0,,0.0,,,,,,,,,wardmi01,2007,D,0.0,0.0,0.0,0.0,0.0,,
207.0,New Jersey Devils,Ryan Molle,CA,D,18.0,,Swift Current Broncos (WHL),,18.0,0.0,207,0.0,0.0,0.0,,0.0,,,,,,,,,mollery01,2007,D,0.0,0.0,0.0,0.0,0.0,,
208.0,Detroit Red Wings,Bryan Rufenach,CA,D,18.0,,Lindsay (OPJHL),,18.0,0.0,208,0.0,0.0,0.0,,0.0,,,,,,,,,rufenbr01,2007,D,0.0,0.0,0.0,0.0,0.0,,
209.0,Buffalo Sabres,Drew Mackenzie,US,D,18.0,,Taft School (High-CT),,18.0,0.0,209,0.0,0.0,0.0,,0.0,,,,,,,,,mackedr01,2007,D,0.0,0.0,0.0,0.0,0.0,,
2.0,Los Angeles Kings,Drew Doughty,CA,D,18.0,2026.0,Guelph Storm (OHL),1226.0,18.0,0.132137030995106,2,0.000107778981235812,694.0,0.566068515497553,,76.0,793.0,,,,,,,137.2,doughdr01,2008,D,137.2,0.01468189233278956,0.0016313213703099511,0.566068515497553,0.06199021207177814,75.55274061990212,
15.0,Ottawa Senators,Erik Karlsson,SE,D,18.0,2026.0,Frolunda HC Jr. (Sweden Jr.),1109.0,18.0,0.181244364292155,15,0.000163430445709788,887.0,0.799819657348963,,-117.0,494.0,,,,,,,131.8,karlser01,2008,D,131.8,0.016230838593327322,0.013525698827772768,0.799819657348963,-0.1055004508566276,72.6023985572588,
27.0,Washington Capitals,John Carlson,US,D,18.0,2026.0,Indiana Ice (USHL),1114.0,18.0,0.145421903052065,27,0.000130540307946198,748.0,0.671454219030521,,113.0,370.0,,,,,,,123.0,carlsjo01,2008,D,123.0,0.01615798922800718,0.02423698384201077,0.6714542190305206,0.10143626570915619,67.76490125673251,
38.0,Nashville Predators,Roman Josi,CH,D,18.0,2026.0,SC Bern (Swiss),976.0,18.0,0.19672131147541,38,0.000201558720773986,733.0,0.751024590163934,,54.0,411.0,,,,,,,122.1,josiro01,2008,D,122.1,0.018442622950819672,0.0389344262295082,0.7510245901639344,0.055327868852459015,67.27892418032786,
4.0,St. Louis Blues,Alex Pietrangelo,CA,D,18.0,2025.0,Niagara IceDogs (OHL),1087.0,18.0,0.136154553817847,4,0.00012525717922525,637.0,0.586016559337626,,123.0,355.0,,,,,,,118.2,pietral01,2008,D,118.2,0.01655933762649494,0.0036798528058877645,0.5860165593376265,0.11315547378104876,65.111241950322,
156.0,New York Islanders,Jared Spurgeon,CA,D,18.0,2026.0,Spokane Chiefs (WHL),960.0,18.0,0.122916666666667,156,0.000128038194444445,420.0,0.4375,,121.0,166.0,,,,,,,87.1,spurgja01,2008,D,87.1,0.01875,0.1625,0.4375,0.12604166666666666,48.001354166666665,
12.0,Buffalo Sabres,Tyler Myers,US,D,18.0,2026.0,Kelowna Rockets (WHL),1093.0,18.0,0.0914913083257091,12,8.37065949914996e-05,402.0,0.36779505946935,,1.0,879.0,,,,,,,74.4,myersty01,2008,D,74.4,0.01646843549862763,0.010978956999085087,0.3677950594693504,0.0009149130832570906,40.978005489478505,
114.0,Calgary Flames,T.J. Brodie,CA,D,18.0,2025.0,Saginaw Spirit (OHL),962.0,18.0,0.0602910602910603,114,6.2672619845177e-05,358.0,0.372141372141372,,66.0,312.0,,,,,,,65.7,broditj01,2008,D,65.7,0.018711018711018712,0.11850311850311851,0.37214137214137216,0.06860706860706861,36.21140332640333,
43.0,Anaheim Ducks,Justin Schultz,CA,D,18.0,2024.0,Westside (BCHL),745.0,18.0,0.0953020134228188,43,0.000127922165668213,324.0,0.43489932885906,,-57.0,198.0,,,,,,,48.8,schulju01,2008,D,48.8,0.024161073825503355,0.05771812080536913,0.4348993288590604,-0.07651006711409396,26.905771812080538,
20.0,New York Rangers,Michael Del Zotto,CA,D,18.0,2022.0,Oshawa Generals (OHL),736.0,18.0,0.0855978260869565,20,0.000116301394139887,262.0,0.355978260869565,,-30.0,284.0,,,,,,,48.8,delzomi01,2008,D,48.8,0.024456521739130436,0.02717391304347826,0.35597826086956524,-0.04076086956521739,26.894483695652173,
53.0,New York Islanders,Travis Hamonic,CA,D,18.0,2026.0,Moose Jaw Warriors (WHL),916.0,18.0,0.0578602620087336,53,6.31662249003642e-05,243.0,0.26528384279476,,-37.0,790.0,,,,,,,46.1,hamontr01,2008,D,46.1,0.019650655021834062,0.05786026200873363,0.2652838427947598,-0.04039301310043668,25.39850436681223,
186.0,San Jose Sharks,Jason Demers,CA,D,20.0,2023.0,Victoriaville Tigres (QMJHL),700.0,20.0,0.0642857142857143,186,9.18367346938776e-05,214.0,0.305714285714286,,30.0,407.0,,,,,,,44.0,demerja01,2008,D,44.0,0.02857142857142857,0.26571428571428574,0.3057142857142857,0.04285714285714286,24.279571428571433,
17.0,Anaheim Ducks,Jake Gardiner,US,D,18.0,2021.0,Minnetonka HS (High-MN),645.0,18.0,0.075968992248062,17,0.000117781383330329,277.0,0.429457364341085,,-16.0,226.0,,,,,,,43.7,gardija01,2008,D,43.7,0.027906976744186046,0.02635658914728682,0.4294573643410853,-0.024806201550387597,24.10236434108527,
3.0,Atlanta Thrashers,Zach Bogosian,US,D,18.0,2026.0,Peterborough Petes (OHL),940.0,18.0,0.0680851063829787,3,7.24309642372114e-05,243.0,0.258510638297872,,-73.0,821.0,,,,,,,43.5,bogosza01,2008,D,43.5,0.019148936170212766,0.0031914893617021275,0.25851063829787235,-0.07765957446808511,23.958244680851067,
5.0,Toronto Maple Leafs,Luke Schenn,CA,D,18.0,2026.0,Kelowna Rockets (WHL),1090.0,18.0,0.0403669724770642,5,3.70339197037286e-05,209.0,0.191743119266055,,-46.0,864.0,,,,,,,40.0,schenlu01,2008,D,40.0,0.01651376146788991,0.0045871559633027525,0.19174311926605506,-0.04220183486238532,22.026651376146788,
55.0,Minnesota Wild,Marco Scandella,CA,D,18.0,2024.0,Val-d'Or Foreurs (QMJHL),784.0,18.0,0.0650510204081633,55,8.29732403165348e-05,170.0,0.216836734693878,,11.0,294.0,,,,,,,39.7,scandma01,2008,D,39.7,0.02295918367346939,0.07015306122448979,0.21683673469387754,0.01403061224489796,21.878239795918372,
69.0,Phoenix Coyotes,Michael Stone,CA,D,18.0,2023.0,Calgary Hitmen (WHL),552.0,18.0,0.0742753623188406,69,0.000134556815795001,145.0,0.26268115942029,,-47.0,309.0,,,,,,,26.5,stonemi01,2008,D,26.5,0.03260869565217391,0.125,0.26268115942028986,-0.08514492753623189,14.621648550724638,
19.0,Philadelphia Flyers,Luca Sbisa,IT,D,18.0,2021.0,Lethbridge Hurricanes (WHL),549.0,18.0,0.0364298724954463,19,6.63567805017237e-05,113.0,0.205828779599271,,-18.0,385.0,,,,,,,22.2,sbisalu01,2008,D,22.2,0.03278688524590164,0.03460837887067395,0.2058287795992714,-0.03278688524590164,12.244335154826958,
32.0,Los Angeles Kings,Slava Voynov,RU,D,18.0,2015.0,Traktor Chelyabinsk (Russia),190.0,18.0,0.0947368421052632,32,0.000498614958448754,81.0,0.426315789473684,,23.0,72.0,,,,,,,18.6,voynovi01,2008,D,18.6,0.09473684210526316,0.16842105263157894,0.4263157894736842,0.12105263157894737,10.332368421052635,
42.0,Ottawa Senators,Patrick Wiercioch,CA,D,18.0,2017.0,Omaha Lancers (USHL),268.0,18.0,0.0597014925373134,42,0.000222766763198931,74.0,0.276119402985075,,-5.0,138.0,,,,,,,13.3,wiercpa01,2008,D,13.3,0.06716417910447761,0.15671641791044777,0.27611940298507465,-0.018656716417910446,7.3769402985074635,
152.0,Tampa Bay Lightning,Mark Barberio,CA,D,18.0,2020.0,Moncton Wildcats (QMJHL),272.0,18.0,0.0514705882352941,152,0.000189230103806228,56.0,0.205882352941176,,2.0,115.0,,,,,,,11.2,barbema01,2008,D,11.2,0.0661764705882353,0.5588235294117647,0.20588235294117646,0.007352941176470588,6.254117647058824,
139.0,Ottawa Senators,Mark Borowiecki,CA,D,19.0,2023.0,Smiths Falls (CJHL),458.0,19.0,0.0327510917030568,139,7.1508933849469e-05,56.0,0.122270742358079,,-22.0,848.0,,,,,,,11.1,borowma01,2008,D,11.1,0.04148471615720524,0.3034934497816594,0.1222707423580786,-0.048034934497816595,6.153034934497818,
128.0,Toronto Maple Leafs,Greg Pateryn,US,D,18.0,2022.0,Ohio Junior Blue Jackets (USHL),290.0,18.0,0.0172413793103448,128,5.94530321046372e-05,44.0,0.151724137931034,,-13.0,178.0,,,,,,,9.4,patergr01,2008,D,9.4,0.06206896551724138,0.4413793103448276,0.15172413793103448,-0.04482758620689655,5.238620689655173,
190.0,Florida Panthers,Matt Bartkowski,US,D,20.0,2021.0,Lincoln Stars (USHL),256.0,20.0,0.03125,190,0.0001220703125,48.0,0.1875,,-12.0,157.0,,,,,,,9.1,bartkma01,2008,D,9.1,0.078125,0.7421875,0.1875,-0.046875,5.11046875,
184.0,Atlanta Thrashers,Zach Redmond,US,D,20.0,2018.0,Ferris State (CCHA),133.0,20.0,0.0676691729323308,184,0.000508790773927299,38.0,0.285714285714286,,12.0,50.0,,,,,,,8.1,redmoza01,2008,D,8.1,0.15037593984962405,1.3834586466165413,0.2857142857142857,0.09022556390977443,4.660263157894737,
149.0,Dallas Stars,Philip Larsen,DK,D,18.0,2017.0,Frolunda HC (Sweden),151.0,18.0,0.0596026490066225,149,0.000394719529845182,37.0,0.245033112582781,,-9.0,46.0,,,,,,,6.8,larseph01,2008,D,6.8,0.11920529801324503,0.9867549668874173,0.24503311258278146,-0.059602649006622516,3.8813907284768216,
37.0,Columbus Blue Jackets,Cody Goloubef,CA,D,18.0,2020.0,Wisconsin (WCHA),160.0,18.0,0.01875,37,0.0001171875,25.0,0.15625,,-7.0,76.0,,,,,,,4.8,golouco01,2008,D,4.8,0.1125,0.23125,0.15625,-0.04375,2.6934375,
96.0,New York Islanders,Matt Donovan,US,D,18.0,2019.0,Cedar Rapids Roughriders (USHL),69.0,18.0,0.0289855072463768,96,0.000420079815164881,20.0,0.289855072463768,,-8.0,28.0,,,,,,,2.7,donovma01,2008,D,2.7,0.2608695652173913,1.391304347826087,0.2898550724637681,-0.11594202898550725,1.6821014492753628,
67.0,Philadelphia Flyers,Marc-Andre Bourdon,CA,D,18.0,2012.0,Rouyn-Noranda Huskies (QMJHL),45.0,18.0,0.0888888888888889,67,0.00197530864197531,7.0,0.155555555555556,,4.0,52.0,,,,,,,1.9,bourdma01,2008,D,1.9,0.4,1.488888888888889,0.15555555555555556,0.08888888888888889,1.2661111111111112,
50.0,Colorado Avalanche,Cameron Gaunce,CA,D,18.0,2020.0,Mississauga St. Michael's Majors (OHL),37.0,18.0,0.0810810810810811,50,0.00219138056975895,9.0,0.243243243243243,,4.0,47.0,,,,,,,1.8,gauncca01,2008,D,1.8,0.4864864864864865,1.3513513513513513,0.24324324324324326,0.10810810810810811,1.2210810810810813,
105.0,Carolina Hurricanes,Michal Jordan,CZ,D,18.0,2016.0,Plymouth Whalers (OHL),79.0,18.0,0.0379746835443038,105,0.000480692196763339,7.0,0.0886075949367089,,-14.0,18.0,,,,,,,1.8,jordami01,2008,D,1.8,0.22784810126582278,1.3291139240506329,0.08860759493670886,-0.17721518987341772,1.14126582278481,
160.0,Tampa Bay Lightning,Luke Witkowski,US,D,18.0,2022.0,Ohio Junior Blue Jackets (USHL),132.0,18.0,0.0151515151515152,160,0.000114784205693297,13.0,0.0984848484848485,,-11.0,162.0,,,,,,,1.8,witkolu01,2008,D,1.8,0.13636363636363635,1.2121212121212122,0.09848484848484848,-0.08333333333333333,1.1312878787878788,
95.0,St. Louis Blues,David Warsofsky,US,D,18.0,2018.0,USA U-18 Development Team (USDP/NAHL),55.0,18.0,0.0363636363636364,95,0.000661157024793389,11.0,0.2,,-6.0,8.0,,,,,,,1.6,warsoda01,2008,D,1.6,0.32727272727272727,1.7272727272727273,0.2,-0.10909090909090909,1.1045454545454547,
170.0,Colorado Avalanche,Jonas Holos,NO,D,21.0,2011.0,Sparta Sarpsborg (Norway),39.0,21.0,0.0,170,0.0,6.0,0.153846153846154,,-3.0,10.0,,,,,,,0.9,holosjo01,2008,D,0.9,0.5384615384615384,4.358974358974359,0.15384615384615385,-0.07692307692307693,1.0001282051282052,
188.0,Toronto Maple Leafs,Andrew MacWilliam,CA,D,18.0,2015.0,Camrose (AJHL),12.0,18.0,0.0,188,0.0,2.0,0.166666666666667,,-6.0,12.0,,,,,,,-0.1,macwian01,2008,D,-0.1,1.5,15.666666666666666,0.16666666666666666,-0.5,0.982,
90.0,New York Rangers,Tomas Kundratek,CZ,D,18.0,2013.0,HC Ocelari Trinec (Czech),30.0,18.0,0.0333333333333333,90,0.00111111111111111,7.0,0.233333333333333,,-5.0,10.0,,,,,,,0.7,kundrto01,2008,D,0.7,0.6,3.0,0.23333333333333334,-0.16666666666666666,0.7633333333333333,
137.0,Columbus Blue Jackets,Brent Regner,CA,D,19.0,2016.0,Vancouver Giants (WHL),7.0,19.0,0.0,137,0.0,0.0,0.0,,-2.0,4.0,,,,,,,-0.1,regnebr01,2008,D,-0.1,2.7142857142857144,19.571428571428573,0.0,-0.2857142857142857,0.7507500000000001,
40.0,New York Islanders,Aaron Ness,US,D,18.0,2021.0,Roseau HS (High-MN),72.0,18.0,0.0138888888888889,40,0.000192901234567901,7.0,0.0972222222222222,,-7.0,22.0,,,,,,,1.2,nessaa01,2008,D,1.2,0.25,0.5555555555555556,0.09722222222222222,-0.09722222222222222,0.7454166666666667,
46.0,Florida Panthers,Colby Robak,CA,D,18.0,2015.0,Brandon Wheat Kings (WHL),47.0,18.0,0.0,46,0.0,4.0,0.0851063829787234,,-2.0,25.0,,,,,,,1.0,robakco01,2008,D,1.0,0.3829787234042553,0.9787234042553191,0.0851063829787234,-0.0425531914893617,0.6946808510638299,
103.0,Edmonton Oilers,Johan Motin,SE,D,18.0,2010.0,Farjestad BK (Sweden),1.0,18.0,0.0,103,0.0,0.0,0.0,,-1.0,0.0,,,,,,,-0.1,motinjo01,2008,D,-0.1,18.0,103.0,0.0,-1.0,0.5972500000000002,
68.0,Chicago Blackhawks,Shawn Lalonde,CA,D,18.0,2013.0,Belleville Bulls (OHL),1.0,18.0,0.0,68,0.0,0.0,0.0,,1.0,0.0,,,,,,,0.1,lalonsh01,2008,D,0.1,18.0,68.0,0.0,1.0,0.4377500000000001,
41.0,Vancouver Canucks,Yann Sauve,CA,D,18.0,2014.0,Saint John Sea Dogs (QMJHL),8.0,18.0,0.0,41,0.0,0.0,0.0,,-4.0,0.0,,,,,,,-0.2,sauveya01,2008,D,-0.2,2.25,5.125,0.0,-0.5,0.231,
23.0,Minnesota Wild,Tyler Cuma,CA,D,18.0,2012.0,Ottawa 67's (OHL),1.0,18.0,0.0,23,0.0,0.0,0.0,,0.0,2.0,,,,,,,0.0,cumaty01,2008,D,0.0,18.0,23.0,0.0,0.0,0.20500000000000004,
74.0,Los Angeles Kings,Andrew Campbell,CA,D,20.0,2016.0,Soo Greyhounds (OHL),42.0,20.0,0.0,74,0.0,2.0,0.0476190476190476,,-13.0,12.0,,,,,,,0.0,campban01,2008,D,0.0,0.47619047619047616,1.7619047619047619,0.047619047619047616,-0.30952380952380953,0.2,
13.0,Los Angeles Kings,Colten Teubert,CA,D,18.0,2012.0,Regina Pats (WHL),24.0,18.0,0.0,13,0.0,1.0,0.0416666666666667,,-5.0,25.0,,,,,,,0.0,teubeco01,2008,D,0.0,0.75,0.5416666666666666,0.041666666666666664,-0.20833333333333334,0.11458333333333334,
52.0,New Jersey Devils,Brandon Burlon,CA,D,18.0,,St. Michael's (OPJHL),,18.0,0.0,52,0.0,0.0,0.0,,0.0,,,,,,,,,burlobr01,2008,D,0.0,0.0,0.0,0.0,0.0,,
57.0,Washington Capitals,Eric Mestery,CA,D,18.0,,Tri-City Americans (WHL),,18.0,0.0,57,0.0,0.0,0.0,,0.0,,,,,,,,,mesteer01,2008,D,0.0,0.0,0.0,0.0,0.0,,
72.0,New York Islanders,Jyri Niemi,FI,D,18.0,,Saskatoon Blades (WHL),,18.0,0.0,72,0.0,0.0,0.0,,0.0,,,,,,,,,niemijy01,2008,D,0.0,0.0,0.0,0.0,0.0,,
76.0,Phoenix Coyotes,Mathieu Brodeur,CA,D,18.0,,Cape Breton Screaming Eagles (QMJHL),,18.0,0.0,76,0.0,0.0,0.0,,0.0,,,,,,,,,brodema02,2008,D,0.0,0.0,0.0,0.0,0.0,,
80.0,Florida Panthers,Adam Comrie,CA,D,18.0,,Saginaw Spirit (OHL),,18.0,0.0,80,0.0,0.0,0.0,,0.0,,,,,,,,,comriad01,2008,D,0.0,0.0,0.0,0.0,0.0,,
81.0,Buffalo Sabres,Corey Fienhage,US,D,18.0,,Eastview HS (High-MN),,18.0,0.0,81,0.0,0.0,0.0,,0.0,,,,,,,,,fienhco01,2008,D,0.0,0.0,0.0,0.0,0.0,,
91.0,Detroit Red Wings,Max Nicastro,US,D,18.0,,Chicago Steel (USHL),,18.0,0.0,91,0.0,0.0,0.0,,0.0,,,,,,,,,nicasma01,2008,D,0.0,0.0,0.0,0.0,0.0,,
92.0,San Jose Sharks,Samuel Groulx,CA,D,18.0,,Quebec Remparts (QMJHL),,18.0,0.0,92,0.0,0.0,0.0,,0.0,,,,,,,,,groulsa01,2008,D,0.0,0.0,0.0,0.0,0.0,,
104.0,Buffalo Sabres,Jordon Southorn,CA,D,18.0,,Prince Edward Island Rocket (QMJHL),,18.0,0.0,104,0.0,0.0,0.0,,0.0,,,,,,,,,southjo01,2008,D,0.0,0.0,0.0,0.0,0.0,,
107.0,Columbus Blue Jackets,Steven Delisle,CA,D,18.0,,Gatineau Olympiques (QMJHL),,18.0,0.0,107,0.0,0.0,0.0,,0.0,,,,,,,,,delisst01,2008,D,0.0,0.0,0.0,0.0,0.0,,
112.0,New Jersey Devils,Matt Delahey,CA,D,18.0,,Regina Pats (WHL),,18.0,0.0,112,0.0,0.0,0.0,,0.0,,,,,,,,,delahma01,2008,D,0.0,0.0,0.0,0.0,0.0,,
113.0,Anaheim Ducks,Ryan Hegarty,US,D,18.0,,USA U-18 Development Team (USDP/NAHL),,18.0,0.0,113,0.0,0.0,0.0,,0.0,,,,,,,,,hegarry01,2008,D,0.0,0.0,0.0,0.0,0.0,,
115.0,Minnesota Wild,Sean Lorenz,CA,D,18.0,,USA U-18 Development Team (USDP/NAHL),,18.0,0.0,115,0.0,0.0,0.0,,0.0,,,,,,,,,lorense01,2008,D,0.0,0.0,0.0,0.0,0.0,,
125.0,St. Louis Blues,Kristofer Berglund,SE,D,20.0,,IF Bjorkloven (Sweden-2),,20.0,0.0,125,0.0,0.0,0.0,,0.0,,,,,,,,,berglkr01,2008,D,0.0,0.0,0.0,0.0,0.0,,
132.0,Chicago Blackhawks,Teigan Zahn,CA,D,18.0,,Saskatoon Blades (WHL),,18.0,0.0,132,0.0,0.0,0.0,,0.0,,,,,,,,,zahnte01,2008,D,0.0,0.0,0.0,0.0,0.0,,
143.0,Anaheim Ducks,Stefan Warg,SE,D,18.0,,VIK Hockey Ungdom Jr. (Sweden Jr.),,18.0,0.0,143,0.0,0.0,0.0,,0.0,,,,,,,,,wargst01,2008,D,0.0,0.0,0.0,0.0,0.0,,
146.0,San Jose Sharks,Julien Demers,CA,D,18.0,,Ottawa 67's (OHL),,18.0,0.0,146,0.0,0.0,0.0,,0.0,,,,,,,,,demerju01,2008,D,0.0,0.0,0.0,0.0,0.0,,
162.0,Chicago Blackhawks,Jonathan Carlsson,SE,D,20.0,,Brynas IF (Sweden),,20.0,0.0,162,0.0,0.0,0.0,,0.0,,,,,,,,,carlsjo02,2008,D,0.0,0.0,0.0,0.0,0.0,,
164.0,Buffalo Sabres,Nick Crawford,CA,D,18.0,,Saginaw Spirit (OHL),,18.0,0.0,164,0.0,0.0,0.0,,0.0,,,,,,,,,crawfni01,2008,D,0.0,0.0,0.0,0.0,0.0,,
166.0,Nashville Predators,Jeff Foss,US,D,19.0,,RPI (ECAC),,19.0,0.0,166,0.0,0.0,0.0,,0.0,,,,,,,,,fossje01,2008,D,0.0,0.0,0.0,0.0,0.0,,
167.0,Colorado Avalanche,Joel Chouinard,CA,D,18.0,,Victoriaville Tigres (QMJHL),,18.0,0.0,167,0.0,0.0,0.0,,0.0,,,,,,,,,chouijo01,2008,D,0.0,0.0,0.0,0.0,0.0,,
171.0,New York Rangers,Mitch Gaulton,CA,D,18.0,,Erie Otters (OHL),,18.0,0.0,171,0.0,0.0,0.0,,0.0,,,,,,,,,gaultmi01,2008,D,0.0,0.0,0.0,0.0,0.0,,
179.0,Chicago Blackhawks,Braden Birch,CA,D,18.0,,Oakville (OPJHL),,18.0,0.0,179,0.0,0.0,0.0,,0.0,,,,,,,,,birchbr01,2008,D,0.0,0.0,0.0,0.0,0.0,,
189.0,Phoenix Coyotes,Tim Billingsley,CA,D,18.0,,Mississauga St. Michael's Majors (OHL),,18.0,0.0,189,0.0,0.0,0.0,,0.0,,,,,,,,,billiti01,2008,D,0.0,0.0,0.0,0.0,0.0,,
192.0,Chicago Blackhawks,Joe Gleason,US,D,18.0,,Edina HS (High-MN),,18.0,0.0,192,0.0,0.0,0.0,,0.0,,,,,,,,,gleasjo01,2008,D,0.0,0.0,0.0,0.0,0.0,,
193.0,Edmonton Oilers,Jordan Bendfeld,CA,D,20.0,,Medicine Hat Tigers (WHL),,20.0,0.0,193,0.0,0.0,0.0,,0.0,,,,,,,,,bendfjo01,2008,D,0.0,0.0,0.0,0.0,0.0,,
198.0,Calgary Flames,Alexander Deilert,SE,D,19.0,,Djurgardens IF Jr. (Sweden Jr.),,19.0,0.0,198,0.0,0.0,0.0,,0.0,,,,,,,,,deileal01,2008,D,0.0,0.0,0.0,0.0,0.0,,
202.0,New Jersey Devils,Harry Young,CA,D,18.0,,Windsor Spitfires (OHL),,18.0,0.0,202,0.0,0.0,0.0,,0.0,,,,,,,,,youngha01,2008,D,0.0,0.0,0.0,0.0,0.0,,
203.0,Tampa Bay Lightning,David Carle,US,D,18.0,,Shattuck-St. Mary's School (High-MN),,18.0,0.0,203,0.0,0.0,0.0,,0.0,,,,,,,,,carleda01,2008,D,0.0,0.0,0.0,0.0,0.0,,
208.0,Anaheim Ducks,Nick Pryor,US,D,18.0,,USA U-18 Development Team (USDP/NAHL),,18.0,0.0,208,0.0,0.0,0.0,,0.0,,,,,,,,,pryorni01,2008,D,0.0,0.0,0.0,0.0,0.0,,
209.0,Dallas Stars,Mike Bergin,CA,D,20.0,,Smiths Falls (CJHL),,20.0,0.0,209,0.0,0.0,0.0,,0.0,,,,,,,,,bergimi01,2008,D,0.0,0.0,0.0,0.0,0.0,,
210.0,Pittsburgh Penguins,Nick D'Agostino,CA,D,18.0,,St. Michael's (OPJHL),,18.0,0.0,210,0.0,0.0,0.0,,0.0,,,,,,,,,dagosni01,2008,D,0.0,0.0,0.0,0.0,0.0,,
2.0,Tampa Bay Lightning,Victor Hedman,SE,D,18.0,2026.0,MODO Hockey (Sweden),1146.0,18.0,0.149214659685864,2,0.000130204764123791,806.0,0.703315881326353,,194.0,776.0,,,,,,,134.2,hedmavi01,2009,D,134.2,0.015706806282722512,0.0017452006980802793,0.7033158813263525,0.16928446771378708,73.9341710296684,
6.0,Phoenix Coyotes,Oliver Ekman-Larsson,SE,D,18.0,2026.0,Leksands IF (Sweden-2),1085.0,18.0,0.140092165898618,6,0.000129117203593196,520.0,0.47926267281106,,-98.0,704.0,,,,,,,88.8,ekmanol01,2009,D,88.8,0.016589861751152075,0.005529953917050691,0.4792626728110599,-0.09032258064516129,48.90506912442397,
102.0,Nashville Predators,Mattias Ekholm,SE,D,19.0,2026.0,Mora IK (Sweden-2),911.0,19.0,0.0965971459934138,102,0.000106034188796283,371.0,0.407244785949506,,185.0,436.0,,,,,,,77.8,ekholma01,2009,D,77.8,0.020856201975850714,0.1119648737650933,0.407244785949506,0.2030735455543359,42.88467618002195,
64.0,Colorado Avalanche,Tyson Barrie,CA,D,18.0,2025.0,Kelowna Rockets (WHL),822.0,18.0,0.1338199513382,64,0.00016279799432871,508.0,0.618004866180049,,-82.0,263.0,,,,,,,71.9,barrity01,2009,D,71.9,0.021897810218978103,0.07785888077858881,0.6180048661800487,-0.09975669099756691,39.63770072992702,
55.0,Washington Capitals,Dmitry Orlov,RU,D,18.0,2026.0,Metallurg Novokuznetsk (Russia),894.0,18.0,0.0850111856823266,55,9.50908117251975e-05,342.0,0.38255033557047,,132.0,369.0,,,,,,,66.1,orlovdm01,2009,D,66.1,0.020134228187919462,0.06152125279642058,0.3825503355704698,0.1476510067114094,36.43531319910514,
16.0,Minnesota Wild,Nick Leddy,US,D,18.0,2026.0,Eden Priarie HS (High-MN),1052.0,18.0,0.0712927756653992,16,6.77687981610259e-05,418.0,0.397338403041825,,-41.0,207.0,,,,,,,65.7,leddyni01,2009,D,65.7,0.017110266159695818,0.015209125475285171,0.3973384030418251,-0.03897338403041825,36.19393536121674,
11.0,Nashville Predators,Ryan Ellis,CA,D,18.0,2022.0,Windsor Spitfires (OHL),566.0,18.0,0.134275618374558,11,0.00023723607486671,275.0,0.485865724381625,,116.0,189.0,,,,,,,57.4,ellisry01,2009,D,57.4,0.03180212014134275,0.019434628975265017,0.48586572438162545,0.2049469964664311,31.668498233215548,
66.0,Buffalo Sabres,Brayden McNabb,CA,D,18.0,2026.0,Kootenay Ice (WHL),848.0,18.0,0.0389150943396226,66,4.58904414382342e-05,180.0,0.212264150943396,,158.0,553.0,,,,,,,48.4,mcnabbr01,2009,D,48.4,0.02122641509433962,0.07783018867924528,0.21226415094339623,0.18632075471698112,26.680377358490567,
14.0,Florida Panthers,Dmitry Kulikov,RU,D,18.0,2026.0,Drummondville Voltigeurs (QMJHL),1020.0,18.0,0.0490196078431373,14,4.80584390618993e-05,247.0,0.242156862745098,,-25.0,629.0,,,,,,,46.6,kulikdm01,2009,D,46.6,0.01764705882352941,0.013725490196078431,0.24215686274509804,-0.024509803921568627,25.667009803921566,
94.0,Columbus Blue Jackets,David Savard,CA,D,18.0,2025.0,Moncton Wildcats (QMJHL),870.0,18.0,0.0620689655172414,94,7.13436385255648e-05,242.0,0.27816091954023,,-29.0,467.0,,,,,,,44.6,savarda01,2009,D,44.6,0.020689655172413793,0.10804597701149425,0.27816091954022987,-0.03333333333333333,24.581264367816093,
51.0,Carolina Hurricanes,Brian Dumoulin,US,D,18.0,2026.0,New Hampshire (EJHL),732.0,18.0,0.0382513661202186,51,5.22559646451074e-05,183.0,0.25,,95.0,184.0,,,,,,,39.5,dumoubr01,2009,D,39.5,0.02459016393442623,0.06967213114754098,0.25,0.12978142076502733,21.7849043715847,
106.0,Anaheim Ducks,Sami Vatanen,FI,D,18.0,2021.0,JYP Jr. (Finland Jr.),473.0,18.0,0.0993657505285412,106,0.000210075582512772,200.0,0.422832980972516,,-5.0,212.0,,,,,,,36.2,vatansa01,2009,D,36.2,0.03805496828752643,0.22410147991543342,0.42283298097251587,-0.010570824524312896,19.998583509513747,
150.0,Detroit Red Wings,Nick Jensen,US,D,18.0,2026.0,Green Bay Gamblers (USHL),659.0,18.0,0.0349013657056146,150,5.29611012224804e-05,161.0,0.244309559939302,,30.0,148.0,,,,,,,32.2,jenseni02,2009,D,32.2,0.027314112291350532,0.2276176024279211,0.24430955993930198,0.04552352048558422,17.776691957511385,
120.0,Atlanta Thrashers,Ben Chiarot,CA,D,18.0,2026.0,Guelph Storm (OHL),750.0,18.0,0.0653333333333333,120,8.71111111111111e-05,178.0,0.237333333333333,,-57.0,561.0,,,,,,,30.4,chiarbe01,2009,D,30.4,0.024,0.16,0.23733333333333334,-0.076,16.766399999999997,
12.0,New York Islanders,Calvin de Haan,CA,D,18.0,2025.0,Oshawa Generals (OHL),679.0,18.0,0.0353460972017673,12,5.20561078081993e-05,149.0,0.219440353460972,,-6.0,249.0,,,,,,,28.5,dehaaca01,2009,D,28.5,0.026509572901325478,0.017673048600883652,0.21944035346097202,-0.008836524300441826,15.711450662739324,
21.0,Columbus Blue Jackets,John Moore,US,D,18.0,2022.0,Chicago Steel (USHL),544.0,18.0,0.0698529411764706,21,0.000128406141868512,118.0,0.216911764705882,,-35.0,227.0,,,,,,,25.1,moorejo01,2009,D,25.1,0.03308823529411765,0.03860294117647059,0.21691176470588236,-0.06433823529411764,13.838272058823533,
83.0,Vancouver Canucks,Kevin Connauton,CA,D,19.0,2022.0,Western Michigan (CCHA),360.0,19.0,0.0777777777777778,83,0.000216049382716049,80.0,0.222222222222222,,5.0,188.0,,,,,,,17.6,connake01,2009,D,17.6,0.05277777777777778,0.23055555555555557,0.2222222222222222,0.013888888888888888,9.743055555555555,
100.0,Ottawa Senators,Chris Wideman,US,D,19.0,2023.0,Miami (Ohio) (CCHA),291.0,19.0,0.0687285223367698,100,0.000236180489129793,78.0,0.268041237113402,,-27.0,252.0,,,,,,,11.4,widemch01,2009,D,11.4,0.06529209621993128,0.3436426116838488,0.26804123711340205,-0.09278350515463918,6.341821305841925,
30.0,Pittsburgh Penguins,Simon Despres,CA,D,18.0,2017.0,Saint John Sea Dogs (QMJHL),193.0,18.0,0.0310880829015544,30,0.000161078149748987,43.0,0.22279792746114,,31.0,150.0,,,,,,,11.0,desprsi01,2009,D,11.0,0.09326424870466321,0.15544041450777202,0.22279792746113988,0.16062176165803108,6.124352331606219,
54.0,New Jersey Devils,Eric Gelinas,CA,D,18.0,2017.0,Lewiston MAINEiacs (QMJHL),189.0,18.0,0.0740740740740741,54,0.000391926317852244,55.0,0.291005291005291,,-16.0,92.0,,,,,,,10.5,geliner01,2009,D,10.5,0.09523809523809523,0.2857142857142857,0.291005291005291,-0.08465608465608465,5.848280423280423,
9.0,Ottawa Senators,Jared Cowen,CA,D,18.0,2016.0,Spokane Chiefs (WHL),249.0,18.0,0.0602409638554217,9,0.000241931581748682,46.0,0.184738955823293,,-7.0,174.0,,,,,,,8.3,cowenja01,2009,D,8.3,0.07228915662650602,0.03614457831325301,0.18473895582329317,-0.028112449799196786,4.60074297188755,
49.0,Colorado Avalanche,Stefan Elliott,CA,D,18.0,2019.0,Saskatoon Blades (WHL),87.0,18.0,0.0919540229885057,49,0.00105694279297133,25.0,0.28735632183908,,-5.0,16.0,,,,,,,4.7,elliost01,2009,D,4.7,0.20689655172413793,0.5632183908045977,0.28735632183908044,-0.05747126436781609,2.6993678160919545,
17.0,St. Louis Blues,David Rundblad,SE,D,18.0,2016.0,Skelleftea AIK (Sweden),113.0,18.0,0.0353982300884956,17,0.000313258673349519,25.0,0.221238938053097,,-6.0,30.0,,,,,,,4.0,rundbda01,2009,D,4.0,0.1592920353982301,0.1504424778761062,0.22123893805309736,-0.05309734513274336,2.258849557522124,
28.0,Chicago Blackhawks,Dylan Olsen,US,D,18.0,2016.0,Camrose (AJHL),124.0,18.0,0.0403225806451613,28,0.000325182101977107,22.0,0.17741935483871,,-16.0,36.0,,,,,,,3.1,olsendy01,2009,D,3.1,0.14516129032258066,0.22580645161290322,0.1774193548387097,-0.12903225806451613,1.7558064516129035,
23.0,Calgary Flames,Tim Erixon,US,D,18.0,2015.0,Skelleftea AIK (Sweden),93.0,18.0,0.021505376344086,23,0.000231240605850387,14.0,0.150537634408602,,-3.0,38.0,,,,,,,2.9,erixoti01,2009,D,2.9,0.1935483870967742,0.24731182795698925,0.15053763440860216,-0.03225806451612903,1.6584408602150535,
196.0,Philadelphia Flyers,Oliver Lauridsen,DK,D,20.0,2015.0,St. Cloud State (WCHA),16.0,20.0,0.125,196,0.0078125,3.0,0.1875,,-1.0,44.0,,,,,,,0.8,lauriol01,2009,D,0.8,1.25,12.25,0.1875,-0.0625,1.4495000000000002,
114.0,New Jersey Devils,Seth Helgeson,US,D,18.0,2017.0,Sioux City Musketeers (USHL),50.0,18.0,0.02,114,0.0004,4.0,0.08,,1.0,50.0,,,,,,,1.7,helgese01,2009,D,1.7,0.36,2.28,0.08,0.02,1.213,
210.0,Detroit Red Wings,Adam Almqvist,SE,D,18.0,2014.0,HV71 Jr. (Sweden Jr.),2.0,18.0,0.5,210,0.25,1.0,0.5,,-1.0,0.0,,,,,,,0.2,almqvad01,2009,D,0.2,9.0,105.0,0.5,-0.5,1.1535,
73.0,New Jersey Devils,Alexander Urbom,SE,D,18.0,2014.0,Djurgardens IF (Sweden),34.0,18.0,0.0882352941176471,73,0.00259515570934256,4.0,0.117647058823529,,-1.0,28.0,,,,,,,1.2,urbomal01,2009,D,1.2,0.5294117647058824,2.1470588235294117,0.11764705882352941,-0.029411764705882353,0.9423529411764707,
178.0,Carolina Hurricanes,Rasmus Rissanen,FI,D,18.0,2015.0,KalPa Jr. (Finland Jr.),6.0,18.0,0.0,178,0.0,0.0,0.0,,-5.0,4.0,,,,,,,-0.3,rissara01,2009,D,-0.3,3.0,29.666666666666668,0.0,-0.8333333333333334,0.9055,
115.0,Washington Capitals,Patrick Wey,US,D,18.0,2014.0,Waterloo Black Hawks (USHL),9.0,18.0,0.0,115,0.0,3.0,0.333333333333333,,0.0,5.0,,,,,,,0.4,weypa01,2009,D,0.4,2.0,12.777777777777779,0.3333333333333333,0.0,0.7865000000000001,
84.0,Los Angeles Kings,Nicolas Deslauriers,CA,D,18.0,2026.0,Rouyn-Noranda Huskies (QMJHL),688.0,18.0,0.0770348837209302,84,0.00011196930773391,104.0,0.151162790697674,,-107.0,776.0,,,,,,,1.3,deslani01,2009,D,1.3,0.02616279069767442,0.12209302325581395,0.1511627906976744,-0.1555232558139535,0.7369476744186048,
122.0,New York Islanders,Anton Klementyev,RU,D,19.0,2010.0,Lokomotiv Yaroslavl 2 (Russia-3),1.0,19.0,0.0,122,0.0,0.0,0.0,,0.0,0.0,,,,,,,0.0,klemean01,2009,D,0.0,19.0,122.0,0.0,0.0,0.7050000000000001,
58.0,Toronto Maple Leafs,Jesse Blacker,CA,D,18.0,2015.0,Windsor Spitfires (OHL),1.0,18.0,0.0,58,0.0,0.0,0.0,,-2.0,0.0,,,,,,,-0.2,blackje01,2009,D,-0.2,18.0,58.0,0.0,-2.0,0.36450000000000005,
61.0,Pittsburgh Penguins,Philip Samuelsson,SE,D,18.0,2016.0,Chicago Steel (USHL),13.0,18.0,0.0,61,0.0,0.0,0.0,,-4.0,2.0,,,,,,,-0.1,samueph01,2009,D,-0.1,1.3846153846153846,4.6923076923076925,0.0,-0.3076923076923077,0.33925,
37.0,Anaheim Ducks,Mat Clark,US,D,18.0,2015.0,Brampton Battalion (OHL),9.0,18.0,0.0,37,0.0,1.0,0.111111111111111,,0.0,6.0,,,,,,,0.2,clarkma01,2009,D,0.2,2.0,4.111111111111111,0.1111111111111111,0.0,0.332,
42.0,Nashville Predators,Charles-Olivier Roussel,CA,D,18.0,,Shawinigan Cataractes (QMJHL),,18.0,0.0,42,0.0,0.0,0.0,,0.0,,,,,,,,,roussch01,2009,D,0.0,0.0,0.0,0.0,0.0,,
43.0,San Jose Sharks,William Wrenn,US,D,18.0,,USA U-18 Development Team (USDP/NAHL),,18.0,0.0,43,0.0,0.0,0.0,,0.0,,,,,,,,,wrennwi01,2009,D,0.0,0.0,0.0,0.0,0.0,,
48.0,St. Louis Blues,Brett Ponich,CA,D,18.0,,Portland Winter Hawks (WHL),,18.0,0.0,48,0.0,0.0,0.0,,0.0,,,,,,,,,ponicbr01,2009,D,0.0,0.0,0.0,0.0,0.0,,
57.0,San Jose Sharks,Taylor Doherty,CA,D,18.0,,Kingston Frontenacs (OHL),,18.0,0.0,57,0.0,0.0,0.0,,0.0,,,,,,,,,doherta01,2009,D,0.0,0.0,0.0,0.0,0.0,,
71.0,Edmonton Oilers,Troy Hesketh,US,D,18.0,,Minnetonka HS (High-MN),,18.0,0.0,71,0.0,0.0,0.0,,0.0,,,,,,,,,hesketr01,2009,D,0.0,0.0,0.0,0.0,0.0,,
79.0,Montreal Canadiens,Mac Bennett,US,D,18.0,,Hotchkiss School (High-CT),,18.0,0.0,79,0.0,0.0,0.0,,0.0,,,,,,,,,bennema02,2009,D,0.0,0.0,0.0,0.0,0.0,,
86.0,Boston Bruins,Ryan Button,CA,D,18.0,,Prince Albert Raiders (WHL),,18.0,0.0,86,0.0,0.0,0.0,,0.0,,,,,,,,,buttory01,2009,D,0.0,0.0,0.0,0.0,0.0,,
87.0,Philadelphia Flyers,Simon Bertilsson,SE,D,18.0,,Brynas IF (Sweden),,18.0,0.0,87,0.0,0.0,0.0,,0.0,,,,,,,,,bertisi01,2009,D,0.0,0.0,0.0,0.0,0.0,,
90.0,Detroit Red Wings,Gleason Fournier,CA,D,18.0,,Rimouski Oceanic (QMJHL),,18.0,0.0,90,0.0,0.0,0.0,,0.0,,,,,,,,,fourngl01,2009,D,0.0,0.0,0.0,0.0,0.0,,
99.0,Edmonton Oilers,Kyle Bigos,US,D,20.0,,Vernon (BCHL),,20.0,0.0,99,0.0,0.0,0.0,,0.0,,,,,,,,,bigosky01,2009,D,0.0,0.0,0.0,0.0,0.0,,
105.0,Phoenix Coyotes,Justin Weller,CA,D,18.0,,Red Deer Rebels (WHL),,18.0,0.0,105,0.0,0.0,0.0,,0.0,,,,,,,,,welleju01,2009,D,0.0,0.0,0.0,0.0,0.0,,
113.0,Vancouver Canucks,Jeremy Price,CA,D,18.0,,Nepean (CJHL),,18.0,0.0,113,0.0,0.0,0.0,,0.0,,,,,,,,,priceje01,2009,D,0.0,0.0,0.0,0.0,0.0,,
123.0,Pittsburgh Penguins,Alex Velischek,CA,D,18.0,,Delbarton School (High-NJ),,18.0,0.0,123,0.0,0.0,0.0,,0.0,,,,,,,,,velisal01,2009,D,0.0,0.0,0.0,0.0,0.0,,
125.0,Atlanta Thrashers,Cody Sol,CA,D,18.0,,Saginaw Spirit (OHL),,18.0,0.0,125,0.0,0.0,0.0,,0.0,,,,,,,,,solco01,2009,D,0.0,0.0,0.0,0.0,0.0,,
126.0,Los Angeles Kings,David Kolomatis,US,D,20.0,,Owen Sound Attack (OHL),,20.0,0.0,126,0.0,0.0,0.0,,0.0,,,,,,,,,kolomda01,2009,D,0.0,0.0,0.0,0.0,0.0,,
128.0,Toronto Maple Leafs,Eric Knodel,US,D,19.0,,Philadelphia (USMAAA),,19.0,0.0,128,0.0,0.0,0.0,,0.0,,,,,,,,,knodeer01,2009,D,0.0,0.0,0.0,0.0,0.0,,
134.0,Buffalo Sabres,Mark Adams,US,D,18.0,,Malden Catholic HS (High-MA),,18.0,0.0,134,0.0,0.0,0.0,,0.0,,,,,,,,,adamsma01,2009,D,0.0,0.0,0.0,0.0,0.0,,
137.0,Columbus Blue Jackets,Thomas Larkin,GB,D,18.0,,Phillps-Exeter Academy (High-NH),,18.0,0.0,137,0.0,0.0,0.0,,0.0,,,,,,,,,larkith01,2009,D,0.0,0.0,0.0,0.0,0.0,,
143.0,Vancouver Canucks,Peter Andersson,SE,D,18.0,,Frolunda HC Jr. (Sweden Jr.),,18.0,0.0,143,0.0,0.0,0.0,,0.0,,,,,,,,,anderpe04,2009,D,0.0,0.0,0.0,0.0,0.0,,
145.0,Washington Capitals,Brett Flemming,CA,D,18.0,,Mississauga St. Michael's Majors (OHL),,18.0,0.0,145,0.0,0.0,0.0,,0.0,,,,,,,,,flemmbr01,2009,D,0.0,0.0,0.0,0.0,0.0,,
166.0,Anaheim Ducks,Scott Valentine,CA,D,18.0,,Oshawa Generals (OHL),,18.0,0.0,166,0.0,0.0,0.0,,0.0,,,,,,,,,valensc01,2009,D,0.0,0.0,0.0,0.0,0.0,,
167.0,Columbus Blue Jackets,Anton Blomqvist,SE,D,19.0,,Malmo Jr. (Sweden Jr.),,19.0,0.0,167,0.0,0.0,0.0,,0.0,,,,,,,,,blomqan01,2009,D,0.0,0.0,0.0,0.0,0.0,,
168.0,St. Louis Blues,David Shields,US,D,18.0,,Erie Otters (OHL),,18.0,0.0,168,0.0,0.0,0.0,,0.0,,,,,,,,,shielda01,2009,D,0.0,0.0,0.0,0.0,0.0,,
170.0,New York Rangers,Dan Maggio,CA,D,18.0,,Sudbury Wolves (OHL),,18.0,0.0,170,0.0,0.0,0.0,,0.0,,,,,,,,,maggida01,2009,D,0.0,0.0,0.0,0.0,0.0,,
181.0,Pittsburgh Penguins,Viktor Ekbom,SE,D,20.0,,IK Oskarshamn (Sweden-2),,20.0,0.0,181,0.0,0.0,0.0,,0.0,,,,,,,,,ekbomvi01,2009,D,0.0,0.0,0.0,0.0,0.0,,
183.0,Tampa Bay Lightning,Kirill Gotovets,BY,D,18.0,,Shattuck-St. Mary's School (High-MN),,18.0,0.0,183,0.0,0.0,0.0,,0.0,,,,,,,,,gotovki01,2009,D,0.0,0.0,0.0,0.0,0.0,,
184.0,Colorado Avalanche,Gus Young,US,D,18.0,,Noble & Greenough School (High-MA),,18.0,0.0,184,0.0,0.0,0.0,,0.0,,,,,,,,,younggu01,2009,D,0.0,0.0,0.0,0.0,0.0,,
188.0,Toronto Maple Leafs,Barron Smith,US,D,18.0,,Peterborough Petes (OHL),,18.0,0.0,188,0.0,0.0,0.0,,0.0,,,,,,,,,smithba02,2009,D,0.0,0.0,0.0,0.0,0.0,,
191.0,Ottawa Senators,Michael Sdao,US,D,20.0,,Lincoln Stars (USHL),,20.0,0.0,191,0.0,0.0,0.0,,0.0,,,,,,,,,sdaomi01,2009,D,0.0,0.0,0.0,0.0,0.0,,
195.0,Chicago Blackhawks,Paul Phillips,US,D,18.0,,Cedar Rapids Roughriders (USHL),,18.0,0.0,195,0.0,0.0,0.0,,0.0,,,,,,,,,phillpa01,2009,D,0.0,0.0,0.0,0.0,0.0,,
200.0,New York Rangers,Mikhail Pashnin,RU,D,20.0,,Mechel Chelyabinsk (Russia-2),,20.0,0.0,200,0.0,0.0,0.0,,0.0,,,,,,,,,pashnmi01,2009,D,0.0,0.0,0.0,0.0,0.0,,
204.0,New Jersey Devils,Curtis Gedig,CA,D,18.0,,Cowichan Valley (BCHL),,18.0,0.0,204,0.0,0.0,0.0,,0.0,,,,,,,,,gedigcu01,2009,D,0.0,0.0,0.0,0.0,0.0,,
207.0,San Jose Sharks,Dominik Bielke,DE,D,18.0,,Eisbaren Berlin (Germany),,18.0,0.0,207,0.0,0.0,0.0,,0.0,,,,,,,,,bielkdo01,2009,D,0.0,0.0,0.0,0.0,0.0,,
208.0,Carolina Hurricanes,Tommi Kivisto,FI,D,18.0,,Red Deer Rebels (WHL),,18.0,0.0,208,0.0,0.0,0.0,,0.0,,,,,,,,,kivisto01,2009,D,0.0,0.0,0.0,0.0,0.0,,
,Carolina Hurricanes,Justin Faulk,US,D,18.0,2026.0,USA U-18 Development Team (USDP/USHL),1007.0,18.0,0.135054617676266,37,0.000134115807027076,471.0,0.46772591857001,,-70.0,492.0,,,,,,,81.3,faulkju01,2010,D,81.3,0.01787487586891758,0.036742800397219465,0.46772591857000995,-0.06951340615690169,44.78366931479643,37.0
,Anaheim Ducks,Cam Fowler,CA,D,18.0,2026.0,Windsor Spitfires (OHL),1069.0,18.0,0.0991580916744621,12,9.27578032501984e-05,504.0,0.471468662301216,,-121.0,275.0,,,,,,,78.5,fowleca01,2010,D,78.5,0.01683816651075772,0.011225444340505144,0.4714686623012161,-0.11318989710009354,43.2372076707203,12.0
,Dallas Stars,John Klingberg,SE,D,18.0,2026.0,Frolunda HC Jr. (Sweden Jr.),662.0,18.0,0.128398791540785,131,0.0001939558784604,423.0,0.638972809667674,,-42.0,275.0,,,,,,,64.9,klingjo01,2010,D,64.9,0.027190332326283987,0.19788519637462235,0.6389728096676737,-0.0634441087613293,35.80700906344412,131.0
,Tampa Bay Lightning,Radko Gudas,CZ,D,20.0,2026.0,Everett Silvertips (WHL),844.0,20.0,0.0485781990521327,66,5.75571078816738e-05,202.0,0.239336492890995,,90.0,1066.0,,,,,,,41.4,gudasra01,2010,D,41.4,0.023696682464454975,0.07819905213270142,0.23933649289099526,0.1066350710900474,22.826753554502368,66.0
,Los Angeles Kings,Derek Forbort,US,D,18.0,2026.0,USA U-18 Development Team (USDP/USHL),552.0,18.0,0.0344202898550725,15,6.23555975635371e-05,106.0,0.192028985507246,,23.0,346.0,,,,,,,27.1,forbode01,2010,D,27.1,0.03260869565217391,0.02717391304347826,0.19202898550724637,0.041666666666666664,14.94394927536232,15.0
,New Jersey Devils,Jon Merrill,US,D,18.0,2025.0,USA U-18 Development Team (USDP/USHL),682.0,18.0,0.0351906158357771,38,5.15991434542186e-05,115.0,0.168621700879765,,-13.0,321.0,,,,,,,25.0,merrijo01,2010,D,25.0,0.026392961876832845,0.05571847507331378,0.16862170087976538,-0.01906158357771261,13.78159824046921,38.0
,Buffalo Sabres,Mark Pysyk,CA,D,18.0,2022.0,Edmonton Oil Kings (WHL),521.0,18.0,0.053742802303263,23,0.000103153171407415,104.0,0.199616122840691,,-18.0,162.0,,,,,,,22.0,pysykma01,2010,D,22.0,0.0345489443378119,0.044145873320537425,0.19961612284069097,-0.0345489443378119,12.134357005758158,23.0
,Florida Panthers,Erik Gudbranson,CA,D,18.0,2026.0,Kingston Frontenacs (OHL),809.0,18.0,0.0420271940667491,3,5.19495600330644e-05,137.0,0.169344870210136,,-126.0,851.0,,,,,,,21.6,gudbrer01,2010,D,21.6,0.022249690976514216,0.003708281829419036,0.16934487021013597,-0.1557478368355995,11.892422744128556,3.0
,Chicago Blackhawks,Justin Holl,US,D,18.0,2025.0,Minnetonka HS (High-MN),396.0,18.0,0.0328282828282828,54,8.28997041118253e-05,95.0,0.23989898989899,,59.0,188.0,,,,,,,19.7,hollju01,2010,D,19.7,0.045454545454545456,0.13636363636363635,0.2398989898989899,0.14898989898989898,10.904065656565656,54.0
,Dallas Stars,Patrik Nemeth,SE,D,18.0,2023.0,AIK (Sweden-2),504.0,18.0,0.0198412698412698,41,3.93675988914083e-05,70.0,0.138888888888889,,3.0,240.0,,,,,,,17.0,nemetpa01,2010,D,17.0,0.03571428571428571,0.08134920634920635,0.1388888888888889,0.005952380952380952,9.383134920634923,41.0
,St. Louis Blues,Jani Hakanpaa,FI,D,18.0,2025.0,Kiekko-Vantaa Jr. (Finland Jr.),290.0,18.0,0.0517241379310345,104,0.000178359096313912,45.0,0.155172413793103,,33.0,173.0,,,,,,,13.7,hakanja01,2010,D,13.7,0.06206896551724138,0.3586206896551724,0.15517241379310345,0.11379310344827587,7.611724137931035,104.0
,Florida Panthers,Alex Petrovic,CA,D,18.0,2026.0,Red Deer Rebels (WHL),294.0,18.0,0.0204081632653061,36,6.9415521310565e-05,57.0,0.193877551020408,,-6.0,395.0,,,,,,,10.6,petroal01,2010,D,10.6,0.061224489795918366,0.12244897959183673,0.19387755102040816,-0.02040816326530612,5.8754081632653055,36.0
,Columbus Blue Jackets,Dalton Prout,CA,D,20.0,2020.0,Barrie Colts (OHL),264.0,20.0,0.0265151515151515,154,0.000100436179981634,38.0,0.143939393939394,,-13.0,321.0,,,,,,,7.5,proutda01,2010,D,7.5,0.07575757575757576,0.5833333333333334,0.14393939393939395,-0.04924242424242424,4.207575757575758,154.0
,Chicago Blackhawks,Stephen Johns,US,D,18.0,2020.0,USA U-18 Development Team (USDP/USHL),167.0,18.0,0.0898203592814371,60,0.000537846462763096,33.0,0.197604790419162,,-6.0,93.0,,,,,,,6.9,johnsst03,2010,D,6.9,0.10778443113772455,0.3592814371257485,0.19760479041916168,-0.03592814371257485,3.8677544910179646,60.0
,Edmonton Oilers,Martin Marincin,SK,D,18.0,2020.0,HK Orange 20 (Slovakia),227.0,18.0,0.0220264317180617,46,9.70327388460868e-05,34.0,0.149779735682819,,-13.0,110.0,,,,,,,6.6,marinma01,2010,D,6.6,0.07929515418502203,0.2026431718061674,0.14977973568281938,-0.05726872246696035,3.6749339207048464,46.0
,Anaheim Ducks,Tim Heed,SE,D,19.0,2020.0,Sodertalje SK (Sweden),105.0,19.0,0.0571428571428571,132,0.00054421768707483,29.0,0.276190476190476,,-1.0,20.0,,,,,,,5.0,heedti01,2010,D,5.0,0.18095238095238095,1.2571428571428571,0.2761904761904762,-0.009523809523809525,2.934285714285714,132.0
,Nashville Predators,Anthony Bitetto,US,D,20.0,2021.0,Indiana Ice (USHL),197.0,20.0,0.0152284263959391,168,7.73016568321782e-05,31.0,0.157360406091371,,-15.0,142.0,,,,,,,4.7,bitetan01,2010,D,4.7,0.10152284263959391,0.8527918781725888,0.15736040609137056,-0.07614213197969544,2.696421319796954,168.0
,Edmonton Oilers,Brandon Davidson,CA,D,19.0,2021.0,Regina Pats (WHL),180.0,19.0,0.05,162,0.000277777777777778,23.0,0.127777777777778,,-24.0,82.0,,,,,,,4.3,davidbr01,2010,D,4.3,0.10555555555555556,0.9,0.12777777777777777,-0.13333333333333333,2.471388888888889,162.0
,Los Angeles Kings,Kevin Gravel,US,D,18.0,2025.0,Sioux City Musketeers (USHL),138.0,18.0,0.0072463768115942,148,5.25099768956101e-05,15.0,0.108695652173913,,-9.0,16.0,,,,,,,3.6,graveke01,2010,D,3.6,0.13043478260869565,1.0724637681159421,0.10869565217391304,-0.06521739130434782,2.110072463768116,148.0
,Boston Bruins,Zach Trotman,US,D,20.0,2020.0,Lake Superior State (CCHA),91.0,20.0,0.032967032967033,210,0.000362275087549813,13.0,0.142857142857143,,1.0,30.0,,,,,,,2.9,trotmza01,2010,D,2.9,0.21978021978021978,2.3076923076923075,0.14285714285714285,0.01098901098901099,1.8702747252747252,210.0
,Montreal Canadiens,Jarred Tinordi,US,D,18.0,2024.0,USA U-18 Development Team (USDP/USHL),205.0,18.0,0.0195121951219512,22,9.51814396192741e-05,30.0,0.146341463414634,,-63.0,234.0,,,,,,,2.6,tinorja01,2010,D,2.6,0.08780487804878048,0.1073170731707317,0.14634146341463414,-0.3073170731707317,1.4407317073170733,22.0
,New York Rangers,Dylan McIlrath,CA,D,18.0,2026.0,Moose Jaw Warriors (WHL),95.0,18.0,0.0315789473684211,10,0.000332409972299169,9.0,0.0947368421052632,,-5.0,161.0,,,,,,,2.0,mcilrdy01,2010,D,2.0,0.18947368421052632,0.10526315789473684,0.09473684210526316,-0.05263157894736842,1.138421052631579,10.0
,Toronto Maple Leafs,Petter Granberg,SE,D,18.0,2017.0,Skelleftea AIK Jr. (Sweden Jr.),45.0,18.0,0.0,116,0.0,2.0,0.0444444444444444,,2.0,29.0,,,,,,,0.9,granbpe01,2010,D,0.9,0.4,2.577777777777778,0.044444444444444446,0.044444444444444446,0.8038888888888891,116.0
,Phoenix Coyotes,Brandon Gormley,CA,D,18.0,2016.0,Moncton Wildcats (QMJHL),58.0,18.0,0.0344827586206897,13,0.000594530321046374,5.0,0.0862068965517241,,-6.0,20.0,,,,,,,1.2,gormlbr01,2010,D,1.2,0.3103448275862069,0.22413793103448276,0.08620689655172414,-0.10344827586206896,0.7160344827586207,13.0
,Montreal Canadiens,Morgan Ellis,CA,D,18.0,2016.0,Cape Breton Screaming Eagles (QMJHL),3.0,18.0,0.0,117,0.0,0.0,0.0,,0.0,2.0,,,,,,,0.0,ellismo01,2010,D,0.0,6.0,39.0,0.0,0.0,0.6749999999999999,117.0
,Calgary Flames,John Ramage,CA,D,19.0,2016.0,Wisconsin (WCHA),2.0,19.0,0.0,103,0.0,0.0,0.0,,-3.0,0.0,,,,,,,-0.2,ramagjo01,2010,D,-0.2,9.5,51.5,0.0,-1.5,0.584,103.0
,Atlanta Thrashers,Julian Melchiori,CA,D,18.0,2017.0,Newmarket (OJHL),30.0,18.0,0.0,87,0.0,2.0,0.0666666666666667,,0.0,8.0,,,,,,,0.4,melchju01,2010,D,0.4,0.6,2.9,0.06666666666666667,0.0,0.5800000000000001,87.0
,Carolina Hurricanes,Danny Biega,CA,D,18.0,2015.0,Harvard (ECAC),10.0,18.0,0.0,67,0.0,2.0,0.2,,-5.0,0.0,,,,,,,0.1,biegada01,2010,D,0.1,1.8,6.7,0.2,-0.5,0.4425,67.0
,Carolina Hurricanes,Mark Alt,US,D,18.0,2021.0,Cretin-Derham Hall (High-MN),20.0,18.0,0.0,53,0.0,0.0,0.0,,-2.0,4.0,,,,,,,0.0,altma01,2010,D,0.0,0.9,2.65,0.0,-0.1,0.34500000000000003,53.0
,Tampa Bay Lightning,Brock Beukeboom,US,D,18.0,,Soo Greyhounds (OHL),,18.0,0.0,63,0.0,0.0,0.0,,0.0,,,,,,,,,beukebr01,2010,D,0.0,0.0,0.0,0.0,0.0,,63.0
,Buffalo Sabres,Jerome Gauthier-Leduc,CA,D,18.0,,Rouyn-Noranda Huskies (QMJHL),,18.0,0.0,68,0.0,0.0,0.0,,0.0,,,,,,,,,gauthje02,2010,D,0.0,0.0,0.0,0.0,0.0,,68.0
,Tampa Bay Lightning,Adam Janosik,SK,D,18.0,,Gatineau Olympiques (QMJHL),,18.0,0.0,72,0.0,0.0,0.0,,0.0,,,,,,,,,janosad01,2010,D,0.0,0.0,0.0,0.0,0.0,,72.0
,Calgary Flames,Joey Leach,CA,D,18.0,,Kootenay Ice (WHL),,18.0,0.0,73,0.0,0.0,0.0,,0.0,,,,,,,,,leachjo01,2010,D,0.0,0.0,0.0,0.0,0.0,,73.0
,Nashville Predators,Taylor Aronson,US,D,18.0,,Portland Winterhawks (WHL),,18.0,0.0,78,0.0,0.0,0.0,,0.0,,,,,,,,,aronsta01,2010,D,0.0,0.0,0.0,0.0,0.0,,78.0
,Buffalo Sabres,Matt MacKenzie,CA,D,18.0,,Calgary Hitmen (WHL),,18.0,0.0,83,0.0,0.0,0.0,,0.0,,,,,,,,,mackema01,2010,D,0.0,0.0,0.0,0.0,0.0,,83.0
,Carolina Hurricanes,Austin Levi,US,D,18.0,,Plymouth Whalers (OHL),,18.0,0.0,85,0.0,0.0,0.0,,0.0,,,,,,,,,leviau01,2010,D,0.0,0.0,0.0,0.0,0.0,,85.0
,Edmonton Oilers,Jeremie Blain,CA,D,18.0,,Acadie-Bathurst Titan (QMJHL),,18.0,0.0,91,0.0,0.0,0.0,,0.0,,,,,,,,,blainje01,2010,D,0.0,0.0,0.0,0.0,0.0,,91.0
,Florida Panthers,Ben Gallacher,CA,D,18.0,,Camrose (AJHL),,18.0,0.0,93,0.0,0.0,0.0,,0.0,,,,,,,,,gallabe01,2010,D,0.0,0.0,0.0,0.0,0.0,,93.0
,Columbus Blue Jackets,Brandon Archibald,US,D,18.0,,Soo Greyhounds (OHL),,18.0,0.0,94,0.0,0.0,0.0,,0.0,,,,,,,,,archibr01,2010,D,0.0,0.0,0.0,0.0,0.0,,94.0
,Colorado Avalanche,Stephen Silas,CA,D,18.0,,Belleville Bulls (OHL),,18.0,0.0,95,0.0,0.0,0.0,,0.0,,,,,,,,,silasst01,2010,D,0.0,0.0,0.0,0.0,0.0,,95.0
,Tampa Bay Lightning,Geoffrey Schemitsch,CA,D,18.0,,Owen Sound Attack (OHL),,18.0,0.0,96,0.0,0.0,0.0,,0.0,,,,,,,,,schemge01,2010,D,0.0,0.0,0.0,0.0,0.0,,96.0
,Dallas Stars,Alex Theriau,CA,D,18.0,,Everett Silvertips (WHL),,18.0,0.0,109,0.0,0.0,0.0,,0.0,,,,,,,,,therial01,2010,D,0.0,0.0,0.0,0.0,0.0,,109.0
,New Jersey Devils,Joe Faust,US,D,18.0,,Bloomington Jefferson HS (High-MN),,18.0,0.0,114,0.0,0.0,0.0,,0.0,,,,,,,,,faustjo01,2010,D,0.0,0.0,0.0,0.0,0.0,,114.0
,Vancouver Canucks,Patrick McNally,US,D,18.0,,Milton Academy (High-MA),,18.0,0.0,115,0.0,0.0,0.0,,0.0,,,,,,,,,mcnalpa01,2010,D,0.0,0.0,0.0,0.0,0.0,,115.0
,Columbus Blue Jackets,Austin Madaisky,CA,D,18.0,,Kamloops Blazers (WHL),,18.0,0.0,124,0.0,0.0,0.0,,0.0,,,,,,,,,madaiau01,2010,D,0.0,0.0,0.0,0.0,0.0,,124.0
,New York Islanders,Tony Dehart,US,D,20.0,,Oshawa Generals (OHL),,20.0,0.0,125,0.0,0.0,0.0,,0.0,,,,,,,,,deharto01,2010,D,0.0,0.0,0.0,0.0,0.0,,125.0
,San Jose Sharks,Isaac MacLeod,CA,D,18.0,,Penticton (BCHL),,18.0,0.0,136,0.0,0.0,0.0,,0.0,,,,,,,,,macleis01,2010,D,0.0,0.0,0.0,0.0,0.0,,136.0
,Colorado Avalanche,Troy Rutkowski,CA,D,18.0,,Portland Winterhawks (WHL),,18.0,0.0,137,0.0,0.0,0.0,,0.0,,,,,,,,,rutkotr01,2010,D,0.0,0.0,0.0,0.0,0.0,,137.0
,Vancouver Canucks,Adam Polasek,CZ,D,19.0,,Prince Edward Island Rocket (QMJHL),,19.0,0.0,145,0.0,0.0,0.0,,0.0,,,,,,,,,polasad01,2010,D,0.0,0.0,0.0,0.0,0.0,,145.0
,Pittsburgh Penguins,Joe Rogalski,US,D,18.0,,Sarnia Sting (OHL),,18.0,0.0,152,0.0,0.0,0.0,,0.0,,,,,,,,,rogaljo01,2010,D,0.0,0.0,0.0,0.0,0.0,,152.0
,Atlanta Thrashers,Kendall McFaull,CA,D,18.0,,Moose Jaw Warriors (WHL),,18.0,0.0,155,0.0,0.0,0.0,,0.0,,,,,,,,,mcfauke01,2010,D,0.0,0.0,0.0,0.0,0.0,,155.0
,San Jose Sharks,Konrad Abeltshauser,DE,D,18.0,,Halifax Mooseheads (QMJHL),,18.0,0.0,163,0.0,0.0,0.0,,0.0,,,,,,,,,abeltko01,2010,D,0.0,0.0,0.0,0.0,0.0,,163.0
,Carolina Hurricanes,Tyler Stahl,CA,D,18.0,,Chilliwack Bruins (WHL),,18.0,0.0,167,0.0,0.0,0.0,,0.0,,,,,,,,,stahlty01,2010,D,0.0,0.0,0.0,0.0,0.0,,167.0
,Atlanta Thrashers,Sebastian Owuya,SE,D,18.0,,Timra IK Jr. (Sweden Jr.),,18.0,0.0,169,0.0,0.0,0.0,,0.0,,,,,,,,,owuyase01,2010,D,0.0,0.0,0.0,0.0,0.0,,169.0
,Pittsburgh Penguins,Reid McNeill,CA,D,18.0,,London Knights (OHL),,18.0,0.0,170,0.0,0.0,0.0,,0.0,,,,,,,,,mcneire01,2010,D,0.0,0.0,0.0,0.0,0.0,,170.0
,Washington Capitals,Samuel Carrier,CA,D,18.0,,Lewiston MAINEiacs (QMJHL),,18.0,0.0,176,0.0,0.0,0.0,,0.0,,,,,,,,,carrisa02,2010,D,0.0,0.0,0.0,0.0,0.0,,176.0
,Anaheim Ducks,Kevin Lind,US,D,18.0,,Chicago Steel (USHL),,18.0,0.0,177,0.0,0.0,0.0,,0.0,,,,,,,,,lindke01,2010,D,0.0,0.0,0.0,0.0,0.0,,177.0
,Philadelphia Flyers,Nick Luukko,US,D,18.0,,The Gunnery (High-CT),,18.0,0.0,179,0.0,0.0,0.0,,0.0,,,,,,,,,luukkni01,2010,D,0.0,0.0,0.0,0.0,0.0,,179.0
,Chicago Blackhawks,Nick Mattson,US,D,18.0,,Indiana Ice (USHL),,18.0,0.0,180,0.0,0.0,0.0,,0.0,,,,,,,,,mattsni01,2010,D,0.0,0.0,0.0,0.0,0.0,,180.0
,Florida Panthers,R.J. Boyd,US,D,19.0,,Cushing Academy (High-MA),,19.0,0.0,183,0.0,0.0,0.0,,0.0,,,,,,,,,boydr.01,2010,D,0.0,0.0,0.0,0.0,0.0,,183.0
,Tampa Bay Lightning,Teigan Zahn,CA,D,20.0,,Saskatoon Blades (WHL),,20.0,0.0,186,0.0,0.0,0.0,,0.0,,,,,,,,,zahnte01,2010,D,0.0,0.0,0.0,0.0,0.0,,186.0
,San Jose Sharks,Lee Moffie,US,D,20.0,,Michigan (CCHA),,20.0,0.0,188,0.0,0.0,0.0,,0.0,,,,,,,,,moffile01,2010,D,0.0,0.0,0.0,0.0,0.0,,188.0
,Boston Bruins,Maxim Chudinov,RU,D,20.0,,Severstal Cherepovets (Russia),,20.0,0.0,195,0.0,0.0,0.0,,0.0,,,,,,,,,chudima01,2010,D,0.0,0.0,0.0,0.0,0.0,,195.0
,Ottawa Senators,Bryce Aneloski,US,D,20.0,,Cedar Rapids Roughriders (USHL),,20.0,0.0,196,0.0,0.0,0.0,,0.0,,,,,,,,,anelobr01,2010,D,0.0,0.0,0.0,0.0,0.0,,196.0
,Atlanta Thrashers,Peter Stoykewych,CA,D,18.0,,Winnipeg South (MJHL),,18.0,0.0,199,0.0,0.0,0.0,,0.0,,,,,,,,,stoykpe01,2010,D,0.0,0.0,0.0,0.0,0.0,,199.0
,Detroit Red Wings,Ben Marshall,US,D,18.0,,Mahtomedi HS (High-MN),,18.0,0.0,201,0.0,0.0,0.0,,0.0,,,,,,,,,marshbe02,2010,D,0.0,0.0,0.0,0.0,0.0,,201.0
,Vancouver Canucks,Sawyer Hannay,CA,D,18.0,,Halifax Mooseheads (QMJHL),,18.0,0.0,205,0.0,0.0,0.0,,0.0,,,,,,,,,hannasa01,2010,D,0.0,0.0,0.0,0.0,0.0,,205.0
,Philadelphia Flyers,Ricard Blidstrand,SE,D,18.0,,AIK Jr. (Sweden Jr.),,18.0,0.0,206,0.0,0.0,0.0,,0.0,,,,,,,,,blidsri01,2010,D,0.0,0.0,0.0,0.0,0.0,,206.0
9.0,Boston Bruins,Dougie Hamilton,CA,D,18.0,2026.0,Niagara IceDogs (OHL),857.0,18.0,0.180863477246208,9,0.000211042563881223,509.0,0.593932322053676,,77.0,540.0,,,,,,,91.3,hamildo01,2011,D,91.3,0.021003500583430573,0.010501750291715286,0.5939323220536756,0.08984830805134189,50.3162252042007,
10.0,Minnesota Wild,Jonas Brodin,SE,D,18.0,2026.0,Farjestad BK (Sweden),879.0,18.0,0.0693970420932878,10,7.8949991004878e-05,269.0,0.306029579067122,,109.0,268.0,,,,,,,60.6,brodijo01,2011,D,60.6,0.020477815699658702,0.011376564277588168,0.30602957906712175,0.12400455062571103,33.391490329920366,
4.0,New Jersey Devils,Adam Larsson,SE,D,18.0,2026.0,Skelleftea AIK (Sweden),954.0,18.0,0.0555555555555556,4,5.82343349638948e-05,246.0,0.257861635220126,,46.0,545.0,,,,,,,56.7,larssad01,2011,D,56.7,0.018867924528301886,0.0041928721174004195,0.2578616352201258,0.04821802935010482,31.230807127882603,
179.0,San Jose Sharks,Dylan Demelo,CA,D,18.0,2026.0,Mississauga St. Michael's Majors (OHL),661.0,18.0,0.0317700453857791,179,4.80636087530697e-05,173.0,0.261724659606657,,121.0,327.0,,,,,,,40.0,demeldy01,2011,D,40.0,0.02723146747352496,0.2708018154311649,0.2617246596066566,0.18305597579425115,22.08736762481089,
160.0,Anaheim Ducks,Josh Manson,CA,D,19.0,2026.0,Salmon Arm (BCHL),652.0,19.0,0.0628834355828221,160,9.64469870902179e-05,175.0,0.26840490797546,,62.0,628.0,,,,,,,38.9,mansojo01,2011,D,38.9,0.029141104294478526,0.24539877300613497,0.2684049079754601,0.0950920245398773,21.47222392638037,
46.0,St. Louis Blues,Joel Edmundson,CA,D,18.0,2026.0,Moose Jaw Warriors (WHL),629.0,18.0,0.0588235294117647,46,9.35191246609932e-05,141.0,0.224165341812401,,49.0,498.0,,,,,,,33.7,edmunjo01,2011,D,33.7,0.028616852146263912,0.07313195548489666,0.22416534181240064,0.07790143084260731,18.58658982511924,
20.0,Phoenix Coyotes,Connor Murphy,US,D,18.0,2026.0,USA U-18 Development Team (USDP/USHL),771.0,18.0,0.0557717250324254,20,7.23368677463364e-05,163.0,0.211413748378729,,-65.0,508.0,,,,,,,32.0,murphco02,2011,D,32.0,0.023346303501945526,0.02594033722438392,0.21141374837872892,-0.08430609597924774,17.628210116731516,
14.0,Dallas Stars,Jamie Oleksiak,CA,D,18.0,2026.0,Northeastern (H-East),704.0,18.0,0.0596590909090909,14,8.47430268595041e-05,151.0,0.214488636363636,,-2.0,495.0,,,,,,,31.0,oleksja01,2011,D,31.0,0.02556818181818182,0.019886363636363636,0.21448863636363635,-0.002840909090909091,17.086434659090912,
34.0,New York Islanders,Scott Mayfield,US,D,18.0,2026.0,Youngstown Phantoms (USHL),560.0,18.0,0.05,34,8.92857142857143e-05,128.0,0.228571428571429,,28.0,506.0,,,,,,,28.6,mayfisc01,2011,D,28.6,0.03214285714285714,0.060714285714285714,0.22857142857142856,0.05,15.778571428571432,
19.0,Edmonton Oilers,Oscar Klefbom,SE,D,18.0,2020.0,Farjestad BK (Sweden),378.0,18.0,0.0899470899470899,19,0.000237955264410291,156.0,0.412698412698413,,-64.0,74.0,,,,,,,23.2,klefbos01,2011,D,23.2,0.047619047619047616,0.05026455026455026,0.4126984126984127,-0.1693121693121693,12.814761904761903,
98.0,Columbus Blue Jackets,Mike Reilly,US,D,18.0,2026.0,Shattuck-St. Mary's School (High-MN),437.0,18.0,0.0434782608695652,98,9.94925878022087e-05,129.0,0.295194508009153,,-3.0,170.0,,,,,,,21.1,reillmi01,2011,D,21.1,0.041189931350114416,0.2242562929061785,0.2951945080091533,-0.006864988558352402,11.675137299771169,
17.0,Montreal Canadiens,Nathan Beaulieu,CA,D,18.0,2023.0,Saint John Sea Dogs (QMJHL),471.0,18.0,0.0254777070063694,17,5.40927961918671e-05,98.0,0.208067940552017,,-14.0,340.0,,,,,,,18.8,beaulna01,2011,D,18.8,0.03821656050955414,0.036093418259023353,0.208067940552017,-0.029723991507430998,10.37566878980892,
131.0,Minnesota Wild,Nick Seeler,US,D,18.0,2026.0,Eden Priarie HS (High-MN),398.0,18.0,0.0276381909547739,131,6.94426908411405e-05,65.0,0.163316582914573,,11.0,307.0,,,,,,,15.2,seeleni01,2011,D,15.2,0.04522613065326633,0.32914572864321606,0.16331658291457288,0.02763819095477387,8.42469849246231,
54.0,Pittsburgh Penguins,Scott Harrington,CA,D,18.0,2023.0,London Knights (OHL),255.0,18.0,0.0431372549019608,54,0.000169165705497885,49.0,0.192156862745098,,-17.0,87.0,,,,,,,8.4,harrisc01,2011,D,8.4,0.07058823529411765,0.21176470588235294,0.19215686274509805,-0.06666666666666667,4.6703921568627464,
12.0,Carolina Hurricanes,Ryan Murphy,CA,D,18.0,2019.0,Kitchener Rangers (OHL),175.0,18.0,0.0457142857142857,12,0.000261224489795918,43.0,0.245714285714286,,-27.0,54.0,,,,,,,7.2,murphry01,2011,D,7.2,0.10285714285714286,0.06857142857142857,0.24571428571428572,-0.15428571428571428,3.9985714285714296,
148.0,Tampa Bay Lightning,Nikita Nesterov,RU,D,18.0,2021.0,Belye Medvedi Chelyabinsk (Russia Jr.),170.0,18.0,0.0529411764705882,148,0.000311418685121107,37.0,0.217647058823529,,-10.0,101.0,,,,,,,6.8,nesteni01,2011,D,6.8,0.10588235294117647,0.8705882352941177,0.21764705882352942,-0.058823529411764705,3.8644117647058827,
48.0,Detroit Red Wings,Xavier Ouellet,FR,D,18.0,2021.0,Montreal Juniors (QMJHL),178.0,18.0,0.0280898876404494,48,0.000157808357530615,28.0,0.157303370786517,,-3.0,82.0,,,,,,,6.3,ouellxa01,2011,D,6.3,0.10112359550561797,0.2696629213483146,0.15730337078651685,-0.016853932584269662,3.523988764044944,
126.0,Ottawa Senators,Fredrik Claesson,SE,D,18.0,2022.0,Djurgardens IF (Sweden),170.0,18.0,0.0411764705882353,126,0.000242214532871972,28.0,0.164705882352941,,-7.0,62.0,,,,,,,5.5,claesfr01,2011,D,5.5,0.10588235294117647,0.7411764705882353,0.16470588235294117,-0.041176470588235294,3.13029411764706,
205.0,Detroit Red Wings,Alexei Marchenko,RU,D,19.0,2017.0,CSKA Moskva (Russia),121.0,19.0,0.0330578512396694,205,0.000273205382146028,21.0,0.173553719008264,,5.0,26.0,,,,,,,5.3,marchal01,2011,D,5.3,0.15702479338842976,1.6942148760330578,0.17355371900826447,0.04132231404958678,3.1302892561983473,
23.0,Pittsburgh Penguins,Joseph Morrow,CA,D,18.0,2019.0,Portland Winterhawks (WHL),162.0,18.0,0.0555555555555556,23,0.000342935528120714,32.0,0.197530864197531,,-12.0,62.0,,,,,,,5.4,morrojo02,2011,D,5.4,0.1111111111111111,0.1419753086419753,0.19753086419753085,-0.07407407407407407,3.0175308641975316,
36.0,Chicago Blackhawks,Adam Clendening,US,D,18.0,2019.0,Boston University (H-East),90.0,18.0,0.0444444444444444,36,0.000493827160493827,24.0,0.266666666666667,,11.0,49.0,,,,,,,5.1,clendad01,2011,D,5.1,0.2,0.4,0.26666666666666666,0.12222222222222222,2.9172222222222226,
195.0,Dallas Stars,Jyrki Jokipakka,FI,D,20.0,2017.0,Ilves (Finland),150.0,20.0,0.02,195,0.000133333333333333,28.0,0.186666666666667,,-2.0,34.0,,,,,,,4.6,jokipjy01,2011,D,4.6,0.13333333333333333,1.3,0.18666666666666668,-0.013333333333333334,2.6999999999999997,
79.0,Chicago Blackhawks,Klas Dahlbeck,SE,D,20.0,2018.0,Linkoping HC (Sweden),170.0,20.0,0.0352941176470588,79,0.000207612456747405,23.0,0.135294117647059,,-31.0,87.0,,,,,,,3.3,dahlbkl01,2011,D,3.3,0.11764705882352941,0.4647058823529412,0.13529411764705881,-0.18235294117647058,1.8752941176470586,
138.0,Montreal Canadiens,Darren Dietz,CA,D,18.0,2016.0,Saskatoon Blades (WHL),13.0,18.0,0.0769230769230769,138,0.00591715976331361,5.0,0.384615384615385,,-1.0,13.0,,,,,,,0.8,dietzda01,2011,D,0.8,1.3846153846153846,10.615384615384615,0.38461538461538464,-0.07692307692307693,1.0985000000000003,
83.0,Anaheim Ducks,Andy Welinski,US,D,18.0,2021.0,Green Bay Gamblers (USHL),46.0,18.0,0.0217391304347826,83,0.000472589792060491,6.0,0.130434782608696,,-2.0,8.0,,,,,,,1.5,welinan01,2011,D,1.5,0.391304347826087,1.8043478260869565,0.13043478260869565,-0.043478260869565216,1.0597826086956523,
95.0,New York Islanders,Robbie Russo,US,D,18.0,2017.0,USA U-18 Development Team (USDP/USHL),19.0,18.0,0.0,95,0.0,0.0,0.0,,2.0,2.0,,,,,,,0.5,russoro01,2011,D,0.5,0.9473684210526315,5.0,0.0,0.10526315789473684,0.8362499999999999,
55.0,Detroit Red Wings,Ryan Sproul,CA,D,18.0,2018.0,Soo Greyhounds (OHL),44.0,18.0,0.0454545454545455,55,0.00103305785123967,12.0,0.272727272727273,,-14.0,12.0,,,,,,,1.1,sproury01,2011,D,1.1,0.4090909090909091,1.25,0.2727272727272727,-0.3181818181818182,0.78,
151.0,Boston Bruins,Rob O'Gara,US,D,18.0,2018.0,Milton Academy (High-MA),33.0,18.0,0.0,151,0.0,3.0,0.0909090909090909,,-6.0,6.0,,,,,,,0.4,ogararo01,2011,D,0.4,0.5454545454545454,4.575757575757576,0.09090909090909091,-0.18181818181818182,0.7275757575757577,
92.0,Edmonton Oilers,Dillon Simpson,CA,D,18.0,2017.0,North Dakota (WCHA),3.0,18.0,0.0,92,0.0,0.0,0.0,,0.0,2.0,,,,,,,0.0,simpsdi01,2011,D,0.0,6.0,30.666666666666668,0.0,0.0,0.55,
87.0,Florida Panthers,Jonathan Racine,CA,D,18.0,2014.0,Shawinigan Cataractes (QMJHL),1.0,18.0,0.0,87,0.0,0.0,0.0,,-1.0,2.0,,,,,,,-0.1,racinjo01,2011,D,-0.1,18.0,87.0,0.0,-1.0,0.5172500000000001,
70.0,Chicago Blackhawks,Michael Paliotta,US,D,18.0,2016.0,USA U-18 Development Team (USDP/USHL),2.0,18.0,0.0,70,0.0,1.0,0.5,,0.0,4.0,,,,,,,0.1,paliomi01,2011,D,0.1,9.0,35.0,0.5,0.0,0.45300000000000007,
73.0,Carolina Hurricanes,Keegan Lowe,US,D,18.0,2018.0,Edmonton Oil Kings (WHL),4.0,18.0,0.0,73,0.0,0.0,0.0,,-3.0,10.0,,,,,,,-0.2,loweke02,2011,D,-0.2,4.5,18.25,0.0,-0.75,0.418,
150.0,Vancouver Canucks,Frank Corrado,CA,D,18.0,2018.0,Sudbury Wolves (OHL),76.0,18.0,0.0394736842105263,150,0.000519390581717451,8.0,0.105263157894737,,-24.0,40.0,,,,,,,0.3,corrafr01,2011,D,0.3,0.23684210526315788,1.9736842105263157,0.10526315789473684,-0.3157894736842105,0.37026315789473685,
57.0,Calgary Flames,Tyler Wotherspoon,CA,D,18.0,2017.0,Portland Winterhawks (WHL),30.0,18.0,0.0,57,0.0,5.0,0.166666666666667,,-8.0,4.0,,,,,,,0.2,wothety01,2011,D,0.2,0.6,1.9,0.16666666666666666,-0.26666666666666666,0.35833333333333334,
63.0,New York Islanders,Andrey Pedan,LT,D,18.0,2016.0,Guelph Storm (OHL),13.0,18.0,0.0,63,0.0,0.0,0.0,,-3.0,18.0,,,,,,,-0.1,pedanan01,2011,D,-0.1,1.3846153846153846,4.846153846153846,0.0,-0.23076923076923078,0.35424999999999995,
31.0,Edmonton Oilers,David Musil,CA,D,18.0,2015.0,Vancouver Giants (WHL),4.0,18.0,0.0,31,0.0,2.0,0.5,,-2.0,2.0,,,,,,,0.1,musilda01,2011,D,0.1,4.5,7.75,0.5,-0.5,0.261,
25.0,Toronto Maple Leafs,Stuart Percy,CA,D,18.0,2016.0,Mississauga St. Michael's Majors (OHL),12.0,18.0,0.0,25,0.0,3.0,0.25,,-6.0,2.0,,,,,,,0.0,percyst01,2011,D,0.0,1.5,2.0833333333333335,0.25,-0.5,0.20750000000000002,
11.0,Colorado Avalanche,Duncan Siemens,CA,D,18.0,2018.0,Saskatoon Blades (WHL),20.0,18.0,0.05,11,0.0025,2.0,0.1,,-7.0,25.0,,,,,,,0.0,siemedu01,2011,D,0.0,0.9,0.55,0.1,-0.35,0.12500000000000003,
59.0,Florida Panthers,Rasmus Bengtsson,SE,D,18.0,,Rogle BK (Sweden-2),,18.0,0.0,59,0.0,0.0,0.0,,0.0,,,,,,,,,bengtra01,2011,D,0.0,0.0,0.0,0.0,0.0,,
78.0,Winnipeg Jets,Brennan Serville,CA,D,18.0,,Stouffville (OJHL),,18.0,0.0,78,0.0,0.0,0.0,,0.0,,,,,,,,,servibr01,2011,D,0.0,0.0,0.0,0.0,0.0,,
84.0,Phoenix Coyotes,Harrison Ruopp,CA,D,18.0,,Prince Albert Raiders (WHL),,18.0,0.0,84,0.0,0.0,0.0,,0.0,,,,,,,,,ruoppha01,2011,D,0.0,0.0,0.0,0.0,0.0,,
89.0,San Jose Sharks,Justin Sefton,CA,D,18.0,,Sudbury Wolves (OHL),,18.0,0.0,89,0.0,0.0,0.0,,0.0,,,,,,,,,seftoju01,2011,D,0.0,0.0,0.0,0.0,0.0,,
97.0,Montreal Canadiens,Josiah Didier,US,D,18.0,,Cedar Rapids Roughriders (USHL),,18.0,0.0,97,0.0,0.0,0.0,,0.0,,,,,,,,,didiejo01,2011,D,0.0,0.0,0.0,0.0,0.0,,
100.0,Toronto Maple Leafs,Tom Nilsson,SE,D,18.0,,Mora IK Jr. (Sweden Jr.),,18.0,0.0,100,0.0,0.0,0.0,,0.0,,,,,,,,,nilssto01,2011,D,0.0,0.0,0.0,0.0,0.0,,
112.0,Nashville Predators,Garrett Noonan,US,D,20.0,,Boston University (H-East),,20.0,0.0,112,0.0,0.0,0.0,,0.0,,,,,,,,,noonaga01,2011,D,0.0,0.0,0.0,0.0,0.0,,
113.0,Montreal Canadiens,Magnus Nygren,SE,D,21.0,,Farjestad BK (Sweden),,21.0,0.0,113,0.0,0.0,0.0,,0.0,,,,,,,,,nygrema01,2011,D,0.0,0.0,0.0,0.0,0.0,,
116.0,Philadelphia Flyers,Colin Suellentrop,US,D,18.0,,Oshawa Generals (OHL),,18.0,0.0,116,0.0,0.0,0.0,,0.0,,,,,,,,,suellco01,2011,D,0.0,0.0,0.0,0.0,0.0,,
119.0,Winnipeg Jets,Zachary Yuen,CA,D,18.0,,Tri-City Americans (WHL),,18.0,0.0,119,0.0,0.0,0.0,,0.0,,,,,,,,,yuenza01,2011,D,0.0,0.0,0.0,0.0,0.0,,
122.0,Edmonton Oilers,Martin Gernat,SK,D,18.0,,HC Kosice Jr. (Slovakia Jr.),,18.0,0.0,122,0.0,0.0,0.0,,0.0,,,,,,,,,gernama01,2011,D,0.0,0.0,0.0,0.0,0.0,,
127.0,New York Islanders,Brenden Kichton,CA,D,19.0,,Spokane Chiefs (WHL),,19.0,0.0,127,0.0,0.0,0.0,,0.0,,,,,,,,,kichtbr01,2011,D,0.0,0.0,0.0,0.0,0.0,,
135.0,Dallas Stars,Troy Vance,US,D,18.0,,Victoriaville Tigres (QMJHL),,18.0,0.0,135,0.0,0.0,0.0,,0.0,,,,,,,,,vancetr01,2011,D,0.0,0.0,0.0,0.0,0.0,,
136.0,New York Rangers,Samuel Noreau,CA,D,18.0,,Baie-Comeau Drakkar (QMJHL),,18.0,0.0,136,0.0,0.0,0.0,,0.0,,,,,,,,,noreasa01,2011,D,0.0,0.0,0.0,0.0,0.0,,
137.0,Buffalo Sabres,Alex Lepkowski,US,D,18.0,,Barrie Colts (OHL),,18.0,0.0,137,0.0,0.0,0.0,,0.0,,,,,,,,,lepkoal01,2011,D,0.0,0.0,0.0,0.0,0.0,,
142.0,Nashville Predators,Simon Karlsson,SE,D,18.0,,Malmo Jr. (Sweden Jr.),,18.0,0.0,142,0.0,0.0,0.0,,0.0,,,,,,,,,karlssi01,2011,D,0.0,0.0,0.0,0.0,0.0,,
146.0,Detroit Red Wings,Mattias Backman,SE,D,18.0,,Linkoping HC Jr. (Sweden Jr.),,18.0,0.0,146,0.0,0.0,0.0,,0.0,,,,,,,,,backmma01,2011,D,0.0,0.0,0.0,0.0,0.0,,
147.0,Washington Capitals,Patrick Koudys,CA,D,18.0,,RPI (ECAC),,18.0,0.0,147,0.0,0.0,0.0,,0.0,,,,,,,,,koudypa01,2011,D,0.0,0.0,0.0,0.0,0.0,,
153.0,Colorado Avalanche,Gabriel Beaupre,CA,D,18.0,,Val-d'Or Foreurs (QMJHL),,18.0,0.0,153,0.0,0.0,0.0,,0.0,,,,,,,,,beaupga01,2011,D,0.0,0.0,0.0,0.0,0.0,,
154.0,Florida Panthers,Eddie Wittchow,US,D,18.0,,Burnsville HS (High-MN),,18.0,0.0,154,0.0,0.0,0.0,,0.0,,,,,,,,,wittced01,2011,D,0.0,0.0,0.0,0.0,0.0,,
159.0,New Jersey Devils,Reece Scarlett,CA,D,18.0,,Swift Current Broncos (WHL),,18.0,0.0,159,0.0,0.0,0.0,,0.0,,,,,,,,,scarlre01,2011,D,0.0,0.0,0.0,0.0,0.0,,
169.0,Chicago Blackhawks,Sam Jardine,CA,D,18.0,,Camrose (AJHL),,18.0,0.0,169,0.0,0.0,0.0,,0.0,,,,,,,,,jardisa01,2011,D,0.0,0.0,0.0,0.0,0.0,,
172.0,New York Rangers,Peter Ceresnak,SK,D,18.0,,HK Dukla Trencin Jr. (Slovakia Jr.),,18.0,0.0,172,0.0,0.0,0.0,,0.0,,,,,,,,,cerespe01,2011,D,0.0,0.0,0.0,0.0,0.0,,
173.0,Toronto Maple Leafs,Dennis Robertson,CA,D,20.0,,Brown (ECAC),,20.0,0.0,173,0.0,0.0,0.0,,0.0,,,,,,,,,roberde01,2011,D,0.0,0.0,0.0,0.0,0.0,,
175.0,Detroit Red Wings,Richard Nedomlel,CZ,D,18.0,,Swift Current Broncos (WHL),,18.0,0.0,175,0.0,0.0,0.0,,0.0,,,,,,,,,nedomri01,2011,D,0.0,0.0,0.0,0.0,0.0,,
183.0,Colorado Avalanche,Dillon Donnelly,US,D,18.0,,Shawinigan Cataractes (QMJHL),,18.0,0.0,183,0.0,0.0,0.0,,0.0,,,,,,,,,donnedi01,2011,D,0.0,0.0,0.0,0.0,0.0,,
186.0,Ottawa Senators,Jordan Fransoo,CA,D,18.0,,Brandon Wheat Kings (WHL),,18.0,0.0,186,0.0,0.0,0.0,,0.0,,,,,,,,,fransjo02,2011,D,0.0,0.0,0.0,0.0,0.0,,
187.0,Winnipeg Jets,Aaron Harstad,US,D,19.0,,Green Bay Gamblers (USHL),,19.0,0.0,187,0.0,0.0,0.0,,0.0,,,,,,,,,harstaa01,2011,D,0.0,0.0,0.0,0.0,0.0,,
189.0,New Jersey Devils,Patrick Daly,US,D,19.0,,Benilde-St. Margaret's School (High-MN),,19.0,0.0,189,0.0,0.0,0.0,,0.0,,,,,,,,,dalypa01,2011,D,0.0,0.0,0.0,0.0,0.0,,
192.0,St. Louis Blues,Teemu Eronen,FI,D,20.0,,Jokerit (Finland),,20.0,0.0,192,0.0,0.0,0.0,,0.0,,,,,,,,,eronete01,2011,D,0.0,0.0,0.0,0.0,0.0,,
198.0,Montreal Canadiens,Colin Sullivan,US,D,18.0,,Avon Old Farms School (High-CT),,18.0,0.0,198,0.0,0.0,0.0,,0.0,,,,,,,,,sullico01,2011,D,0.0,0.0,0.0,0.0,0.0,,
203.0,Toronto Maple Leafs,Max Everson,US,D,18.0,,Edina HS (High-MN),,18.0,0.0,203,0.0,0.0,0.0,,0.0,,,,,,,,,eversma01,2011,D,0.0,0.0,0.0,0.0,0.0,,
207.0,Washington Capitals,Garrett Haar,US,D,18.0,,Fargo Force (USHL),,18.0,0.0,207,0.0,0.0,0.0,,0.0,,,,,,,,,haarga01,2011,D,0.0,0.0,0.0,0.0,0.0,,
210.0,Vancouver Canucks,Henrik Tommernes,SE,D,21.0,,Frolunda HC (Sweden),,21.0,0.0,210,0.0,0.0,0.0,,0.0,,,,,,,,,tommehe01,2011,D,0.0,0.0,0.0,0.0,0.0,,
5.0,Toronto Maple Leafs,Morgan Rielly,CA,D,18.0,2026.0,Moose Jaw Warriors (WHL),898.0,18.0,0.101336302895323,5,0.000112846662466952,533.0,0.593541202672606,,-26.0,254.0,,,,,,,72.9,riellmo01,2012,D,72.9,0.0200445434298441,0.005567928730512249,0.5935412026726058,-0.028953229398663696,40.183697104677066,
6.0,Anaheim Ducks,Hampus Lindholm,SE,D,18.0,2026.0,Rogle BK Jr. (Sweden Jr.),782.0,18.0,0.0946291560102302,6,0.000121009150908223,323.0,0.41304347826087,,140.0,465.0,,,,,,,68.5,lindhha01,2012,D,68.5,0.023017902813299233,0.0076726342710997444,0.41304347826086957,0.17902813299232737,37.7579283887468,
120.0,Carolina Hurricanes,Jaccob Slavin,US,D,18.0,2026.0,Chicago Steel (USHL),747.0,18.0,0.0736278447121821,120,9.85647184902036e-05,299.0,0.400267737617135,,166.0,94.0,,,,,,,67.3,slavija01,2012,D,67.3,0.024096385542168676,0.1606425702811245,0.4002677376171352,0.2222222222222222,37.11573627844713,
78.0,Philadelphia Flyers,Shayne Gostisbehere,US,D,19.0,2026.0,Union (ECAC),705.0,19.0,0.15177304964539,78,0.000215280921482823,430.0,0.609929078014184,,-65.0,259.0,,,,,,,62.1,gostish01,2012,D,62.1,0.02695035460992908,0.11063829787234042,0.6099290780141844,-0.09219858156028368,34.25102836879433,
9.0,Winnipeg Jets,Jacob Trouba,US,D,18.0,2026.0,USA U-18 Development Team (USDP/USHL),851.0,18.0,0.0916568742655699,9,0.000107704905129929,336.0,0.394829612220917,,62.0,674.0,,,,,,,61.0,troubja01,2012,D,61.0,0.021151586368977675,0.010575793184488837,0.39482961222091656,0.07285546415981199,33.619682726204466,
86.0,St. Louis Blues,Colton Parayko,CA,D,19.0,2026.0,Fort McMurray (AJHL),750.0,19.0,0.102666666666667,86,0.000136888888888889,302.0,0.402666666666667,,64.0,208.0,,,,,,,58.8,parayco01,2012,D,58.8,0.025333333333333333,0.11466666666666667,0.4026666666666667,0.08533333333333333,32.42293333333333,
74.0,Dallas Stars,Esa Lindell,FI,D,18.0,2026.0,Jokerit Jr. (Finland Jr.),711.0,18.0,0.080168776371308,74,0.00011275495973461,225.0,0.316455696202532,,151.0,164.0,,,,,,,56.2,lindees01,2012,D,56.2,0.02531645569620253,0.10407876230661041,0.31645569620253167,0.21237693389592124,30.991645569620253,
28.0,New York Rangers,Brady Skjei,US,D,18.0,2026.0,USA U-18 Development Team (USDP/USHL),717.0,18.0,0.108786610878661,28,0.000151724701364939,286.0,0.398884239888424,,-18.0,386.0,,,,,,,50.2,skjeibr01,2012,D,50.2,0.02510460251046025,0.03905160390516039,0.398884239888424,-0.02510460251046025,27.673737796373782,
60.0,New Jersey Devils,Damon Severson,CA,D,18.0,2026.0,Kelowna Rockets (WHL),810.0,18.0,0.091358024691358,60,0.000112787684804146,324.0,0.4,,-120.0,500.0,,,,,,,48.4,severda01,2012,D,48.4,0.022222222222222223,0.07407407407407407,0.4,-0.14814814814814814,26.674814814814813,
7.0,Minnesota Wild,Mathew Dumba,CA,D,18.0,2026.0,Red Deer Rebels (WHL),747.0,18.0,0.113788487282463,7,0.000152327292212133,261.0,0.349397590361446,,3.0,558.0,,,,,,,48.3,dumbama01,2012,D,48.3,0.024096385542168676,0.009370816599732263,0.3493975903614458,0.004016064257028112,26.62115796519411,
23.0,Florida Panthers,Michael Matheson,CA,D,18.0,2026.0,Dubuque Fighting Saints (USHL),652.0,18.0,0.119631901840491,23,0.000183484512025293,280.0,0.429447852760736,,-22.0,378.0,,,,,,,45.7,mathemi01,2012,D,45.7,0.027607361963190184,0.0352760736196319,0.4294478527607362,-0.03374233128834356,25.20233128834356,
22.0,Pittsburgh Penguins,Olli Maatta,FI,D,18.0,2026.0,London Knights (OHL),777.0,18.0,0.0540540540540541,22,6.95676371352048e-05,196.0,0.252252252252252,,81.0,178.0,,,,,,,43.3,maattol01,2012,D,43.3,0.023166023166023165,0.028314028314028315,0.25225225225225223,0.10424710424710425,23.868410553410556,
15.0,Ottawa Senators,Cody Ceci,CA,D,18.0,2026.0,Ottawa 67's (OHL),897.0,18.0,0.0590858416945373,15,6.58705035613571e-05,241.0,0.268673355629877,,-4.0,198.0,,,,,,,42.3,cecico01,2012,D,42.3,0.020066889632107024,0.016722408026755852,0.2686733556298774,-0.004459308807134894,23.308534002229656,
85.0,Boston Bruins,Matthew Grzelcyk,US,D,18.0,2026.0,USA U-18 Development Team (USDP/USHL),553.0,18.0,0.0470162748643761,85,8.50203885431756e-05,179.0,0.32368896925859,,140.0,265.0,,,,,,,40.6,grzelma01,2012,D,40.6,0.0325497287522604,0.15370705244122965,0.32368896925858953,0.25316455696202533,22.422495479204343,
44.0,Buffalo Sabres,Jake McCabe,US,D,18.0,2026.0,Wisconsin (WCHA),669.0,18.0,0.0568011958146487,44,8.49046275256333e-05,185.0,0.276532137518685,,16.0,411.0,,,,,,,37.7,mccabja01,2012,D,37.7,0.026905829596412557,0.06576980568011959,0.2765321375186846,0.02391629297458894,20.78813901345292,
65.0,New York Islanders,Adam Pelech,CA,D,18.0,2026.0,Erie Otters (OHL),587.0,18.0,0.0442930153321976,65,7.54565848930112e-05,163.0,0.277683134582624,,86.0,241.0,,,,,,,36.9,pelecad01,2012,D,36.9,0.030664395229982964,0.11073253833049404,0.2776831345826235,0.1465076660988075,20.365442930153325,
93.0,Edmonton Oilers,Erik Gustafsson,SE,D,20.0,2026.0,Djurgardens IF (Sweden),516.0,20.0,0.0910852713178295,93,0.000176521843639204,240.0,0.465116279069767,,-16.0,163.0,,,,,,,35.8,gustaer02,2012,D,35.8,0.03875968992248062,0.18023255813953487,0.46511627906976744,-0.031007751937984496,19.77856589147287,
151.0,Los Angeles Kings,Colin Miller,CA,D,19.0,2026.0,Soo Greyhounds (OHL),582.0,19.0,0.0738831615120275,151,0.000126947012907264,181.0,0.310996563573883,,0.0,368.0,,,,,,,32.7,milleco02,2012,D,32.7,0.03264604810996564,0.25945017182130586,0.31099656357388317,0.0,18.060859106529215,
2.0,Columbus Blue Jackets,Ryan Murray,CA,D,18.0,2023.0,Everett Silvertips (WHL),445.0,18.0,0.0337078651685393,2,7.57480116146951e-05,131.0,0.29438202247191,,9.0,118.0,,,,,,,23.4,murrary01,2012,D,23.4,0.04044943820224719,0.0044943820224719105,0.2943820224719101,0.020224719101123594,12.920674157303372,
105.0,Calgary Flames,Brett Kulak,CA,D,18.0,2026.0,Vancouver Giants (WHL),607.0,18.0,0.0461285008237232,105,7.59942352944369e-05,127.0,0.209225700164745,,-4.0,248.0,,,,,,,23.1,kulakbr01,2012,D,23.1,0.029654036243822075,0.17298187808896212,0.20922570016474465,-0.006589785831960461,12.755988467874795,
147.0,Vancouver Canucks,Ben Hutton,CA,D,19.0,2026.0,Nepean (CCHL),539.0,19.0,0.0500927643784787,147,9.29364830769549e-05,132.0,0.244897959183673,,-61.0,198.0,,,,,,,22.9,huttobe01,2012,D,22.9,0.03525046382189239,0.2727272727272727,0.24489795918367346,-0.11317254174397032,12.65121521335807,
175.0,Boston Bruins,Matthew Benning,CA,D,18.0,2025.0,Spruce Grove (AJHL),464.0,18.0,0.0366379310344828,175,7.89610582639716e-05,102.0,0.219827586206897,,-21.0,239.0,,,,,,,17.8,bennima01,2012,D,17.8,0.03879310344827586,0.3771551724137931,0.21982758620689655,-0.04525862068965517,9.860043103448279,
137.0,Washington Capitals,Connor Carrick,US,D,18.0,2023.0,USA U-18 Development Team (USDP/USHL),242.0,18.0,0.0537190082644628,137,0.000221979372993648,50.0,0.206611570247934,,-19.0,157.0,,,,,,,8.4,carrico01,2012,D,8.4,0.0743801652892562,0.5661157024793388,0.2066115702479339,-0.07851239669421488,4.707190082644629,
8.0,Pittsburgh Penguins,Derrick Pouliot,CA,D,18.0,2024.0,Portland Winterhawks (WHL),226.0,18.0,0.0353982300884956,8,0.000156629336674759,54.0,0.238938053097345,,-31.0,91.0,,,,,,,7.8,poulide01,2012,D,7.8,0.07964601769911504,0.035398230088495575,0.23893805309734514,-0.13716814159292035,4.323628318584071,
195.0,Washington Capitals,Christian Djoos,SE,D,18.0,2021.0,Brynas IF Jr. (Sweden Jr.),155.0,18.0,0.0451612903225806,195,0.000291363163371488,38.0,0.245161290322581,,12.0,28.0,,,,,,,7.2,djoosch01,2012,D,7.2,0.11612903225806452,1.2580645161290323,0.24516129032258063,0.07741935483870968,4.141935483870968,
210.0,Anaheim Ducks,Jaycob Megna,US,D,19.0,2025.0,Nebraska-Omaha (WCHA),193.0,19.0,0.0207253886010363,210,0.000107385433165991,27.0,0.139896373056995,,-19.0,75.0,,,,,,,6.2,megnaja02,2012,D,6.2,0.09844559585492228,1.0880829015544042,0.13989637305699482,-0.09844559585492228,3.53979274611399,
161.0,Tampa Bay Lightning,Jake Dotchin,CA,D,18.0,2019.0,Owen Sound Attack (OHL),103.0,18.0,0.029126213592233,161,0.000282778772740126,23.0,0.223300970873786,,23.0,112.0,,,,,,,5.7,dotchja01,2012,D,5.7,0.17475728155339806,1.5631067961165048,0.22330097087378642,0.22330097087378642,3.364611650485437,
10.0,Tampa Bay Lightning,Slater Koekkoek,CA,D,18.0,2022.0,Peterborough Petes (OHL),186.0,18.0,0.043010752688172,10,0.000231240605850387,34.0,0.182795698924731,,1.0,104.0,,,,,,,5.9,koekksl01,2012,D,5.9,0.0967741935483871,0.053763440860215055,0.1827956989247312,0.005376344086021506,3.2880107526881726,
198.0,San Jose Sharks,Joakim Ryan,US,D,19.0,2021.0,Cornell (ECAC),145.0,19.0,0.0275862068965517,198,0.000190249702734839,24.0,0.16551724137931,,1.0,33.0,,,,,,,5.4,ryanjo02,2012,D,5.4,0.1310344827586207,1.3655172413793104,0.16551724137931034,0.006896551724137931,3.1451724137931034,
181.0,Los Angeles Kings,Paul Ladue,US,D,20.0,2022.0,Lincoln Stars (USHL),70.0,20.0,0.0714285714285714,181,0.00102040816326531,18.0,0.257142857142857,,-2.0,22.0,,,,,,,3.6,laduepa01,2012,D,3.6,0.2857142857142857,2.585714285714286,0.2571428571428571,-0.02857142857142857,2.302857142857143,
209.0,Toronto Maple Leafs,Viktor Loov,SE,D,19.0,2016.0,Sodertalje SK (Sweden-2),4.0,19.0,0.0,209,0.0,2.0,0.5,,4.0,0.0,,,,,,,0.6,loovvi01,2012,D,0.6,4.75,52.25,0.5,1.0,1.241,
193.0,Buffalo Sabres,Brady Austin,CA,D,19.0,2017.0,Belleville Bulls (OHL),5.0,19.0,0.0,193,0.0,0.0,0.0,,0.0,4.0,,,,,,,0.1,austibr01,2012,D,0.1,3.8,38.6,0.0,0.0,1.07375,
185.0,New York Islanders,Jake Bischoff,US,D,18.0,2020.0,Grand Rapids HS (High-MN),4.0,18.0,0.0,185,0.0,0.0,0.0,,-2.0,4.0,,,,,,,-0.1,bischja01,2012,D,-0.1,4.5,46.25,0.0,-0.5,0.994,
115.0,Carolina Hurricanes,Trevor Carrick,CA,D,18.0,2020.0,Mississauga St. Michael's Majors (OHL),7.0,18.0,0.0,115,0.0,0.0,0.0,,-2.0,12.0,,,,,,,-0.1,carritr01,2012,D,-0.1,2.5714285714285716,16.428571428571427,0.0,-0.2857142857142857,0.63575,
176.0,St. Louis Blues,Petteri Lindbohm,FI,D,18.0,2022.0,Jokerit Jr. (Finland Jr.),49.0,18.0,0.0408163265306122,176,0.00083298625572678,4.0,0.0816326530612245,,-9.0,42.0,,,,,,,0.4,lindbpe02,2012,D,0.4,0.3673469387755102,3.5918367346938775,0.08163265306122448,-0.1836734693877551,0.609795918367347,
25.0,St. Louis Blues,Jordan Schmaltz,US,D,18.0,2019.0,Green Bay Gamblers (USHL),42.0,18.0,0.0,25,0.0,5.0,0.119047619047619,,-7.0,12.0,,,,,,,0.5,schmajo01,2012,D,0.5,0.42857142857142855,0.5952380952380952,0.11904761904761904,-0.16666666666666666,0.3785714285714286,
42.0,Calgary Flames,Patrick Sieloff,US,D,18.0,2018.0,USA U-18 Development Team (USDP/USHL),2.0,18.0,1.0,42,0.5,2.0,1.0,,-1.0,2.0,,,,,,,0.4,sielopa01,2012,D,0.4,9.0,21.0,1.0,-0.5,0.3320000000000001,
4.0,New York Islanders,Griffin Reinhart,CA,D,18.0,2016.0,Edmonton Oil Kings (WHL),37.0,18.0,0.0,4,0.0,2.0,0.0540540540540541,,-5.0,26.0,,,,,,,0.4,reinhgr01,2012,D,0.4,0.4864864864864865,0.10810810810810811,0.05405405405405406,-0.13513513513513514,0.27405405405405414,
34.0,New York Islanders,Ville Pokka,FI,D,18.0,,Karpat (Finland),,18.0,0.0,34,0.0,0.0,0.0,,0.0,,,,,,,,,pokkavi01,2012,D,0.0,0.0,0.0,0.0,0.0,,
35.0,Toronto Maple Leafs,Matt Finn,CA,D,18.0,,Guelph Storm (OHL),,18.0,0.0,35,0.0,0.0,0.0,,0.0,,,,,,,,,finnma01,2012,D,0.0,0.0,0.0,0.0,0.0,,
40.0,Tampa Bay Lightning,Dylan Blujus,US,D,18.0,,Brampton Battalion (OHL),,18.0,0.0,40,0.0,0.0,0.0,,0.0,,,,,,,,,blujudy01,2012,D,0.0,0.0,0.0,0.0,0.0,,
43.0,Dallas Stars,Ludwig Bystrom,SE,D,18.0,,MODO Hockey Jr. (Sweden Jr.),,18.0,0.0,43,0.0,0.0,0.0,,0.0,,,,,,,,,bystrlu01,2012,D,0.0,0.0,0.0,0.0,0.0,,
48.0,Chicago Blackhawks,Dillon Fournier,CA,D,18.0,,Rouyn-Noranda Huskies (QMJHL),,18.0,0.0,48,0.0,0.0,0.0,,0.0,,,,,,,,,fourndi01,2012,D,0.0,0.0,0.0,0.0,0.0,,
51.0,Montreal Canadiens,Dalton Thrower,CA,D,18.0,,Saskatoon Blades (WHL),,18.0,0.0,51,0.0,0.0,0.0,,0.0,,,,,,,,,throwda01,2012,D,0.0,0.0,0.0,0.0,0.0,,
68.0,Minnesota Wild,John Draeger,US,D,18.0,,Shattuck-St. Mary's School (High-MN),,18.0,0.0,68,0.0,0.0,0.0,,0.0,,,,,,,,,draegjo01,2012,D,0.0,0.0,0.0,0.0,0.0,,
88.0,Phoenix Coyotes,James Melindy,CA,D,18.0,,Moncton Wildcats (QMJHL),,18.0,0.0,88,0.0,0.0,0.0,,0.0,,,,,,,,,melinja01,2012,D,0.0,0.0,0.0,0.0,0.0,,
102.0,Phoenix Coyotes,Rhett Holland,CA,D,18.0,,Okotoks (AJHL),,18.0,0.0,102,0.0,0.0,0.0,,0.0,,,,,,,,,hollarh01,2012,D,0.0,0.0,0.0,0.0,0.0,,
103.0,New York Islanders,Loic Leduc,CA,D,18.0,,Cape Breton Screaming Eagles (QMJHL),,18.0,0.0,103,0.0,0.0,0.0,,0.0,,,,,,,,,leduclo01,2012,D,0.0,0.0,0.0,0.0,0.0,,
106.0,Ottawa Senators,Timothy Boyle,US,D,19.0,,Noble & Greenough School (High-MA),,19.0,0.0,106,0.0,0.0,0.0,,0.0,,,,,,,,,boyleti01,2012,D,0.0,0.0,0.0,0.0,0.0,,
108.0,Anaheim Ducks,Andrew O'Brien,CA,D,19.0,,Chicoutimi Sagueneens (QMJHL),,19.0,0.0,108,0.0,0.0,0.0,,0.0,,,,,,,,,obriean01,2012,D,0.0,0.0,0.0,0.0,0.0,,
111.0,Philadelphia Flyers,Fredric Larsson,SE,D,18.0,,Brynas IF Jr. (Sweden Jr.),,18.0,0.0,111,0.0,0.0,0.0,,0.0,,,,,,,,,larssfr01,2012,D,0.0,0.0,0.0,0.0,0.0,,
116.0,St. Louis Blues,Nicholas Walters,CA,D,18.0,,Everett Silvertips (WHL),,18.0,0.0,116,0.0,0.0,0.0,,0.0,,,,,,,,,walteni01,2012,D,0.0,0.0,0.0,0.0,0.0,,
118.0,Nashville Predators,Mikko Vainonen,FI,D,18.0,,HIFK Jr. (Finland Jr.),,18.0,0.0,118,0.0,0.0,0.0,,0.0,,,,,,,,,vainomi01,2012,D,0.0,0.0,0.0,0.0,0.0,,
119.0,New York Rangers,Calle Andersson,SE,D,18.0,,Farjestad BK Jr. (Sweden Jr.),,18.0,0.0,119,0.0,0.0,0.0,,0.0,,,,,,,,,anderca01,2012,D,0.0,0.0,0.0,0.0,0.0,,
123.0,Edmonton Oilers,Joey Laleggia,CA,D,20.0,,Denver (WCHA),,20.0,0.0,123,0.0,0.0,0.0,,0.0,,,,,,,,,lalegjo01,2012,D,0.0,0.0,0.0,0.0,0.0,,
124.0,Calgary Flames,Ryan Culkin,CA,D,18.0,,Quebec Remparts (QMJHL),,18.0,0.0,124,0.0,0.0,0.0,,0.0,,,,,,,,,culkiry01,2012,D,0.0,0.0,0.0,0.0,0.0,,
125.0,New York Islanders,Doyle Somerby,US,D,18.0,,Kimball Union Academy (High-NH),,18.0,0.0,125,0.0,0.0,0.0,,0.0,,,,,,,,,somerdo01,2012,D,0.0,0.0,0.0,0.0,0.0,,
127.0,Anaheim Ducks,Brian Cooper,US,D,18.0,,Fargo Force (USHL),,18.0,0.0,127,0.0,0.0,0.0,,0.0,,,,,,,,,coopebr01,2012,D,0.0,0.0,0.0,0.0,0.0,,
128.0,Minnesota Wild,Daniel Gunnarsson,SE,D,20.0,,Lulea HF (Sweden),,20.0,0.0,128,0.0,0.0,0.0,,0.0,,,,,,,,,gunnada01,2012,D,0.0,0.0,0.0,0.0,0.0,,
140.0,Detroit Red Wings,Michael McKee,CA,D,19.0,,Lincoln Stars (USHL),,19.0,0.0,140,0.0,0.0,0.0,,0.0,,,,,,,,,mckeemi02,2012,D,0.0,0.0,0.0,0.0,0.0,,
141.0,Philadelphia Flyers,Reece Willcox,CA,D,18.0,,Merritt (BCHL),,18.0,0.0,141,0.0,0.0,0.0,,0.0,,,,,,,,,willcre01,2012,D,0.0,0.0,0.0,0.0,0.0,,
143.0,Pittsburgh Penguins,Clark Seymour,CA,D,19.0,,Peterborough Petes (OHL),,19.0,0.0,143,0.0,0.0,0.0,,0.0,,,,,,,,,seymocl01,2012,D,0.0,0.0,0.0,0.0,0.0,,
148.0,Phoenix Coyotes,Niklas Tikkinen,FI,D,18.0,,Blues Jr. (Finland Jr.),,18.0,0.0,148,0.0,0.0,0.0,,0.0,,,,,,,,,tikkini01,2012,D,0.0,0.0,0.0,0.0,0.0,,
149.0,Chicago Blackhawks,Travis Brown,CA,D,18.0,,Moose Jaw Warriors (WHL),,18.0,0.0,149,0.0,0.0,0.0,,0.0,,,,,,,,,browntr01,2012,D,0.0,0.0,0.0,0.0,0.0,,
155.0,New York Islanders,Jesse Graham,CA,D,18.0,,Niagara IceDogs (OHL),,18.0,0.0,155,0.0,0.0,0.0,,0.0,,,,,,,,,grahaje01,2012,D,0.0,0.0,0.0,0.0,0.0,,
164.0,Nashville Predators,Simon Fernholm,SE,D,18.0,,Huddinge IK Jr. (Sweden Jr.),,18.0,0.0,164,0.0,0.0,0.0,,0.0,,,,,,,,,fernhsi01,2012,D,0.0,0.0,0.0,0.0,0.0,,
168.0,San Jose Sharks,Clifford Watson,US,D,18.0,,Sioux City Musketeers (USHL),,18.0,0.0,168,0.0,0.0,0.0,,0.0,,,,,,,,,watsocl01,2012,D,0.0,0.0,0.0,0.0,0.0,,
170.0,Detroit Red Wings,James De Haas,CA,D,18.0,,Toronto (OJHL),,18.0,0.0,170,0.0,0.0,0.0,,0.0,,,,,,,,,dehaaja01,2012,D,0.0,0.0,0.0,0.0,0.0,,
182.0,Columbus Blue Jackets,Gianluca Curcuruto,CA,D,18.0,,Soo Greyhounds (OHL),,18.0,0.0,182,0.0,0.0,0.0,,0.0,,,,,,,,,curcugi01,2012,D,0.0,0.0,0.0,0.0,0.0,,
183.0,Dallas Stars,Dmitry Sinitsyn,RU,D,18.0,,Massachusetts-Lowell (H-East),,18.0,0.0,183,0.0,0.0,0.0,,0.0,,,,,,,,,sinitdm01,2012,D,0.0,0.0,0.0,0.0,0.0,,
187.0,Anaheim Ducks,Kenton Helgesen,CA,D,18.0,,Calgary Hitmen (WHL),,18.0,0.0,187,0.0,0.0,0.0,,0.0,,,,,,,,,helgeke01,2012,D,0.0,0.0,0.0,0.0,0.0,,
194.0,Florida Panthers,Jonatan Nielsen,SE,D,19.0,,Linkoping HC Jr. (Sweden Jr.),,19.0,0.0,194,0.0,0.0,0.0,,0.0,,,,,,,,,nielsjo01,2012,D,0.0,0.0,0.0,0.0,0.0,,
196.0,Ottawa Senators,Mikael Wikstrand,SE,D,18.0,,Mora IK (Sweden-2),,18.0,0.0,196,0.0,0.0,0.0,,0.0,,,,,,,,,wikstmi01,2012,D,0.0,0.0,0.0,0.0,0.0,,
197.0,Washington Capitals,Jaynen Rissling,CA,D,18.0,,Calgary Hitmen (WHL),,18.0,0.0,197,0.0,0.0,0.0,,0.0,,,,,,,,,risslja01,2012,D,0.0,0.0,0.0,0.0,0.0,,
201.0,Philadelphia Flyers,Valeri Vasiliev,RU,D,18.0,,MHK Spartak Moskva (Russia Jr.),,18.0,0.0,201,0.0,0.0,0.0,,0.0,,,,,,,,,vasilva01,2012,D,0.0,0.0,0.0,0.0,0.0,,
208.0,Phoenix Coyotes,Justin Hache,CA,D,18.0,,Shawinigan Cataractes (QMJHL),,18.0,0.0,208,0.0,0.0,0.0,,0.0,,,,,,,,,hacheju01,2012,D,0.0,0.0,0.0,0.0,0.0,,
211.0,Los Angeles Kings,Nick Ebert,US,D,18.0,,Windsor Spitfires (OHL),,18.0,0.0,211,0.0,0.0,0.0,,0.0,,,,,,,,,ebertni01,2012,D,0.0,0.0,0.0,0.0,0.0,,
4.0,Nashville Predators,Seth Jones,US,D,18.0,2026.0,Portland Winterhawks (WHL),885.0,18.0,0.115254237288136,4,0.000130230776596764,454.0,0.512994350282486,,-145.0,318.0,,,,,,,69.6,jonesse01,2013,D,69.6,0.020338983050847456,0.004519774011299435,0.5129943502824859,-0.1638418079096045,38.34305084745763,
13.0,Winnipeg Jets,Josh Morrissey,CA,D,18.0,2026.0,Prince Albert Raiders (WHL),687.0,18.0,0.12372634643377,13,0.000180096574139403,397.0,0.577874818049491,,91.0,327.0,,,,,,,67.2,morrijo04,2013,D,67.2,0.026200873362445413,0.018922852983988356,0.5778748180494906,0.1324599708879185,37.06443959243087,
26.0,Anaheim Ducks,Shea Theodore,CA,D,18.0,2026.0,Seattle Thunderbirds (WHL),590.0,18.0,0.13728813559322,26,0.000232691755242746,379.0,0.642372881355932,,89.0,183.0,,,,,,,63.7,theodsh01,2013,D,63.7,0.030508474576271188,0.04406779661016949,0.6423728813559322,0.15084745762711865,35.15389830508475,
7.0,Edmonton Oilers,Darnell Nurse,CA,D,18.0,2026.0,Soo Greyhounds (OHL),743.0,18.0,0.115746971736205,7,0.000155783272861649,310.0,0.417227456258412,,68.0,662.0,,,,,,,58.2,nurseda01,2013,D,58.2,0.024226110363391656,0.009421265141318977,0.41722745625841184,0.09152086137281291,32.08510094212652,
66.0,Carolina Hurricanes,Brett Pesce,US,D,18.0,2026.0,New Hampshire (H-East),708.0,18.0,0.0593220338983051,66,8.37881834721823e-05,218.0,0.307909604519774,,90.0,258.0,,,,,,,50.9,pescebr01,2013,D,50.9,0.025423728813559324,0.09322033898305085,0.307909604519774,0.1271186440677966,28.065762711864405,
206.0,Florida Panthers,MacKenzie Weegar,CA,D,19.0,2026.0,Halifax Mooseheads (QMJHL),578.0,19.0,0.103806228373702,206,0.000179595550819554,256.0,0.442906574394464,,90.0,421.0,,,,,,,47.5,weegama01,2013,D,47.5,0.0328719723183391,0.356401384083045,0.4429065743944637,0.15570934256055363,26.245934256055367,
8.0,Buffalo Sabres,Rasmus Ristolainen,FI,D,18.0,2025.0,TPS (Finland),776.0,18.0,0.0721649484536082,8,9.29960675948559e-05,304.0,0.391752577319588,,-179.0,383.0,,,,,,,45.8,ristora01,2013,D,45.8,0.023195876288659795,0.010309278350515464,0.3917525773195876,-0.23067010309278352,25.22904639175258,
15.0,New York Islanders,Ryan Pulock,CA,D,18.0,2026.0,Brandon Wheat Kings (WHL),587.0,18.0,0.0902896081771721,15,0.000153815346128061,225.0,0.383304940374787,,63.0,109.0,,,,,,,45.3,pulocry01,2013,D,45.3,0.030664395229982964,0.02555366269165247,0.3833049403747871,0.10732538330494037,24.988850085178875,
16.0,Buffalo Sabres,Nikita Zadorov,RU,D,18.0,2026.0,London Knights (OHL),751.0,18.0,0.0692410119840213,16,9.21984180879112e-05,177.0,0.235685752330226,,39.0,908.0,,,,,,,38.1,zadorni01,2013,D,38.1,0.023968042609853527,0.02130492676431425,0.23568575233022637,0.05193075898801598,21.000073235685758,
110.0,New York Rangers,Ryan Graves,CA,D,18.0,2026.0,Prince Edward Island Rocket (QMJHL),444.0,18.0,0.0743243243243243,110,0.000167397126856586,119.0,0.268018018018018,,79.0,217.0,,,,,,,27.1,gravery01,2013,D,27.1,0.04054054054054054,0.24774774774774774,0.268018018018018,0.17792792792792791,14.991824324324325,
137.0,Minnesota Wild,Carson Soucy,CA,D,19.0,2026.0,Spruce Grove (AJHL),389.0,19.0,0.077120822622108,137,0.000198254042730355,92.0,0.236503856041131,,66.0,254.0,,,,,,,22.4,soucyca01,2013,D,22.4,0.04884318766066838,0.35218508997429304,0.2365038560411311,0.16966580976863754,12.412544987146529,
133.0,Phoenix Coyotes,Connor Clifton,US,D,18.0,2026.0,USA U-18 Development Team (USDP/USHL),393.0,18.0,0.0381679389312977,133,9.71194374842181e-05,77.0,0.195928753180662,,42.0,296.0,,,,,,,17.7,cliftco01,2013,D,17.7,0.04580152671755725,0.3384223918575064,0.19592875318066158,0.10687022900763359,9.813498727735368,
123.0,Colorado Avalanche,Will Butcher,US,D,18.0,2022.0,USA U-18 Development Team (USDP/USHL),275.0,18.0,0.0581818181818182,123,0.000211570247933884,114.0,0.414545454545455,,-37.0,34.0,,,,,,,16.1,butchwi01,2013,D,16.1,0.06545454545454546,0.44727272727272727,0.41454545454545455,-0.13454545454545455,8.955000000000004,
41.0,Philadelphia Flyers,Robert Hagg,SE,D,18.0,2025.0,MODO Hockey Jr. (Sweden Jr.),345.0,18.0,0.0463768115942029,41,0.000134425540852762,63.0,0.182608695652174,,-5.0,208.0,,,,,,,12.2,haggro01,2013,D,12.2,0.05217391304347826,0.11884057971014493,0.1826086956521739,-0.014492753623188406,6.75304347826087,
152.0,Florida Panthers,Joshua Brown,CA,D,19.0,2025.0,Oshawa Generals (OHL),300.0,19.0,0.0366666666666667,152,0.000122222222222222,35.0,0.116666666666667,,-28.0,307.0,,,,,,,5.9,brownjo01,2013,D,5.9,0.06333333333333334,0.5066666666666667,0.11666666666666667,-0.09333333333333334,3.310166666666668,
127.0,Winnipeg Jets,Tucker Poolman,US,D,20.0,2023.0,Omaha Lancers (USHL),163.0,20.0,0.0368098159509202,127,0.000225827091723437,23.0,0.141104294478528,,2.0,38.0,,,,,,,5.5,poolmtu01,2013,D,5.5,0.12269938650306748,0.7791411042944786,0.1411042944785276,0.012269938650306749,3.137576687116565,
53.0,Washington Capitals,Madison Bowey,CA,D,18.0,2022.0,Kelowna Rockets (WHL),158.0,18.0,0.0316455696202532,53,0.000200288415318058,40.0,0.253164556962025,,-22.0,104.0,,,,,,,5.3,boweyma01,2013,D,5.3,0.11392405063291139,0.33544303797468356,0.25316455696202533,-0.13924050632911392,2.9839873417721523,
42.0,New Jersey Devils,Steven Santini,US,D,18.0,2026.0,USA U-18 Development Team (USDP/USHL),131.0,18.0,0.0381679389312977,42,0.000291358312452654,24.0,0.183206106870229,,-8.0,57.0,,,,,,,5.0,santist01,2013,D,5.0,0.13740458015267176,0.32061068702290074,0.183206106870229,-0.061068702290076333,2.8171755725190843,
18.0,San Jose Sharks,Mirco Mueller,CH,D,18.0,2020.0,Everett Silvertips (WHL),185.0,18.0,0.027027027027027,18,0.00014609203798393,28.0,0.151351351351351,,-25.0,61.0,,,,,,,4.9,muellmi01,2013,D,4.9,0.0972972972972973,0.0972972972972973,0.15135135135135136,-0.13513513513513514,2.723648648648649,
196.0,New York Islanders,Kyle Burroughs,CA,D,18.0,2025.0,Regina Pats (WHL),201.0,18.0,0.0248756218905473,196,0.000123759312888295,22.0,0.109452736318408,,-45.0,216.0,,,,,,,2.9,burroky01,2013,D,2.9,0.08955223880597014,0.9751243781094527,0.10945273631840796,-0.22388059701492538,1.6954975124378109,
204.0,Washington Capitals,Tyler Lewington,CA,D,18.0,2022.0,Medicine Hat Tigers (WHL),12.0,18.0,0.0833333333333333,204,0.00694444444444444,3.0,0.25,,4.0,40.0,,,,,,,0.8,lewinty01,2013,D,0.8,1.5,17.0,0.25,0.3333333333333333,1.4164999999999999,
51.0,Chicago Blackhawks,Carl Dahlstrom,SE,D,18.0,2022.0,Linkoping HC Jr. (Sweden Jr.),67.0,18.0,0.0,51,0.0,12.0,0.17910447761194,,5.0,14.0,,,,,,,2.2,dahlsca01,2013,D,2.2,0.26865671641791045,0.7611940298507462,0.1791044776119403,0.07462686567164178,1.347313432835821,
108.0,Ottawa Senators,Ben Harpur,CA,D,18.0,2023.0,Guelph Storm (OHL),198.0,18.0,0.0101010101010101,108,5.1015202530354e-05,21.0,0.106060606060606,,-42.0,143.0,,,,,,,2.0,harpube01,2013,D,2.0,0.09090909090909091,0.5454545454545454,0.10606060606060606,-0.21212121212121213,1.1583333333333332,
46.0,Minnesota Wild,Gustav Olofsson,SE,D,18.0,2024.0,Green Bay Gamblers (USHL),63.0,18.0,0.0,46,0.0,11.0,0.174603174603175,,-4.0,18.0,,,,,,,1.4,olofsgu01,2013,D,1.4,0.2857142857142857,0.7301587301587301,0.1746031746031746,-0.06349206349206349,0.8914285714285715,
50.0,Columbus Blue Jackets,Dillon Heatherington,CA,D,18.0,2023.0,Swift Current Broncos (WHL),23.0,18.0,0.0,50,0.0,2.0,0.0869565217391304,,3.0,33.0,,,,,,,0.8,heathdi01,2013,D,0.8,0.782608695652174,2.1739130434782608,0.08695652173913043,0.13043478260869565,0.7617391304347827,
31.0,Florida Panthers,Ian McCoshen,US,D,18.0,2019.0,Waterloo Black Hawks (USHL),60.0,18.0,0.0666666666666667,31,0.00111111111111111,7.0,0.116666666666667,,-12.0,33.0,,,,,,,1.0,mccosia01,2013,D,1.0,0.3,0.5166666666666667,0.11666666666666667,-0.2,0.6291666666666667,
198.0,Calgary Flames,John Gilmour,CA,D,20.0,2020.0,Providence (H-East),37.0,20.0,0.0540540540540541,198,0.0014609203798393,5.0,0.135135135135135,,-16.0,18.0,,,,,,,0.1,gilmojo01,2013,D,0.1,0.5405405405405406,5.351351351351352,0.13513513513513514,-0.43243243243243246,0.6212162162162163,
32.0,Colorado Avalanche,Chris Bigras,CA,D,18.0,2018.0,Owen Sound Attack (OHL),46.0,18.0,0.0217391304347826,32,0.000472589792060491,4.0,0.0869565217391304,,-4.0,18.0,,,,,,,0.8,bigrach01,2013,D,0.8,0.391304347826087,0.6956521739130435,0.08695652173913043,-0.08695652173913043,0.5530434782608696,
93.0,Colorado Avalanche,Mason Geertsen,CA,D,18.0,2026.0,Vancouver Giants (WHL),30.0,18.0,0.0,93,0.0,0.0,0.0,,-7.0,89.0,,,,,,,-0.3,geertma01,2013,D,-0.3,0.6,3.1,0.0,-0.23333333333333334,0.1816666666666667,
11.0,Philadelphia Flyers,Samuel Morin,CA,D,18.0,2021.0,Rimouski Oceanic (QMJHL),29.0,18.0,0.0344827586206897,11,0.00118906064209275,1.0,0.0344827586206897,,-10.0,45.0,,,,,,,-0.3,morinsa01,2013,D,-0.3,0.6206896551724138,0.3793103448275862,0.034482758620689655,-0.3448275862068966,-0.0943103448275862,
47.0,St. Louis Blues,Thomas Vannelli,US,D,18.0,,Minnetonka HS (High-MN),,18.0,0.0,47,0.0,0.0,0.0,,0.0,,,,,,,,,vanneth01,2013,D,0.0,0.0,0.0,0.0,0.0,,
60.0,Boston Bruins,Linus Arnesson,SE,D,18.0,,Djurgardens IF (Sweden-2),,18.0,0.0,60,0.0,0.0,0.0,,0.0,,,,,,,,,arnesli01,2013,D,0.0,0.0,0.0,0.0,0.0,,
64.0,Nashville Predators,Jonathan Diaby,CA,D,18.0,,Victoriaville Tigres (QMJHL),,18.0,0.0,64,0.0,0.0,0.0,,0.0,,,,,,,,,diabyjo01,2013,D,0.0,0.0,0.0,0.0,0.0,,
67.0,Calgary Flames,Keegan Kanzig,CA,D,18.0,,Victoria Royals (WHL),,18.0,0.0,67,0.0,0.0,0.0,,0.0,,,,,,,,,kanzike01,2013,D,0.0,0.0,0.0,0.0,0.0,,
68.0,Dallas Stars,Niklas Hansson,SE,D,18.0,,Rogle BK Jr. (Sweden Jr.),,18.0,0.0,68,0.0,0.0,0.0,,0.0,,,,,,,,,hanssni01,2013,D,0.0,0.0,0.0,0.0,0.0,,
87.0,Anaheim Ducks,Keaton Thompson,US,D,18.0,,USA U-18 Development Team (USDP/USHL),,18.0,0.0,87,0.0,0.0,0.0,,0.0,,,,,,,,,thompke02,2013,D,0.0,0.0,0.0,0.0,0.0,,
97.0,Florida Panthers,Michael Downing,US,D,18.0,,Dubuque Fighting Saints (USHL),,18.0,0.0,97,0.0,0.0,0.0,,0.0,,,,,,,,,downimi01,2013,D,0.0,0.0,0.0,0.0,0.0,,
107.0,Minnesota Wild,Dylan Labbe,CA,D,18.0,,Shawinigan Cataractes (QMJHL),,18.0,0.0,107,0.0,0.0,0.0,,0.0,,,,,,,,,labbedy01,2013,D,0.0,0.0,0.0,0.0,0.0,,
111.0,Chicago Blackhawks,Robin Norell,SE,D,18.0,,Djurgardens IF Jr. (Sweden Jr.),,18.0,0.0,111,0.0,0.0,0.0,,0.0,,,,,,,,,norelro01,2013,D,0.0,0.0,0.0,0.0,0.0,,
114.0,Winnipeg Jets,Jan Kostalek,CZ,D,18.0,,Rimouski Oceanic (QMJHL),,18.0,0.0,114,0.0,0.0,0.0,,0.0,,,,,,,,,kostaja02,2013,D,0.0,0.0,0.0,0.0,0.0,,
115.0,Vancouver Canucks,Jordan Subban,CA,D,18.0,,Belleville Bulls (OHL),,18.0,0.0,115,0.0,0.0,0.0,,0.0,,,,,,,,,subbajo01,2013,D,0.0,0.0,0.0,0.0,0.0,,
119.0,Pittsburgh Penguins,Ryan Segalla,US,D,18.0,,Salisbury School (High-CT),,18.0,0.0,119,0.0,0.0,0.0,,0.0,,,,,,,,,segalry01,2013,D,0.0,0.0,0.0,0.0,0.0,,
132.0,Philadelphia Flyers,Terrance Amorosa,CA,D,18.0,,Holderness School (High-NH),,18.0,0.0,132,0.0,0.0,0.0,,0.0,,,,,,,,,amorote01,2013,D,0.0,0.0,0.0,0.0,0.0,,
135.0,Calgary Flames,Eric Roy,CA,D,18.0,,Brandon Wheat Kings (WHL),,18.0,0.0,135,0.0,0.0,0.0,,0.0,,,,,,,,,royer03,2013,D,0.0,0.0,0.0,0.0,0.0,,
139.0,Detroit Red Wings,Mitchell Wheaton,CA,D,18.0,,Kelowna Rockets (WHL),,18.0,0.0,139,0.0,0.0,0.0,,0.0,,,,,,,,,wheatmi01,2013,D,0.0,0.0,0.0,0.0,0.0,,
140.0,Nashville Predators,Teemu Kivihalme,US,D,18.0,,Burnsville HS (High-MN),,18.0,0.0,140,0.0,0.0,0.0,,0.0,,,,,,,,,kivihte01,2013,D,0.0,0.0,0.0,0.0,0.0,,
141.0,San Jose Sharks,Michael Brodzinski,US,D,18.0,,Muskegon Lumberjacks (USHL),,18.0,0.0,141,0.0,0.0,0.0,,0.0,,,,,,,,,brodzmi01,2013,D,0.0,0.0,0.0,0.0,0.0,,
143.0,Buffalo Sabres,Anthony Florentino,US,D,18.0,,Selects Academy 18U AAA (18U AAA),,18.0,0.0,143,0.0,0.0,0.0,,0.0,,,,,,,,,florean01,2013,D,0.0,0.0,0.0,0.0,0.0,,
144.0,Washington Capitals,Blake Heinrich,US,D,18.0,,Sioux City Musketeers (USHL),,18.0,0.0,144,0.0,0.0,0.0,,0.0,,,,,,,,,heinrbl01,2013,D,0.0,0.0,0.0,0.0,0.0,,
145.0,Vancouver Canucks,Anton Cederholm,SE,D,18.0,,Rogle BK Jr. (Sweden Jr.),,18.0,0.0,145,0.0,0.0,0.0,,0.0,,,,,,,,,cederan01,2013,D,0.0,0.0,0.0,0.0,0.0,,
150.0,Boston Bruins,Wiley Sherman,US,D,18.0,,Hotchkiss School (High-CT),,18.0,0.0,150,0.0,0.0,0.0,,0.0,,,,,,,,,shermwi01,2013,D,0.0,0.0,0.0,0.0,0.0,,
151.0,San Jose Sharks,Gage Ausmus,US,D,18.0,,USA U-18 Development Team (USDP/USHL),,18.0,0.0,151,0.0,0.0,0.0,,0.0,,,,,,,,,ausmuga01,2013,D,0.0,0.0,0.0,0.0,0.0,,
153.0,Colorado Avalanche,Ben Storm,US,D,19.0,,Muskegon Lumberjacks (USHL),,19.0,0.0,153,0.0,0.0,0.0,,0.0,,,,,,,,,stormbe01,2013,D,0.0,0.0,0.0,0.0,0.0,,
156.0,Carolina Hurricanes,Tyler Ganly,CA,D,18.0,,Soo Greyhounds (OHL),,18.0,0.0,156,0.0,0.0,0.0,,0.0,,,,,,,,,ganlyty01,2013,D,0.0,0.0,0.0,0.0,0.0,,
158.0,Edmonton Oilers,Ben Betker,CA,D,18.0,,Everett Silvertips (WHL),,18.0,0.0,158,0.0,0.0,0.0,,0.0,,,,,,,,,betkebe01,2013,D,0.0,0.0,0.0,0.0,0.0,,
164.0,Pittsburgh Penguins,Dane Birks,CA,D,18.0,,Merritt (BCHL),,18.0,0.0,164,0.0,0.0,0.0,,0.0,,,,,,,,,birksda01,2013,D,0.0,0.0,0.0,0.0,0.0,,
169.0,Detroit Red Wings,Marc McNulty,CA,D,18.0,,Prince George Cougars (WHL),,18.0,0.0,169,0.0,0.0,0.0,,0.0,,,,,,,,,mcnulma01,2013,D,0.0,0.0,0.0,0.0,0.0,,
173.0,St. Louis Blues,Santeri Saari,FI,D,18.0,,Jokerit Jr. (Finland Jr.),,18.0,0.0,173,0.0,0.0,0.0,,0.0,,,,,,,,,saarisa01,2013,D,0.0,0.0,0.0,0.0,0.0,,
175.0,Vancouver Canucks,Mike Williamson,CA,D,20.0,,Spruce Grove (AJHL),,20.0,0.0,175,0.0,0.0,0.0,,0.0,,,,,,,,,willimi01,2013,D,0.0,0.0,0.0,0.0,0.0,,
178.0,Los Angeles Kings,Zachary Leslie,CA,D,19.0,,Guelph Storm (OHL),,19.0,0.0,178,0.0,0.0,0.0,,0.0,,,,,,,,,lesliza01,2013,D,0.0,0.0,0.0,0.0,0.0,,
182.0,Dallas Stars,Aleksi Makela,FI,D,18.0,,Ilves Jr. (Finland Jr.),,18.0,0.0,182,0.0,0.0,0.0,,0.0,,,,,,,,,makelal01,2013,D,0.0,0.0,0.0,0.0,0.0,,
183.0,Colorado Avalanche,Wilhelm Westlund,SE,D,18.0,,Farjestad BK Jr. (Sweden Jr.),,18.0,0.0,183,0.0,0.0,0.0,,0.0,,,,,,,,,westlwi01,2013,D,0.0,0.0,0.0,0.0,0.0,,
187.0,Calgary Flames,Rushan Rafikov,RU,D,18.0,,Loko Yaroslavl (Russia Jr.),,18.0,0.0,187,0.0,0.0,0.0,,0.0,,,,,,,,,rafikru01,2013,D,0.0,0.0,0.0,0.0,0.0,,
190.0,Winnipeg Jets,Brenden Kichton,CA,D,21.0,,Spokane Chiefs (WHL),,21.0,0.0,190,0.0,0.0,0.0,,0.0,,,,,,,,,kichtbr01,2013,D,0.0,0.0,0.0,0.0,0.0,,
192.0,Philadelphia Flyers,David Drake,US,D,18.0,,Des Moines Buccaneers (USHL),,18.0,0.0,192,0.0,0.0,0.0,,0.0,,,,,,,,,drakeda02,2013,D,0.0,0.0,0.0,0.0,0.0,,
194.0,Winnipeg Jets,Marcus Karlstrom,SE,D,18.0,,AIK Jr. (Sweden Jr.),,18.0,0.0,194,0.0,0.0,0.0,,0.0,,,,,,,,,karlsma02,2013,D,0.0,0.0,0.0,0.0,0.0,,
197.0,Minnesota Wild,Nolan De Jong,CA,D,18.0,,Victoria (BCHL),,18.0,0.0,197,0.0,0.0,0.0,,0.0,,,,,,,,,dejonno01,2013,D,0.0,0.0,0.0,0.0,0.0,,
205.0,Vancouver Canucks,Miles Liberati,US,D,18.0,,London Knights (OHL),,18.0,0.0,205,0.0,0.0,0.0,,0.0,,,,,,,,,libermi01,2013,D,0.0,0.0,0.0,0.0,0.0,,
211.0,Chicago Blackhawks,Robin Press,SE,D,18.0,,Sodertalje SK (Sweden-2),,18.0,0.0,211,0.0,0.0,0.0,,0.0,,,,,,,,,pressro01,2013,D,0.0,0.0,0.0,0.0,0.0,,
1.0,Florida Panthers,Aaron Ekblad,CA,D,18.0,2026.0,Barrie Colts (OHL),756.0,18.0,0.157407407407407,1,0.000208210856359004,387.0,0.511904761904762,,93.0,521.0,,,,,,,71.5,ekblaaa01,2014,D,71.5,0.023809523809523808,0.0013227513227513227,0.5119047619047619,0.12301587301587301,39.41660052910053,
108.0,New York Islanders,Devon Toews,CA,D,20.0,2026.0,Quinnipiac (ECAC),499.0,20.0,0.12625250501002,108,0.000253011032084208,287.0,0.575150300601202,,207.0,138.0,,,,,,,57.8,toewsde01,2014,D,57.8,0.04008016032064128,0.21643286573146292,0.5751503006012024,0.4148296593186373,31.943406813627256,
55.0,Anaheim Ducks,Brandon Montour,CA,D,20.0,2026.0,Waterloo Black Hawks (USHL),621.0,20.0,0.143317230273752,55,0.000230784589812805,306.0,0.492753623188406,,22.0,462.0,,,,,,,52.4,montobr01,2014,D,52.4,0.0322061191626409,0.08856682769726248,0.4927536231884058,0.03542673107890499,28.90953301127214,
126.0,Vancouver Canucks,Gustav Forsling,SE,D,18.0,2026.0,Linkoping HC Jr. (Sweden Jr.),502.0,18.0,0.115537848605578,126,0.000230155076903542,204.0,0.406374501992032,,164.0,173.0,,,,,,,44.6,forslgu02,2014,D,44.6,0.035856573705179286,0.250996015936255,0.4063745019920319,0.32669322709163345,24.652310756972113,
17.0,Philadelphia Flyers,Travis Sanheim,CA,D,18.0,2026.0,Calgary Hitmen (WHL),604.0,18.0,0.0927152317880795,17,0.000153502039384238,222.0,0.367549668874172,,-50.0,267.0,,,,,,,36.3,sanhetr01,2014,D,36.3,0.029801324503311258,0.028145695364238412,0.3675496688741722,-0.08278145695364239,20.017649006622516,
19.0,Tampa Bay Lightning,Anthony Deangelo,US,D,18.0,2026.0,Sarnia Sting (OHL),433.0,18.0,0.122401847575058,19,0.000282683250750711,239.0,0.551963048498845,,-39.0,366.0,,,,,,,33.9,deangan01,2014,D,33.9,0.04157043879907621,0.04387990762124711,0.5519630484988453,-0.09006928406466513,18.72733256351039,
38.0,Anaheim Ducks,Marcus Pettersson,SE,D,18.0,2026.0,Skelleftea AIK Jr. (Sweden Jr.),549.0,18.0,0.034608378870674,38,6.30389414766375e-05,167.0,0.304189435336976,,88.0,343.0,,,,,,,33.6,pettema01,2014,D,33.6,0.03278688524590164,0.0692167577413479,0.30418943533697634,0.16029143897996356,18.55185792349727,
210.0,Los Angeles Kings,Jacob Middleton,CA,D,18.0,2026.0,Ottawa 67's (OHL),331.0,18.0,0.0664652567975831,210,0.000200801380053121,83.0,0.250755287009063,,21.0,317.0,,,,,,,18.9,middlja01,2014,D,18.9,0.054380664652567974,0.6344410876132931,0.25075528700906347,0.0634441087613293,10.507839879154078,
82.0,St. Louis Blues,Jake Walman,CA,D,18.0,2026.0,Toronto (OJHL),284.0,18.0,0.123239436619718,82,0.000433941678238444,101.0,0.355633802816901,,0.0,157.0,,,,,,,18.5,walmaja01,2014,D,18.5,0.06338028169014084,0.2887323943661972,0.35563380281690143,0.0,10.263556338028168,
7.0,Carolina Hurricanes,Haydn Fleury,CA,D,18.0,2026.0,Red Deer Rebels (WHL),322.0,18.0,0.031055900621118,7,9.64468963388758e-05,44.0,0.136645962732919,,-34.0,91.0,,,,,,,7.9,fleurha01,2014,D,7.9,0.055900621118012424,0.021739130434782608,0.13664596273291926,-0.10559006211180125,4.362701863354038,
40.0,Ottawa Senators,Andreas Englund,SE,D,18.0,2025.0,Djurgardens IF (Sweden-2),197.0,18.0,0.0101522842639594,40,5.15344378881188e-05,20.0,0.101522842639594,,-25.0,188.0,,,,,,,3.0,engluan01,2014,D,3.0,0.09137055837563451,0.20304568527918782,0.10152284263959391,-0.12690355329949238,1.681979695431472,
86.0,Philadelphia Flyers,Mark Friedman,CA,D,18.0,2025.0,Waterloo Black Hawks (USHL),93.0,18.0,0.043010752688172,86,0.000462481211700774,13.0,0.139784946236559,,3.0,80.0,,,,,,,2.8,friedma01,2014,D,2.8,0.1935483870967742,0.9247311827956989,0.13978494623655913,0.03225806451612903,1.676021505376344,
66.0,Vancouver Canucks,Nikita Tryamkin,RU,D,20.0,2017.0,Avtomobilist Yekaterinburg (Russia),79.0,20.0,0.0379746835443038,66,0.000480692196763339,11.0,0.139240506329114,,-10.0,74.0,,,,,,,2.5,tryamni01,2014,D,2.5,0.25316455696202533,0.8354430379746836,0.13924050632911392,-0.12658227848101267,1.4920886075949364,
91.0,Edmonton Oilers,William Lagesson,SE,D,18.0,2025.0,Frolunda HC Jr. (Sweden Jr.),107.0,18.0,0.0,91,0.0,12.0,0.11214953271028,,1.0,58.0,,,,,,,2.2,lageswi01,2014,D,2.2,0.16822429906542055,0.8504672897196262,0.11214953271028037,0.009345794392523364,1.3296261682242991,
14.0,Dallas Stars,Julius Honka,FI,D,18.0,2019.0,Swift Current Broncos (WHL),87.0,18.0,0.0229885057471264,14,0.000264235698242832,13.0,0.149425287356322,,-7.0,28.0,,,,,,,2.3,honkaju01,2014,D,2.3,0.20689655172413793,0.16091954022988506,0.14942528735632185,-0.08045977011494253,1.3161494252873562,
80.0,Minnesota Wild,Louis Belpedio,US,D,18.0,2024.0,USA U-18 Development Team (USDP/USHL),16.0,18.0,0.125,80,0.0078125,6.0,0.375,,6.0,0.0,,,,,,,1.5,belpelo01,2014,D,1.5,1.125,5.0,0.375,0.375,1.2250000000000003,
144.0,Colorado Avalanche,Anton Lindholm,SE,D,19.0,2020.0,Skelleftea AIK Jr. (Sweden Jr.),66.0,19.0,0.0,144,0.0,5.0,0.0757575757575758,,-4.0,16.0,,,,,,,1.0,lindhan01,2014,D,1.0,0.2878787878787879,2.1818181818181817,0.07575757575757576,-0.06060606060606061,0.8022727272727272,
140.0,New York Rangers,Daniel Walcott,CA,D,20.0,2021.0,Blainville-Boisbriand Armada (QMJHL),1.0,20.0,0.0,140,0.0,0.0,0.0,,-1.0,5.0,,,,,,,-0.1,walcoda01,2014,D,-0.1,20.0,140.0,0.0,-1.0,0.7922500000000001,
50.0,Los Angeles Kings,Roland McKeown,CA,D,18.0,2023.0,Kingston Frontenacs (OHL),16.0,18.0,0.0,50,0.0,3.0,0.1875,,4.0,27.0,,,,,,,0.9,mckeoro01,2014,D,0.9,1.125,3.125,0.1875,0.25,0.7785000000000002,
133.0,Arizona Coyotes,Dysin Mayo,CA,D,18.0,2026.0,Edmonton Oil Kings (WHL),83.0,18.0,0.0481927710843373,133,0.000580635796196835,12.0,0.144578313253012,,-31.0,35.0,,,,,,,1.0,mayody01,2014,D,1.0,0.21686746987951808,1.6024096385542168,0.14457831325301204,-0.37349397590361444,0.7162650602409638,
119.0,Tampa Bay Lightning,Ben Thomas,CA,D,18.0,2021.0,Calgary Hitmen (WHL),5.0,18.0,0.0,119,0.0,0.0,0.0,,1.0,0.0,,,,,,,0.1,thomabe01,2014,D,0.1,3.6,23.8,0.0,0.2,0.7037500000000001,
101.0,Winnipeg Jets,Nelson Nogier,CA,D,18.0,2019.0,Saskatoon Blades (WHL),11.0,18.0,0.0,101,0.0,0.0,0.0,,-1.0,5.0,,,,,,,-0.1,nogiene01,2014,D,-0.1,1.6363636363636365,9.181818181818182,0.0,-0.09090909090909091,0.5597500000000001,
68.0,Toronto Maple Leafs,Rinat Valiev,RU,D,19.0,2018.0,Kootenay Ice (WHL),12.0,19.0,0.0,68,0.0,0.0,0.0,,0.0,2.0,,,,,,,0.2,valieri01,2014,D,0.2,1.5833333333333333,5.666666666666667,0.0,0.0,0.501,
73.0,Montreal Canadiens,Brett Lernout,CA,D,18.0,2018.0,Swift Current Broncos (WHL),21.0,18.0,0.0,73,0.0,1.0,0.0476190476190476,,-6.0,6.0,,,,,,,0.0,lernobr01,2014,D,0.0,0.8571428571428571,3.4761904761904763,0.047619047619047616,-0.2857142857142857,0.41190476190476194,
41.0,New Jersey Devils,Joshua Jacobs,US,D,18.0,2020.0,Indiana Ice (USHL),3.0,18.0,0.0,41,0.0,0.0,0.0,,0.0,2.0,,,,,,,0.1,jacobjo01,2014,D,0.1,6.0,13.666666666666666,0.0,0.0,0.30325,
35.0,Tampa Bay Lightning,Dominik Masin,CZ,D,18.0,,HC Slavia Praha Jr. (Czech Jr.),,18.0,0.0,35,0.0,0.0,0.0,,0.0,,,,,,,,,masindo01,2014,D,0.0,0.0,0.0,0.0,0.0,,
46.0,San Jose Sharks,Julius Bergman,SE,D,18.0,,Frolunda HC Jr. (Sweden Jr.),,18.0,0.0,46,0.0,0.0,0.0,,0.0,,,,,,,,,bergmju01,2014,D,0.0,0.0,0.0,0.0,0.0,,
47.0,Columbus Blue Jackets,Ryan Collins,US,D,18.0,,USA U-18 Development Team (USDP/USHL),,18.0,0.0,47,0.0,0.0,0.0,,0.0,,,,,,,,,colliry01,2014,D,0.0,0.0,0.0,0.0,0.0,,
51.0,Nashville Predators,Jack Dougherty,US,D,18.0,,USA U-18 Development Team (USDP/USHL),,18.0,0.0,51,0.0,0.0,0.0,,0.0,,,,,,,,,doughja01,2014,D,0.0,0.0,0.0,0.0,0.0,,
57.0,Tampa Bay Lightning,Johnathan McLeod,US,D,18.0,,USA U-18 Development Team (USDP/USHL),,18.0,0.0,57,0.0,0.0,0.0,,0.0,,,,,,,,,maclejo02,2014,D,0.0,0.0,0.0,0.0,0.0,,
60.0,Los Angeles Kings,Alex Lintuniemi,FI,D,18.0,,Ottawa 67's (OHL),,18.0,0.0,60,0.0,0.0,0.0,,0.0,,,,,,,,,lintual01,2014,D,0.0,0.0,0.0,0.0,0.0,,
64.0,Calgary Flames,Brandon Hickey,CA,D,18.0,,Spruce Grove (AJHL),,18.0,0.0,64,0.0,0.0,0.0,,0.0,,,,,,,,,hickebr01,2014,D,0.0,0.0,0.0,0.0,0.0,,
69.0,Winnipeg Jets,Jack Glover,US,D,18.0,,USA U-18 Development Team (USDP/USHL),,18.0,0.0,69,0.0,0.0,0.0,,0.0,,,,,,,,,gloveja01,2014,D,0.0,0.0,0.0,0.0,0.0,,
70.0,Ottawa Senators,Miles Gendron,US,D,18.0,,Rivers School (High-MA),,18.0,0.0,70,0.0,0.0,0.0,,0.0,,,,,,,,,gendrmi01,2014,D,0.0,0.0,0.0,0.0,0.0,,
74.0,Buffalo Sabres,Brycen Martin,CA,D,18.0,,Swift Current Broncos (WHL),,18.0,0.0,74,0.0,0.0,0.0,,0.0,,,,,,,,,martibr01,2014,D,0.0,0.0,0.0,0.0,0.0,,
75.0,Dallas Stars,Alexander Peters,CA,D,18.0,,Plymouth Whalers (OHL),,18.0,0.0,75,0.0,0.0,0.0,,0.0,,,,,,,,,peteral01,2014,D,0.0,0.0,0.0,0.0,0.0,,
77.0,Columbus Blue Jackets,Blake Siebenaler,US,D,18.0,,Niagara IceDogs (OHL),,18.0,0.0,77,0.0,0.0,0.0,,0.0,,,,,,,,,siebebl01,2014,D,0.0,0.0,0.0,0.0,0.0,,
84.0,Colorado Avalanche,Kyle Wood,CA,D,18.0,,North Bay Battalion (OHL),,18.0,0.0,84,0.0,0.0,0.0,,0.0,,,,,,,,,woodky01,2014,D,0.0,0.0,0.0,0.0,0.0,,
96.0,Carolina Hurricanes,Josh Wesley,US,D,18.0,,Plymouth Whalers (OHL),,18.0,0.0,96,0.0,0.0,0.0,,0.0,,,,,,,,,weslejo01,2014,D,0.0,0.0,0.0,0.0,0.0,,
102.0,San Jose Sharks,Alexis Vanier,CA,D,18.0,,Baie-Comeau Drakkar (QMJHL),,18.0,0.0,102,0.0,0.0,0.0,,0.0,,,,,,,,,vanieal01,2014,D,0.0,0.0,0.0,0.0,0.0,,
104.0,New York Rangers,Ryan Mantha,US,D,18.0,,Indiana Ice (USHL),,18.0,0.0,104,0.0,0.0,0.0,,0.0,,,,,,,,,manthry01,2014,D,0.0,0.0,0.0,0.0,0.0,,
105.0,Dallas Stars,Michael Prapavessis,CA,D,18.0,,Toronto (OJHL),,18.0,0.0,105,0.0,0.0,0.0,,0.0,,,,,,,,,prapami01,2014,D,0.0,0.0,0.0,0.0,0.0,,
120.0,Los Angeles Kings,Steven Johnson,US,D,20.0,,Omaha Lancers (USHL),,20.0,0.0,120,0.0,0.0,0.0,,0.0,,,,,,,,,johnsst01,2014,D,0.0,0.0,0.0,0.0,0.0,,
123.0,Anaheim Ducks,Matthew Berkovitz,US,D,18.0,,Ashwaubenon HS (High-WI),,18.0,0.0,123,0.0,0.0,0.0,,0.0,,,,,,,,,berkoma01,2014,D,0.0,0.0,0.0,0.0,0.0,,
125.0,Montreal Canadiens,Nikolas Koberstein,CA,D,18.0,,Olds (AJHL),,18.0,0.0,125,0.0,0.0,0.0,,0.0,,,,,,,,,koberni01,2014,D,0.0,0.0,0.0,0.0,0.0,,
131.0,New Jersey Devils,Ryan Rehill,CA,D,18.0,,Kamloops Blazers (WHL),,18.0,0.0,131,0.0,0.0,0.0,,0.0,,,,,,,,,rehilry01,2014,D,0.0,0.0,0.0,0.0,0.0,,
132.0,Nashville Predators,Joonas Lyytinen,FI,D,19.0,,KalPa (Finland),,19.0,0.0,132,0.0,0.0,0.0,,0.0,,,,,,,,,lyytijo01,2014,D,0.0,0.0,0.0,0.0,0.0,,
135.0,Dallas Stars,Miro Karjalainen,FI,D,18.0,,Jokerit Jr. (Finland Jr.),,18.0,0.0,135,0.0,0.0,0.0,,0.0,,,,,,,,,karjami01,2014,D,0.0,0.0,0.0,0.0,0.0,,
139.0,Minnesota Wild,Tanner Faith,CA,D,18.0,,Kootenay Ice (WHL),,18.0,0.0,139,0.0,0.0,0.0,,0.0,,,,,,,,,faithta01,2014,D,0.0,0.0,0.0,0.0,0.0,,
141.0,Chicago Blackhawks,Luc Snuggerud,US,D,18.0,,Eden Priarie HS (High-MN),,18.0,0.0,141,0.0,0.0,0.0,,0.0,,,,,,,,,snugglu01,2014,D,0.0,0.0,0.0,0.0,0.0,,
142.0,New York Rangers,Tyler Nanne,US,D,18.0,,Edina HS (High-MN),,18.0,0.0,142,0.0,0.0,0.0,,0.0,,,,,,,,,nannety01,2014,D,0.0,0.0,0.0,0.0,0.0,,
148.0,Chicago Blackhawks,Andreas Soderberg,SE,D,18.0,,Skelleftea AIK Jr. (Sweden Jr.),,18.0,0.0,148,0.0,0.0,0.0,,0.0,,,,,,,,,soderan01,2014,D,0.0,0.0,0.0,0.0,0.0,,
154.0,Dallas Stars,Aaron Haydon,US,D,18.0,,Niagara IceDogs (OHL),,18.0,0.0,154,0.0,0.0,0.0,,0.0,,,,,,,,,haydoaa01,2014,D,0.0,0.0,0.0,0.0,0.0,,
160.0,Minnesota Wild,Pontus Sjalin,SE,D,18.0,,Ostersunds IK (Sweden-3),,18.0,0.0,160,0.0,0.0,0.0,,0.0,,,,,,,,,sjalipo01,2014,D,0.0,0.0,0.0,0.0,0.0,,
162.0,Nashville Predators,Aaron Irving,CA,D,18.0,,Edmonton Oil Kings (WHL),,18.0,0.0,162,0.0,0.0,0.0,,0.0,,,,,,,,,irvinaa01,2014,D,0.0,0.0,0.0,0.0,0.0,,
163.0,Arizona Coyotes,David Westlund,SE,D,19.0,,Brynas IF Jr. (Sweden Jr.),,19.0,0.0,163,0.0,0.0,0.0,,0.0,,,,,,,,,westlda01,2014,D,0.0,0.0,0.0,0.0,0.0,,
175.0,Calgary Flames,Adam Ollas-Mattsson,SE,D,18.0,,Djurgardens IF Jr. (Sweden Jr.),,18.0,0.0,175,0.0,0.0,0.0,,0.0,,,,,,,,,ollasad01,2014,D,0.0,0.0,0.0,0.0,0.0,,
186.0,Vancouver Canucks,Mackenze Stewart,CA,D,19.0,,Prince Albert Raiders (WHL),,19.0,0.0,186,0.0,0.0,0.0,,0.0,,,,,,,,,stewama01,2014,D,0.0,0.0,0.0,0.0,0.0,,
187.0,Carolina Hurricanes,Kyle Jenkins,CA,D,18.0,,Soo Greyhounds (OHL),,18.0,0.0,187,0.0,0.0,0.0,,0.0,,,,,,,,,jenkiky01,2014,D,0.0,0.0,0.0,0.0,0.0,,
189.0,Ottawa Senators,Kelly Summers,CA,D,18.0,,Carleton Place (CCHL),,18.0,0.0,189,0.0,0.0,0.0,,0.0,,,,,,,,,summeke01,2014,D,0.0,0.0,0.0,0.0,0.0,,
195.0,Dallas Stars,Patrick Sanvido,CA,D,18.0,,Windsor Spitfires (OHL),,18.0,0.0,195,0.0,0.0,0.0,,0.0,,,,,,,,,sanvipa01,2014,D,0.0,0.0,0.0,0.0,0.0,,
197.0,Columbus Blue Jackets,Olivier Leblanc,CA,D,18.0,,Saint John Sea Dogs (QMJHL),,18.0,0.0,197,0.0,0.0,0.0,,0.0,,,,,,,,,leblaol01,2014,D,0.0,0.0,0.0,0.0,0.0,,
198.0,Philadelphia Flyers,Jesper Pettersson,SE,D,20.0,,Linkoping HC (Sweden),,20.0,0.0,198,0.0,0.0,0.0,,0.0,,,,,,,,,petteje01,2014,D,0.0,0.0,0.0,0.0,0.0,,
203.0,Pittsburgh Penguins,Jeff Taylor,US,D,20.0,,Union (ECAC),,20.0,0.0,203,0.0,0.0,0.0,,0.0,,,,,,,,,tayloje01,2014,D,0.0,0.0,0.0,0.0,0.0,,
206.0,Boston Bruins,Emil Johansson,SE,D,18.0,,HV71 Jr. (Sweden Jr.),,18.0,0.0,206,0.0,0.0,0.0,,0.0,,,,,,,,,johanem01,2014,D,0.0,0.0,0.0,0.0,0.0,,
8.0,Columbus Blue Jackets,Zach Werenski,US,D,18.0,2026.0,Michigan (Big Ten),593.0,18.0,0.205733558178752,8,0.000346936860335164,410.0,0.691399662731872,,13.0,148.0,,,,,,,66.5,werenza01,2015,D,66.5,0.03035413153456998,0.013490725126475547,0.6913996627318718,0.021922428330522766,36.68528667790894,
5.0,Carolina Hurricanes,Noah Hanifin,US,D,18.0,2026.0,Boston College (H-East),774.0,18.0,0.0943152454780362,5,0.000121854322323044,329.0,0.425064599483204,,-1.0,203.0,,,,,,,55.1,hanifno01,2015,D,55.1,0.023255813953488372,0.006459948320413436,0.42506459948320413,-0.0012919896640826874,30.371602067183467,
56.0,St. Louis Blues,Vince Dunn,CA,D,18.0,2026.0,Niagara IceDogs (OHL),566.0,18.0,0.139575971731449,56,0.000246600656769345,299.0,0.528268551236749,,28.0,357.0,,,,,,,50.2,dunnvi02,2015,D,50.2,0.03180212014134275,0.0989399293286219,0.5282685512367491,0.04946996466431095,27.70726148409894,
7.0,Philadelphia Flyers,Ivan Provorov,RU,D,18.0,2026.0,Brandon Wheat Kings (WHL),722.0,18.0,0.110803324099723,7,0.000153467207894353,290.0,0.401662049861496,,-24.0,255.0,,,,,,,49.6,provoiv01,2015,D,49.6,0.024930747922437674,0.009695290858725761,0.40166204986149584,-0.0332409972299169,27.340387811634354,
18.0,Ottawa Senators,Thomas Chabot,CA,D,18.0,2026.0,Saint John Sea Dogs (QMJHL),530.0,18.0,0.137735849056604,18,0.000259878960484158,314.0,0.592452830188679,,-54.0,258.0,,,,,,,46.9,chaboth01,2015,D,46.9,0.033962264150943396,0.033962264150943396,0.5924528301886792,-0.1018867924528302,25.88047169811321,
53.0,Calgary Flames,Rasmus Andersson,SE,D,18.0,2026.0,Barrie Colts (OHL),564.0,18.0,0.0921985815602837,53,0.000163472662340929,249.0,0.441489361702128,,-18.0,313.0,,,,,,,40.0,anderra01,2015,D,40.0,0.031914893617021274,0.09397163120567376,0.44148936170212766,-0.031914893617021274,22.075620567375886,
37.0,Boston Bruins,Brandon Carlo,US,D,18.0,2026.0,Tri-City Americans (WHL),655.0,18.0,0.0442748091603053,37,6.75951284890157e-05,114.0,0.174045801526718,,135.0,350.0,,,,,,,36.5,carlobr01,2015,D,36.5,0.02748091603053435,0.05648854961832061,0.17404580152671756,0.20610687022900764,20.1301145038168,
194.0,Los Angeles Kings,Matt Roy,CA,D,20.0,2026.0,Michigan Tech (WCHA),465.0,20.0,0.0602150537634409,194,0.000129494739276217,136.0,0.29247311827957,,101.0,147.0,,,,,,,32.8,royma04,2015,D,32.8,0.043010752688172046,0.4172043010752688,0.2924731182795699,0.2172043010752688,18.151612903225807,
159.0,Columbus Blue Jackets,Vladislav Gavrikov,RU,D,19.0,2026.0,Lokomotiv Yaroslavl (Russia),463.0,19.0,0.0734341252699784,159,0.000158605022181379,147.0,0.317494600431965,,31.0,210.0,,,,,,,30.6,gavrivl01,2015,D,30.6,0.04103671706263499,0.3434125269978402,0.3174946004319654,0.06695464362850972,16.922764578833696,
43.0,Los Angeles Kings,Erik Cernak,SK,D,18.0,2026.0,HC Kosice (Slovakia),460.0,18.0,0.05,43,0.000108695652173913,113.0,0.245652173913043,,93.0,388.0,,,,,,,26.3,cernaer01,2015,D,26.3,0.0391304347826087,0.09347826086956522,0.24565217391304348,0.20217391304347826,14.535326086956525,
154.0,Edmonton Oilers,John Marino,US,D,18.0,2026.0,South Shore (USPHL Premier),390.0,18.0,0.0512820512820513,154,0.000131492439184747,134.0,0.343589743589744,,49.0,120.0,,,,,,,25.1,marinjo01,2015,D,25.1,0.046153846153846156,0.39487179487179486,0.3435897435897436,0.12564102564102564,13.91320512820513,
115.0,Nashville Predators,Alexandre Carrier,CA,D,18.0,2026.0,Gatineau Olympiques (QMJHL),321.0,18.0,0.043613707165109,115,0.000135868246620277,95.0,0.29595015576324,,19.0,181.0,,,,,,,18.0,carrial01,2015,D,18.0,0.056074766355140186,0.3582554517133956,0.29595015576323985,0.059190031152647975,9.991744548286606,
57.0,Washington Capitals,Jonas Siegenthaler,CH,D,18.0,2026.0,ZSC Lions (Swiss),393.0,18.0,0.0254452926208651,57,6.47462916561453e-05,68.0,0.173027989821883,,33.0,232.0,,,,,,,16.1,siegejo01,2015,D,16.1,0.04580152671755725,0.1450381679389313,0.17302798982188294,0.08396946564885496,8.908435114503819,
189.0,Columbus Blue Jackets,Markus Nutivaara,FI,D,21.0,2022.0,Karpat (Finland),275.0,21.0,0.0618181818181818,189,0.000224793388429752,71.0,0.258181818181818,,26.0,42.0,,,,,,,15.0,nutivma01,2015,D,15.0,0.07636363636363637,0.6872727272727273,0.2581818181818182,0.09454545454545454,8.374545454545455,
127.0,St. Louis Blues,Niko Mikkola,FI,D,19.0,2026.0,KalPa Jr. (Finland Jr.),353.0,19.0,0.0396600566572238,127,0.000112351435289586,66.0,0.186968838526912,,19.0,287.0,,,,,,,14.8,mikkoni01,2015,D,14.8,0.053824362606232294,0.3597733711048159,0.18696883852691218,0.053824362606232294,8.214787535410764,
92.0,Buffalo Sabres,William Borgen,US,D,18.0,2026.0,Moorhead HS (High-MN),319.0,18.0,0.0438871473354232,92,0.000137577264374367,71.0,0.222570532915361,,-3.0,194.0,,,,,,,12.9,borgewi01,2015,D,12.9,0.05642633228840126,0.2884012539184953,0.2225705329153605,-0.009404388714733543,7.161927899686521,
124.0,Edmonton Oilers,Ethan Bear,CA,D,18.0,2024.0,Seattle Thunderbirds (WHL),275.0,18.0,0.0618181818181818,124,0.000224793388429752,67.0,0.243636363636364,,-14.0,112.0,,,,,,,12.0,bearet01,2015,D,12.0,0.06545454545454546,0.4509090909090909,0.24363636363636362,-0.05090909090909091,6.68309090909091,
60.0,Calgary Flames,Oliver Kylington,SE,D,18.0,2025.0,Farjestad BK (Sweden),220.0,18.0,0.0818181818181818,60,0.000371900826446281,60.0,0.272727272727273,,22.0,60.0,,,,,,,11.8,kylinol01,2015,D,11.8,0.08181818181818182,0.2727272727272727,0.2727272727272727,0.1,6.576363636363637,
52.0,Boston Bruins,Jeremy Lauzon,CA,D,18.0,2026.0,Rouyn-Noranda Huskies (QMJHL),333.0,18.0,0.042042042042042,52,0.000126252378504631,49.0,0.147147147147147,,-9.0,381.0,,,,,,,11.8,lauzoje01,2015,D,11.8,0.05405405405405406,0.15615615615615616,0.14714714714714713,-0.02702702702702703,6.530390390390393,
34.0,Toronto Maple Leafs,Travis Dermott,CA,D,18.0,2025.0,Erie Otters (OHL),348.0,18.0,0.0459770114942529,34,0.000132117849121416,62.0,0.17816091954023,,12.0,130.0,,,,,,,11.6,dermotr01,2015,D,11.6,0.05172413793103448,0.09770114942528736,0.1781609195402299,0.034482758620689655,6.425114942528736,
117.0,Edmonton Oilers,Caleb Jones,US,D,18.0,2026.0,USA U-18 Development Team (USDP/USHL),255.0,18.0,0.0549019607843137,117,0.000215301806997309,56.0,0.219607843137255,,-35.0,90.0,,,,,,,9.1,jonesca01,2015,D,9.1,0.07058823529411765,0.4588235294117647,0.2196078431372549,-0.13725490196078433,5.077156862745098,
112.0,New York Islanders,Parker Wotherspoon,CA,D,18.0,2026.0,Tri-City Americans (WHL),133.0,18.0,0.0225563909774436,112,0.000169596924642433,26.0,0.195488721804511,,8.0,69.0,,,,,,,5.9,wothepa01,2015,D,5.9,0.13533834586466165,0.8421052631578947,0.19548872180451127,0.06015037593984962,3.3780827067669175,
27.0,Anaheim Ducks,Jacob Larsson,SE,D,18.0,2023.0,Frolunda HC Jr. (Sweden Jr.),172.0,18.0,0.0174418604651163,27,0.000101406165494862,24.0,0.13953488372093,,-26.0,52.0,,,,,,,4.2,larssja01,2015,D,4.2,0.10465116279069768,0.1569767441860465,0.13953488372093023,-0.1511627906976744,2.3419767441860473,
107.0,Ottawa Senators,Christian Wolanin,CA,D,20.0,2023.0,Muskegon Lumberjacks (USHL),86.0,20.0,0.0697674418604651,107,0.000811249323958897,23.0,0.267441860465116,,-2.0,20.0,,,,,,,3.9,wolanch01,2015,D,3.9,0.23255813953488372,1.244186046511628,0.26744186046511625,-0.023255813953488372,2.33046511627907,
26.0,Montreal Canadiens,Noah Juulsen,CA,D,18.0,2026.0,Everett Silvertips (WHL),179.0,18.0,0.0167597765363128,26,9.3630036515714e-05,19.0,0.106145251396648,,-11.0,63.0,,,,,,,4.0,juulsno01,2015,D,4.0,0.1005586592178771,0.1452513966480447,0.10614525139664804,-0.061452513966480445,2.2343575418994415,
121.0,Chicago Blackhawks,Ryan Shea,US,D,18.0,2026.0,Boston College HS (High-MA),95.0,18.0,0.0526315789473684,121,0.000554016620498615,16.0,0.168421052631579,,-4.0,36.0,,,,,,,3.5,sheary01,2015,D,3.5,0.18947368421052632,1.2736842105263158,0.16842105263157894,-0.042105263157894736,2.0923684210526314,
13.0,Boston Bruins,Jakub Zboril,CZ,D,18.0,2023.0,Saint John Sea Dogs (QMJHL),76.0,18.0,0.0131578947368421,13,0.000173130193905817,16.0,0.210526315789474,,0.0,28.0,,,,,,,2.9,zborija01,2015,D,2.9,0.23684210526315788,0.17105263157894737,0.21052631578947367,0.0,1.6673684210526316,
198.0,Winnipeg Jets,Sami Niku,FI,D,18.0,2022.0,JYP-Aktemia (Finland-2),67.0,18.0,0.0298507462686567,198,0.000445533526397861,16.0,0.238805970149254,,-2.0,24.0,,,,,,,2.3,nikusa01,2015,D,2.3,0.26865671641791045,2.955223880597015,0.23880597014925373,-0.029850746268656716,1.6202238805970148,
29.0,Columbus Blue Jackets,Gabriel Carlsson,SE,D,18.0,2023.0,Linkoping HC Jr. (Sweden Jr.),81.0,18.0,0.037037037037037,29,0.000457247370827617,18.0,0.222222222222222,,-5.0,22.0,,,,,,,2.6,carlsga01,2015,D,2.6,0.2222222222222222,0.35802469135802467,0.2222222222222222,-0.06172839506172839,1.5151851851851854,
51.0,Buffalo Sabres,Brendan Guhle,CA,D,18.0,2022.0,Prince Albert Raiders (WHL),65.0,18.0,0.0615384615384615,51,0.000946745562130177,14.0,0.215384615384615,,-9.0,24.0,,,,,,,2.5,guhlebr01,2015,D,2.5,0.27692307692307694,0.7846153846153846,0.2153846153846154,-0.13846153846153847,1.4996153846153846,
63.0,Arizona Coyotes,Kyle Capobianco,CA,D,18.0,2026.0,Sudbury Wolves (OHL),86.0,18.0,0.0697674418604651,63,0.000811249323958897,16.0,0.186046511627907,,-16.0,56.0,,,,,,,2.4,capobky01,2015,D,2.4,0.20930232558139536,0.7325581395348837,0.18604651162790697,-0.18604651162790697,1.4234883720930234,
91.0,Chicago Blackhawks,Dennis Gilbert,US,D,18.0,2025.0,Chicago Steel (USHL),111.0,18.0,0.027027027027027,91,0.000243486729973216,20.0,0.18018018018018,,-18.0,138.0,,,,,,,1.9,gilbede01,2015,D,1.9,0.16216216216216217,0.8198198198198198,0.18018018018018017,-0.16216216216216217,1.154009009009009,
101.0,Colorado Avalanche,Andrei Mironov,RU,D,21.0,2018.0,Dynamo Moskva (Russia),10.0,21.0,0.1,101,0.01,3.0,0.3,,2.0,12.0,,,,,,,0.7,mironan01,2015,D,0.7,2.1,10.1,0.3,0.2,0.835,
40.0,Colorado Avalanche,Nicolas Meloche,CA,D,18.0,2022.0,Baie-Comeau Drakkar (QMJHL),57.0,18.0,0.0350877192982456,40,0.000615574022776239,8.0,0.140350877192982,,-16.0,39.0,,,,,,,1.2,melocni01,2015,D,1.2,0.3157894736842105,0.7017543859649122,0.14035087719298245,-0.2807017543859649,0.7547368421052632,
97.0,New Jersey Devils,Colton White,CA,D,18.0,2026.0,Soo Greyhounds (OHL),92.0,18.0,0.0,97,0.0,10.0,0.108695652173913,,-19.0,22.0,,,,,,,0.9,whiteco03,2015,D,0.9,0.1956521739130435,1.0543478260869565,0.10869565217391304,-0.20652173913043478,0.6156521739130435,
139.0,Ottawa Senators,Christian Jaros,SK,D,19.0,2022.0,Lulea HF Jr. (Sweden Jr.),94.0,19.0,0.0106382978723404,139,0.000113173381620643,14.0,0.148936170212766,,-24.0,37.0,,,,,,,0.8,jarosch01,2015,D,0.8,0.20212765957446807,1.4787234042553192,0.14893617021276595,-0.2553191489361702,0.6048936170212766,
66.0,Vancouver Canucks,Guillaume Brisebois,CA,D,18.0,2025.0,Acadie-Bathurst Titan (QMJHL),30.0,18.0,0.0333333333333333,66,0.00111111111111111,3.0,0.1,,-7.0,6.0,,,,,,,0.2,brisegu01,2015,D,0.2,0.6,2.2,0.1,-0.23333333333333334,0.3816666666666667,
31.0,San Jose Sharks,Jeremy Roy,CA,D,18.0,,Sherbrooke Phoenix (QMJHL),,18.0,0.0,31,0.0,0.0,0.0,,0.0,,,,,,,,,royje02,2015,D,0.0,0.0,0.0,0.0,0.0,,
44.0,Tampa Bay Lightning,Matthew Spencer,CA,D,18.0,,Peterborough Petes (OHL),,18.0,0.0,44,0.0,0.0,0.0,,0.0,,,,,,,,,spencma01,2015,D,0.0,0.0,0.0,0.0,0.0,,
65.0,Toronto Maple Leafs,Andrew Nielsen,CA,D,18.0,,Lethbridge Hurricanes (WHL),,18.0,0.0,65,0.0,0.0,0.0,,0.0,,,,,,,,,nielsan01,2015,D,0.0,0.0,0.0,0.0,0.0,,
73.0,Detroit Red Wings,Vili Saarijarvi,FI,D,18.0,,Green Bay Gamblers (USHL),,18.0,0.0,73,0.0,0.0,0.0,,0.0,,,,,,,,,saarivi01,2015,D,0.0,0.0,0.0,0.0,0.0,,
79.0,New York Rangers,Sergey Zborovskiy,RU,D,18.0,,Regina Pats (WHL),,18.0,0.0,79,0.0,0.0,0.0,,0.0,,,,,,,,,zborose01,2015,D,0.0,0.0,0.0,0.0,0.0,,
82.0,New York Islanders,Mitchell Vande Sompel,CA,D,18.0,,Oshawa Generals (OHL),,18.0,0.0,82,0.0,0.0,0.0,,0.0,,,,,,,,,vandemi01,2015,D,0.0,0.0,0.0,0.0,0.0,,
88.0,Florida Panthers,Thomas Schemitsch,CA,D,18.0,,Owen Sound Attack (OHL),,18.0,0.0,88,0.0,0.0,0.0,,0.0,,,,,,,,,schemth01,2015,D,0.0,0.0,0.0,0.0,0.0,,
95.0,Toronto Maple Leafs,Jesper Lindgren,SE,D,18.0,,MODO Hockey Jr. (Sweden Jr.),,18.0,0.0,95,0.0,0.0,0.0,,0.0,,,,,,,,,lindgje01,2015,D,0.0,0.0,0.0,0.0,0.0,,
103.0,Dallas Stars,Chris Martenet,US,D,18.0,,London Knights (OHL),,18.0,0.0,103,0.0,0.0,0.0,,0.0,,,,,,,,,martech01,2015,D,0.0,0.0,0.0,0.0,0.0,,
122.0,Buffalo Sabres,Devante Stephens,CA,D,18.0,,Kelowna Rockets (WHL),,18.0,0.0,122,0.0,0.0,0.0,,0.0,,,,,,,,,stephde01,2015,D,0.0,0.0,0.0,0.0,0.0,,
129.0,Columbus Blue Jackets,Sam Ruopp,CA,D,19.0,,Prince George Cougars (WHL),,19.0,0.0,129,0.0,0.0,0.0,,0.0,,,,,,,,,ruoppsa01,2015,D,0.0,0.0,0.0,0.0,0.0,,
130.0,San Jose Sharks,Karlis Cukste,LV,D,18.0,,HK Riga (Russia Jr.),,18.0,0.0,130,0.0,0.0,0.0,,0.0,,,,,,,,,cukstka01,2015,D,0.0,0.0,0.0,0.0,0.0,,
133.0,Dallas Stars,Joseph Cecconi,US,D,18.0,,Muskegon Lumberjacks (USHL),,18.0,0.0,133,0.0,0.0,0.0,,0.0,,,,,,,,,ceccojo01,2015,D,0.0,0.0,0.0,0.0,0.0,,
141.0,Columbus Blue Jackets,Veeti Vainio,FI,D,18.0,,Blues Jr. (Finland Jr.),,18.0,0.0,141,0.0,0.0,0.0,,0.0,,,,,,,,,vainive01,2015,D,0.0,0.0,0.0,0.0,0.0,,
143.0,Washington Capitals,Connor Hobbs,CA,D,18.0,,Regina Pats (WHL),,18.0,0.0,143,0.0,0.0,0.0,,0.0,,,,,,,,,hobbsco01,2015,D,0.0,0.0,0.0,0.0,0.0,,
144.0,Vancouver Canucks,Carl Neill,CA,D,19.0,,Sherbrooke Phoenix (QMJHL),,19.0,0.0,144,0.0,0.0,0.0,,0.0,,,,,,,,,neillca01,2015,D,0.0,0.0,0.0,0.0,0.0,,
147.0,New York Islanders,Ryan Pilon,CA,D,18.0,,Brandon Wheat Kings (WHL),,18.0,0.0,147,0.0,0.0,0.0,,0.0,,,,,,,,,pilonry01,2015,D,0.0,0.0,0.0,0.0,0.0,,
150.0,Tampa Bay Lightning,Ryan Zuhlsdorf,US,D,18.0,,Sioux City Musketeers (USHL),,18.0,0.0,150,0.0,0.0,0.0,,0.0,,,,,,,,,zuhlsry01,2015,D,0.0,0.0,0.0,0.0,0.0,,
155.0,Toronto Maple Leafs,Stephen Desrocher,CA,D,19.0,,Oshawa Generals (OHL),,19.0,0.0,155,0.0,0.0,0.0,,0.0,,,,,,,,,desrost01,2015,D,0.0,0.0,0.0,0.0,0.0,,
156.0,Carolina Hurricanes,Jake Massie,CA,D,18.0,,Kimball Union Academy (High-NH),,18.0,0.0,156,0.0,0.0,0.0,,0.0,,,,,,,,,massija01,2015,D,0.0,0.0,0.0,0.0,0.0,,
160.0,San Jose Sharks,Adam Parsells,US,D,18.0,,Wausau West HS (High-WI),,18.0,0.0,160,0.0,0.0,0.0,,0.0,,,,,,,,,parsead01,2015,D,0.0,0.0,0.0,0.0,0.0,,
161.0,Colorado Avalanche,Sergei Boikov,RU,D,19.0,,Drummondville Voltigeurs (QMJHL),,19.0,0.0,161,0.0,0.0,0.0,,0.0,,,,,,,,,boikose01,2015,D,0.0,0.0,0.0,0.0,0.0,,
170.0,Detroit Red Wings,Patrick Holway,US,D,18.0,,Boston (T1EHL 18U),,18.0,0.0,170,0.0,0.0,0.0,,0.0,,,,,,,,,holwapa01,2015,D,0.0,0.0,0.0,0.0,0.0,,
171.0,Minnesota Wild,Nicholas Boka,US,D,18.0,,USA U-18 Development Team (USDP/USHL),,18.0,0.0,171,0.0,0.0,0.0,,0.0,,,,,,,,,bokani01,2015,D,0.0,0.0,0.0,0.0,0.0,,
172.0,New York Islanders,Andong Song,CN,D,18.0,,Lawrenceville School (High-NJ),,18.0,0.0,172,0.0,0.0,0.0,,0.0,,,,,,,,,songan01,2015,D,0.0,0.0,0.0,0.0,0.0,,
173.0,Washington Capitals,Colby Williams,CA,D,20.0,,Regina Pats (WHL),,20.0,0.0,173,0.0,0.0,0.0,,0.0,,,,,,,,,willico01,2015,D,0.0,0.0,0.0,0.0,0.0,,
177.0,Montreal Canadiens,Simon Bourque,CA,D,18.0,,Rimouski Oceanic (QMJHL),,18.0,0.0,177,0.0,0.0,0.0,,0.0,,,,,,,,,bourqsi01,2015,D,0.0,0.0,0.0,0.0,0.0,,
178.0,Anaheim Ducks,Steven Ruggiero,US,D,18.0,,USA U-18 Development Team (USDP/USHL),,18.0,0.0,178,0.0,0.0,0.0,,0.0,,,,,,,,,ruggist01,2015,D,0.0,0.0,0.0,0.0,0.0,,
181.0,Chicago Blackhawks,Joni Tuulola,FI,D,19.0,,HPK (Finland),,19.0,0.0,181,0.0,0.0,0.0,,0.0,,,,,,,,,tuulojo01,2015,D,0.0,0.0,0.0,0.0,0.0,,
182.0,Buffalo Sabres,Ivan Chukarov,US,D,20.0,,Minnesota Wilderness (NAHL),,20.0,0.0,182,0.0,0.0,0.0,,0.0,,,,,,,,,chukaiv01,2015,D,0.0,0.0,0.0,0.0,0.0,,
187.0,Los Angeles Kings,Chaz Reddekopp,CA,D,18.0,,Victoria Royals (WHL),,18.0,0.0,187,0.0,0.0,0.0,,0.0,,,,,,,,,reddech01,2015,D,0.0,0.0,0.0,0.0,0.0,,
196.0,Calgary Flames,Riley Bruce,CA,D,18.0,,North Bay Battalion (OHL),,18.0,0.0,196,0.0,0.0,0.0,,0.0,,,,,,,,,bruceri01,2015,D,0.0,0.0,0.0,0.0,0.0,,
201.0,Minnesota Wild,Gustav Bouramman,SE,D,18.0,,Soo Greyhounds (OHL),,18.0,0.0,201,0.0,0.0,0.0,,0.0,,,,,,,,,bouragu01,2015,D,0.0,0.0,0.0,0.0,0.0,,
202.0,New York Islanders,Petter Hansson,SE,D,19.0,,Linkoping HC Jr. (Sweden Jr.),,19.0,0.0,202,0.0,0.0,0.0,,0.0,,,,,,,,,hansspe01,2015,D,0.0,0.0,0.0,0.0,0.0,,
204.0,Minnesota Wild,Jack Sadek,US,D,18.0,,Lakeville North HS (High-MN),,18.0,0.0,204,0.0,0.0,0.0,,0.0,,,,,,,,,sadekja01,2015,D,0.0,0.0,0.0,0.0,0.0,,
209.0,Edmonton Oilers,Ziyat Paigin,RU,D,20.0,,Ak Bars Kazan (Russia),,20.0,0.0,209,0.0,0.0,0.0,,0.0,,,,,,,,,paigizi01,2015,D,0.0,0.0,0.0,0.0,0.0,,
210.0,Vancouver Canucks,Tate Olson,CA,D,18.0,,Prince George Cougars (WHL),,18.0,0.0,210,0.0,0.0,0.0,,0.0,,,,,,,,,olsonta01,2015,D,0.0,0.0,0.0,0.0,0.0,,
66.0,Calgary Flames,Adam Fox,US,D,18.0,2026.0,USA U-18 Development Team (USDP/USHL),458.0,18.0,0.14410480349345,66,0.000314639308937664,395.0,0.862445414847162,,121.0,184.0,,,,,,,63.4,foxad01,2016,D,63.4,0.039301310043668124,0.14410480349344978,0.8624454148471615,0.26419213973799127,35.04412663755459,
14.0,Boston Bruins,Charles McAvoy,US,D,18.0,2026.0,Boston University (H-East),523.0,18.0,0.11472275334608,14,0.000219355168921759,314.0,0.60038240917782,,142.0,455.0,,,,,,,59.2,mcavoch01,2016,D,59.2,0.03441682600382409,0.02676864244741874,0.6003824091778203,0.27151051625239003,32.68332695984704,
9.0,Montreal Canadiens,Mikhail Sergachev,RU,D,18.0,2026.0,Windsor Spitfires (OHL),579.0,18.0,0.113989637305699,9,0.000196873294137649,327.0,0.564766839378238,,33.0,332.0,,,,,,,50.0,sergami01,2016,D,50.0,0.031088082901554404,0.015544041450777202,0.5647668393782384,0.05699481865284974,27.595077720207257,
16.0,Arizona Coyotes,Jakob Chychrun,US,D,18.0,2026.0,Sarnia Sting (OHL),568.0,18.0,0.186619718309859,16,0.000328555842094822,286.0,0.503521126760563,,-33.0,385.0,,,,,,,49.6,chychja01,2016,D,49.6,0.03169014084507042,0.028169014084507043,0.5035211267605634,-0.058098591549295774,27.355704225352117,
53.0,Detroit Red Wings,Filip Hronek,CZ,D,18.0,2026.0,Mountfield HK (Czech),478.0,18.0,0.0878661087866109,53,0.00018382031126906,254.0,0.531380753138075,,-50.0,248.0,,,,,,,37.2,hronefi01,2016,D,37.2,0.03765690376569038,0.1108786610878661,0.5313807531380753,-0.10460251046025104,20.544100418410046,
47.0,Nashville Predators,Samuel Girard,CA,D,18.0,2026.0,Shawinigan Cataractes (QMJHL),559.0,18.0,0.0608228980322004,47,0.000108806615442219,225.0,0.402504472271914,,11.0,109.0,,,,,,,34.0,girarsa01,2016,D,34.0,0.03220035778175313,0.08407871198568873,0.40250447227191416,0.01967799642218247,18.773971377459752,
49.0,Boston Bruins,Ryan Lindgren,US,D,18.0,2026.0,USA U-18 Development Team (USDP/USHL),429.0,18.0,0.0326340326340326,49,7.60700061399361e-05,105.0,0.244755244755245,,99.0,292.0,,,,,,,26.5,lindgry01,2016,D,26.5,0.04195804195804196,0.11421911421911422,0.24475524475524477,0.23076923076923078,14.650407925407926,
17.0,Nashville Predators,Dante Fabbro,CA,D,18.0,2026.0,Penticton (BCHL),403.0,18.0,0.0645161290322581,17,0.000160089650204114,102.0,0.253101736972705,,20.0,203.0,,,,,,,19.8,fabbrda01,2016,D,19.8,0.04466501240694789,0.04218362282878412,0.2531017369727047,0.04962779156327544,10.941612903225808,
85.0,Anaheim Ducks,Joshua Mahura,CA,D,18.0,2026.0,Red Deer Rebels (WHL),268.0,18.0,0.041044776119403,85,0.000153152149699265,56.0,0.208955223880597,,9.0,126.0,,,,,,,10.7,mahurjo01,2016,D,10.7,0.06716417910447761,0.31716417910447764,0.208955223880597,0.033582089552238806,5.958134328358209,
18.0,Winnipeg Jets,Logan Stanley,CA,D,18.0,2026.0,Windsor Spitfires (OHL),227.0,18.0,0.0352422907488987,18,0.000155252382153739,45.0,0.198237885462555,,27.0,258.0,,,,,,,10.5,stanllo01,2016,D,10.5,0.07929515418502203,0.07929515418502203,0.19823788546255505,0.11894273127753303,5.832488986784141,
13.0,Carolina Hurricanes,Jake Bean,CA,D,18.0,2026.0,Calgary Hitmen (WHL),275.0,18.0,0.0581818181818182,13,0.000211570247933884,65.0,0.236363636363636,,-26.0,100.0,,,,,,,10.3,beanja01,2016,D,10.3,0.06545454545454546,0.04727272727272727,0.23636363636363636,-0.09454545454545454,5.702272727272728,
100.0,Montreal Canadiens,Victor Mete,CA,D,18.0,2024.0,London Knights (OHL),248.0,18.0,0.0201612903225806,100,8.12955254942766e-05,45.0,0.181451612903226,,19.0,46.0,,,,,,,10.2,metevi01,2016,D,10.2,0.07258064516129033,0.4032258064516129,0.1814516129032258,0.07661290322580645,5.692459677419355,
34.0,Columbus Blue Jackets,Andrew Peeke,US,D,18.0,2026.0,Green Bay Gamblers (USHL),337.0,18.0,0.0326409495548961,34,9.6857417076843e-05,65.0,0.192878338278932,,-75.0,125.0,,,,,,,8.2,peekean01,2016,D,8.2,0.05341246290801187,0.10089020771513353,0.19287833827893175,-0.22255192878338279,4.532106824925815,
183.0,Edmonton Oilers,Vincent Desharnais,CA,D,20.0,2026.0,Providence (H-East),185.0,20.0,0.00540540540540541,183,2.9218407596786e-05,21.0,0.113513513513514,,10.0,162.0,,,,,,,5.1,deshavi01,2016,D,5.1,0.10810810810810811,0.9891891891891892,0.11351351351351352,0.05405405405405406,2.937162162162162,
20.0,Detroit Red Wings,Dennis Cholowski,CA,D,18.0,2026.0,Chilliwack (BCHL),167.0,18.0,0.0778443113772455,20,0.00046613360106135,41.0,0.245508982035928,,-58.0,38.0,,,,,,,4.3,cholode01,2016,D,4.3,0.10778443113772455,0.11976047904191617,0.24550898203592814,-0.3473053892215569,2.389850299401198,
114.0,Florida Panthers,Riley Stillman,CA,D,18.0,2025.0,Oshawa Generals (OHL),163.0,18.0,0.0245398773006135,114,0.000150551394482291,26.0,0.159509202453988,,-20.0,111.0,,,,,,,3.5,stillri01,2016,D,3.5,0.11042944785276074,0.6993865030674846,0.15950920245398773,-0.12269938650306748,2.0176380368098163,
110.0,Chicago Blackhawks,Lucas Carlsson,SE,D,19.0,2025.0,Brynas IF (Sweden),73.0,19.0,0.0547945205479452,110,0.000750609870519797,15.0,0.205479452054795,,4.0,28.0,,,,,,,2.6,carlslu01,2016,D,2.6,0.2602739726027397,1.5068493150684932,0.2054794520547945,0.0547945205479452,1.6430136986301371,
112.0,Los Angeles Kings,Jacob Moverare,SE,D,18.0,2026.0,HV71 Jr. (Sweden Jr.),102.0,18.0,0.0196078431372549,112,0.000192233756247597,11.0,0.107843137254902,,2.0,18.0,,,,,,,2.7,moverja01,2016,D,2.7,0.17647058823529413,1.0980392156862746,0.10784313725490197,0.0196078431372549,1.630588235294118,
37.0,Tampa Bay Lightning,Libor Hajek,CZ,D,18.0,2023.0,Saskatoon Blades (WHL),110.0,18.0,0.0363636363636364,37,0.000330578512396695,12.0,0.109090909090909,,-9.0,40.0,,,,,,,2.2,hajekli01,2016,D,2.2,0.16363636363636364,0.33636363636363636,0.10909090909090909,-0.08181818181818182,1.2681818181818183,
192.0,New Jersey Devils,Jeremy Davies,CA,D,19.0,2023.0,Bloomington Thunder (USHL),23.0,19.0,0.0,192,0.0,3.0,0.130434782608696,,-2.0,12.0,,,,,,,0.5,davieje01,2016,D,0.5,0.8260869565217391,8.347826086956522,0.13043478260869565,-0.08695652173913043,1.2032608695652176,
133.0,Ottawa Senators,Maxime Lajoie,CA,D,18.0,2024.0,Swift Current Broncos (WHL),77.0,18.0,0.0909090909090909,133,0.00118063754427391,16.0,0.207792207792208,,-22.0,20.0,,,,,,,1.7,lajoima01,2016,D,1.7,0.23376623376623376,1.7272727272727273,0.2077922077922078,-0.2857142857142857,1.1337012987012989,
51.0,Los Angeles Kings,Kale Clague,CA,D,18.0,2024.0,Brandon Wheat Kings (WHL),94.0,18.0,0.0212765957446809,51,0.000226346763241286,21.0,0.223404255319149,,-22.0,52.0,,,,,,,1.9,claguka01,2016,D,1.9,0.19148936170212766,0.5425531914893617,0.22340425531914893,-0.23404255319148937,1.1285106382978722,
177.0,Washington Capitals,Chase Priskie,US,D,20.0,2022.0,Quinnipiac (ECAC),4.0,20.0,0.0,177,0.0,0.0,0.0,,2.0,2.0,,,,,,,0.1,priskch01,2016,D,0.1,5.0,44.25,0.0,0.5,1.006,
173.0,Chicago Blackhawks,Blake Hillman,US,D,20.0,2018.0,Denver (NCHC),4.0,20.0,0.25,173,0.0625,1.0,0.25,,-1.0,0.0,,,,,,,0.2,hillmbl01,2016,D,0.2,5.0,43.25,0.25,-0.25,0.9895,
161.0,Colorado Avalanche,Nathan Clurman,US,D,18.0,2025.0,Culver Military Academy (High-IN),1.0,18.0,0.0,161,0.0,0.0,0.0,,0.0,2.0,,,,,,,0.0,clurmna01,2016,D,0.0,18.0,161.0,0.0,0.0,0.8950000000000001,
139.0,Philadelphia Flyers,Linus Hogberg,SE,D,18.0,2022.0,Vaxjo Lakers HC Jr. (Sweden Jr.),5.0,18.0,0.0,139,0.0,2.0,0.4,,0.0,2.0,,,,,,,0.3,hogbeli01,2016,D,0.3,3.6,27.8,0.4,0.0,0.84125,
108.0,Nashville Predators,Hardy Haman Aktell,SE,D,18.0,2024.0,Skelleftea AIK Jr. (Sweden Jr.),6.0,18.0,0.0,108,0.0,1.0,0.166666666666667,,-2.0,2.0,,,,,,,0.0,hamanha01,2016,D,0.0,3.0,18.0,0.16666666666666666,-0.3333333333333333,0.6275000000000001,
98.0,New York Rangers,Tarmo Reunanen,FI,D,18.0,2021.0,TPS Jr. (Finland Jr.),4.0,18.0,0.0,98,0.0,1.0,0.25,,1.0,0.0,,,,,,,0.2,reunata01,2016,D,0.2,4.5,24.5,0.25,0.25,0.6145,
101.0,Toronto Maple Leafs,Keaton Middleton,CA,D,18.0,2025.0,Saginaw Spirit (OHL),44.0,18.0,0.0,101,0.0,2.0,0.0454545454545455,,-1.0,32.0,,,,,,,0.6,middlke01,2016,D,0.6,0.4090909090909091,2.2954545454545454,0.045454545454545456,-0.022727272727272728,0.605,
5.0,Vancouver Canucks,Olli Juolevi,FI,D,18.0,2022.0,London Knights (OHL),41.0,18.0,0.048780487804878,5,0.00118976799524093,3.0,0.0731707317073171,,-2.0,6.0,,,,,,,0.8,juoleol01,2016,D,0.8,0.43902439024390244,0.12195121951219512,0.07317073170731707,-0.04878048780487805,0.5021951219512195,
78.0,Nashville Predators,Frederic Allard,CA,D,18.0,2023.0,Chicoutimi Sagueneens (QMJHL),4.0,18.0,0.0,78,0.0,0.0,0.0,,0.0,0.0,,,,,,,0.0,allarfr01,2016,D,0.0,4.5,19.5,0.0,0.0,0.4800000000000001,
81.0,New York Rangers,Sean Day,BE,D,18.0,2022.0,Mississauga Steelheads (OHL),2.0,18.0,0.0,81,0.0,0.0,0.0,,-2.0,0.0,,,,,,,-0.1,dayse01,2016,D,-0.1,9.0,40.5,0.0,-1.0,0.47950000000000004,
28.0,Washington Capitals,Lucas Johansen,CA,D,18.0,2024.0,Kelowna Rockets (WHL),9.0,18.0,0.0,28,0.0,2.0,0.222222222222222,,2.0,4.0,,,,,,,0.5,johanlu01,2016,D,0.5,2.0,3.111111111111111,0.2222222222222222,0.2222222222222222,0.37875000000000003,
68.0,Arizona Coyotes,Cam Dineen,US,D,18.0,2025.0,North Bay Battalion (OHL),38.0,18.0,0.0,68,0.0,7.0,0.184210526315789,,-16.0,4.0,,,,,,,0.2,dineeca01,2016,D,0.2,0.47368421052631576,1.7894736842105263,0.18421052631578946,-0.42105263157894735,0.32184210526315793,
63.0,Edmonton Oilers,Markus Niemelainen,FI,D,18.0,2023.0,Saginaw Spirit (OHL),43.0,18.0,0.0,63,0.0,1.0,0.0232558139534884,,-2.0,8.0,,,,,,,0.2,niemema01,2016,D,0.2,0.4186046511627907,1.4651162790697674,0.023255813953488372,-0.046511627906976744,0.2972093023255814,
86.0,Buffalo Sabres,Casey Fitzgerald,US,D,19.0,2023.0,Boston College (H-East),63.0,19.0,0.0,86,0.0,9.0,0.142857142857143,,-21.0,40.0,,,,,,,0.2,fitzgca01,2016,D,0.2,0.30158730158730157,1.3650793650793651,0.14285714285714285,-0.3333333333333333,0.2647619047619048,
45.0,Chicago Blackhawks,Chad Krys,US,D,18.0,,USA U-18 Development Team (USDP/USHL),,18.0,0.0,45,0.0,0.0,0.0,,0.0,,,,,,,,,krysch01,2016,D,0.0,0.0,0.0,0.0,0.0,,
71.0,Colorado Avalanche,Josh Anderson,CA,D,18.0,,Prince George Cougars (WHL),,18.0,0.0,71,0.0,0.0,0.0,,0.0,,,,,,,,,anderjo06,2016,D,0.0,0.0,0.0,0.0,0.0,,
72.0,Toronto Maple Leafs,James Greenway,US,D,18.0,,USA U-18 Development Team (USDP/USHL),,18.0,0.0,72,0.0,0.0,0.0,,0.0,,,,,,,,,greenja01,2016,D,0.0,0.0,0.0,0.0,0.0,,
77.0,Pittsburgh Penguins,Connor Hall,CA,D,18.0,,Kitchener Rangers (OHL),,18.0,0.0,77,0.0,0.0,0.0,,0.0,,,,,,,,,hallco01,2016,D,0.0,0.0,0.0,0.0,0.0,,
79.0,Winnipeg Jets,Luke Green,CA,D,18.0,,Saint John Sea Dogs (QMJHL),,18.0,0.0,79,0.0,0.0,0.0,,0.0,,,,,,,,,greenlu01,2016,D,0.0,0.0,0.0,0.0,0.0,,
84.0,Edmonton Oilers,Matthew Cairns,CA,D,18.0,,Georgetown (OJHL),,18.0,0.0,84,0.0,0.0,0.0,,0.0,,,,,,,,,cairnma01,2016,D,0.0,0.0,0.0,0.0,0.0,,
89.0,Florida Panthers,Linus Nassen,SE,D,18.0,,Lulea HF Jr. (Sweden Jr.),,18.0,0.0,89,0.0,0.0,0.0,,0.0,,,,,,,,,nasseli01,2016,D,0.0,0.0,0.0,0.0,0.0,,
91.0,Edmonton Oilers,Filip Berglund,SE,D,19.0,,Skelleftea AIK Jr. (Sweden Jr.),,19.0,0.0,91,0.0,0.0,0.0,,0.0,,,,,,,,,berglfi01,2016,D,0.0,0.0,0.0,0.0,0.0,,
97.0,Winnipeg Jets,Jacob Cederholm,SE,D,18.0,,HV71 Jr. (Sweden Jr.),,18.0,0.0,97,0.0,0.0,0.0,,0.0,,,,,,,,,cederja01,2016,D,0.0,0.0,0.0,0.0,0.0,,
107.0,Detroit Red Wings,Alfons Malmstrom,SE,D,18.0,,Orebro HK Jr. (Sweden Jr.),,18.0,0.0,107,0.0,0.0,0.0,,0.0,,,,,,,,,malmsal01,2016,D,0.0,0.0,0.0,0.0,0.0,,
121.0,Pittsburgh Penguins,Ryan Jones,US,D,20.0,,Lincoln Stars (USHL),,20.0,0.0,121,0.0,0.0,0.0,,0.0,,,,,,,,,jonesry02,2016,D,0.0,0.0,0.0,0.0,0.0,,
124.0,Montreal Canadiens,Casey Staum,US,D,18.0,,Hill-Murray HS (High-MN),,18.0,0.0,124,0.0,0.0,0.0,,0.0,,,,,,,,,staumca01,2016,D,0.0,0.0,0.0,0.0,0.0,,
129.0,Buffalo Sabres,Philip Nyberg,SE,D,19.0,,Linkoping HC Jr. (Sweden Jr.),,19.0,0.0,129,0.0,0.0,0.0,,0.0,,,,,,,,,nyberph01,2016,D,0.0,0.0,0.0,0.0,0.0,,
130.0,Buffalo Sabres,Vojtech Budik,CZ,D,18.0,,Prince Albert Raiders (WHL),,18.0,0.0,130,0.0,0.0,0.0,,0.0,,,,,,,,,budikvo01,2016,D,0.0,0.0,0.0,0.0,0.0,,
132.0,New Jersey Devils,Yegor Rykov,RU,D,19.0,,SKA 1946 St. Petersburg (Russia Jr.),,19.0,0.0,132,0.0,0.0,0.0,,0.0,,,,,,,,,rykovye01,2016,D,0.0,0.0,0.0,0.0,0.0,,
136.0,Boston Bruins,Cameron Clarke,US,D,20.0,,Lone Star Brahmas (NAHL),,20.0,0.0,136,0.0,0.0,0.0,,0.0,,,,,,,,,clarkca01,2016,D,0.0,0.0,0.0,0.0,0.0,,
137.0,Detroit Red Wings,Jordan Sambrook,CA,D,18.0,,Erie Otters (OHL),,18.0,0.0,137,0.0,0.0,0.0,,0.0,,,,,,,,,sambrjo01,2016,D,0.0,0.0,0.0,0.0,0.0,,
140.0,Vancouver Canucks,Cole Candella,CA,D,18.0,,Hamilton Bulldogs (OHL),,18.0,0.0,140,0.0,0.0,0.0,,0.0,,,,,,,,,candeco01,2016,D,0.0,0.0,0.0,0.0,0.0,,
151.0,Pittsburgh Penguins,Niclas Almari,FI,D,18.0,,Jokerit Jr. (Finland Jr.),,18.0,0.0,151,0.0,0.0,0.0,,0.0,,,,,,,,,almarni01,2016,D,0.0,0.0,0.0,0.0,0.0,,
152.0,Toronto Maple Leafs,Jonathan Walker,US,D,20.0,,Victoria Royals (WHL),,20.0,0.0,152,0.0,0.0,0.0,,0.0,,,,,,,,,walkejo01,2016,D,0.0,0.0,0.0,0.0,0.0,,
158.0,Arizona Coyotes,Patrick Kudla,CA,D,20.0,,Oakville (OJHL),,20.0,0.0,158,0.0,0.0,0.0,,0.0,,,,,,,,,kudlapa01,2016,D,0.0,0.0,0.0,0.0,0.0,,
164.0,Carolina Hurricanes,Noah Carroll,CA,D,18.0,,Guelph Storm (OHL),,18.0,0.0,164,0.0,0.0,0.0,,0.0,,,,,,,,,carrono01,2016,D,0.0,0.0,0.0,0.0,0.0,,
176.0,Dallas Stars,Jakob Stenqvist,SE,D,18.0,,MODO Hockey Jr. (Sweden Jr.),,18.0,0.0,176,0.0,0.0,0.0,,0.0,,,,,,,,,stenqja01,2016,D,0.0,0.0,0.0,0.0,0.0,,
178.0,Tampa Bay Lightning,Oleg Sosunov,RU,D,18.0,,Loko-Yunior Yaroslav (Russia Jr.),,18.0,0.0,178,0.0,0.0,0.0,,0.0,,,,,,,,,sosunol01,2016,D,0.0,0.0,0.0,0.0,0.0,,
179.0,Toronto Maple Leafs,Nicolas Mattinen,CA,D,18.0,,London Knights (OHL),,18.0,0.0,179,0.0,0.0,0.0,,0.0,,,,,,,,,mattini01,2016,D,0.0,0.0,0.0,0.0,0.0,,
180.0,San Jose Sharks,Mark Shoemaker,CA,D,18.0,,North Bay Battalion (OHL),,18.0,0.0,180,0.0,0.0,0.0,,0.0,,,,,,,,,shoemma01,2016,D,0.0,0.0,0.0,0.0,0.0,,
181.0,Pittsburgh Penguins,Joseph Masonius,US,D,19.0,,Connecticut (H-East),,19.0,0.0,181,0.0,0.0,0.0,,0.0,,,,,,,,,masonjo01,2016,D,0.0,0.0,0.0,0.0,0.0,,
186.0,Calgary Flames,Stepan Falkovsky,BY,D,19.0,,Ottawa 67's (OHL),,19.0,0.0,186,0.0,0.0,0.0,,0.0,,,,,,,,,falkost01,2016,D,0.0,0.0,0.0,0.0,0.0,,
187.0,Montreal Canadiens,Arvid Henrikson,SE,D,18.0,,AIK Jr. (Sweden Jr.),,18.0,0.0,187,0.0,0.0,0.0,,0.0,,,,,,,,,henriar01,2016,D,0.0,0.0,0.0,0.0,0.0,,
188.0,Arizona Coyotes,Dean Stewart,CA,D,18.0,,Portage (MJHL),,18.0,0.0,188,0.0,0.0,0.0,,0.0,,,,,,,,,stewade01,2016,D,0.0,0.0,0.0,0.0,0.0,,
189.0,Buffalo Sabres,Austin Osmanski,US,D,18.0,,Mississauga Steelheads (OHL),,18.0,0.0,189,0.0,0.0,0.0,,0.0,,,,,,,,,osmanau01,2016,D,0.0,0.0,0.0,0.0,0.0,,
195.0,Florida Panthers,Benjamin Finkelstein,US,D,18.0,,Kimball Union Academy (High-NH),,18.0,0.0,195,0.0,0.0,0.0,,0.0,,,,,,,,,finkebe01,2016,D,0.0,0.0,0.0,0.0,0.0,,
198.0,Nashville Predators,Adam Smith,CA,D,19.0,,Bowling Green (WCHA),,19.0,0.0,198,0.0,0.0,0.0,,0.0,,,,,,,,,smithad01,2016,D,0.0,0.0,0.0,0.0,0.0,,
199.0,Philadelphia Flyers,David Bernhardt,SE,D,18.0,,Djurgardens IF Jr. (Sweden Jr.),,18.0,0.0,199,0.0,0.0,0.0,,0.0,,,,,,,,,bernhda02,2016,D,0.0,0.0,0.0,0.0,0.0,,
200.0,New York Islanders,David Quenneville,CA,D,18.0,,Medicine Hat Tigers (WHL),,18.0,0.0,200,0.0,0.0,0.0,,0.0,,,,,,,,,quennda01,2016,D,0.0,0.0,0.0,0.0,0.0,,
202.0,Los Angeles Kings,Jacob Friend,CA,D,19.0,,Owen Sound Attack (OHL),,19.0,0.0,202,0.0,0.0,0.0,,0.0,,,,,,,,,frienja01,2016,D,0.0,0.0,0.0,0.0,0.0,,
203.0,Chicago Blackhawks,Jake Ryczek,US,D,18.0,,Waterloo Black Hawks (USHL),,18.0,0.0,203,0.0,0.0,0.0,,0.0,,,,,,,,,ryczeja01,2016,D,0.0,0.0,0.0,0.0,0.0,,
204.0,Minnesota Wild,Brayden Chizen,CA,D,18.0,,Kelowna Rockets (WHL),,18.0,0.0,204,0.0,0.0,0.0,,0.0,,,,,,,,,chizebr01,2016,D,0.0,0.0,0.0,0.0,0.0,,
207.0,Washington Capitals,Dmitriy Zaitsev,RU,D,18.0,,Wilkes-Barre/Scranton Knights (NAHL),,18.0,0.0,207,0.0,0.0,0.0,,0.0,,,,,,,,,zaitsdm01,2016,D,0.0,0.0,0.0,0.0,0.0,,
4.0,Colorado Avalanche,Cale Makar,CA,D,18.0,2026.0,Brooks (AJHL),421.0,18.0,0.296912114014252,4,0.000705254427587297,460.0,1.09263657957245,,165.0,120.0,,,,,,,75.6,makarca01,2017,D,75.6,0.04275534441805225,0.009501187648456057,1.0926365795724466,0.3919239904988123,41.788313539192394,
3.0,Dallas Stars,Miro Heiskanen,FI,D,18.0,2026.0,HIFK (Finland),502.0,18.0,0.121513944223108,3,0.000242059649846829,305.0,0.607569721115538,,23.0,150.0,,,,,,,51.8,heiskmi01,2017,D,51.8,0.035856573705179286,0.00597609561752988,0.6075697211155379,0.045816733067729085,28.589900398406375,
103.0,Los Angeles Kings,Michael Anderson,US,D,18.0,2026.0,Waterloo Black Hawks (USHL),371.0,18.0,0.0485175202156334,103,0.000130774987104133,88.0,0.237196765498652,,74.0,128.0,,,,,,,24.4,andermi02,2017,D,24.4,0.04851752021563342,0.2776280323450135,0.2371967654986523,0.19946091644204852,13.508140161725068,
34.0,Vegas Golden Knights,Nicolas Hague,CA,D,18.0,2026.0,Mississauga Steelheads (OHL),382.0,18.0,0.0549738219895288,34,0.0001439105287684,89.0,0.232984293193717,,16.0,245.0,,,,,,,17.7,hagueni01,2017,D,17.7,0.04712041884816754,0.08900523560209424,0.23298429319371727,0.041884816753926704,9.787748691099477,
29.0,Chicago Blackhawks,Henri Jokiharju,FI,D,18.0,2026.0,Portland Winterhawks (WHL),432.0,18.0,0.0439814814814815,29,0.000101808984910837,103.0,0.238425925925926,,-22.0,150.0,,,,,,,17.4,jokihhe01,2017,D,17.4,0.041666666666666664,0.06712962962962964,0.23842592592592593,-0.05092592592592592,9.611550925925926,
49.0,San Jose Sharks,Mario Ferraro,CA,D,18.0,2026.0,Des Moines Buccaneers (USHL),435.0,18.0,0.0413793103448276,49,9.51248513674198e-05,98.0,0.225287356321839,,-117.0,185.0,,,,,,,14.6,ferrama01,2017,D,14.6,0.041379310344827586,0.11264367816091954,0.22528735632183908,-0.2689655172413793,8.052298850574713,
17.0,Toronto Maple Leafs,Timothy Liljegren,SE,D,18.0,2026.0,Rogle BK (Sweden),285.0,18.0,0.0701754385964912,17,0.000246229609110495,86.0,0.301754385964912,,6.0,116.0,,,,,,,14.3,liljeti01,2017,D,14.3,0.06315789473684211,0.05964912280701754,0.3017543859649123,0.021052631578947368,7.924649122807019,
43.0,Winnipeg Jets,Dylan Samberg,US,D,18.0,2026.0,Hermantown HS (High-MN),225.0,18.0,0.04,43,0.000177777777777778,54.0,0.24,,58.0,100.0,,,,,,,14.2,sambedy01,2017,D,14.2,0.08,0.19111111111111112,0.24,0.2577777777777778,7.898888888888889,
169.0,Tampa Bay Lightning,Nicklaus Perbix,US,D,19.0,2026.0,Elk River HS (High-MN),245.0,19.0,0.0612244897959184,169,0.000249895876718034,67.0,0.273469387755102,,16.0,60.0,,,,,,,12.3,perbini01,2017,D,12.3,0.07755102040816327,0.689795918367347,0.27346938775510204,0.0653061224489796,6.889285714285715,
15.0,Vegas Golden Knights,Erik Brannstrom,SE,D,18.0,2025.0,HV71 (Sweden),294.0,18.0,0.0340136054421769,15,0.000115692535517609,77.0,0.261904761904762,,-17.0,162.0,,,,,,,12.3,branner01,2017,D,12.3,0.061224489795918366,0.05102040816326531,0.2619047619047619,-0.05782312925170068,6.809727891156463,
74.0,Winnipeg Jets,Johnathan Kovacevic,CA,D,20.0,2025.0,Merrimack (H-East),224.0,20.0,0.0446428571428571,74,0.000199298469387755,45.0,0.200892857142857,,25.0,155.0,,,,,,,11.3,kovacjo01,2017,D,11.3,0.08928571428571429,0.33035714285714285,0.20089285714285715,0.11160714285714286,6.298258928571429,
16.0,Calgary Flames,Juuso Valimaki,FI,D,18.0,2025.0,Tri-City Americans (WHL),271.0,18.0,0.040590405904059,16,0.000149780095586934,72.0,0.265682656826568,,-7.0,133.0,,,,,,,11.3,valimju01,2017,D,11.3,0.06642066420664207,0.05904059040590406,0.2656826568265683,-0.025830258302583026,6.264815498154982,
32.0,Colorado Avalanche,Conor Timmins,CA,D,18.0,2026.0,Soo Greyhounds (OHL),185.0,18.0,0.0324324324324324,32,0.000175310445580716,52.0,0.281081081081081,,15.0,76.0,,,,,,,9.1,timmico01,2017,D,9.1,0.0972972972972973,0.17297297297297298,0.2810810810810811,0.08108108108108109,5.0822972972972975,
139.0,New York Islanders,Sebastian Aho,SE,D,21.0,2024.0,Skelleftea AIK (Sweden),190.0,21.0,0.0578947368421053,139,0.000304709141274238,50.0,0.263157894736842,,-10.0,52.0,,,,,,,8.1,ahose02,2017,D,8.1,0.11052631578947368,0.7315789473684211,0.2631578947368421,-0.05263157894736842,4.57342105263158,
18.0,Boston Bruins,Urho Vaakanainen,FI,D,18.0,2026.0,JYP (Finland),203.0,18.0,0.0147783251231527,18,7.27996311485355e-05,43.0,0.211822660098522,,-13.0,66.0,,,,,,,6.7,vaakaur01,2017,D,6.7,0.08866995073891626,0.08866995073891626,0.21182266009852216,-0.06403940886699508,3.7281034482758626,
99.0,Buffalo Sabres,Jacob Bryson,CA,D,19.0,2026.0,Providence (H-East),270.0,19.0,0.0185185185185185,99,6.85871056241426e-05,46.0,0.17037037037037,,-39.0,54.0,,,,,,,6.2,brysoja01,2017,D,6.2,0.07037037037037037,0.36666666666666664,0.17037037037037037,-0.14444444444444443,3.4648148148148152,
14.0,Tampa Bay Lightning,Callan Foote,US,D,18.0,2024.0,Kelowna Rockets (WHL),145.0,18.0,0.0344827586206897,14,0.00023781212841855,20.0,0.137931034482759,,24.0,137.0,,,,,,,6.0,footeca01,2017,D,6.0,0.12413793103448276,0.09655172413793103,0.13793103448275862,0.16551724137931034,3.3593103448275863,
23.0,Arizona Coyotes,Pierre-Olivier Joseph,CA,D,18.0,2026.0,Charlottetown Islanders (QMJHL),205.0,18.0,0.0390243902439024,23,0.000190362879238548,41.0,0.2,,-22.0,113.0,,,,,,,5.7,joseppi01,2017,D,5.7,0.08780487804878048,0.11219512195121951,0.2,-0.1073170731707317,3.174268292682927,
38.0,Detroit Red Wings,Gustav Lindstrom,SE,D,18.0,2024.0,Almtuna IS (Sweden-2),174.0,18.0,0.028735632183908,38,0.00016514731140177,35.0,0.201149425287356,,-21.0,80.0,,,,,,,5.2,lindsgu01,2017,D,5.2,0.10344827586206896,0.21839080459770116,0.20114942528735633,-0.1206896551724138,2.9102873563218394,
57.0,Chicago Blackhawks,Ian Mitchell,CA,D,18.0,2025.0,Spruce Grove (AJHL),110.0,18.0,0.0363636363636364,57,0.000330578512396695,19.0,0.172727272727273,,-17.0,34.0,,,,,,,2.8,mitchia01,2017,D,2.8,0.16363636363636364,0.5181818181818182,0.17272727272727273,-0.15454545454545454,1.6186363636363637,
196.0,Philadelphia Flyers,Wyatt Kalynuk,CA,D,20.0,2022.0,Bloomington Thunder (USHL),26.0,20.0,0.153846153846154,196,0.00591715976331362,9.0,0.346153846153846,,-9.0,6.0,,,,,,,1.1,kalynwy01,2017,D,1.1,0.7692307692307693,7.538461538461538,0.34615384615384615,-0.34615384615384615,1.4530769230769232,
208.0,Edmonton Oilers,Philip Kemp,US,D,18.0,2024.0,USA U-18 Development Team (USDP/USHL),1.0,18.0,0.0,208,0.0,0.0,0.0,,0.0,0.0,,,,,,,0.0,kempph01,2017,D,0.0,18.0,208.0,0.0,0.0,1.1300000000000001,
46.0,New York Islanders,Robin Salo,FI,D,18.0,2023.0,Sport (Finland),32.0,18.0,0.09375,46,0.0029296875,9.0,0.28125,,-5.0,8.0,,,,,,,1.4,saloro01,2017,D,1.4,0.5625,1.4375,0.28125,-0.15625,0.9965625,
150.0,Chicago Blackhawks,Jakub Galvas,CZ,D,18.0,2022.0,HC Olomuc (Czech),6.0,18.0,0.0,150,0.0,0.0,0.0,,0.0,0.0,,,,,,,0.1,galvaja01,2017,D,0.1,3.0,25.0,0.0,0.0,0.8564999999999999,
95.0,Vancouver Canucks,Jack Rathbone,US,D,18.0,2023.0,Dexter Southfield School (High-MA),28.0,18.0,0.0714285714285714,95,0.00255102040816326,5.0,0.178571428571429,,-5.0,4.0,,,,,,,0.7,rathbja01,2017,D,0.7,0.6428571428571429,3.392857142857143,0.17857142857142858,-0.17857142857142858,0.7975,
87.0,Montreal Canadiens,Cale Fleury,CA,D,18.0,2026.0,Kootenay Ice (WHL),81.0,18.0,0.0123456790123457,87,0.000152415790275873,4.0,0.0493827160493827,,-5.0,13.0,,,,,,,1.1,fleurca01,2017,D,1.1,0.2222222222222222,1.0740740740740742,0.04938271604938271,-0.06172839506172839,0.7358641975308643,
92.0,Nashville Predators,David Farrance,US,D,18.0,2021.0,USA U-18 Development Team (USDP/USHL),2.0,18.0,0.0,92,0.0,0.0,0.0,,3.0,0.0,,,,,,,0.3,farrada01,2017,D,0.3,9.0,46.0,0.0,1.5,0.5815000000000001,
81.0,New Jersey Devils,Reilly Walsh,US,D,18.0,2022.0,Proctor Academy (High-NH),1.0,18.0,0.0,81,0.0,1.0,1.0,,0.0,0.0,,,,,,,0.1,walshre01,2017,D,0.1,18.0,81.0,1.0,0.0,0.5052500000000001,
82.0,Arizona Coyotes,Cameron Crotty,CA,D,18.0,2025.0,Brockville (CCHL),2.0,18.0,0.0,82,0.0,0.0,0.0,,-2.0,0.0,,,,,,,-0.1,crottca01,2017,D,-0.1,9.0,41.0,0.0,-1.0,0.4845000000000001,
84.0,Edmonton Oilers,Dmitri Samorukov,RU,D,18.0,2023.0,Guelph Storm (OHL),3.0,18.0,0.0,84,0.0,0.0,0.0,,-3.0,2.0,,,,,,,-0.2,samordm01,2017,D,-0.2,6.0,28.0,0.0,-1.0,0.47850000000000004,
44.0,Arizona Coyotes,Filip Westerlund,SE,D,18.0,,Frolunda HC (Sweden),,18.0,0.0,44,0.0,0.0,0.0,,0.0,,,,,,,,,westefi01,2017,D,0.0,0.0,0.0,0.0,0.0,,
51.0,Pittsburgh Penguins,Zachary Lauzon,CA,D,18.0,,Rouyn-Noranda Huskies (QMJHL),,18.0,0.0,51,0.0,0.0,0.0,,0.0,,,,,,,,,lauzoza01,2017,D,0.0,0.0,0.0,0.0,0.0,,
52.0,Carolina Hurricanes,Luke Martin,US,D,18.0,,Michigan (Big Ten),,18.0,0.0,52,0.0,0.0,0.0,,0.0,,,,,,,,,martilu01,2017,D,0.0,0.0,0.0,0.0,0.0,,
56.0,Montreal Canadiens,Josh Brook,CA,D,18.0,,Moose Jaw Warriors (WHL),,18.0,0.0,56,0.0,0.0,0.0,,0.0,,,,,,,,,brookjo01,2017,D,0.0,0.0,0.0,0.0,0.0,,
59.0,Toronto Maple Leafs,Eemeli Rasanen,FI,D,18.0,,Kingston Frontenacs (OHL),,18.0,0.0,59,0.0,0.0,0.0,,0.0,,,,,,,,,rasanee01,2017,D,0.0,0.0,0.0,0.0,0.0,,
66.0,Florida Panthers,Maxwell Gildon,US,D,18.0,,USA U-18 Development Team (USDP/USHL),,18.0,0.0,66,0.0,0.0,0.0,,0.0,,,,,,,,,gildoma01,2017,D,0.0,0.0,0.0,0.0,0.0,,
68.0,Montreal Canadiens,Scott Walford,CA,D,18.0,,Victoria Royals (WHL),,18.0,0.0,68,0.0,0.0,0.0,,0.0,,,,,,,,,walfosc01,2017,D,0.0,0.0,0.0,0.0,0.0,,
71.0,Detroit Red Wings,Kasper Kotkansalo,FI,D,18.0,,Sioux Falls Stampede (USHL),,18.0,0.0,71,0.0,0.0,0.0,,0.0,,,,,,,,,kotkaka01,2017,D,0.0,0.0,0.0,0.0,0.0,,
77.0,New York Islanders,Benjamin Mirageas,US,D,18.0,,Chicago Steel (USHL),,18.0,0.0,77,0.0,0.0,0.0,,0.0,,,,,,,,,miragbe01,2017,D,0.0,0.0,0.0,0.0,0.0,,
89.0,Buffalo Sabres,Oskari Laaksonen,FI,D,18.0,,Ilves Jr. (Finland Jr.),,18.0,0.0,89,0.0,0.0,0.0,,0.0,,,,,,,,,laaksos01,2017,D,0.0,0.0,0.0,0.0,0.0,,
93.0,Pittsburgh Penguins,Clayton Phillips,US,D,18.0,,Fargo Force (USHL),,18.0,0.0,93,0.0,0.0,0.0,,0.0,,,,,,,,,phillcl01,2017,D,0.0,0.0,0.0,0.0,0.0,,
100.0,Detroit Red Wings,Malte Setkov,DK,D,18.0,,Malmo Jr. (Sweden Jr.),,18.0,0.0,100,0.0,0.0,0.0,,0.0,,,,,,,,,setkoma01,2017,D,0.0,0.0,0.0,0.0,0.0,,
108.0,Arizona Coyotes,Noel Hoefenmayer,CA,D,18.0,,Ottawa 67's (OHL),,18.0,0.0,108,0.0,0.0,0.0,,0.0,,,,,,,,,hoefeno01,2017,D,0.0,0.0,0.0,0.0,0.0,,
118.0,Los Angeles Kings,Markus Phillips,CA,D,18.0,,Owen Sound Attack (OHL),,18.0,0.0,118,0.0,0.0,0.0,,0.0,,,,,,,,,phillma02,2017,D,0.0,0.0,0.0,0.0,0.0,,
119.0,Chicago Blackhawks,Roope Laavainen,FI,D,19.0,,Jokerit Jr. (Finland Jr.),,19.0,0.0,119,0.0,0.0,0.0,,0.0,,,,,,,,,laavaro01,2017,D,0.0,0.0,0.0,0.0,0.0,,
120.0,Washington Capitals,Tobias Geisser,CH,D,18.0,,EVZ Academy (Swiss-2),,18.0,0.0,120,0.0,0.0,0.0,,0.0,,,,,,,,,geissto01,2017,D,0.0,0.0,0.0,0.0,0.0,,
123.0,New York Rangers,Brandon Crawley,US,D,20.0,,London Knights (OHL),,20.0,0.0,123,0.0,0.0,0.0,,0.0,,,,,,,,,crawlbr01,2017,D,0.0,0.0,0.0,0.0,0.0,,
126.0,Arizona Coyotes,Michael Karow,US,D,18.0,,Youngstown Phantoms (USHL),,18.0,0.0,126,0.0,0.0,0.0,,0.0,,,,,,,,,karowmi01,2017,D,0.0,0.0,0.0,0.0,0.0,,
130.0,St. Louis Blues,David Noel,CA,D,18.0,,Val-d'Or Foreurs (QMJHL),,18.0,0.0,130,0.0,0.0,0.0,,0.0,,,,,,,,,noelda01,2017,D,0.0,0.0,0.0,0.0,0.0,,
131.0,Detroit Red Wings,Cole Fraser,CA,D,18.0,,Peterborough Petes (OHL),,18.0,0.0,131,0.0,0.0,0.0,,0.0,,,,,,,,,fraseco02,2017,D,0.0,0.0,0.0,0.0,0.0,,
133.0,Florida Panthers,Tyler Inamoto,US,D,18.0,,USA U-18 Development Team (USDP/USHL),,18.0,0.0,133,0.0,0.0,0.0,,0.0,,,,,,,,,inamoty01,2017,D,0.0,0.0,0.0,0.0,0.0,,
134.0,Los Angeles Kings,Cole Hults,US,D,19.0,,Madison Capitols (USHL),,19.0,0.0,134,0.0,0.0,0.0,,0.0,,,,,,,,,hultsco01,2017,D,0.0,0.0,0.0,0.0,0.0,,
135.0,Vancouver Canucks,Kristoffer Gunnarsson,SE,D,20.0,,Frolunda HC (Sweden),,20.0,0.0,135,0.0,0.0,0.0,,0.0,,,,,,,,,gunnakr01,2017,D,0.0,0.0,0.0,0.0,0.0,,
136.0,Winnipeg Jets,Leon Gawanke,DE,D,18.0,,Cape Breton Screaming Eagles (QMJHL),,18.0,0.0,136,0.0,0.0,0.0,,0.0,,,,,,,,,gawanle01,2017,D,0.0,0.0,0.0,0.0,0.0,,
141.0,Toronto Maple Leafs,Fedor Gordeev,RU,D,18.0,,Flint Firebirds (OHL),,18.0,0.0,141,0.0,0.0,0.0,,0.0,,,,,,,,,gordefe01,2017,D,0.0,0.0,0.0,0.0,0.0,,
145.0,New York Rangers,Calle Sjalin,SE,D,18.0,,Ostersunds IK (Sweden-3),,18.0,0.0,145,0.0,0.0,0.0,,0.0,,,,,,,,,sjalica01,2017,D,0.0,0.0,0.0,0.0,0.0,,
147.0,Minnesota Wild,Jacob Golden,CA,D,18.0,,London Knights (OHL),,18.0,0.0,147,0.0,0.0,0.0,,0.0,,,,,,,,,goldeja01,2017,D,0.0,0.0,0.0,0.0,0.0,,
149.0,Montreal Canadiens,Jarret Tyszka,CA,D,18.0,,Seattle Thunderbirds (WHL),,18.0,0.0,149,0.0,0.0,0.0,,0.0,,,,,,,,,tyszkja01,2017,D,0.0,0.0,0.0,0.0,0.0,,
151.0,Washington Capitals,Sebastian Walfridsson,SE,D,18.0,,MODO Hockey Jr. (Sweden Jr.),,18.0,0.0,151,0.0,0.0,0.0,,0.0,,,,,,,,,walfrse01,2017,D,0.0,0.0,0.0,0.0,0.0,,
164.0,Detroit Red Wings,Reilly Webb,CA,D,18.0,,Hamilton Bulldogs (OHL),,18.0,0.0,164,0.0,0.0,0.0,,0.0,,,,,,,,,webbre01,2017,D,0.0,0.0,0.0,0.0,0.0,,
166.0,Carolina Hurricanes,Brendan De Jong,CA,D,19.0,,Portland Winterhawks (WHL),,19.0,0.0,166,0.0,0.0,0.0,,0.0,,,,,,,,,dejonbr01,2017,D,0.0,0.0,0.0,0.0,0.0,,
175.0,St. Louis Blues,Trenton Bourque,CA,D,19.0,,Owen Sound Attack (OHL),,19.0,0.0,175,0.0,0.0,0.0,,0.0,,,,,,,,,bourqtr01,2017,D,0.0,0.0,0.0,0.0,0.0,,
182.0,Washington Capitals,Benton Maass,US,D,18.0,,Elk River HS (High-MN),,18.0,0.0,182,0.0,0.0,0.0,,0.0,,,,,,,,,maassbe01,2017,D,0.0,0.0,0.0,0.0,0.0,,
186.0,Pittsburgh Penguins,Antti Palojarvi,FI,D,18.0,,Lukko Jr. (Finland Jr.),,18.0,0.0,186,0.0,0.0,0.0,,0.0,,,,,,,,,palojan01,2017,D,0.0,0.0,0.0,0.0,0.0,,
187.0,Colorado Avalanche,Nick Leivermann,US,D,19.0,,Eden Priarie HS (High-MN),,19.0,0.0,187,0.0,0.0,0.0,,0.0,,,,,,,,,leiveni01,2017,D,0.0,0.0,0.0,0.0,0.0,,
188.0,Vancouver Canucks,Matt Brassard,CA,D,19.0,,Oshawa Generals (OHL),,19.0,0.0,188,0.0,0.0,0.0,,0.0,,,,,,,,,brassma01,2017,D,0.0,0.0,0.0,0.0,0.0,,
191.0,New Jersey Devils,Jocktan Chainey,CA,D,18.0,,Halifax Mooseheads (QMJHL),,18.0,0.0,191,0.0,0.0,0.0,,0.0,,,,,,,,,chainjo01,2017,D,0.0,0.0,0.0,0.0,0.0,,
195.0,Boston Bruins,Victor Berglund,SE,D,18.0,,MODO Hockey Jr. (Sweden Jr.),,18.0,0.0,195,0.0,0.0,0.0,,0.0,,,,,,,,,berglvi01,2017,D,0.0,0.0,0.0,0.0,0.0,,
197.0,Carolina Hurricanes,Ville Rasanen,FI,D,18.0,,Jokipojat (Finland-2),,18.0,0.0,197,0.0,0.0,0.0,,0.0,,,,,,,,,rasanvi01,2017,D,0.0,0.0,0.0,0.0,0.0,,
203.0,Toronto Maple Leafs,Ryan O'Connell,CA,D,18.0,,St. Andrew's College (High-ON),,18.0,0.0,203,0.0,0.0,0.0,,0.0,,,,,,,,,oconnry01,2017,D,0.0,0.0,0.0,0.0,0.0,,
204.0,Boston Bruins,Daniel Bukac,CZ,D,18.0,,Brandon Wheat Kings (WHL),,18.0,0.0,204,0.0,0.0,0.0,,0.0,,,,,,,,,bukacda01,2017,D,0.0,0.0,0.0,0.0,0.0,,
205.0,New Jersey Devils,Yegor Zaitsev,RU,D,19.0,,Dynamo Balashikha (Russia-2),,19.0,0.0,205,0.0,0.0,0.0,,0.0,,,,,,,,,zaitsye01,2017,D,0.0,0.0,0.0,0.0,0.0,,
206.0,St. Louis Blues,Anton Andersson,SE,D,18.0,,Lulea HF Jr. (Sweden Jr.),,18.0,0.0,206,0.0,0.0,0.0,,0.0,,,,,,,,,anderan01,2017,D,0.0,0.0,0.0,0.0,0.0,,
210.0,Columbus Blue Jackets,Robbie Stucker,US,D,18.0,,St. Thomas Academy (High-MN),,18.0,0.0,210,0.0,0.0,0.0,,0.0,,,,,,,,,stuckro01,2017,D,0.0,0.0,0.0,0.0,0.0,,
211.0,Winnipeg Jets,Croix Evingson,US,D,20.0,,Shreveport Mudbugs (NAHL),,20.0,0.0,211,0.0,0.0,0.0,,0.0,,,,,,,,,evingcr01,2017,D,0.0,0.0,0.0,0.0,0.0,,
214.0,New Jersey Devils,Matthew Hellickson,US,D,19.0,,Sioux City Musketeers (USHL),,19.0,0.0,214,0.0,0.0,0.0,,0.0,,,,,,,,,hellima01,2017,D,0.0,0.0,0.0,0.0,0.0,,
215.0,Chicago Blackhawks,Joshua Ess,US,D,18.0,,Lakeville South HS (High-MN),,18.0,0.0,215,0.0,0.0,0.0,,0.0,,,,,,,,,essjo01,2017,D,0.0,0.0,0.0,0.0,0.0,,
216.0,Nashville Predators,Jacob Paquette,CA,D,18.0,,Kingston Frontenacs (OHL),,18.0,0.0,216,0.0,0.0,0.0,,0.0,,,,,,,,,paqueja01,2017,D,0.0,0.0,0.0,0.0,0.0,,
217.0,Pittsburgh Penguins,William Reilly,CA,D,20.0,,RPI (ECAC),,20.0,0.0,217,0.0,0.0,0.0,,0.0,,,,,,,,,reillwi01,2017,D,0.0,0.0,0.0,0.0,0.0,,
7.0,Vancouver Canucks,Quinn Hughes,US,D,18.0,2026.0,Michigan (Big Ten),455.0,18.0,0.134065934065934,7,0.000294650404540514,431.0,0.947252747252747,,26.0,185.0,,,,,,,59.8,hughequ01,2018,D,59.8,0.03956043956043956,0.015384615384615385,0.9472527472527472,0.05714285714285714,33.0432967032967,
1.0,Buffalo Sabres,Rasmus Dahlin,SE,D,18.0,2026.0,Frolunda HC (Sweden),532.0,18.0,0.157894736842105,1,0.000296794618124258,377.0,0.708646616541353,,-65.0,394.0,,,,,,,52.3,dahlira01,2018,D,52.3,0.03383458646616541,0.0018796992481203006,0.7086466165413534,-0.12218045112781954,28.86265037593985,
10.0,Edmonton Oilers,Evan Bouchard,CA,D,18.0,2026.0,London Knights (OHL),374.0,18.0,0.157754010695187,10,0.00042180216763419,260.0,0.695187165775401,,56.0,134.0,,,,,,,40.7,bouchev01,2018,D,40.7,0.0481283422459893,0.026737967914438502,0.6951871657754011,0.1497326203208556,22.511737967914446,
12.0,New York Islanders,Noah Dobson,CA,D,18.0,2026.0,Acadie-Bathurst Titan (QMJHL),413.0,18.0,0.128329297820823,12,0.000310724692060104,246.0,0.595641646489104,,-4.0,128.0,,,,,,,37.9,dobsono01,2018,D,37.9,0.043583535108958835,0.029055690072639227,0.5956416464891041,-0.009685230024213076,20.94064164648911,
22.0,New York Rangers,K'Andre Miller,US,D,18.0,2026.0,USA U-18 Development Team (USDP/USHL),387.0,18.0,0.0981912144702842,22,0.000253724068398667,143.0,0.369509043927649,,50.0,184.0,,,,,,,28.7,milleka01,2018,D,28.7,0.046511627906976744,0.056847545219638244,0.3695090439276486,0.12919896640826872,15.863682170542635,
29.0,Toronto Maple Leafs,Rasmus Sandin,SE,D,18.0,2026.0,Soo Greyhounds (OHL),331.0,18.0,0.0664652567975831,29,0.000200801380053121,123.0,0.371601208459215,,21.0,104.0,,,,,,,20.6,sandira01,2018,D,20.6,0.054380664652567974,0.08761329305135952,0.3716012084592145,0.0634441087613293,11.40628398791541,
38.0,Montreal Canadiens,Alexander Romanov,RU,D,18.0,2026.0,Krasnaya Armiya Moskva (Russia Jr.),369.0,18.0,0.046070460704607,38,0.000124852197031455,84.0,0.227642276422764,,26.0,163.0,,,,,,,18.2,romanal01,2018,D,18.2,0.04878048780487805,0.10298102981029811,0.22764227642276422,0.07046070460704607,10.066368563685636,
46.0,Washington Capitals,Martin Fehervary,SK,D,18.0,2026.0,IK Oskarshamn (Sweden-2),326.0,18.0,0.0736196319018405,46,0.000225827091723437,84.0,0.257668711656442,,24.0,125.0,,,,,,,17.9,feherma01,2018,D,17.9,0.05521472392638037,0.1411042944785276,0.25766871165644173,0.0736196319018405,9.910644171779143,
52.0,Toronto Maple Leafs,Sean Durzi,CA,D,19.0,2026.0,Owen Sound Attack (OHL),248.0,19.0,0.100806451612903,52,0.000406477627471383,118.0,0.475806451612903,,-22.0,197.0,,,,,,,16.7,durzise01,2018,D,16.7,0.07661290322580645,0.20967741935483872,0.47580645161290325,-0.08870967741935484,9.276129032258066,
8.0,Chicago Blackhawks,Adam Boqvist,SE,D,18.0,2026.0,Brynas IF Jr. (Sweden Jr.),254.0,18.0,0.106299212598425,8,0.000418500837001673,100.0,0.393700787401575,,-50.0,52.0,,,,,,,12.6,boqviad01,2018,D,12.6,0.07086614173228346,0.031496062992125984,0.3937007874015748,-0.1968503937007874,6.979606299212598,
55.0,Arizona Coyotes,Kevin Bahl,CA,D,18.0,2026.0,Ottawa 67's (OHL),248.0,18.0,0.0403225806451613,55,0.000162591050988554,51.0,0.205645161290323,,2.0,180.0,,,,,,,11.1,bahlke01,2018,D,11.1,0.07258064516129033,0.2217741935483871,0.2056451612903226,0.008064516129032258,6.16608870967742,
32.0,Buffalo Sabres,Mattias Samuelsson,US,D,18.0,2026.0,USA U-18 Development Team (USDP/USHL),236.0,18.0,0.0508474576271186,32,0.000215455328928469,55.0,0.233050847457627,,11.0,94.0,,,,,,,11.0,samuema02,2018,D,11.0,0.07627118644067797,0.13559322033898305,0.2330508474576271,0.046610169491525424,6.110805084745764,
164.0,Edmonton Oilers,Michael Kesselring,US,D,18.0,2026.0,New Hampton School (High-NH),165.0,18.0,0.0727272727272727,164,0.000440771349862259,53.0,0.321212121212121,,11.0,163.0,,,,,,,9.6,kessemi01,2018,D,9.6,0.10909090909090909,0.9939393939393939,0.3212121212121212,0.06666666666666667,5.445151515151515,
28.0,New York Rangers,Nils Lundkvist,SE,D,18.0,2026.0,Lulea HF (Sweden),187.0,18.0,0.053475935828877,28,0.000285967571277417,47.0,0.251336898395722,,16.0,64.0,,,,,,,9.1,lundkni01,2018,D,9.1,0.0962566844919786,0.1497326203208556,0.25133689839572193,0.0855614973262032,5.075855614973262,
71.0,Montreal Canadiens,Jordan Harris,US,D,18.0,2026.0,Kimball Union Academy (High-NH),169.0,18.0,0.0591715976331361,71,0.000350127796645776,39.0,0.230769230769231,,-6.0,62.0,,,,,,,6.2,harrijo01,2018,D,6.2,0.10650887573964497,0.42011834319526625,0.23076923076923078,-0.03550295857988166,3.4937278106508884,
17.0,New Jersey Devils,Ty Smith,CA,D,18.0,2025.0,Spokane Chiefs (WHL),131.0,18.0,0.0687022900763359,17,0.000524444962414778,49.0,0.374045801526718,,-31.0,52.0,,,,,,,5.5,smithty01,2018,D,5.5,0.13740458015267176,0.1297709923664122,0.37404580152671757,-0.2366412213740458,3.084160305343512,
26.0,Ottawa Senators,Jacob Bernard-Docker,CA,D,18.0,2026.0,Okotoks (AJHL),158.0,18.0,0.0379746835443038,26,0.00024034609838167,25.0,0.158227848101266,,0.0,59.0,,,,,,,5.3,bernaja01,2018,D,5.3,0.11392405063291139,0.16455696202531644,0.15822784810126583,0.0,2.9665822784810127,
73.0,Arizona Coyotes,Ty Emberson,US,D,18.0,2026.0,USA U-18 Development Team (USDP/USHL),128.0,18.0,0.03125,73,0.000244140625,28.0,0.21875,,-7.0,30.0,,,,,,,5.2,emberty01,2018,D,5.2,0.140625,0.5703125,0.21875,-0.0546875,2.9584375000000005,
45.0,St. Louis Blues,Scott Perunovich,US,D,20.0,2025.0,Minnesota-Duluth (NCHC),108.0,20.0,0.0185185185185185,45,0.000171467764060356,32.0,0.296296296296296,,0.0,30.0,,,,,,,4.8,perunsc01,2018,D,4.8,0.18518518518518517,0.4166666666666667,0.2962962962962963,0.0,2.7446296296296295,
131.0,Nashville Predators,Spencer Stastney,US,D,18.0,2026.0,USA U-18 Development Team (USDP/USHL),77.0,18.0,0.038961038961039,131,0.000505987518974532,17.0,0.220779220779221,,6.0,14.0,,,,,,,3.9,stastsp01,2018,D,3.9,0.23376623376623376,1.7012987012987013,0.22077922077922077,0.07792207792207792,2.3794155844155847,
53.0,Pittsburgh Penguins,Calen Addison,CA,D,18.0,2024.0,Lethbridge Hurricanes (WHL),152.0,18.0,0.0394736842105263,53,0.000259695290858726,50.0,0.328947368421053,,-59.0,96.0,,,,,,,4.2,addisca01,2018,D,4.2,0.11842105263157894,0.34868421052631576,0.32894736842105265,-0.3881578947368421,2.367236842105264,
150.0,Winnipeg Jets,Declan Chisholm,CA,D,18.0,2026.0,Peterborough Petes (OHL),109.0,18.0,0.0458715596330275,150,0.00042083999663328,22.0,0.201834862385321,,-10.0,30.0,,,,,,,3.6,chishde01,2018,D,3.6,0.1651376146788991,1.3761467889908257,0.2018348623853211,-0.09174311926605505,2.155229357798165,
200.0,St. Louis Blues,Tyler Tucker,CA,D,18.0,2026.0,Barrie Colts (OHL),114.0,18.0,0.0526315789473684,200,0.000461680517082179,17.0,0.149122807017544,,-9.0,160.0,,,,,,,3.1,tuckety01,2018,D,3.1,0.15789473684210525,1.7543859649122806,0.14912280701754385,-0.07894736842105263,1.9107017543859655,
31.0,Washington Capitals,Alexander Alexeyev,RU,D,18.0,2025.0,Red Deer Rebels (WHL),80.0,18.0,0.0125,31,0.00015625,8.0,0.1,,-8.0,12.0,,,,,,,1.7,alexeal01,2018,D,1.7,0.225,0.3875,0.1,-0.1,1.00125,
178.0,Anaheim Ducks,Hunter Drew,CA,D,19.0,2022.0,Charlottetown Islanders (QMJHL),2.0,19.0,0.0,178,0.0,0.0,0.0,,0.0,5.0,,,,,,,0.0,drewhu01,2018,D,0.0,9.5,89.0,0.0,0.0,0.985,
27.0,Chicago Blackhawks,Nicolas Beaudin,CA,D,18.0,2022.0,Drummondville Voltigeurs (QMJHL),22.0,18.0,0.0909090909090909,27,0.00413223140495868,6.0,0.272727272727273,,1.0,2.0,,,,,,,1.2,beaudni01,2018,D,1.2,0.8181818181818182,1.2272727272727273,0.2727272727272727,0.045454545454545456,0.91,
149.0,Toronto Maple Leafs,Filip Kral,CZ,D,18.0,2023.0,Spokane Chiefs (WHL),2.0,18.0,0.0,149,0.0,0.0,0.0,,0.0,2.0,,,,,,,0.0,kralfi01,2018,D,0.0,9.0,74.5,0.0,0.0,0.835,
118.0,Toronto Maple Leafs,Mac Hollowell,CA,D,19.0,2023.0,Soo Greyhounds (OHL),6.0,19.0,0.0,118,0.0,2.0,0.333333333333333,,3.0,2.0,,,,,,,0.5,holloma01,2018,D,0.5,3.1666666666666665,19.666666666666668,0.3333333333333333,0.5,0.7975,
142.0,Arizona Coyotes,Michael Callahan,US,D,18.0,2026.0,Youngstown Phantoms (USHL),22.0,18.0,0.0454545454545455,142,0.00206611570247934,1.0,0.0454545454545455,,-6.0,7.0,,,,,,,0.0,callami02,2018,D,0.0,0.8181818181818182,6.454545454545454,0.045454545454545456,-0.2727272727272727,0.7068181818181819,
112.0,Philadelphia Flyers,John St. Ivany,US,D,19.0,2025.0,Sioux Falls Stampede (USHL),33.0,19.0,0.0,112,0.0,2.0,0.0606060606060606,,-3.0,19.0,,,,,,,0.5,stivajo01,2018,D,0.5,0.5757575757575758,3.393939393939394,0.06060606060606061,-0.09090909090909091,0.6719696969696971,
21.0,San Jose Sharks,Ryan Merkley,CA,D,18.0,2022.0,Guelph Storm (OHL),39.0,18.0,0.0256410256410256,21,0.000657462195923733,6.0,0.153846153846154,,-10.0,8.0,,,,,,,0.9,merklry01,2018,D,0.9,0.46153846153846156,0.5384615384615384,0.15384615384615385,-0.2564102564102564,0.5924358974358975,
88.0,New York Rangers,Joey Keane,US,D,19.0,2022.0,Barrie Colts (OHL),2.0,19.0,0.0,88,0.0,0.0,0.0,,-1.0,2.0,,,,,,,0.0,keanejo01,2018,D,0.0,9.5,44.0,0.0,-0.5,0.5300000000000001,
50.0,Philadelphia Flyers,Adam Ginning,SE,D,18.0,2026.0,Linkoping HC (Sweden),16.0,18.0,0.0625,50,0.00390625,1.0,0.0625,,-1.0,2.0,,,,,,,0.4,ginniad01,2018,D,0.4,1.125,3.125,0.0625,-0.0625,0.5185000000000001,
159.0,Columbus Blue Jackets,Tim Berni,CH,D,18.0,2023.0,GC Kusnacht Lions (Swiss-2),59.0,18.0,0.0169491525423729,159,0.000287273771904625,3.0,0.0508474576271186,,-26.0,34.0,,,,,,,-0.3,berniti01,2018,D,-0.3,0.3050847457627119,2.694915254237288,0.05084745762711865,-0.4406779661016949,0.0985593220338983,
67.0,Detroit Red Wings,Alec Regula,US,D,18.0,2026.0,London Knights (OHL),35.0,18.0,0.0285714285714286,67,0.000816326530612246,1.0,0.0285714285714286,,-15.0,25.0,,,,,,,-0.2,regulal01,2018,D,-0.2,0.5142857142857142,1.9142857142857144,0.02857142857142857,-0.42857142857142855,0.09428571428571429,
24.0,Minnesota Wild,Filip Johansson,SE,D,18.0,,Leksands IF Jr. (Sweden Jr.),,18.0,0.0,24,0.0,0.0,0.0,,0.0,,,,,,,,,johanfi01,2018,D,0.0,0.0,0.0,0.0,0.0,,
36.0,Detroit Red Wings,Jared McIsaac,CA,D,18.0,,Halifax Mooseheads (QMJHL),,18.0,0.0,36,0.0,0.0,0.0,,0.0,,,,,,,,,mcisaja01,2018,D,0.0,0.0,0.0,0.0,0.0,,
37.0,Vancouver Canucks,Jett Woo,CA,D,18.0,,Moose Jaw Warriors (WHL),,18.0,0.0,37,0.0,0.0,0.0,,0.0,,,,,,,,,wooje01,2018,D,0.0,0.0,0.0,0.0,0.0,,
41.0,New York Islanders,Bode Wilde,CA,D,18.0,,USA U-18 Development Team (USDP/USHL),,18.0,0.0,41,0.0,0.0,0.0,,0.0,,,,,,,,,wildebo01,2018,D,0.0,0.0,0.0,0.0,0.0,,
48.0,Ottawa Senators,Jonathan Tychonick,CA,D,18.0,,Penticton (BCHL),,18.0,0.0,48,0.0,0.0,0.0,,0.0,,,,,,,,,tychojo01,2018,D,0.0,0.0,0.0,0.0,0.0,,
57.0,Boston Bruins,Axel Andersson,SE,D,18.0,,Djurgardens IF Jr. (Sweden Jr.),,18.0,0.0,57,0.0,0.0,0.0,,0.0,,,,,,,,,anderax01,2018,D,0.0,0.0,0.0,0.0,0.0,,
70.0,New York Rangers,Jacob Ragnarsson,US,D,18.0,,Almtuna IS (Sweden-2),,18.0,0.0,70,0.0,0.0,0.0,,0.0,,,,,,,,,ragnaja01,2018,D,0.0,0.0,0.0,0.0,0.0,,
81.0,Detroit Red Wings,Seth Barton,CA,D,19.0,,Trail (BCHL),,19.0,0.0,81,0.0,0.0,0.0,,0.0,,,,,,,,,bartose01,2018,D,0.0,0.0,0.0,0.0,0.0,,
90.0,Tampa Bay Lightning,Dmitry Semykin,RU,D,18.0,,Kapitan Stupino (Russia Jr.),,18.0,0.0,90,0.0,0.0,0.0,,0.0,,,,,,,,,semykdm01,2018,D,0.0,0.0,0.0,0.0,0.0,,
99.0,Vegas Golden Knights,Stanislav Demin,US,D,18.0,,Wenatchee (BCHL),,18.0,0.0,99,0.0,0.0,0.0,,0.0,,,,,,,,,deminst01,2018,D,0.0,0.0,0.0,0.0,0.0,,
101.0,New York Rangers,Nico Gross,CH,D,18.0,,Oshawa Generals (OHL),,18.0,0.0,101,0.0,0.0,0.0,,0.0,,,,,,,,,grossni02,2018,D,0.0,0.0,0.0,0.0,0.0,,
110.0,New Jersey Devils,Xavier Bernard,CA,D,18.0,,Drummondville Voltigeurs (QMJHL),,18.0,0.0,110,0.0,0.0,0.0,,0.0,,,,,,,,,bernaxa01,2018,D,0.0,0.0,0.0,0.0,0.0,,
117.0,Buffalo Sabres,Linus Lindstrand Cronholm,SE,D,18.0,,Malmo Jr. (Sweden Jr.),,18.0,0.0,117,0.0,0.0,0.0,,0.0,,,,,,,,,lindsli03,2018,D,0.0,0.0,0.0,0.0,0.0,,
121.0,Tampa Bay Lightning,Alexander Green,US,D,20.0,,Cornell (ECAC),,20.0,0.0,121,0.0,0.0,0.0,,0.0,,,,,,,,,greenal01,2018,D,0.0,0.0,0.0,0.0,0.0,,
125.0,Buffalo Sabres,Miska Kukkonen,FI,D,18.0,,Ilves Jr. (Finland Jr.),,18.0,0.0,125,0.0,0.0,0.0,,0.0,,,,,,,,,kukkomi01,2018,D,0.0,0.0,0.0,0.0,0.0,,
127.0,Philadelphia Flyers,Wyatte Wylie,US,D,18.0,,Everett Silvertips (WHL),,18.0,0.0,127,0.0,0.0,0.0,,0.0,,,,,,,,,wyliewy01,2018,D,0.0,0.0,0.0,0.0,0.0,,
130.0,Vancouver Canucks,Toni Utunen,FI,D,18.0,,Leki (Finland-2),,18.0,0.0,130,0.0,0.0,0.0,,0.0,,,,,,,,,utuneto01,2018,D,0.0,0.0,0.0,0.0,0.0,,
145.0,Arizona Coyotes,Dennis Busby,CA,D,18.0,,Flint Firebirds (OHL),,18.0,0.0,145,0.0,0.0,0.0,,0.0,,,,,,,,,busbyde01,2018,D,0.0,0.0,0.0,0.0,0.0,,
146.0,Colorado Avalanche,Danila Zhuravlyov,RU,D,18.0,,Irbis Kazan (Russia Jr.),,18.0,0.0,146,0.0,0.0,0.0,,0.0,,,,,,,,,zhurada01,2018,D,0.0,0.0,0.0,0.0,0.0,,
148.0,Minnesota Wild,Simon Johansson,SE,D,19.0,,Djurgardens IF Jr. (Sweden Jr.),,19.0,0.0,148,0.0,0.0,0.0,,0.0,,,,,,,,,johansi01,2018,D,0.0,0.0,0.0,0.0,0.0,,
151.0,Nashville Predators,Vladislav Yeryomenko,BY,D,19.0,,Calgary Hitmen (WHL),,19.0,0.0,151,0.0,0.0,0.0,,0.0,,,,,,,,,yeryovl01,2018,D,0.0,0.0,0.0,0.0,0.0,,
153.0,Winnipeg Jets,Giovanni Vallati,CA,D,18.0,,Kitchener Rangers (OHL),,18.0,0.0,153,0.0,0.0,0.0,,0.0,,,,,,,,,vallagi01,2018,D,0.0,0.0,0.0,0.0,0.0,,
154.0,Vegas Golden Knights,Connor Corcoran,CA,D,18.0,,Windsor Spitfires (OHL),,18.0,0.0,154,0.0,0.0,0.0,,0.0,,,,,,,,,corcoco01,2018,D,0.0,0.0,0.0,0.0,0.0,,
161.0,Washington Capitals,Alex Kannok-Leipert,TH,D,18.0,,Vancouver Giants (WHL),,18.0,0.0,161,0.0,0.0,0.0,,0.0,,,,,,,,,kannoal01,2018,D,0.0,0.0,0.0,0.0,0.0,,
163.0,New York Rangers,Simon Kjellberg,US,D,18.0,,Rogle BK Jr. (Sweden Jr.),,18.0,0.0,163,0.0,0.0,0.0,,0.0,,,,,,,,,kjellsi01,2018,D,0.0,0.0,0.0,0.0,0.0,,
166.0,Carolina Hurricanes,Jesper Sellgren,SE,D,20.0,,MODO Hockey (Sweden-2),,20.0,0.0,166,0.0,0.0,0.0,,0.0,,,,,,,,,sellgje01,2018,D,0.0,0.0,0.0,0.0,0.0,,
168.0,Dallas Stars,Dawson Barteaux,CA,D,18.0,,Red Deer Rebels (WHL),,18.0,0.0,168,0.0,0.0,0.0,,0.0,,,,,,,,,barteda01,2018,D,0.0,0.0,0.0,0.0,0.0,,
180.0,Vegas Golden Knights,Peter Diliberatore,CA,D,18.0,,Salisbury School (High-CT),,18.0,0.0,180,0.0,0.0,0.0,,0.0,,,,,,,,,dilibpe01,2018,D,0.0,0.0,0.0,0.0,0.0,,
181.0,Boston Bruins,Dustyn McFaul,CA,D,18.0,,Pickering (OJHL),,18.0,0.0,181,0.0,0.0,0.0,,0.0,,,,,,,,,mcfaudu01,2018,D,0.0,0.0,0.0,0.0,0.0,,
185.0,Vegas Golden Knights,Xavier Bouchard,CA,D,18.0,,Baie-Comeau Drakkar (QMJHL),,18.0,0.0,185,0.0,0.0,0.0,,0.0,,,,,,,,,bouchxa01,2018,D,0.0,0.0,0.0,0.0,0.0,,
187.0,Buffalo Sabres,William Worge Kreu,SE,D,18.0,,Linkoping HC Jr. (Sweden Jr.),,18.0,0.0,187,0.0,0.0,0.0,,0.0,,,,,,,,,worgewi01,2018,D,0.0,0.0,0.0,0.0,0.0,,
196.0,New York Islanders,Christian Krygier,US,D,18.0,,Lincoln Stars (USHL),,18.0,0.0,196,0.0,0.0,0.0,,0.0,,,,,,,,,krygich01,2018,D,0.0,0.0,0.0,0.0,0.0,,
201.0,Florida Panthers,Cole Krygier,US,D,18.0,,Lincoln Stars (USHL),,18.0,0.0,201,0.0,0.0,0.0,,0.0,,,,,,,,,krygico01,2018,D,0.0,0.0,0.0,0.0,0.0,,
206.0,Tampa Bay Lightning,Radim Salda,CZ,D,19.0,,Saint John Sea Dogs (QMJHL),,19.0,0.0,206,0.0,0.0,0.0,,0.0,,,,,,,,,saldara01,2018,D,0.0,0.0,0.0,0.0,0.0,,
207.0,Florida Panthers,Santtu Kinnunen,FI,D,19.0,,Pelicans Jr. (Finland Jr.),,19.0,0.0,207,0.0,0.0,0.0,,0.0,,,,,,,,,kinnusa01,2018,D,0.0,0.0,0.0,0.0,0.0,,
6.0,Detroit Red Wings,Moritz Seider,DE,D,18.0,2026.0,Adler Mannheim (Germany),355.0,18.0,0.0929577464788732,6,0.467605633802817,199.0,0.56056338028169,,-27.0,192.0,,,,,,,29.5,seidemo01,2019,D,29.5,0.05070422535211268,0.016901408450704224,0.5605633802816902,-0.07605633802816901,16.30823943661972,
18.0,Dallas Stars,Thomas Harley,US,D,18.0,2026.0,Mississauga Steelheads (OHL),215.0,18.0,0.153488372093023,18,0.372093023255814,113.0,0.525581395348837,,54.0,50.0,,,,,,,21.5,harleth01,2019,D,21.5,0.08372093023255814,0.08372093023255814,0.5255813953488372,0.25116279069767444,11.945697674418605,
4.0,Colorado Avalanche,Bowen Byram,CA,D,18.0,2026.0,Vancouver Giants (WHL),272.0,18.0,0.139705882352941,4,0.308823529411765,122.0,0.448529411764706,,20.0,182.0,,,,,,,20.4,byrambo01,2019,D,20.4,0.0661764705882353,0.014705882352941176,0.4485294117647059,0.07352941176470588,11.302720588235294,
95.0,Los Angeles Kings,Jordan Spence,AU,D,18.0,2026.0,Moncton Wildcats (QMJHL),197.0,18.0,0.0456852791878173,95,0.314720812182741,71.0,0.360406091370558,,38.0,36.0,,,,,,,13.8,spencjo01,2019,D,13.8,0.09137055837563451,0.48223350253807107,0.3604060913705584,0.19289340101522842,7.7207106598984785,
14.0,Philadelphia Flyers,Cameron York,US,D,18.0,2026.0,USA U-18 Development Team (USDP/USHL),257.0,18.0,0.0778210116731518,14,0.268482490272374,89.0,0.346303501945525,,-40.0,102.0,,,,,,,13.9,yorkca01,2019,D,13.9,0.07003891050583658,0.054474708171206226,0.3463035019455253,-0.1556420233463035,7.693832684824903,
8.0,Edmonton Oilers,Philip Broberg,SE,D,18.0,2026.0,AIK (Sweden-2),176.0,18.0,0.0681818181818182,8,0.227272727272727,52.0,0.295454545454545,,15.0,28.0,,,,,,,10.0,brobeph01,2019,D,10.0,0.10227272727272728,0.045454545454545456,0.29545454545454547,0.08522727272727272,5.567613636363636,
39.0,Anaheim Ducks,Jackson LaCombe,US,D,18.0,2026.0,Shattuck-St. Mary's School (High-MN),174.0,18.0,0.109195402298851,39,0.316091954022989,74.0,0.425287356321839,,-25.0,56.0,,,,,,,9.9,lacomja01,2019,D,9.9,0.10344827586206896,0.22413793103448276,0.42528735632183906,-0.14367816091954022,5.527183908045977,
43.0,Chicago Blackhawks,Alex Vlasic,US,D,18.0,2026.0,USA U-18 Development Team (USDP/USHL),204.0,18.0,0.0441176470588235,43,0.220588235294118,54.0,0.264705882352941,,-34.0,64.0,,,,,,,9.7,vlasial01,2019,D,9.7,0.08823529411764706,0.2107843137254902,0.2647058823529412,-0.16666666666666666,5.387941176470589,
41.0,Vegas Golden Knights,Kaedan Korczak,CA,D,18.0,2026.0,Kelowna Rockets (WHL),103.0,18.0,0.029126213592233,41,0.203883495145631,24.0,0.233009708737864,,33.0,26.0,,,,,,,6.7,korczka01,2019,D,6.7,0.17475728155339806,0.39805825242718446,0.23300970873786409,0.32038834951456313,3.8092718446601945,
46.0,Montreal Canadiens,Jayden Struble,US,D,18.0,2026.0,St. Sebastian's School (High-MA),132.0,18.0,0.0378787878787879,46,0.166666666666667,27.0,0.204545454545455,,-7.0,143.0,,,,,,,4.3,strubja01,2019,D,4.3,0.13636363636363635,0.3484848484848485,0.20454545454545456,-0.05303030303030303,2.4388636363636365,
47.0,Colorado Avalanche,Drew Helleson,US,D,18.0,2026.0,USA U-18 Development Team (USDP/USHL),85.0,18.0,0.0823529411764706,47,0.188235294117647,23.0,0.270588235294118,,6.0,57.0,,,,,,,4.2,helledr01,2019,D,4.2,0.21176470588235294,0.5529411764705883,0.27058823529411763,0.07058823529411765,2.4341176470588235,
68.0,New York Rangers,Zachary Jones,US,D,18.0,2025.0,Tri-City Storm (USHL),115.0,18.0,0.0347826086956522,68,0.208695652173913,28.0,0.243478260869565,,-10.0,38.0,,,,,,,3.8,jonesza01,2019,D,3.8,0.1565217391304348,0.591304347826087,0.24347826086956523,-0.08695652173913043,2.1926086956521735,
52.0,Florida Panthers,Vladislav Kolyachonok,BY,D,18.0,2026.0,Flint Firebirds (OHL),81.0,18.0,0.0617283950617284,52,0.135802469135802,16.0,0.197530864197531,,-5.0,20.0,,,,,,,2.9,kolyavl01,2019,D,2.9,0.2222222222222222,0.6419753086419753,0.19753086419753085,-0.06172839506172839,1.7048765432098765,
109.0,Nashville Predators,Marc Del Gaizo,US,D,19.0,2025.0,Massachusetts (H-East),55.0,19.0,0.0363636363636364,109,0.181818181818182,12.0,0.218181818181818,,-1.0,23.0,,,,,,,2.5,delgama01,2019,D,2.5,0.34545454545454546,1.981818181818182,0.21818181818181817,-0.01818181818181818,1.638636363636364,
184.0,San Jose Sharks,Santeri Hatakka,FI,D,18.0,2024.0,Jokerit Jr. (Finland Jr.),21.0,18.0,0.0,184,0.19047619047619,4.0,0.19047619047619,,0.0,6.0,,,,,,,0.7,hataksa01,2019,D,0.7,0.8571428571428571,8.761904761904763,0.19047619047619047,0.0,1.3754761904761907,
101.0,Anaheim Ducks,Henry Thrun,US,D,18.0,2025.0,USA U-18 Development Team (USDP/USHL),119.0,18.0,0.0420168067226891,101,0.168067226890756,25.0,0.210084033613445,,-48.0,46.0,,,,,,,2.2,thrunhe01,2019,D,2.2,0.15126050420168066,0.8487394957983193,0.21008403361344538,-0.40336134453781514,1.3011764705882354,
22.0,Los Angeles Kings,Tobias Bjornfot,SE,D,18.0,2025.0,Djurgardens IF Jr. (Sweden Jr.),134.0,18.0,0.00746268656716418,22,0.104477611940299,15.0,0.111940298507463,,-23.0,30.0,,,,,,,2.3,bjornto01,2019,D,2.3,0.13432835820895522,0.16417910447761194,0.11194029850746269,-0.17164179104477612,1.2944776119402983,
20.0,Winnipeg Jets,Ville Heinola,FI,D,18.0,2025.0,Lukko (Finland),53.0,18.0,0.0188679245283019,20,0.207547169811321,12.0,0.226415094339623,,0.0,22.0,,,,,,,2.1,heinovi01,2019,D,2.1,0.33962264150943394,0.37735849056603776,0.22641509433962265,0.0,1.2606603773584908,
57.0,New York Islanders,Samuel Bolduc,CA,D,18.0,2025.0,Blainville-Boisbriand Armada (QMJHL),52.0,18.0,0.0769230769230769,57,0.0769230769230769,8.0,0.153846153846154,,0.0,8.0,,,,,,,1.7,boldusa01,2019,D,1.7,0.34615384615384615,1.0961538461538463,0.15384615384615385,0.0,1.1023076923076924,
120.0,Tampa Bay Lightning,Maxwell Crozier,CA,D,19.0,2026.0,Sioux Falls Stampede (USHL),26.0,19.0,0.0,120,0.192307692307692,5.0,0.192307692307692,,1.0,9.0,,,,,,,0.9,crozima01,2019,D,0.9,0.7307692307692307,4.615384615384615,0.19230769230769232,0.038461538461538464,1.0623076923076922,
72.0,Philadelphia Flyers,Ronald Attard,US,D,20.0,2024.0,Tri-City Storm (USHL),29.0,20.0,0.0689655172413793,72,0.137931034482759,6.0,0.206896551724138,,-1.0,14.0,,,,,,,1.2,attarro01,2019,D,1.2,0.6896551724137931,2.4827586206896552,0.20689655172413793,-0.034482758620689655,1.0048275862068967,
187.0,Ottawa Senators,Maxence Guenette,CA,D,18.0,2024.0,Val-d'Or Foreurs (QMJHL),8.0,18.0,0.0,187,0.0,0.0,0.0,,-2.0,2.0,,,,,,,-0.1,guenema01,2019,D,-0.1,2.25,23.375,0.0,-0.25,0.993,
60.0,Detroit Red Wings,Albert Johansson,SE,D,18.0,2026.0,Farjestad BK Jr. (Sweden Jr.),88.0,18.0,0.0340909090909091,60,0.102272727272727,12.0,0.136363636363636,,-22.0,34.0,,,,,,,1.6,johanal01,2019,D,1.6,0.20454545454545456,0.6818181818181818,0.13636363636363635,-0.25,0.9640909090909092,
166.0,Minnesota Wild,Marshall Warren,US,D,18.0,2026.0,USA U-18 Development Team (USDP/USHL),2.0,18.0,0.0,166,1.0,2.0,1.0,,1.0,2.0,,,,,,,0.3,warrema01,2019,D,0.3,9.0,83.0,1.0,0.5,0.9565000000000001,
11.0,Arizona Coyotes,Victor Soderstrom,SE,D,18.0,2024.0,Brynas IF (Sweden),53.0,18.0,0.0188679245283019,11,0.188679245283019,11.0,0.207547169811321,,-7.0,30.0,,,,,,,1.5,sodervi01,2019,D,1.5,0.33962264150943394,0.20754716981132076,0.20754716981132076,-0.1320754716981132,0.8976415094339624,
31.0,Buffalo Sabres,Ryan Johnson,US,D,18.0,2026.0,Sioux Falls Stampede (USHL),47.0,18.0,0.0,31,0.148936170212766,7.0,0.148936170212766,,1.0,18.0,,,,,,,1.3,johnsry03,2019,D,1.3,0.3829787234042553,0.6595744680851063,0.14893617021276595,0.02127659574468085,0.8437234042553191,
49.0,New York Rangers,Matthew Robertson,CA,D,18.0,2026.0,Edmonton Oil Kings (WHL),21.0,18.0,0.0476190476190476,49,0.0476190476190476,2.0,0.0952380952380952,,-1.0,10.0,,,,,,,0.6,roberma02,2019,D,0.6,0.8571428571428571,2.3333333333333335,0.09523809523809523,-0.047619047619047616,0.6585714285714287,
112.0,New York Rangers,Hunter Skinner,US,D,18.0,2026.0,Lincoln Stars (USHL),1.0,18.0,0.0,112,0.0,0.0,0.0,,1.0,0.0,,,,,,,0.1,skinnhu01,2019,D,0.1,18.0,112.0,0.0,1.0,0.6577500000000001,
61.0,New Jersey Devils,Nikita Okhotyuk,RU,D,18.0,2024.0,Ottawa 67's (OHL),67.0,18.0,0.0447761194029851,61,0.134328358208955,12.0,0.17910447761194,,-25.0,52.0,,,,,,,1.0,okhotni01,2019,D,1.0,0.26865671641791045,0.9104477611940298,0.1791044776119403,-0.373134328358209,0.6574626865671641,
90.0,Carolina Hurricanes,Domenick Fensore,US,D,18.0,2026.0,USA U-18 Development Team (USDP/USHL),3.0,18.0,0.0,90,0.0,0.0,0.0,,-2.0,2.0,,,,,,,-0.1,fensodo01,2019,D,-0.1,6.0,30.0,0.0,-0.6666666666666666,0.5217499999999999,
64.0,Montreal Canadiens,Mattias Norlinder,SE,D,19.0,2022.0,MODO Hockey Jr. (Sweden Jr.),6.0,19.0,0.0,64,0.166666666666667,1.0,0.166666666666667,,2.0,2.0,,,,,,,0.3,norlima01,2019,D,0.3,3.1666666666666665,10.666666666666666,0.16666666666666666,0.3333333333333333,0.482,
70.0,New Jersey Devils,Daniil Misyul,BY,D,18.0,2025.0,Loko Yaroslavl (Russia Jr.),1.0,18.0,0.0,70,0.0,0.0,0.0,,-1.0,0.0,,,,,,,-0.1,misyuda01,2019,D,-0.1,18.0,70.0,0.0,-1.0,0.4322500000000001,
48.0,San Jose Sharks,Artemi Kniazev,RU,D,18.0,2022.0,Chicoutimi Sagueneens (QMJHL),1.0,18.0,0.0,48,0.0,0.0,0.0,,-2.0,0.0,,,,,,,-0.1,kniazar01,2019,D,-0.1,18.0,48.0,0.0,-2.0,0.31725000000000003,
69.0,Florida Panthers,John Ludvig,CZ,D,19.0,2025.0,Portland Winterhawks (WHL),41.0,19.0,0.0731707317073171,69,0.0975609756097561,7.0,0.170731707317073,,-16.0,53.0,,,,,,,0.2,ludvijo01,2019,D,0.2,0.4634146341463415,1.6829268292682926,0.17073170731707318,-0.3902439024390244,0.311219512195122,
19.0,Ottawa Senators,Lassi Thomson,FI,D,18.0,2023.0,Kelowna Rockets (WHL),18.0,18.0,0.0,19,0.277777777777778,5.0,0.277777777777778,,-10.0,6.0,,,,,,,0.1,thomsla01,2019,D,0.1,1.0,1.0555555555555556,0.2777777777777778,-0.5555555555555556,0.22200000000000006,
35.0,Detroit Red Wings,Antti Tuomisto,FI,D,18.0,,Assat Jr. (Finland Jr.),,18.0,0.0,35,0.0,0.0,0.0,,0.0,,,,,,,,,tuomian01,2019,D,0.0,0.0,0.0,0.0,0.0,,
51.0,Winnipeg Jets,Simon Lundmark,SE,D,18.0,,Linkoping HC Jr. (Sweden Jr.),,18.0,0.0,51,0.0,0.0,0.0,,0.0,,,,,,,,,lundmsi01,2019,D,0.0,0.0,0.0,0.0,0.0,,
77.0,Montreal Canadiens,Gianni Fairbrother,CA,D,18.0,,Everett Silvertips (WHL),,18.0,0.0,77,0.0,0.0,0.0,,0.0,,,,,,,,,fairbgi01,2019,D,0.0,0.0,0.0,0.0,0.0,,
82.0,New Jersey Devils,Michael Vukojevic,CA,D,18.0,,Kitchener Rangers (OHL),,18.0,0.0,82,0.0,0.0,0.0,,0.0,,,,,,,,,vukojmi01,2019,D,0.0,0.0,0.0,0.0,0.0,,
83.0,Carolina Hurricanes,Anttoni Honka,FI,D,18.0,,Jukurit (Finland),,18.0,0.0,83,0.0,0.0,0.0,,0.0,,,,,,,,,honkaan01,2019,D,0.0,0.0,0.0,0.0,0.0,,
84.0,Toronto Maple Leafs,Mikko Kokkonen,FI,D,18.0,,Jukurit (Finland),,18.0,0.0,84,0.0,0.0,0.0,,0.0,,,,,,,,,kokkomi01,2019,D,0.0,0.0,0.0,0.0,0.0,,
86.0,Vegas Golden Knights,Layton Ahac,CA,D,18.0,,Prince George (BCHL),,18.0,0.0,86,0.0,0.0,0.0,,0.0,,,,,,,,,ahacla01,2019,D,0.0,0.0,0.0,0.0,0.0,,
99.0,Carolina Hurricanes,Cade Webber,US,D,18.0,,Rivers School (High-MA),,18.0,0.0,99,0.0,0.0,0.0,,0.0,,,,,,,,,webbeca01,2019,D,0.0,0.0,0.0,0.0,0.0,,
103.0,Philadelphia Flyers,Mason Millman,CA,D,18.0,,Saginaw Spirit (OHL),,18.0,0.0,103,0.0,0.0,0.0,,0.0,,,,,,,,,millmma01,2019,D,0.0,0.0,0.0,0.0,0.0,,
104.0,Columbus Blue Jackets,Eric Hjorth,SE,D,18.0,,Linkoping HC Jr. (Sweden Jr.),,18.0,0.0,104,0.0,0.0,0.0,,0.0,,,,,,,,,hjorter01,2019,D,0.0,0.0,0.0,0.0,0.0,,
106.0,Florida Panthers,Carter Berger,CA,D,19.0,,Victoria (BCHL),,19.0,0.0,106,0.0,0.0,0.0,,0.0,,,,,,,,,bergeca01,2019,D,0.0,0.0,0.0,0.0,0.0,,
111.0,Dallas Stars,Samuel Sjolund,SE,D,18.0,,AIK Jr. (Sweden Jr.),,18.0,0.0,111,0.0,0.0,0.0,,0.0,,,,,,,,,sjolusa01,2019,D,0.0,0.0,0.0,0.0,0.0,,
117.0,Nashville Predators,Semyon Chystyakov,RU,D,18.0,,Tolpar Ufa (Russia Jr.),,18.0,0.0,117,0.0,0.0,0.0,,0.0,,,,,,,,,chystse01,2019,D,0.0,0.0,0.0,0.0,0.0,,
118.0,New Jersey Devils,Case McCarthy,US,D,18.0,,USA U-18 Development Team (USDP/USHL),,18.0,0.0,118,0.0,0.0,0.0,,0.0,,,,,,,,,mccarca01,2019,D,0.0,0.0,0.0,0.0,0.0,,
119.0,Los Angeles Kings,Kim Nousianinen,FI,D,18.0,,KalPa Jr. (Finland Jr.),,18.0,0.0,119,0.0,0.0,0.0,,0.0,,,,,,,,,nousiki01,2019,D,0.0,0.0,0.0,0.0,0.0,,
126.0,Montreal Canadiens,Jacob Leguerrier,CA,D,18.0,,Soo Greyhounds (OHL),,18.0,0.0,126,0.0,0.0,0.0,,0.0,,,,,,,,,legueja01,2019,D,0.0,0.0,0.0,0.0,0.0,,
128.0,Detroit Red Wings,Cooper Moore,US,D,18.0,,Brunswick School (High-CT),,18.0,0.0,128,0.0,0.0,0.0,,0.0,,,,,,,,,mooreco01,2019,D,0.0,0.0,0.0,0.0,0.0,,
146.0,Toronto Maple Leafs,Michael Koster,US,D,18.0,,Chaska HS (High-MN),,18.0,0.0,146,0.0,0.0,0.0,,0.0,,,,,,,,,kostemi01,2019,D,0.0,0.0,0.0,0.0,0.0,,
153.0,Washington Capitals,Martin Has,CZ,D,18.0,,Tappara Jr. (Finland Jr.),,18.0,0.0,153,0.0,0.0,0.0,,0.0,,,,,,,,,hasma01,2019,D,0.0,0.0,0.0,0.0,0.0,,
154.0,Boston Bruins,Roman Bychkov,RU,D,18.0,,Loko Yaroslavl (Russia Jr.),,18.0,0.0,154,0.0,0.0,0.0,,0.0,,,,,,,,,bychkro01,2019,D,0.0,0.0,0.0,0.0,0.0,,
157.0,Los Angeles Kings,Braden Doyle,US,D,18.0,,Lawrence Academy (High-MA),,18.0,0.0,157,0.0,0.0,0.0,,0.0,,,,,,,,,doylebr01,2019,D,0.0,0.0,0.0,0.0,0.0,,
163.0,Anaheim Ducks,William Francis,US,D,18.0,,Cedar Rapids RoughRiders (USHL),,18.0,0.0,163,0.0,0.0,0.0,,0.0,,,,,,,,,francwi01,2019,D,0.0,0.0,0.0,0.0,0.0,,
173.0,Dallas Stars,Benjamin Brinkman,US,D,18.0,,Minnesota (Big Ten),,18.0,0.0,173,0.0,0.0,0.0,,0.0,,,,,,,,,brinkbe01,2019,D,0.0,0.0,0.0,0.0,0.0,,
177.0,Detroit Red Wings,Gustav Berglund,SE,D,18.0,,Frolunda HC Jr. (Sweden Jr.),,18.0,0.0,177,0.0,0.0,0.0,,0.0,,,,,,,,,berglgu01,2019,D,0.0,0.0,0.0,0.0,0.0,,
182.0,Tampa Bay Lightning,Quinn Schmiemann,CA,D,18.0,,Kamloops Blazers (WHL),,18.0,0.0,182,0.0,0.0,0.0,,0.0,,,,,,,,,schmiqu01,2019,D,0.0,0.0,0.0,0.0,0.0,,
186.0,Anaheim Ducks,Mathew Hill,CA,D,18.0,,Barrie Colts (OHL),,18.0,0.0,186,0.0,0.0,0.0,,0.0,,,,,,,,,hillma01,2019,D,0.0,0.0,0.0,0.0,0.0,,
194.0,Chicago Blackhawks,Cole Moberg,CA,D,18.0,,Prince George Cougars (WHL),,18.0,0.0,194,0.0,0.0,0.0,,0.0,,,,,,,,,moberco01,2019,D,0.0,0.0,0.0,0.0,0.0,,
200.0,Arizona Coyotes,Axel Bergkvist,SE,D,19.0,,Leksands IF Jr. (Sweden Jr.),,19.0,0.0,200,0.0,0.0,0.0,,0.0,,,,,,,,,bergkax01,2019,D,0.0,0.0,0.0,0.0,0.0,,
204.0,Toronto Maple Leafs,Kalle Loponen,FI,D,18.0,,Hermes (Finland-2),,18.0,0.0,204,0.0,0.0,0.0,,0.0,,,,,,,,,loponka01,2019,D,0.0,0.0,0.0,0.0,0.0,,
206.0,Montreal Canadiens,Kieran Ruscheinski,CA,D,18.0,,Calgary Northstars Jr. AAA (AMHL),,18.0,0.0,206,0.0,0.0,0.0,,0.0,,,,,,,,,ruschki01,2019,D,0.0,0.0,0.0,0.0,0.0,,
211.0,Pittsburgh Penguins,Santeri Airola,FI,D,19.0,,SaiPa Jr. (Finland Jr.),,19.0,0.0,211,0.0,0.0,0.0,,0.0,,,,,,,,,airolsa01,2019,D,0.0,0.0,0.0,0.0,0.0,,
5.0,Ottawa Senators,Jake Sanderson,US,D,18.0,2026.0,USA U-18 Development Team (USDP/USHL),262.0,18.0,0.118320610687023,5,0.446564885496183,148.0,0.564885496183206,46.3206106870229,-10.0,49.0,,,,,,,23.0,sandeja01,2020,D,23.0,0.06870229007633588,0.019083969465648856,0.5648854961832062,-0.03816793893129771,12.73969465648855,
45.0,Los Angeles Kings,Brock Faber,US,D,18.0,2026.0,USA U-18 Development Team (USDP/USHL),189.0,18.0,0.126984126984127,45,0.354497354497354,91.0,0.481481481481481,39.4814814814814,-2.0,51.0,,,,,,,16.1,faberbr01,2020,D,16.1,0.09523809523809523,0.23809523809523808,0.48148148148148145,-0.010582010582010581,8.959497354497357,
19.0,New York Rangers,Braden Schneider,CA,D,18.0,2026.0,Brandon Wheat Kings (WHL),314.0,18.0,0.0605095541401274,19,0.17515923566879,74.0,0.235668789808917,19.3248407643312,20.0,67.0,,,,,,,15.2,schnebr01,2020,D,15.2,0.05732484076433121,0.06050955414012739,0.2356687898089172,0.06369426751592357,8.413503184713374,
16.0,Montreal Canadiens,Kaiden Guhle,CA,D,18.0,2026.0,Prince Albert Raiders (WHL),174.0,18.0,0.0977011494252874,16,0.247126436781609,60.0,0.344827586206897,28.2758620689656,-20.0,137.0,,,,,,,9.0,guhleka01,2020,D,9.0,0.10344827586206896,0.09195402298850575,0.3448275862068966,-0.11494252873563218,5.009770114942529,
6.0,Anaheim Ducks,Jamie Drysdale,CA,D,18.0,2026.0,Erie Otters (OHL),242.0,18.0,0.0785123966942149,6,0.252066115702479,80.0,0.330578512396694,27.1074380165289,-96.0,70.0,,,,,,,8.1,drysdja01,2020,D,8.1,0.0743801652892562,0.024793388429752067,0.3305785123966942,-0.39669421487603307,4.474834710743802,
25.0,Colorado Avalanche,Justin Barron,CA,D,18.0,2026.0,Halifax Mooseheads (QMJHL),175.0,18.0,0.102857142857143,25,0.165714285714286,47.0,0.268571428571429,22.0228571428572,-27.0,65.0,,,,,,,7.4,barroju01,2020,D,7.4,0.10285714285714286,0.14285714285714285,0.26857142857142857,-0.15428571428571428,4.119428571428572,
58.0,Boston Bruins,Mason Lohrei,US,D,19.0,2026.0,Green Bay Gamblers (USHL),141.0,19.0,0.0780141843971631,58,0.319148936170213,56.0,0.397163120567376,32.5673758865248,-44.0,38.0,,,,,,,5.8,lohrema01,2020,D,5.8,0.1347517730496454,0.41134751773049644,0.3971631205673759,-0.3120567375886525,3.2729787234042553,
81.0,Chicago Blackhawks,Wyatt Kaiser,US,D,18.0,2026.0,Andover HS (High-MN),124.0,18.0,0.032258064516129,81,0.145161290322581,22.0,0.17741935483871,14.5483870967742,0.0,54.0,,,,,,,5.4,kaisewy01,2020,D,5.4,0.14516129032258066,0.6532258064516129,0.1774193548387097,0.0,3.076451612903227,
69.0,Carolina Hurricanes,Alexander Nikishin,RU,D,18.0,2026.0,Spartak Moskva (Russia),24.0,18.0,0.125,69,0.25,9.0,0.375,30.75,15.0,12.0,,,,,,,2.6,nikisal01,2020,D,2.6,0.75,2.875,0.375,0.625,1.9112500000000001,
188.0,Chicago Blackhawks,Louis Crevier,CA,D,19.0,2026.0,Chicoutimi Sagueneens (QMJHL),81.0,19.0,0.0617283950617284,188,0.148148148148148,17.0,0.209876543209877,17.2098765432099,-17.0,43.0,,,,,,,2.6,crevilo01,2020,D,2.6,0.2345679012345679,2.3209876543209877,0.20987654320987653,-0.20987654320987653,1.6960493827160494,
150.0,St. Louis Blues,Matthew Kessel,US,D,20.0,2026.0,Massachusetts (H-East),86.0,20.0,0.0348837209302326,150,0.104651162790698,12.0,0.13953488372093,11.4418604651163,-5.0,26.0,,,,,,,2.4,kessema01,2020,D,2.4,0.23255813953488372,1.744186046511628,0.13953488372093023,-0.05813953488372093,1.5327906976744188,
101.0,Nashville Predators,Adam Wilsby,SE,D,20.0,2026.0,Sodertalje SK (Sweden-2),39.0,20.0,0.0256410256410256,101,0.179487179487179,8.0,0.205128205128205,16.8205128205128,2.0,18.0,,,,,,,2.0,wilsbad01,2020,D,2.0,0.5128205128205128,2.58974358974359,0.20512820512820512,0.05128205128205128,1.4461538461538461,
20.0,New Jersey Devils,Shakir Mukhamadullin,RU,D,18.0,2026.0,Salavat Yulaev Ufa (Russia),47.0,18.0,0.0638297872340426,20,0.25531914893617,15.0,0.319148936170213,26.1702127659575,-4.0,18.0,,,,,,,2.4,mukhash01,2020,D,2.4,0.3829787234042553,0.425531914893617,0.3191489361702128,-0.0851063829787234,1.4402127659574468,
44.0,Ottawa Senators,Tyler Kleven,US,D,18.0,2026.0,USA U-18 Development Team (USDP/USHL),120.0,18.0,0.0333333333333333,44,0.108333333333333,17.0,0.141666666666667,11.6166666666667,-20.0,40.0,,,,,,,2.5,klevety01,2020,D,2.5,0.15,0.36666666666666664,0.14166666666666666,-0.16666666666666666,1.43125,
54.0,Philadelphia Flyers,Emil Andrae,SE,D,18.0,2026.0,HV71 Jr. (Sweden Jr.),61.0,18.0,0.0327868852459016,54,0.180327868852459,13.0,0.213114754098361,17.4754098360656,-3.0,24.0,,,,,,,2.3,andraem01,2020,D,2.3,0.29508196721311475,0.8852459016393442,0.21311475409836064,-0.04918032786885246,1.4100819672131149,
67.0,Anaheim Ducks,Ian Moore,US,D,18.0,2026.0,St. Mark's School (High-MA),19.0,18.0,0.105263157894737,67,0.157894736842105,5.0,0.263157894736842,21.578947368421,3.0,12.0,,,,,,,1.0,mooreia01,2020,D,1.0,0.9473684210526315,3.526315789473684,0.2631578947368421,0.15789473684210525,0.9999999999999999,
93.0,Tampa Bay Lightning,Jack Thompson,CA,D,18.0,2025.0,Sudbury Wolves (OHL),34.0,18.0,0.117647058823529,93,0.176470588235294,10.0,0.294117647058824,24.1176470588236,-11.0,10.0,,,,,,,1.1,thompja01,2020,D,1.1,0.5294117647058824,2.735294117647059,0.29411764705882354,-0.3235294117647059,0.9432352941176472,
205.0,Calgary Flames,Ilya Solovyov,BY,D,20.0,2026.0,Saginaw Spirit (OHL),24.0,20.0,0.0,205,0.166666666666667,4.0,0.166666666666667,13.6666666666667,-10.0,10.0,,,,,,,-0.1,solovil01,2020,D,-0.1,0.8333333333333334,8.541666666666666,0.16666666666666666,-0.4166666666666667,0.8658333333333333,
65.0,Minnesota Wild,Daemon Hunt,CA,D,18.0,2026.0,Moose Jaw Warriors (WHL),20.0,18.0,0.0,65,0.1,2.0,0.1,8.2,0.0,0.0,,,,,,,0.4,huntda01,2020,D,0.4,0.9,3.25,0.1,0.0,0.6500000000000001,
50.0,Calgary Flames,Yan Kuznetsov,RU,D,18.0,2026.0,Connecticut (H-East),15.0,18.0,0.0666666666666667,50,0.133333333333333,3.0,0.2,16.4,-5.0,0.0,,,,,,,0.5,kuzneya01,2020,D,0.5,1.2,3.3333333333333335,0.2,-0.3333333333333333,0.5437500000000001,
63.0,Detroit Red Wings,Donovan Sebrango,CA,D,18.0,2026.0,Kitchener Rangers (OHL),12.0,18.0,0.0,63,0.166666666666667,2.0,0.166666666666667,13.6666666666667,-1.0,14.0,,,,,,,0.3,sebrado01,2020,D,0.3,1.5,5.25,0.16666666666666666,-0.08333333333333333,0.514,
78.0,Columbus Blue Jackets,Samuel Knazko,SK,D,18.0,2023.0,TPS Jr. (Finland Jr.),2.0,18.0,0.0,78,0.0,0.0,0.0,0.0,0.0,0.0,,,,,,,0.0,knazksa01,2020,D,0.0,9.0,39.0,0.0,0.0,0.4800000000000001,
68.0,Vegas Golden Knights,Lukas Cormier,CA,D,18.0,2024.0,Charlottetown Islanders (QMJHL),2.0,18.0,0.0,68,0.5,1.0,0.5,41.0,1.0,0.0,,,,,,,0.2,cormilu01,2020,D,0.2,9.0,34.0,0.5,0.5,0.4535,
35.0,Los Angeles Kings,Helge Grans,SE,D,18.0,2025.0,Malmo Jr. (Sweden Jr.),6.0,18.0,0.0,35,0.166666666666667,1.0,0.166666666666667,13.6666666666667,0.0,2.0,,,,,,,0.2,granshe01,2020,D,0.2,3.0,5.833333333333333,0.16666666666666666,0.0,0.30550000000000005,
141.0,Chicago Blackhawks,Isaak Phillips,CA,D,18.0,2025.0,Sudbury Wolves (OHL),56.0,18.0,0.0357142857142857,141,0.178571428571429,12.0,0.214285714285714,17.5714285714285,-37.0,31.0,,,,,,,0.1,phillis01,2020,D,0.1,0.32142857142857145,2.517857142857143,0.21428571428571427,-0.6607142857142857,0.30500000000000005,
32.0,Detroit Red Wings,William Wallinder,SE,D,18.0,,MODO Hockey Jr. (Sweden Jr.),,18.0,0.0,32,0.0,0.0,0.0,0.0,0.0,,,,,,,,,walliwi01,2020,D,0.0,0.0,0.0,0.0,0.0,,
39.0,Minnesota Wild,Ryan O'Rourke,CA,D,18.0,,Soo Greyhounds (OHL),,18.0,0.0,39,0.0,0.0,0.0,0.0,0.0,,,,,,,,,orourry01,2020,D,0.0,0.0,0.0,0.0,0.0,,
64.0,Toronto Maple Leafs,Topi Niemela,FI,D,18.0,,Karpat (Finland),,18.0,0.0,64,0.0,0.0,0.0,0.0,0.0,,,,,,,,,niemeto01,2020,D,0.0,0.0,0.0,0.0,0.0,,
70.0,Detroit Red Wings,Eemil Viro,FI,D,18.0,,TPS (Finland),,18.0,0.0,70,0.0,0.0,0.0,0.0,0.0,,,,,,,,,viroee01,2020,D,0.0,0.0,0.0,0.0,0.0,,
72.0,Calgary Flames,Jeremie Poirier,CA,D,18.0,,Saint John Sea Dogs (QMJHL),,18.0,0.0,72,0.0,0.0,0.0,0.0,0.0,,,,,,,,,poirije01,2020,D,0.0,0.0,0.0,0.0,0.0,,
73.0,Nashville Predators,Luke Prokop,CA,D,18.0,,Calgary Hitmen (WHL),,18.0,0.0,73,0.0,0.0,0.0,0.0,0.0,,,,,,,,,prokolu01,2020,D,0.0,0.0,0.0,0.0,0.0,,
80.0,Calgary Flames,Jake Boltmann,US,D,18.0,,Edina HS (High-MN),,18.0,0.0,80,0.0,0.0,0.0,0.0,0.0,,,,,,,,,boltmja01,2020,D,0.0,0.0,0.0,0.0,0.0,,
82.0,Vancouver Canucks,Joni Jurmo,FI,D,18.0,,Jokerit Jr. (Finland Jr.),,18.0,0.0,82,0.0,0.0,0.0,0.0,0.0,,,,,,,,,jurmojo01,2020,D,0.0,0.0,0.0,0.0,0.0,,
88.0,St. Louis Blues,Leo Loof,SE,D,18.0,,Farjestad BK Jr. (Sweden Jr.),,18.0,0.0,88,0.0,0.0,0.0,0.0,0.0,,,,,,,,,loofle01,2020,D,0.0,0.0,0.0,0.0,0.0,,
95.0,Florida Panthers,Michael Benning,CA,D,18.0,,Sherwood Park (AJHL),,18.0,0.0,95,0.0,0.0,0.0,0.0,0.0,,,,,,,,,bennimi01,2020,D,0.0,0.0,0.0,0.0,0.0,,
104.0,Anaheim Ducks,Thimo Nickl,AT,D,18.0,,Drummondville Voltigeurs (QMJHL),,18.0,0.0,104,0.0,0.0,0.0,0.0,0.0,,,,,,,,,nicklth01,2020,D,0.0,0.0,0.0,0.0,0.0,,
105.0,Florida Panthers,Zachary Uens,CA,D,19.0,,Merrimack (H-East),,19.0,0.0,105,0.0,0.0,0.0,0.0,0.0,,,,,,,,,uensza01,2020,D,0.0,0.0,0.0,0.0,0.0,,
110.0,Chicago Blackhawks,Michael Krutil,CZ,D,18.0,,HC Sparta Praha Jr. (Czech Jr.),,18.0,0.0,110,0.0,0.0,0.0,0.0,0.0,,,,,,,,,krutimi01,2020,D,0.0,0.0,0.0,0.0,0.0,,
111.0,Arizona Coyotes,Mitchell Miller,US,D,18.0,,Tri-City Storm (USHL),,18.0,0.0,111,0.0,0.0,0.0,0.0,0.0,,,,,,,,,millemi01,2020,D,0.0,0.0,0.0,0.0,0.0,,
116.0,Tampa Bay Lightning,Eamon Powell,US,D,18.0,,USA U-18 Development Team (USDP/USHL),,18.0,0.0,116,0.0,0.0,0.0,0.0,0.0,,,,,,,,,powelea01,2020,D,0.0,0.0,0.0,0.0,0.0,,
120.0,New Jersey Devils,Ethan Edwards,CA,D,18.0,,Spruce Grove (AJHL),,18.0,0.0,120,0.0,0.0,0.0,0.0,0.0,,,,,,,,,edwaret01,2020,D,0.0,0.0,0.0,0.0,0.0,,
122.0,Toronto Maple Leafs,William Villeneuve,CA,D,18.0,,Saint John Sea Dogs (QMJHL),,18.0,0.0,122,0.0,0.0,0.0,0.0,0.0,,,,,,,,,villewi01,2020,D,0.0,0.0,0.0,0.0,0.0,,
132.0,Detroit Red Wings,Alex Cotton,CA,D,19.0,,Lethbridge Hurricanes (WHL),,19.0,0.0,132,0.0,0.0,0.0,0.0,0.0,,,,,,,,,cottoal01,2020,D,0.0,0.0,0.0,0.0,0.0,,
133.0,Winnipeg Jets,Anton Johannesson,SE,D,18.0,,HV71 Jr. (Sweden Jr.),,18.0,0.0,133,0.0,0.0,0.0,0.0,0.0,,,,,,,,,johanan02,2020,D,0.0,0.0,0.0,0.0,0.0,,
140.0,Los Angeles Kings,Ben Meehan,US,D,19.0,,Cedar Rapids RoughRiders (USHL),,19.0,0.0,140,0.0,0.0,0.0,0.0,0.0,,,,,,,,,meehabe01,2020,D,0.0,0.0,0.0,0.0,0.0,,
144.0,Vancouver Canucks,Jacob Truscott,US,D,18.0,,USA U-18 Development Team (USDP/USHL),,18.0,0.0,144,0.0,0.0,0.0,0.0,0.0,,,,,,,,,truscja01,2020,D,0.0,0.0,0.0,0.0,0.0,,
145.0,Columbus Blue Jackets,Ole Julian Bjorgvik-Holm,NO,D,18.0,,Mississauga Steelheads (OHL),,18.0,0.0,145,0.0,0.0,0.0,0.0,0.0,,,,,,,,,bjorgol01,2020,D,0.0,0.0,0.0,0.0,0.0,,
151.0,Boston Bruins,Mason Langenbrunner,US,D,18.0,,Eden Priarie HS (High-MN),,18.0,0.0,151,0.0,0.0,0.0,0.0,0.0,,,,,,,,,langema01,2020,D,0.0,0.0,0.0,0.0,0.0,,
153.0,Florida Panthers,Kasper Puutio,FI,D,18.0,,Everett Silvertips (WHL),,18.0,0.0,153,0.0,0.0,0.0,0.0,0.0,,,,,,,,,puutika01,2020,D,0.0,0.0,0.0,0.0,0.0,,
156.0,Detroit Red Wings,Kyle Aucoin,CA,D,18.0,,Tri-City Storm (USHL),,18.0,0.0,156,0.0,0.0,0.0,0.0,0.0,,,,,,,,,aucoiky01,2020,D,0.0,0.0,0.0,0.0,0.0,,
164.0,Winnipeg Jets,Tyrel Bauer,CA,D,18.0,,Seattle Thunderbirds (WHL),,18.0,0.0,164,0.0,0.0,0.0,0.0,0.0,,,,,,,,,bauerty01,2020,D,0.0,0.0,0.0,0.0,0.0,,
166.0,Nashville Predators,Luke Reid,CA,D,18.0,,Chicago Steel (USHL),,18.0,0.0,166,0.0,0.0,0.0,0.0,0.0,,,,,,,,,reidlu01,2020,D,0.0,0.0,0.0,0.0,0.0,,
176.0,Columbus Blue Jackets,Samuel Johannesson,SE,D,19.0,,Rogle BK (Sweden),,19.0,0.0,176,0.0,0.0,0.0,0.0,0.0,,,,,,,,,johansa01,2020,D,0.0,0.0,0.0,0.0,0.0,,
177.0,Toronto Maple Leafs,Axel Rindell,FI,D,20.0,,Jukurit (Finland),,20.0,0.0,177,0.0,0.0,0.0,0.0,0.0,,,,,,,,,rindeax01,2020,D,0.0,0.0,0.0,0.0,0.0,,
183.0,New York Islanders,Matias Rajaniemi,FI,D,18.0,,Pelicans Jr. (Finland Jr.),,18.0,0.0,183,0.0,0.0,0.0,0.0,0.0,,,,,,,,,rajanma01,2020,D,0.0,0.0,0.0,0.0,0.0,,
184.0,Vegas Golden Knights,Noah Ellis,US,D,18.0,,Des Moines Buccaneers (USHL),,18.0,0.0,184,0.0,0.0,0.0,0.0,0.0,,,,,,,,,ellisno01,2020,D,0.0,0.0,0.0,0.0,0.0,,
189.0,Toronto Maple Leafs,John Fusco,US,D,19.0,,Dexter Southfield School (High-MA),,19.0,0.0,189,0.0,0.0,0.0,0.0,0.0,,,,,,,,,fuscojo01,2020,D,0.0,0.0,0.0,0.0,0.0,,
191.0,Vancouver Canucks,Viktor Persson,SE,D,18.0,,Brynas IF Jr. (Sweden Jr.),,18.0,0.0,191,0.0,0.0,0.0,0.0,0.0,,,,,,,,,perssvi01,2020,D,0.0,0.0,0.0,0.0,0.0,,
193.0,Buffalo Sabres,Albert Lyckasen,SE,D,19.0,,Linkoping HC Jr. (Sweden Jr.),,19.0,0.0,193,0.0,0.0,0.0,0.0,0.0,,,,,,,,,lyckaal01,2020,D,0.0,0.0,0.0,0.0,0.0,,
194.0,St. Louis Blues,Noah Beck,CA,D,19.0,,Fargo Force (USHL),,19.0,0.0,194,0.0,0.0,0.0,0.0,0.0,,,,,,,,,beckno01,2020,D,0.0,0.0,0.0,0.0,0.0,,
208.0,Carolina Hurricanes,Ronan Seeley,CA,D,18.0,,Everett Silvertips (WHL),,18.0,0.0,208,0.0,0.0,0.0,0.0,0.0,,,,,,,,,seelero01,2020,D,0.0,0.0,0.0,0.0,0.0,,
