Overall,Team,Player,Nat.,Pos,Age,To,Amateur Team,GP,G,G/PG,A,A/PG,PTS,P/PG,P/82,+/-,PIM,GP.1,W,L,T/O,SV%,GAA,PS,,Draft Year,PointShares,GPG,APG,PPG,PlusMinusPG,WeightedScore,Overall▲
5.0,Ottawa Senators,Jake Sanderson,US,D,18.0,2026.0,USA U-18 Development Team (USDP/USHL),262.0,31.0,0.118320610687023,117.0,0.446564885496183,148.0,0.564885496183206,46.3206106870229,-10.0,49.0,,,,,,,23.0,sandeja01,2020,0,0.1183206106870229,0.44656488549618323,0.5648854961832062,-0.03816793893129771,0.13740458015267176,
6.0,Anaheim Ducks,Jamie Drysdale,CA,D,18.0,2026.0,Erie Otters (OHL),242.0,19.0,0.0785123966942149,61.0,0.252066115702479,80.0,0.330578512396694,27.1074380165289,-96.0,70.0,,,,,,,8.1,drysdja01,2020,0,0.07851239669421488,0.25206611570247933,0.3305785123966942,-0.39669421487603307,0.04297520661157025,
16.0,Montreal Canadiens,Kaiden Guhle,CA,D,18.0,2026.0,Prince Albert Raiders (WHL),174.0,17.0,0.0977011494252874,43.0,0.247126436781609,60.0,0.344827586206897,28.2758620689656,-20.0,137.0,,,,,,,9.0,guhleka01,2020,0,0.09770114942528736,0.2471264367816092,0.3448275862068966,-0.11494252873563218,0.07471264367816093,
19.0,New York Rangers,Braden Schneider,CA,D,18.0,2026.0,Brandon Wheat Kings (WHL),314.0,19.0,0.0605095541401274,55.0,0.17515923566879,74.0,0.235668789808917,19.3248407643312,20.0,67.0,,,,,,,15.2,schnebr01,2020,0,0.06050955414012739,0.1751592356687898,0.2356687898089172,0.06369426751592357,0.06528662420382166,
20.0,New Jersey Devils,Shakir Mukhamadullin,RU,D,18.0,2026.0,Salavat Yulaev Ufa (Russia),47.0,3.0,0.0638297872340426,12.0,0.25531914893617,15.0,0.319148936170213,26.1702127659575,-4.0,18.0,,,,,,,2.4,mukhash01,2020,0,0.06382978723404255,0.2553191489361702,0.3191489361702128,-0.0851063829787234,0.07127659574468086,
25.0,Colorado Avalanche,Justin Barron,CA,D,18.0,2026.0,Halifax Mooseheads (QMJHL),175.0,18.0,0.102857142857143,29.0,0.165714285714286,47.0,0.268571428571429,22.0228571428572,-27.0,65.0,,,,,,,7.4,barroju01,2020,0,0.10285714285714286,0.1657142857142857,0.26857142857142857,-0.15428571428571428,0.05171428571428571,
32.0,Detroit Red Wings,William Wallinder,SE,D,18.0,,MODO Hockey Jr. (Sweden Jr.),,0.0,0.0,0.0,0.0,0.0,0.0,0.0,0.0,,,,,,,,,walliwi01,2020,0,0.0,0.0,0.0,0.0,,
35.0,Los Angeles Kings,Helge Grans,SE,D,18.0,2025.0,Malmo Jr. (Sweden Jr.),6.0,0.0,0.0,1.0,0.166666666666667,1.0,0.166666666666667,13.6666666666667,0.0,2.0,,,,,,,0.2,granshe01,2020,0,0.0,0.16666666666666666,0.16666666666666666,0.0,0.012499999999999999,
39.0,Minnesota Wild,Ryan O'Rourke,CA,D,18.0,,Soo Greyhounds (OHL),,0.0,0.0,0.0,0.0,0.0,0.0,0.0,0.0,,,,,,,,,orourry01,2020,0,0.0,0.0,0.0,0.0,,
44.0,Ottawa Senators,Tyler Kleven,US,D,18.0,2026.0,USA U-18 Development Team (USDP/USHL),120.0,4.0,0.0333333333333333,13.0,0.108333333333333,17.0,0.141666666666667,11.6166666666667,-20.0,40.0,,,,,,,2.5,klevety01,2020,0,0.03333333333333333,0.10833333333333334,0.14166666666666666,-0.16666666666666666,0.01875,
45.0,Los Angeles Kings,Brock Faber,US,D,18.0,2026.0,USA U-18 Development Team (USDP/USHL),189.0,24.0,0.126984126984127,67.0,0.354497354497354,91.0,0.481481481481481,39.4814814814814,-2.0,51.0,,,,,,,16.1,faberbr01,2020,0,0.12698412698412698,0.3544973544973545,0.48148148148148145,-0.010582010582010581,0.11931216931216929,
50.0,Calgary Flames,Yan Kuznetsov,RU,D,18.0,2026.0,Connecticut (H-East),15.0,1.0,0.0666666666666667,2.0,0.133333333333333,3.0,0.2,16.4,-5.0,0.0,,,,,,,0.5,kuzneya01,2020,0,0.06666666666666667,0.13333333333333333,0.2,-0.3333333333333333,0.012500000000000002,
54.0,Philadelphia Flyers,Emil Andrae,SE,D,18.0,2026.0,HV71 Jr. (Sweden Jr.),61.0,2.0,0.0327868852459016,11.0,0.180327868852459,13.0,0.213114754098361,17.4754098360656,-3.0,24.0,,,,,,,2.3,andraem01,2020,0,0.03278688524590164,0.18032786885245902,0.21311475409836064,-0.04918032786885246,0.04836065573770492,
58.0,Boston Bruins,Mason Lohrei,US,D,19.0,2026.0,Green Bay Gamblers (USHL),141.0,11.0,0.0780141843971631,45.0,0.319148936170213,56.0,0.397163120567376,32.5673758865248,-44.0,38.0,,,,,,,5.8,lohrema01,2020,0,0.07801418439716312,0.3191489361702128,0.3971631205673759,-0.3120567375886525,0.06808510638297872,
63.0,Detroit Red Wings,Donovan Sebrango,CA,D,18.0,2026.0,Kitchener Rangers (OHL),12.0,0.0,0.0,2.0,0.166666666666667,2.0,0.166666666666667,13.6666666666667,-1.0,14.0,,,,,,,0.3,sebrado01,2020,0,0.0,0.16666666666666666,0.16666666666666666,-0.08333333333333333,0.02,
64.0,Toronto Maple Leafs,Topi Niemela,FI,D,18.0,,Karpat (Finland),,0.0,0.0,0.0,0.0,0.0,0.0,0.0,0.0,,,,,,,,,niemeto01,2020,0,0.0,0.0,0.0,0.0,,
65.0,Minnesota Wild,Daemon Hunt,CA,D,18.0,2026.0,Moose Jaw Warriors (WHL),20.0,0.0,0.0,2.0,0.1,2.0,0.1,8.2,0.0,0.0,,,,,,,0.4,huntda01,2020,0,0.0,0.1,0.1,0.0,0.025,
67.0,Anaheim Ducks,Ian Moore,US,D,18.0,2026.0,St. Mark's School (High-MA),19.0,2.0,0.105263157894737,3.0,0.157894736842105,5.0,0.263157894736842,21.578947368421,3.0,12.0,,,,,,,1.0,mooreia01,2020,0,0.10526315789473684,0.15789473684210525,0.2631578947368421,0.15789473684210525,0.0775,
68.0,Vegas Golden Knights,Lukas Cormier,CA,D,18.0,2024.0,Charlottetown Islanders (QMJHL),2.0,0.0,0.0,1.0,0.5,1.0,0.5,41.0,1.0,0.0,,,,,,,0.2,cormilu01,2020,0,0.0,0.5,0.5,0.5,0.017499999999999998,
69.0,Carolina Hurricanes,Alexander Nikishin,RU,D,18.0,2026.0,Spartak Moskva (Russia),24.0,3.0,0.125,6.0,0.25,9.0,0.375,30.75,15.0,12.0,,,,,,,2.6,nikisal01,2020,0,0.125,0.25,0.375,0.625,0.15625,
70.0,Detroit Red Wings,Eemil Viro,FI,D,18.0,,TPS (Finland),,0.0,0.0,0.0,0.0,0.0,0.0,0.0,0.0,,,,,,,,,viroee01,2020,0,0.0,0.0,0.0,0.0,,
72.0,Calgary Flames,Jeremie Poirier,CA,D,18.0,,Saint John Sea Dogs (QMJHL),,0.0,0.0,0.0,0.0,0.0,0.0,0.0,0.0,,,,,,,,,poirije01,2020,0,0.0,0.0,0.0,0.0,,
73.0,Nashville Predators,Luke Prokop,CA,D,18.0,,Calgary Hitmen (WHL),,0.0,0.0,0.0,0.0,0.0,0.0,0.0,0.0,,,,,,,,,prokolu01,2020,0,0.0,0.0,0.0,0.0,,
78.0,Columbus Blue Jackets,Samuel Knazko,SK,D,18.0,2023.0,TPS Jr. (Finland Jr.),2.0,0.0,0.0,0.0,0.0,0.0,0.0,0.0,0.0,0.0,,,,,,,0.0,knazksa01,2020,0,0.0,0.0,0.0,0.0,0.0,
80.0,Calgary Flames,Jake Boltmann,US,D,18.0,,Edina HS (High-MN),,0.0,0.0,0.0,0.0,0.0,0.0,0.0,0.0,,,,,,,,,boltmja01,2020,0,0.0,0.0,0.0,0.0,,
81.0,Chicago Blackhawks,Wyatt Kaiser,US,D,18.0,2026.0,Andover HS (High-MN),124.0,4.0,0.032258064516129,18.0,0.145161290322581,22.0,0.17741935483871,14.5483870967742,0.0,54.0,,,,,,,5.4,kaisewy01,2020,0,0.03225806451612903,0.14516129032258066,0.1774193548387097,0.0,0.04435483870967742,
82.0,Vancouver Canucks,Joni Jurmo,FI,D,18.0,,Jokerit Jr. (Finland Jr.),,0.0,0.0,0.0,0.0,0.0,0.0,0.0,0.0,,,,,,,,,jurmojo01,2020,0,0.0,0.0,0.0,0.0,,
88.0,St. Louis Blues,Leo Loof,SE,D,18.0,,Farjestad BK Jr. (Sweden Jr.),,0.0,0.0,0.0,0.0,0.0,0.0,0.0,0.0,,,,,,,,,loofle01,2020,0,0.0,0.0,0.0,0.0,,
93.0,Tampa Bay Lightning,Jack Thompson,CA,D,18.0,2025.0,Sudbury Wolves (OHL),34.0,4.0,0.117647058823529,6.0,0.176470588235294,10.0,0.294117647058824,24.1176470588236,-11.0,10.0,,,,,,,1.1,thompja01,2020,0,0.11764705882352941,0.17647058823529413,0.29411764705882354,-0.3235294117647059,0.041176470588235294,
95.0,Florida Panthers,Michael Benning,CA,D,18.0,,Sherwood Park (AJHL),,0.0,0.0,0.0,0.0,0.0,0.0,0.0,0.0,,,,,,,,,bennimi01,2020,0,0.0,0.0,0.0,0.0,,
101.0,Nashville Predators,Adam Wilsby,SE,D,20.0,2026.0,Sodertalje SK (Sweden-2),39.0,1.0,0.0256410256410256,7.0,0.179487179487179,8.0,0.205128205128205,16.8205128205128,2.0,18.0,,,,,,,2.0,wilsbad01,2020,0,0.02564102564102564,0.1794871794871795,0.20512820512820512,0.05128205128205128,0.05641025641025641,
104.0,Anaheim Ducks,Thimo Nickl,AT,D,18.0,,Drummondville Voltigeurs (QMJHL),,0.0,0.0,0.0,0.0,0.0,0.0,0.0,0.0,,,,,,,,,nicklth01,2020,0,0.0,0.0,0.0,0.0,,
105.0,Florida Panthers,Zachary Uens,CA,D,19.0,,Merrimack (H-East),,0.0,0.0,0.0,0.0,0.0,0.0,0.0,0.0,,,,,,,,,uensza01,2020,0,0.0,0.0,0.0,0.0,,
110.0,Chicago Blackhawks,Michael Krutil,CZ,D,18.0,,HC Sparta Praha Jr. (Czech Jr.),,0.0,0.0,0.0,0.0,0.0,0.0,0.0,0.0,,,,,,,,,krutimi01,2020,0,0.0,0.0,0.0,0.0,,
111.0,Arizona Coyotes,Mitchell Miller,US,D,18.0,,Tri-City Storm (USHL),,0.0,0.0,0.0,0.0,0.0,0.0,0.0,0.0,,,,,,,,,millemi01,2020,0,0.0,0.0,0.0,0.0,,
116.0,Tampa Bay Lightning,Eamon Powell,US,D,18.0,,USA U-18 Development Team (USDP/USHL),,0.0,0.0,0.0,0.0,0.0,0.0,0.0,0.0,,,,,,,,,powelea01,2020,0,0.0,0.0,0.0,0.0,,
120.0,New Jersey Devils,Ethan Edwards,CA,D,18.0,,Spruce Grove (AJHL),,0.0,0.0,0.0,0.0,0.0,0.0,0.0,0.0,,,,,,,,,edwaret01,2020,0,0.0,0.0,0.0,0.0,,
122.0,Toronto Maple Leafs,William Villeneuve,CA,D,18.0,,Saint John Sea Dogs (QMJHL),,0.0,0.0,0.0,0.0,0.0,0.0,0.0,0.0,,,,,,,,,villewi01,2020,0,0.0,0.0,0.0,0.0,,
132.0,Detroit Red Wings,Alex Cotton,CA,D,19.0,,Lethbridge Hurricanes (WHL),,0.0,0.0,0.0,0.0,0.0,0.0,0.0,0.0,,,,,,,,,cottoal01,2020,0,0.0,0.0,0.0,0.0,,
133.0,Winnipeg Jets,Anton Johannesson,SE,D,18.0,,HV71 Jr. (Sweden Jr.),,0.0,0.0,0.0,0.0,0.0,0.0,0.0,0.0,,,,,,,,,johanan02,2020,0,0.0,0.0,0.0,0.0,,
140.0,Los Angeles Kings,Ben Meehan,US,D,19.0,,Cedar Rapids RoughRiders (USHL),,0.0,0.0,0.0,0.0,0.0,0.0,0.0,0.0,,,,,,,,,meehabe01,2020,0,0.0,0.0,0.0,0.0,,
141.0,Chicago Blackhawks,Isaak Phillips,CA,D,18.0,2025.0,Sudbury Wolves (OHL),56.0,2.0,0.0357142857142857,10.0,0.178571428571429,12.0,0.214285714285714,17.5714285714285,-37.0,31.0,,,,,,,0.1,phillis01,2020,0,0.03571428571428571,0.17857142857142858,0.21428571428571427,-0.6607142857142857,-0.012499999999999997,
144.0,Vancouver Canucks,Jacob Truscott,US,D,18.0,,USA U-18 Development Team (USDP/USHL),,0.0,0.0,0.0,0.0,0.0,0.0,0.0,0.0,,,,,,,,,truscja01,2020,0,0.0,0.0,0.0,0.0,,
145.0,Columbus Blue Jackets,Ole Julian Bjorgvik-Holm,NO,D,18.0,,Mississauga Steelheads (OHL),,0.0,0.0,0.0,0.0,0.0,0.0,0.0,0.0,,,,,,,,,bjorgol01,2020,0,0.0,0.0,0.0,0.0,,
150.0,St. Louis Blues,Matthew Kessel,US,D,20.0,2026.0,Massachusetts (H-East),86.0,3.0,0.0348837209302326,9.0,0.104651162790698,12.0,0.13953488372093,11.4418604651163,-5.0,26.0,,,,,,,2.4,kessema01,2020,0,0.03488372093023256,0.10465116279069768,0.13953488372093023,-0.05813953488372093,0.029069767441860465,
151.0,Boston Bruins,Mason Langenbrunner,US,D,18.0,,Eden Priarie HS (High-MN),,0.0,0.0,0.0,0.0,0.0,0.0,0.0,0.0,,,,,,,,,langema01,2020,0,0.0,0.0,0.0,0.0,,
153.0,Florida Panthers,Kasper Puutio,FI,D,18.0,,Everett Silvertips (WHL),,0.0,0.0,0.0,0.0,0.0,0.0,0.0,0.0,,,,,,,,,puutika01,2020,0,0.0,0.0,0.0,0.0,,
156.0,Detroit Red Wings,Kyle Aucoin,CA,D,18.0,,Tri-City Storm (USHL),,0.0,0.0,0.0,0.0,0.0,0.0,0.0,0.0,,,,,,,,,aucoiky01,2020,0,0.0,0.0,0.0,0.0,,
164.0,Winnipeg Jets,Tyrel Bauer,CA,D,18.0,,Seattle Thunderbirds (WHL),,0.0,0.0,0.0,0.0,0.0,0.0,0.0,0.0,,,,,,,,,bauerty01,2020,0,0.0,0.0,0.0,0.0,,
166.0,Nashville Predators,Luke Reid,CA,D,18.0,,Chicago Steel (USHL),,0.0,0.0,0.0,0.0,0.0,0.0,0.0,0.0,,,,,,,,,reidlu01,2020,0,0.0,0.0,0.0,0.0,,
176.0,Columbus Blue Jackets,Samuel Johannesson,SE,D,19.0,,Rogle BK (Sweden),,0.0,0.0,0.0,0.0,0.0,0.0,0.0,0.0,,,,,,,,,johansa01,2020,0,0.0,0.0,0.0,0.0,,
177.0,Toronto Maple Leafs,Axel Rindell,FI,D,20.0,,Jukurit (Finland),,0.0,0.0,0.0,0.0,0.0,0.0,0.0,0.0,,,,,,,,,rindeax01,2020,0,0.0,0.0,0.0,0.0,,
183.0,New York Islanders,Matias Rajaniemi,FI,D,18.0,,Pelicans Jr. (Finland Jr.),,0.0,0.0,0.0,0.0,0.0,0.0,0.0,0.0,,,,,,,,,rajanma01,2020,0,0.0,0.0,0.0,0.0,,
184.0,Vegas Golden Knights,Noah Ellis,US,D,18.0,,Des Moines Buccaneers (USHL),,0.0,0.0,0.0,0.0,0.0,0.0,0.0,0.0,,,,,,,,,ellisno01,2020,0,0.0,0.0,0.0,0.0,,
188.0,Chicago Blackhawks,Louis Crevier,CA,D,19.0,2026.0,Chicoutimi Sagueneens (QMJHL),81.0,5.0,0.0617283950617284,12.0,0.148148148148148,17.0,0.209876543209877,17.2098765432099,-17.0,43.0,,,,,,,2.6,crevilo01,2020,0,0.06172839506172839,0.14814814814814814,0.20987654320987653,-0.20987654320987653,0.03148148148148148,
189.0,Toronto Maple Leafs,John Fusco,US,D,19.0,,Dexter Southfield School (High-MA),,0.0,0.0,0.0,0.0,0.0,0.0,0.0,0.0,,,,,,,,,fuscojo01,2020,0,0.0,0.0,0.0,0.0,,
191.0,Vancouver Canucks,Viktor Persson,SE,D,18.0,,Brynas IF Jr. (Sweden Jr.),,0.0,0.0,0.0,0.0,0.0,0.0,0.0,0.0,,,,,,,,,perssvi01,2020,0,0.0,0.0,0.0,0.0,,
193.0,Buffalo Sabres,Albert Lyckasen,SE,D,19.0,,Linkoping HC Jr. (Sweden Jr.),,0.0,0.0,0.0,0.0,0.0,0.0,0.0,0.0,,,,,,,,,lyckaal01,2020,0,0.0,0.0,0.0,0.0,,
194.0,St. Louis Blues,Noah Beck,CA,D,19.0,,Fargo Force (USHL),,0.0,0.0,0.0,0.0,0.0,0.0,0.0,0.0,,,,,,,,,beckno01,2020,0,0.0,0.0,0.0,0.0,,
205.0,Calgary Flames,Ilya Solovyov,BY,D,20.0,2026.0,Saginaw Spirit (OHL),24.0,0.0,0.0,4.0,0.166666666666667,4.0,0.166666666666667,13.6666666666667,-10.0,10.0,,,,,,,-0.1,solovil01,2020,0,0.0,0.16666666666666666,0.16666666666666666,-0.4166666666666667,-6.938893903907228e-18,
208.0,Carolina Hurricanes,Ronan Seeley,CA,D,18.0,,Everett Silvertips (WHL),,0.0,0.0,0.0,0.0,0.0,0.0,0.0,0.0,,,,,,,,,seelero01,2020,0,0.0,0.0,0.0,0.0,,
4.0,Colorado Avalanche,Bowen Byram,CA,D,18.0,2026.0,Vancouver Giants (WHL),272.0,38.0,0.139705882352941,84.0,0.308823529411765,122.0,0.448529411764706,,20.0,182.0,,,,,,,20.4,byrambo01,2019,0,0.13970588235294118,0.3088235294117647,0.4485294117647059,0.07352941176470588,0.11948529411764706,
6.0,Detroit Red Wings,Moritz Seider,DE,D,18.0,2026.0,Adler Mannheim (Germany),355.0,33.0,0.0929577464788732,166.0,0.467605633802817,199.0,0.56056338028169,,-27.0,192.0,,,,,,,29.5,seidemo01,2019,0,0.09295774647887324,0.4676056338028169,0.5605633802816902,-0.07605633802816901,0.13253521126760565,
8.0,Edmonton Oilers,Philip Broberg,SE,D,18.0,2026.0,AIK (Sweden-2),176.0,12.0,0.0681818181818182,40.0,0.227272727272727,52.0,0.295454545454545,,15.0,28.0,,,,,,,10.0,brobeph01,2019,0,0.06818181818181818,0.22727272727272727,0.29545454545454547,0.08522727272727272,0.08238636363636365,
11.0,Arizona Coyotes,Victor Soderstrom,SE,D,18.0,2024.0,Brynas IF (Sweden),53.0,1.0,0.0188679245283019,10.0,0.188679245283019,11.0,0.207547169811321,,-7.0,30.0,,,,,,,1.5,sodervi01,2019,0,0.018867924528301886,0.18867924528301888,0.20754716981132076,-0.1320754716981132,0.03867924528301887,
14.0,Philadelphia Flyers,Cameron York,US,D,18.0,2026.0,USA U-18 Development Team (USDP/USHL),257.0,20.0,0.0778210116731518,69.0,0.268482490272374,89.0,0.346303501945525,,-40.0,102.0,,,,,,,13.9,yorkca01,2019,0,0.07782101167315175,0.26848249027237353,0.3463035019455253,-0.1556420233463035,0.07101167315175097,
18.0,Dallas Stars,Thomas Harley,US,D,18.0,2026.0,Mississauga Steelheads (OHL),215.0,33.0,0.153488372093023,80.0,0.372093023255814,113.0,0.525581395348837,,54.0,50.0,,,,,,,21.5,harleth01,2019,0,0.15348837209302327,0.37209302325581395,0.5255813953488372,0.25116279069767444,0.15651162790697676,
19.0,Ottawa Senators,Lassi Thomson,FI,D,18.0,2023.0,Kelowna Rockets (WHL),18.0,0.0,0.0,5.0,0.277777777777778,5.0,0.277777777777778,,-10.0,6.0,,,,,,,0.1,thomsla01,2019,0,0.0,0.2777777777777778,0.2777777777777778,-0.5555555555555556,0.012499999999999999,
20.0,Winnipeg Jets,Ville Heinola,FI,D,18.0,2025.0,Lukko (Finland),53.0,1.0,0.0188679245283019,11.0,0.207547169811321,12.0,0.226415094339623,,0.0,22.0,,,,,,,2.1,heinovi01,2019,0,0.018867924528301886,0.20754716981132076,0.22641509433962265,0.0,0.05660377358490566,
22.0,Los Angeles Kings,Tobias Bjornfot,SE,D,18.0,2025.0,Djurgardens IF Jr. (Sweden Jr.),134.0,1.0,0.00746268656716418,14.0,0.104477611940299,15.0,0.111940298507463,,-23.0,30.0,,,,,,,2.3,bjornto01,2019,0,0.007462686567164179,0.1044776119402985,0.11194029850746269,-0.17164179104477612,0.01082089552238806,
31.0,Buffalo Sabres,Ryan Johnson,US,D,18.0,2026.0,Sioux Falls Stampede (USHL),47.0,0.0,0.0,7.0,0.148936170212766,7.0,0.148936170212766,,1.0,18.0,,,,,,,1.3,johnsry03,2019,0,0.0,0.14893617021276595,0.14893617021276595,0.02127659574468085,0.039361702127659576,
35.0,Detroit Red Wings,Antti Tuomisto,FI,D,18.0,,Assat Jr. (Finland Jr.),,0.0,0.0,0.0,0.0,0.0,0.0,,0.0,,,,,,,,,tuomian01,2019,0,0.0,0.0,0.0,0.0,,
39.0,Anaheim Ducks,Jackson LaCombe,US,D,18.0,2026.0,Shattuck-St. Mary's School (High-MN),174.0,19.0,0.109195402298851,55.0,0.316091954022989,74.0,0.425287356321839,,-25.0,56.0,,,,,,,9.9,lacomja01,2019,0,0.10919540229885058,0.3160919540229885,0.42528735632183906,-0.14367816091954022,0.09195402298850575,
41.0,Vegas Golden Knights,Kaedan Korczak,CA,D,18.0,2026.0,Kelowna Rockets (WHL),103.0,3.0,0.029126213592233,21.0,0.203883495145631,24.0,0.233009708737864,,33.0,26.0,,,,,,,6.7,korczka01,2019,0,0.02912621359223301,0.20388349514563106,0.23300970873786409,0.32038834951456313,0.09029126213592234,
43.0,Chicago Blackhawks,Alex Vlasic,US,D,18.0,2026.0,USA U-18 Development Team (USDP/USHL),204.0,9.0,0.0441176470588235,45.0,0.220588235294118,54.0,0.264705882352941,,-34.0,64.0,,,,,,,9.7,vlasial01,2019,0,0.04411764705882353,0.22058823529411764,0.2647058823529412,-0.16666666666666666,0.04950980392156863,
46.0,Montreal Canadiens,Jayden Struble,US,D,18.0,2026.0,St. Sebastian's School (High-MA),132.0,5.0,0.0378787878787879,22.0,0.166666666666667,27.0,0.204545454545455,,-7.0,143.0,,,,,,,4.3,strubja01,2019,0,0.03787878787878788,0.16666666666666666,0.20454545454545456,-0.05303030303030303,0.04583333333333333,
47.0,Colorado Avalanche,Drew Helleson,US,D,18.0,2026.0,USA U-18 Development Team (USDP/USHL),85.0,7.0,0.0823529411764706,16.0,0.188235294117647,23.0,0.270588235294118,,6.0,57.0,,,,,,,4.2,helledr01,2019,0,0.08235294117647059,0.18823529411764706,0.27058823529411763,0.07058823529411765,0.07470588235294118,
48.0,San Jose Sharks,Artemi Kniazev,RU,D,18.0,2022.0,Chicoutimi Sagueneens (QMJHL),1.0,0.0,0.0,0.0,0.0,0.0,0.0,,-2.0,0.0,,,,,,,-0.1,kniazar01,2019,0,0.0,0.0,0.0,-2.0,-0.010000000000000002,
49.0,New York Rangers,Matthew Robertson,CA,D,18.0,2026.0,Edmonton Oil Kings (WHL),21.0,1.0,0.0476190476190476,1.0,0.0476190476190476,2.0,0.0952380952380952,,-1.0,10.0,,,,,,,0.6,roberma02,2019,0,0.047619047619047616,0.047619047619047616,0.09523809523809523,-0.047619047619047616,0.019047619047619046,
51.0,Winnipeg Jets,Simon Lundmark,SE,D,18.0,,Linkoping HC Jr. (Sweden Jr.),,0.0,0.0,0.0,0.0,0.0,0.0,,0.0,,,,,,,,,lundmsi01,2019,0,0.0,0.0,0.0,0.0,,
52.0,Florida Panthers,Vladislav Kolyachonok,BY,D,18.0,2026.0,Flint Firebirds (OHL),81.0,5.0,0.0617283950617284,11.0,0.135802469135802,16.0,0.197530864197531,,-5.0,20.0,,,,,,,2.9,kolyavl01,2019,0,0.06172839506172839,0.13580246913580246,0.19753086419753085,-0.06172839506172839,0.043209876543209874,
57.0,New York Islanders,Samuel Bolduc,CA,D,18.0,2025.0,Blainville-Boisbriand Armada (QMJHL),52.0,4.0,0.0769230769230769,4.0,0.0769230769230769,8.0,0.153846153846154,,0.0,8.0,,,,,,,1.7,boldusa01,2019,0,0.07692307692307693,0.07692307692307693,0.15384615384615385,0.0,0.038461538461538464,
60.0,Detroit Red Wings,Albert Johansson,SE,D,18.0,2026.0,Farjestad BK Jr. (Sweden Jr.),88.0,3.0,0.0340909090909091,9.0,0.102272727272727,12.0,0.136363636363636,,-22.0,34.0,,,,,,,1.6,johanal01,2019,0,0.03409090909090909,0.10227272727272728,0.13636363636363635,-0.25,0.009090909090909087,
61.0,New Jersey Devils,Nikita Okhotyuk,RU,D,18.0,2024.0,Ottawa 67's (OHL),67.0,3.0,0.0447761194029851,9.0,0.134328358208955,12.0,0.17910447761194,,-25.0,52.0,,,,,,,1.0,okhotni01,2019,0,0.04477611940298507,0.13432835820895522,0.1791044776119403,-0.373134328358209,0.007462686567164173,
64.0,Montreal Canadiens,Mattias Norlinder,SE,D,19.0,2022.0,MODO Hockey Jr. (Sweden Jr.),6.0,0.0,0.0,1.0,0.166666666666667,1.0,0.166666666666667,,2.0,2.0,,,,,,,0.3,norlima01,2019,0,0.0,0.16666666666666666,0.16666666666666666,0.3333333333333333,0.0225,
68.0,New York Rangers,Zachary Jones,US,D,18.0,2025.0,Tri-City Storm (USHL),115.0,4.0,0.0347826086956522,24.0,0.208695652173913,28.0,0.243478260869565,,-10.0,38.0,,,,,,,3.8,jonesza01,2019,0,0.034782608695652174,0.20869565217391303,0.24347826086956523,-0.08695652173913043,0.052173913043478265,
69.0,Florida Panthers,John Ludvig,CZ,D,19.0,2025.0,Portland Winterhawks (WHL),41.0,3.0,0.0731707317073171,4.0,0.0975609756097561,7.0,0.170731707317073,,-16.0,53.0,,,,,,,0.2,ludvijo01,2019,0,0.07317073170731707,0.0975609756097561,0.17073170731707318,-0.3902439024390244,0.00365853658536585,
70.0,New Jersey Devils,Daniil Misyul,BY,D,18.0,2025.0,Loko Yaroslavl (Russia Jr.),1.0,0.0,0.0,0.0,0.0,0.0,0.0,,-1.0,0.0,,,,,,,-0.1,misyuda01,2019,0,0.0,0.0,0.0,-1.0,-0.005000000000000001,
72.0,Philadelphia Flyers,Ronald Attard,US,D,20.0,2024.0,Tri-City Storm (USHL),29.0,2.0,0.0689655172413793,4.0,0.137931034482759,6.0,0.206896551724138,,-1.0,14.0,,,,,,,1.2,attarro01,2019,0,0.06896551724137931,0.13793103448275862,0.20689655172413793,-0.034482758620689655,0.04827586206896552,
77.0,Montreal Canadiens,Gianni Fairbrother,CA,D,18.0,,Everett Silvertips (WHL),,0.0,0.0,0.0,0.0,0.0,0.0,,0.0,,,,,,,,,fairbgi01,2019,0,0.0,0.0,0.0,0.0,,
82.0,New Jersey Devils,Michael Vukojevic,CA,D,18.0,,Kitchener Rangers (OHL),,0.0,0.0,0.0,0.0,0.0,0.0,,0.0,,,,,,,,,vukojmi01,2019,0,0.0,0.0,0.0,0.0,,
83.0,Carolina Hurricanes,Anttoni Honka,FI,D,18.0,,Jukurit (Finland),,0.0,0.0,0.0,0.0,0.0,0.0,,0.0,,,,,,,,,honkaan01,2019,0,0.0,0.0,0.0,0.0,,
84.0,Toronto Maple Leafs,Mikko Kokkonen,FI,D,18.0,,Jukurit (Finland),,0.0,0.0,0.0,0.0,0.0,0.0,,0.0,,,,,,,,,kokkomi01,2019,0,0.0,0.0,0.0,0.0,,
86.0,Vegas Golden Knights,Layton Ahac,CA,D,18.0,,Prince George (BCHL),,0.0,0.0,0.0,0.0,0.0,0.0,,0.0,,,,,,,,,ahacla01,2019,0,0.0,0.0,0.0,0.0,,
90.0,Carolina Hurricanes,Domenick Fensore,US,D,18.0,2026.0,USA U-18 Development Team (USDP/USHL),3.0,0.0,0.0,0.0,0.0,0.0,0.0,,-2.0,2.0,,,,,,,-0.1,fensodo01,2019,0,0.0,0.0,0.0,-0.6666666666666666,-0.01,
95.0,Los Angeles Kings,Jordan Spence,AU,D,18.0,2026.0,Moncton Wildcats (QMJHL),197.0,9.0,0.0456852791878173,62.0,0.314720812182741,71.0,0.360406091370558,,38.0,36.0,,,,,,,13.8,spencjo01,2019,0,0.04568527918781726,0.3147208121827411,0.3604060913705584,0.19289340101522842,0.10939086294416245,
99.0,Carolina Hurricanes,Cade Webber,US,D,18.0,,Rivers School (High-MA),,0.0,0.0,0.0,0.0,0.0,0.0,,0.0,,,,,,,,,webbeca01,2019,0,0.0,0.0,0.0,0.0,,
101.0,Anaheim Ducks,Henry Thrun,US,D,18.0,2025.0,USA U-18 Development Team (USDP/USHL),119.0,5.0,0.0420168067226891,20.0,0.168067226890756,25.0,0.210084033613445,,-48.0,46.0,,,,,,,2.2,thrunhe01,2019,0,0.04201680672268908,0.16806722689075632,0.21008403361344538,-0.40336134453781514,0.01218487394957983,
103.0,Philadelphia Flyers,Mason Millman,CA,D,18.0,,Saginaw Spirit (OHL),,0.0,0.0,0.0,0.0,0.0,0.0,,0.0,,,,,,,,,millmma01,2019,0,0.0,0.0,0.0,0.0,,
104.0,Columbus Blue Jackets,Eric Hjorth,SE,D,18.0,,Linkoping HC Jr. (Sweden Jr.),,0.0,0.0,0.0,0.0,0.0,0.0,,0.0,,,,,,,,,hjorter01,2019,0,0.0,0.0,0.0,0.0,,
106.0,Florida Panthers,Carter Berger,CA,D,19.0,,Victoria (BCHL),,0.0,0.0,0.0,0.0,0.0,0.0,,0.0,,,,,,,,,bergeca01,2019,0,0.0,0.0,0.0,0.0,,
109.0,Nashville Predators,Marc Del Gaizo,US,D,19.0,2025.0,Massachusetts (H-East),55.0,2.0,0.0363636363636364,10.0,0.181818181818182,12.0,0.218181818181818,,-1.0,23.0,,,,,,,2.5,delgama01,2019,0,0.03636363636363636,0.18181818181818182,0.21818181818181817,-0.01818181818181818,0.052727272727272734,
111.0,Dallas Stars,Samuel Sjolund,SE,D,18.0,,AIK Jr. (Sweden Jr.),,0.0,0.0,0.0,0.0,0.0,0.0,,0.0,,,,,,,,,sjolusa01,2019,0,0.0,0.0,0.0,0.0,,
112.0,New York Rangers,Hunter Skinner,US,D,18.0,2026.0,Lincoln Stars (USHL),1.0,0.0,0.0,0.0,0.0,0.0,0.0,,1.0,0.0,,,,,,,0.1,skinnhu01,2019,0,0.0,0.0,0.0,1.0,0.005000000000000001,
117.0,Nashville Predators,Semyon Chystyakov,RU,D,18.0,,Tolpar Ufa (Russia Jr.),,0.0,0.0,0.0,0.0,0.0,0.0,,0.0,,,,,,,,,chystse01,2019,0,0.0,0.0,0.0,0.0,,
118.0,New Jersey Devils,Case McCarthy,US,D,18.0,,USA U-18 Development Team (USDP/USHL),,0.0,0.0,0.0,0.0,0.0,0.0,,0.0,,,,,,,,,mccarca01,2019,0,0.0,0.0,0.0,0.0,,
119.0,Los Angeles Kings,Kim Nousianinen,FI,D,18.0,,KalPa Jr. (Finland Jr.),,0.0,0.0,0.0,0.0,0.0,0.0,,0.0,,,,,,,,,nousiki01,2019,0,0.0,0.0,0.0,0.0,,
120.0,Tampa Bay Lightning,Maxwell Crozier,CA,D,19.0,2026.0,Sioux Falls Stampede (USHL),26.0,0.0,0.0,5.0,0.192307692307692,5.0,0.192307692307692,,1.0,9.0,,,,,,,0.9,crozima01,2019,0,0.0,0.19230769230769232,0.19230769230769232,0.038461538461538464,0.051923076923076926,
126.0,Montreal Canadiens,Jacob Leguerrier,CA,D,18.0,,Soo Greyhounds (OHL),,0.0,0.0,0.0,0.0,0.0,0.0,,0.0,,,,,,,,,legueja01,2019,0,0.0,0.0,0.0,0.0,,
128.0,Detroit Red Wings,Cooper Moore,US,D,18.0,,Brunswick School (High-CT),,0.0,0.0,0.0,0.0,0.0,0.0,,0.0,,,,,,,,,mooreco01,2019,0,0.0,0.0,0.0,0.0,,
146.0,Toronto Maple Leafs,Michael Koster,US,D,18.0,,Chaska HS (High-MN),,0.0,0.0,0.0,0.0,0.0,0.0,,0.0,,,,,,,,,kostemi01,2019,0,0.0,0.0,0.0,0.0,,
153.0,Washington Capitals,Martin Has,CZ,D,18.0,,Tappara Jr. (Finland Jr.),,0.0,0.0,0.0,0.0,0.0,0.0,,0.0,,,,,,,,,hasma01,2019,0,0.0,0.0,0.0,0.0,,
154.0,Boston Bruins,Roman Bychkov,RU,D,18.0,,Loko Yaroslavl (Russia Jr.),,0.0,0.0,0.0,0.0,0.0,0.0,,0.0,,,,,,,,,bychkro01,2019,0,0.0,0.0,0.0,0.0,,
157.0,Los Angeles Kings,Braden Doyle,US,D,18.0,,Lawrence Academy (High-MA),,0.0,0.0,0.0,0.0,0.0,0.0,,0.0,,,,,,,,,doylebr01,2019,0,0.0,0.0,0.0,0.0,,
163.0,Anaheim Ducks,William Francis,US,D,18.0,,Cedar Rapids RoughRiders (USHL),,0.0,0.0,0.0,0.0,0.0,0.0,,0.0,,,,,,,,,francwi01,2019,0,0.0,0.0,0.0,0.0,,
166.0,Minnesota Wild,Marshall Warren,US,D,18.0,2026.0,USA U-18 Development Team (USDP/USHL),2.0,0.0,0.0,2.0,1.0,2.0,1.0,,1.0,2.0,,,,,,,0.3,warrema01,2019,0,0.0,1.0,1.0,0.5,0.03,
173.0,Dallas Stars,Benjamin Brinkman,US,D,18.0,,Minnesota (Big Ten),,0.0,0.0,0.0,0.0,0.0,0.0,,0.0,,,,,,,,,brinkbe01,2019,0,0.0,0.0,0.0,0.0,,
177.0,Detroit Red Wings,Gustav Berglund,SE,D,18.0,,Frolunda HC Jr. (Sweden Jr.),,0.0,0.0,0.0,0.0,0.0,0.0,,0.0,,,,,,,,,berglgu01,2019,0,0.0,0.0,0.0,0.0,,
182.0,Tampa Bay Lightning,Quinn Schmiemann,CA,D,18.0,,Kamloops Blazers (WHL),,0.0,0.0,0.0,0.0,0.0,0.0,,0.0,,,,,,,,,schmiqu01,2019,0,0.0,0.0,0.0,0.0,,
184.0,San Jose Sharks,Santeri Hatakka,FI,D,18.0,2024.0,Jokerit Jr. (Finland Jr.),21.0,0.0,0.0,4.0,0.19047619047619,4.0,0.19047619047619,,0.0,6.0,,,,,,,0.7,hataksa01,2019,0,0.0,0.19047619047619047,0.19047619047619047,0.0,0.047619047619047616,
186.0,Anaheim Ducks,Mathew Hill,CA,D,18.0,,Barrie Colts (OHL),,0.0,0.0,0.0,0.0,0.0,0.0,,0.0,,,,,,,,,hillma01,2019,0,0.0,0.0,0.0,0.0,,
187.0,Ottawa Senators,Maxence Guenette,CA,D,18.0,2024.0,Val-d'Or Foreurs (QMJHL),8.0,0.0,0.0,0.0,0.0,0.0,0.0,,-2.0,2.0,,,,,,,-0.1,guenema01,2019,0,0.0,0.0,0.0,-0.25,-0.010000000000000002,
194.0,Chicago Blackhawks,Cole Moberg,CA,D,18.0,,Prince George Cougars (WHL),,0.0,0.0,0.0,0.0,0.0,0.0,,0.0,,,,,,,,,moberco01,2019,0,0.0,0.0,0.0,0.0,,
200.0,Arizona Coyotes,Axel Bergkvist,SE,D,19.0,,Leksands IF Jr. (Sweden Jr.),,0.0,0.0,0.0,0.0,0.0,0.0,,0.0,,,,,,,,,bergkax01,2019,0,0.0,0.0,0.0,0.0,,
204.0,Toronto Maple Leafs,Kalle Loponen,FI,D,18.0,,Hermes (Finland-2),,0.0,0.0,0.0,0.0,0.0,0.0,,0.0,,,,,,,,,loponka01,2019,0,0.0,0.0,0.0,0.0,,
206.0,Montreal Canadiens,Kieran Ruscheinski,CA,D,18.0,,Calgary Northstars Jr. AAA (AMHL),,0.0,0.0,0.0,0.0,0.0,0.0,,0.0,,,,,,,,,ruschki01,2019,0,0.0,0.0,0.0,0.0,,
211.0,Pittsburgh Penguins,Santeri Airola,FI,D,19.0,,SaiPa Jr. (Finland Jr.),,0.0,0.0,0.0,0.0,0.0,0.0,,0.0,,,,,,,,,airolsa01,2019,0,0.0,0.0,0.0,0.0,,
1.0,Buffalo Sabres,Rasmus Dahlin,SE,D,18.0,2026.0,Frolunda HC (Sweden),532.0,84.0,0.157894736842105,293.0,0.000296794618124258,377.0,0.708646616541353,,-65.0,394.0,,,,,,,52.3,dahlira01,2018,0,0.15789473684210525,0.5507518796992481,0.7086466165413534,-0.12218045112781954,0.1649436090225564,
7.0,Vancouver Canucks,Quinn Hughes,US,D,18.0,2026.0,Michigan (Big Ten),455.0,61.0,0.134065934065934,370.0,0.000294650404540514,431.0,0.947252747252747,,26.0,185.0,,,,,,,59.8,hughequ01,2018,0,0.13406593406593406,0.8131868131868132,0.9472527472527472,0.05714285714285714,0.24252747252747253,
8.0,Chicago Blackhawks,Adam Boqvist,SE,D,18.0,2026.0,Brynas IF Jr. (Sweden Jr.),254.0,27.0,0.106299212598425,73.0,0.000418500837001673,100.0,0.393700787401575,,-50.0,52.0,,,,,,,12.6,boqviad01,2018,0,0.1062992125984252,0.2874015748031496,0.3937007874015748,-0.1968503937007874,0.07874015748031495,
10.0,Edmonton Oilers,Evan Bouchard,CA,D,18.0,2026.0,London Knights (OHL),374.0,59.0,0.157754010695187,201.0,0.00042180216763419,260.0,0.695187165775401,,56.0,134.0,,,,,,,40.7,bouchev01,2018,0,0.15775401069518716,0.5374331550802139,0.6951871657754011,0.1497326203208556,0.18877005347593584,
12.0,New York Islanders,Noah Dobson,CA,D,18.0,2026.0,Acadie-Bathurst Titan (QMJHL),413.0,53.0,0.128329297820823,193.0,0.000310724692060104,246.0,0.595641646489104,,-4.0,128.0,,,,,,,37.9,dobsono01,2018,0,0.12832929782082325,0.46731234866828086,0.5956416464891041,-0.009685230024213076,0.14794188861985472,
17.0,New Jersey Devils,Ty Smith,CA,D,18.0,2025.0,Spokane Chiefs (WHL),131.0,9.0,0.0687022900763359,40.0,0.000524444962414778,49.0,0.374045801526718,,-31.0,52.0,,,,,,,5.5,smithty01,2018,0,0.06870229007633588,0.3053435114503817,0.37404580152671757,-0.2366412213740458,0.06984732824427482,
21.0,San Jose Sharks,Ryan Merkley,CA,D,18.0,2022.0,Guelph Storm (OHL),39.0,1.0,0.0256410256410256,5.0,0.000657462195923733,6.0,0.153846153846154,,-10.0,8.0,,,,,,,0.9,merklry01,2018,0,0.02564102564102564,0.1282051282051282,0.15384615384615385,-0.2564102564102564,0.012820512820512824,
22.0,New York Rangers,K'Andre Miller,US,D,18.0,2026.0,USA U-18 Development Team (USDP/USHL),387.0,38.0,0.0981912144702842,105.0,0.000253724068398667,143.0,0.369509043927649,,50.0,184.0,,,,,,,28.7,milleka01,2018,0,0.09819121447028424,0.2713178294573643,0.3695090439276486,0.12919896640826872,0.10529715762273903,
24.0,Minnesota Wild,Filip Johansson,SE,D,18.0,,Leksands IF Jr. (Sweden Jr.),,0.0,0.0,0.0,0.0,0.0,0.0,,0.0,,,,,,,,,johanfi01,2018,0,0.0,0.0,0.0,0.0,,
26.0,Ottawa Senators,Jacob Bernard-Docker,CA,D,18.0,2026.0,Okotoks (AJHL),158.0,6.0,0.0379746835443038,19.0,0.00024034609838167,25.0,0.158227848101266,,0.0,59.0,,,,,,,5.3,bernaja01,2018,0,0.0379746835443038,0.12025316455696203,0.15822784810126583,0.0,0.03955696202531646,
27.0,Chicago Blackhawks,Nicolas Beaudin,CA,D,18.0,2022.0,Drummondville Voltigeurs (QMJHL),22.0,2.0,0.0909090909090909,4.0,0.00413223140495868,6.0,0.272727272727273,,1.0,2.0,,,,,,,1.2,beaudni01,2018,0,0.09090909090909091,0.18181818181818182,0.2727272727272727,0.045454545454545456,0.07272727272727272,
28.0,New York Rangers,Nils Lundkvist,SE,D,18.0,2026.0,Lulea HF (Sweden),187.0,10.0,0.053475935828877,37.0,0.000285967571277417,47.0,0.251336898395722,,16.0,64.0,,,,,,,9.1,lundkni01,2018,0,0.053475935828877004,0.19786096256684493,0.25133689839572193,0.0855614973262032,0.07139037433155081,
29.0,Toronto Maple Leafs,Rasmus Sandin,SE,D,18.0,2026.0,Soo Greyhounds (OHL),331.0,22.0,0.0664652567975831,101.0,0.000200801380053121,123.0,0.371601208459215,,21.0,104.0,,,,,,,20.6,sandira01,2018,0,0.06646525679758308,0.30513595166163143,0.3716012084592145,0.0634441087613293,0.09924471299093655,
31.0,Washington Capitals,Alexander Alexeyev,RU,D,18.0,2025.0,Red Deer Rebels (WHL),80.0,1.0,0.0125,7.0,0.00015625,8.0,0.1,,-8.0,12.0,,,,,,,1.7,alexeal01,2018,0,0.0125,0.0875,0.1,-0.1,0.015,
32.0,Buffalo Sabres,Mattias Samuelsson,US,D,18.0,2026.0,USA U-18 Development Team (USDP/USHL),236.0,12.0,0.0508474576271186,43.0,0.000215455328928469,55.0,0.233050847457627,,11.0,94.0,,,,,,,11.0,samuema02,2018,0,0.05084745762711865,0.18220338983050846,0.2330508474576271,0.046610169491525424,0.06292372881355932,
36.0,Detroit Red Wings,Jared McIsaac,CA,D,18.0,,Halifax Mooseheads (QMJHL),,0.0,0.0,0.0,0.0,0.0,0.0,,0.0,,,,,,,,,mcisaja01,2018,0,0.0,0.0,0.0,0.0,,
37.0,Vancouver Canucks,Jett Woo,CA,D,18.0,,Moose Jaw Warriors (WHL),,0.0,0.0,0.0,0.0,0.0,0.0,,0.0,,,,,,,,,wooje01,2018,0,0.0,0.0,0.0,0.0,,
38.0,Montreal Canadiens,Alexander Romanov,RU,D,18.0,2026.0,Krasnaya Armiya Moskva (Russia Jr.),369.0,17.0,0.046070460704607,67.0,0.000124852197031455,84.0,0.227642276422764,,26.0,163.0,,,,,,,18.2,romanal01,2018,0,0.04607046070460705,0.18157181571815717,0.22764227642276422,0.07046070460704607,0.06395663956639565,
41.0,New York Islanders,Bode Wilde,CA,D,18.0,,USA U-18 Development Team (USDP/USHL),,0.0,0.0,0.0,0.0,0.0,0.0,,0.0,,,,,,,,,wildebo01,2018,0,0.0,0.0,0.0,0.0,,
45.0,St. Louis Blues,Scott Perunovich,US,D,20.0,2025.0,Minnesota-Duluth (NCHC),108.0,2.0,0.0185185185185185,30.0,0.000171467764060356,32.0,0.296296296296296,,0.0,30.0,,,,,,,4.8,perunsc01,2018,0,0.018518518518518517,0.2777777777777778,0.2962962962962963,0.0,0.07407407407407407,
46.0,Washington Capitals,Martin Fehervary,SK,D,18.0,2026.0,IK Oskarshamn (Sweden-2),326.0,24.0,0.0736196319018405,60.0,0.000225827091723437,84.0,0.257668711656442,,24.0,125.0,,,,,,,17.9,feherma01,2018,0,0.0736196319018405,0.18404907975460122,0.25766871165644173,0.0736196319018405,0.07177914110429448,
48.0,Ottawa Senators,Jonathan Tychonick,CA,D,18.0,,Penticton (BCHL),,0.0,0.0,0.0,0.0,0.0,0.0,,0.0,,,,,,,,,tychojo01,2018,0,0.0,0.0,0.0,0.0,,
50.0,Philadelphia Flyers,Adam Ginning,SE,D,18.0,2026.0,Linkoping HC (Sweden),16.0,1.0,0.0625,0.0,0.00390625,1.0,0.0625,,-1.0,2.0,,,,,,,0.4,ginniad01,2018,0,0.0625,0.0,0.0625,-0.0625,0.0075,
52.0,Toronto Maple Leafs,Sean Durzi,CA,D,19.0,2026.0,Owen Sound Attack (OHL),248.0,25.0,0.100806451612903,93.0,0.000406477627471383,118.0,0.475806451612903,,-22.0,197.0,,,,,,,16.7,durzise01,2018,0,0.10080645161290322,0.375,0.47580645161290325,-0.08870967741935484,0.11008064516129033,
53.0,Pittsburgh Penguins,Calen Addison,CA,D,18.0,2024.0,Lethbridge Hurricanes (WHL),152.0,6.0,0.0394736842105263,44.0,0.000259695290858726,50.0,0.328947368421053,,-59.0,96.0,,,,,,,4.2,addisca01,2018,0,0.039473684210526314,0.2894736842105263,0.32894736842105265,-0.3881578947368421,0.04342105263157895,
55.0,Arizona Coyotes,Kevin Bahl,CA,D,18.0,2026.0,Ottawa 67's (OHL),248.0,10.0,0.0403225806451613,41.0,0.000162591050988554,51.0,0.205645161290323,,2.0,180.0,,,,,,,11.1,bahlke01,2018,0,0.04032258064516129,0.16532258064516128,0.2056451612903226,0.008064516129032258,0.052217741935483876,
57.0,Boston Bruins,Axel Andersson,SE,D,18.0,,Djurgardens IF Jr. (Sweden Jr.),,0.0,0.0,0.0,0.0,0.0,0.0,,0.0,,,,,,,,,anderax01,2018,0,0.0,0.0,0.0,0.0,,
67.0,Detroit Red Wings,Alec Regula,US,D,18.0,2026.0,London Knights (OHL),35.0,1.0,0.0285714285714286,0.0,0.000816326530612246,1.0,0.0285714285714286,,-15.0,25.0,,,,,,,-0.2,regulal01,2018,0,0.02857142857142857,0.0,0.02857142857142857,-0.42857142857142855,-0.03571428571428571,
70.0,New York Rangers,Jacob Ragnarsson,US,D,18.0,,Almtuna IS (Sweden-2),,0.0,0.0,0.0,0.0,0.0,0.0,,0.0,,,,,,,,,ragnaja01,2018,0,0.0,0.0,0.0,0.0,,
71.0,Montreal Canadiens,Jordan Harris,US,D,18.0,2026.0,Kimball Union Academy (High-NH),169.0,10.0,0.0591715976331361,29.0,0.000350127796645776,39.0,0.230769230769231,,-6.0,62.0,,,,,,,6.2,harrijo01,2018,0,0.05917159763313609,0.17159763313609466,0.23076923076923078,-0.03550295857988166,0.05414201183431953,
73.0,Arizona Coyotes,Ty Emberson,US,D,18.0,2026.0,USA U-18 Development Team (USDP/USHL),128.0,4.0,0.03125,24.0,0.000244140625,28.0,0.21875,,-7.0,30.0,,,,,,,5.2,emberty01,2018,0,0.03125,0.1875,0.21875,-0.0546875,0.049218750000000006,
81.0,Detroit Red Wings,Seth Barton,CA,D,19.0,,Trail (BCHL),,0.0,0.0,0.0,0.0,0.0,0.0,,0.0,,,,,,,,,bartose01,2018,0,0.0,0.0,0.0,0.0,,
88.0,New York Rangers,Joey Keane,US,D,19.0,2022.0,Barrie Colts (OHL),2.0,0.0,0.0,0.0,0.0,0.0,0.0,,-1.0,2.0,,,,,,,0.0,keanejo01,2018,0,0.0,0.0,0.0,-0.5,-0.005000000000000001,
90.0,Tampa Bay Lightning,Dmitry Semykin,RU,D,18.0,,Kapitan Stupino (Russia Jr.),,0.0,0.0,0.0,0.0,0.0,0.0,,0.0,,,,,,,,,semykdm01,2018,0,0.0,0.0,0.0,0.0,,
99.0,Vegas Golden Knights,Stanislav Demin,US,D,18.0,,Wenatchee (BCHL),,0.0,0.0,0.0,0.0,0.0,0.0,,0.0,,,,,,,,,deminst01,2018,0,0.0,0.0,0.0,0.0,,
101.0,New York Rangers,Nico Gross,CH,D,18.0,,Oshawa Generals (OHL),,0.0,0.0,0.0,0.0,0.0,0.0,,0.0,,,,,,,,,grossni02,2018,0,0.0,0.0,0.0,0.0,,
110.0,New Jersey Devils,Xavier Bernard,CA,D,18.0,,Drummondville Voltigeurs (QMJHL),,0.0,0.0,0.0,0.0,0.0,0.0,,0.0,,,,,,,,,bernaxa01,2018,0,0.0,0.0,0.0,0.0,,
112.0,Philadelphia Flyers,John St. Ivany,US,D,19.0,2025.0,Sioux Falls Stampede (USHL),33.0,0.0,0.0,2.0,0.0,2.0,0.0606060606060606,,-3.0,19.0,,,,,,,0.5,stivajo01,2018,0,0.0,0.06060606060606061,0.06060606060606061,-0.09090909090909091,0.00606060606060606,
117.0,Buffalo Sabres,Linus Lindstrand Cronholm,SE,D,18.0,,Malmo Jr. (Sweden Jr.),,0.0,0.0,0.0,0.0,0.0,0.0,,0.0,,,,,,,,,lindsli03,2018,0,0.0,0.0,0.0,0.0,,
118.0,Toronto Maple Leafs,Mac Hollowell,CA,D,19.0,2023.0,Soo Greyhounds (OHL),6.0,0.0,0.0,2.0,0.0,2.0,0.333333333333333,,3.0,2.0,,,,,,,0.5,holloma01,2018,0,0.0,0.3333333333333333,0.3333333333333333,0.5,0.04,
121.0,Tampa Bay Lightning,Alexander Green,US,D,20.0,,Cornell (ECAC),,0.0,0.0,0.0,0.0,0.0,0.0,,0.0,,,,,,,,,greenal01,2018,0,0.0,0.0,0.0,0.0,,
125.0,Buffalo Sabres,Miska Kukkonen,FI,D,18.0,,Ilves Jr. (Finland Jr.),,0.0,0.0,0.0,0.0,0.0,0.0,,0.0,,,,,,,,,kukkomi01,2018,0,0.0,0.0,0.0,0.0,,
127.0,Philadelphia Flyers,Wyatte Wylie,US,D,18.0,,Everett Silvertips (WHL),,0.0,0.0,0.0,0.0,0.0,0.0,,0.0,,,,,,,,,wyliewy01,2018,0,0.0,0.0,0.0,0.0,,
130.0,Vancouver Canucks,Toni Utunen,FI,D,18.0,,Leki (Finland-2),,0.0,0.0,0.0,0.0,0.0,0.0,,0.0,,,,,,,,,utuneto01,2018,0,0.0,0.0,0.0,0.0,,
131.0,Nashville Predators,Spencer Stastney,US,D,18.0,2026.0,USA U-18 Development Team (USDP/USHL),77.0,3.0,0.038961038961039,14.0,0.000505987518974532,17.0,0.220779220779221,,6.0,14.0,,,,,,,3.9,stastsp01,2018,0,0.03896103896103896,0.18181818181818182,0.22077922077922077,0.07792207792207792,0.062987012987013,
142.0,Arizona Coyotes,Michael Callahan,US,D,18.0,2026.0,Youngstown Phantoms (USHL),22.0,1.0,0.0454545454545455,0.0,0.00206611570247934,1.0,0.0454545454545455,,-6.0,7.0,,,,,,,0.0,callami02,2018,0,0.045454545454545456,0.0,0.045454545454545456,-0.2727272727272727,-0.015909090909090907,
145.0,Arizona Coyotes,Dennis Busby,CA,D,18.0,,Flint Firebirds (OHL),,0.0,0.0,0.0,0.0,0.0,0.0,,0.0,,,,,,,,,busbyde01,2018,0,0.0,0.0,0.0,0.0,,
146.0,Colorado Avalanche,Danila Zhuravlyov,RU,D,18.0,,Irbis Kazan (Russia Jr.),,0.0,0.0,0.0,0.0,0.0,0.0,,0.0,,,,,,,,,zhurada01,2018,0,0.0,0.0,0.0,0.0,,
148.0,Minnesota Wild,Simon Johansson,SE,D,19.0,,Djurgardens IF Jr. (Sweden Jr.),,0.0,0.0,0.0,0.0,0.0,0.0,,0.0,,,,,,,,,johansi01,2018,0,0.0,0.0,0.0,0.0,,
149.0,Toronto Maple Leafs,Filip Kral,CZ,D,18.0,2023.0,Spokane Chiefs (WHL),2.0,0.0,0.0,0.0,0.0,0.0,0.0,,0.0,2.0,,,,,,,0.0,kralfi01,2018,0,0.0,0.0,0.0,0.0,0.0,
150.0,Winnipeg Jets,Declan Chisholm,CA,D,18.0,2026.0,Peterborough Petes (OHL),109.0,5.0,0.0458715596330275,17.0,0.00042083999663328,22.0,0.201834862385321,,-10.0,30.0,,,,,,,3.6,chishde01,2018,0,0.045871559633027525,0.1559633027522936,0.2018348623853211,-0.09174311926605505,0.04128440366972477,
151.0,Nashville Predators,Vladislav Yeryomenko,BY,D,19.0,,Calgary Hitmen (WHL),,0.0,0.0,0.0,0.0,0.0,0.0,,0.0,,,,,,,,,yeryovl01,2018,0,0.0,0.0,0.0,0.0,,
153.0,Winnipeg Jets,Giovanni Vallati,CA,D,18.0,,Kitchener Rangers (OHL),,0.0,0.0,0.0,0.0,0.0,0.0,,0.0,,,,,,,,,vallagi01,2018,0,0.0,0.0,0.0,0.0,,
154.0,Vegas Golden Knights,Connor Corcoran,CA,D,18.0,,Windsor Spitfires (OHL),,0.0,0.0,0.0,0.0,0.0,0.0,,0.0,,,,,,,,,corcoco01,2018,0,0.0,0.0,0.0,0.0,,
159.0,Columbus Blue Jackets,Tim Berni,CH,D,18.0,2023.0,GC Kusnacht Lions (Swiss-2),59.0,1.0,0.0169491525423729,2.0,0.000287273771904625,3.0,0.0508474576271186,,-26.0,34.0,,,,,,,-0.3,berniti01,2018,0,0.01694915254237288,0.03389830508474576,0.05084745762711865,-0.4406779661016949,-0.03135593220338983,
161.0,Washington Capitals,Alex Kannok-Leipert,TH,D,18.0,,Vancouver Giants (WHL),,0.0,0.0,0.0,0.0,0.0,0.0,,0.0,,,,,,,,,kannoal01,2018,0,0.0,0.0,0.0,0.0,,
163.0,New York Rangers,Simon Kjellberg,US,D,18.0,,Rogle BK Jr. (Sweden Jr.),,0.0,0.0,0.0,0.0,0.0,0.0,,0.0,,,,,,,,,kjellsi01,2018,0,0.0,0.0,0.0,0.0,,
164.0,Edmonton Oilers,Michael Kesselring,US,D,18.0,2026.0,New Hampton School (High-NH),165.0,12.0,0.0727272727272727,41.0,0.000440771349862259,53.0,0.321212121212121,,11.0,163.0,,,,,,,9.6,kessemi01,2018,0,0.07272727272727272,0.24848484848484848,0.3212121212121212,0.06666666666666667,0.08696969696969696,
166.0,Carolina Hurricanes,Jesper Sellgren,SE,D,20.0,,MODO Hockey (Sweden-2),,0.0,0.0,0.0,0.0,0.0,0.0,,0.0,,,,,,,,,sellgje01,2018,0,0.0,0.0,0.0,0.0,,
168.0,Dallas Stars,Dawson Barteaux,CA,D,18.0,,Red Deer Rebels (WHL),,0.0,0.0,0.0,0.0,0.0,0.0,,0.0,,,,,,,,,barteda01,2018,0,0.0,0.0,0.0,0.0,,
178.0,Anaheim Ducks,Hunter Drew,CA,D,19.0,2022.0,Charlottetown Islanders (QMJHL),2.0,0.0,0.0,0.0,0.0,0.0,0.0,,0.0,5.0,,,,,,,0.0,drewhu01,2018,0,0.0,0.0,0.0,0.0,0.0,
180.0,Vegas Golden Knights,Peter Diliberatore,CA,D,18.0,,Salisbury School (High-CT),,0.0,0.0,0.0,0.0,0.0,0.0,,0.0,,,,,,,,,dilibpe01,2018,0,0.0,0.0,0.0,0.0,,
181.0,Boston Bruins,Dustyn McFaul,CA,D,18.0,,Pickering (OJHL),,0.0,0.0,0.0,0.0,0.0,0.0,,0.0,,,,,,,,,mcfaudu01,2018,0,0.0,0.0,0.0,0.0,,
185.0,Vegas Golden Knights,Xavier Bouchard,CA,D,18.0,,Baie-Comeau Drakkar (QMJHL),,0.0,0.0,0.0,0.0,0.0,0.0,,0.0,,,,,,,,,bouchxa01,2018,0,0.0,0.0,0.0,0.0,,
187.0,Buffalo Sabres,William Worge Kreu,SE,D,18.0,,Linkoping HC Jr. (Sweden Jr.),,0.0,0.0,0.0,0.0,0.0,0.0,,0.0,,,,,,,,,worgewi01,2018,0,0.0,0.0,0.0,0.0,,
196.0,New York Islanders,Christian Krygier,US,D,18.0,,Lincoln Stars (USHL),,0.0,0.0,0.0,0.0,0.0,0.0,,0.0,,,,,,,,,krygich01,2018,0,0.0,0.0,0.0,0.0,,
200.0,St. Louis Blues,Tyler Tucker,CA,D,18.0,2026.0,Barrie Colts (OHL),114.0,6.0,0.0526315789473684,11.0,0.000461680517082179,17.0,0.149122807017544,,-9.0,160.0,,,,,,,3.1,tuckety01,2018,0,0.05263157894736842,0.09649122807017543,0.14912280701754385,-0.07894736842105263,0.0293859649122807,
201.0,Florida Panthers,Cole Krygier,US,D,18.0,,Lincoln Stars (USHL),,0.0,0.0,0.0,0.0,0.0,0.0,,0.0,,,,,,,,,krygico01,2018,0,0.0,0.0,0.0,0.0,,
206.0,Tampa Bay Lightning,Radim Salda,CZ,D,19.0,,Saint John Sea Dogs (QMJHL),,0.0,0.0,0.0,0.0,0.0,0.0,,0.0,,,,,,,,,saldara01,2018,0,0.0,0.0,0.0,0.0,,
207.0,Florida Panthers,Santtu Kinnunen,FI,D,19.0,,Pelicans Jr. (Finland Jr.),,0.0,0.0,0.0,0.0,0.0,0.0,,0.0,,,,,,,,,kinnusa01,2018,0,0.0,0.0,0.0,0.0,,
3.0,Dallas Stars,Miro Heiskanen,FI,D,18.0,2026.0,HIFK (Finland),502.0,61.0,0.121513944223108,244.0,0.000242059649846829,305.0,0.607569721115538,,23.0,150.0,,,,,,,51.8,heiskmi01,2017,0,0.12151394422310757,0.4860557768924303,0.6075697211155379,0.045816733067729085,0.1564741035856574,
4.0,Colorado Avalanche,Cale Makar,CA,D,18.0,2026.0,Brooks (AJHL),421.0,125.0,0.296912114014252,335.0,0.000705254427587297,460.0,1.09263657957245,,165.0,120.0,,,,,,,75.6,makarca01,2017,0,0.29691211401425177,0.7957244655581948,1.0926365795724466,0.3919239904988123,0.3123515439429929,
14.0,Tampa Bay Lightning,Callan Foote,US,D,18.0,2024.0,Kelowna Rockets (WHL),145.0,5.0,0.0344827586206897,15.0,0.00023781212841855,20.0,0.137931034482759,,24.0,137.0,,,,,,,6.0,footeca01,2017,0,0.034482758620689655,0.10344827586206896,0.13793103448275862,0.16551724137931034,0.051034482758620686,
15.0,Vegas Golden Knights,Erik Brannstrom,SE,D,18.0,2025.0,HV71 (Sweden),294.0,10.0,0.0340136054421769,67.0,0.000115692535517609,77.0,0.261904761904762,,-17.0,162.0,,,,,,,12.3,branner01,2017,0,0.034013605442176874,0.22789115646258504,0.2619047619047619,-0.05782312925170068,0.05969387755102041,
16.0,Calgary Flames,Juuso Valimaki,FI,D,18.0,2025.0,Tri-City Americans (WHL),271.0,11.0,0.040590405904059,61.0,0.000149780095586934,72.0,0.265682656826568,,-7.0,133.0,,,,,,,11.3,valimju01,2017,0,0.04059040590405904,0.22509225092250923,0.2656826568265683,-0.025830258302583026,0.06383763837638376,
17.0,Toronto Maple Leafs,Timothy Liljegren,SE,D,18.0,2026.0,Rogle BK (Sweden),285.0,20.0,0.0701754385964912,66.0,0.000246229609110495,86.0,0.301754385964912,,6.0,116.0,,,,,,,14.3,liljeti01,2017,0,0.07017543859649122,0.23157894736842105,0.3017543859649123,0.021052631578947368,0.0775438596491228,
18.0,Boston Bruins,Urho Vaakanainen,FI,D,18.0,2026.0,JYP (Finland),203.0,3.0,0.0147783251231527,40.0,7.27996311485355e-05,43.0,0.211822660098522,,-13.0,66.0,,,,,,,6.7,vaakaur01,2017,0,0.014778325123152709,0.19704433497536947,0.21182266009852216,-0.06403940886699508,0.04655172413793104,
23.0,Arizona Coyotes,Pierre-Olivier Joseph,CA,D,18.0,2026.0,Charlottetown Islanders (QMJHL),205.0,8.0,0.0390243902439024,33.0,0.000190362879238548,41.0,0.2,,-22.0,113.0,,,,,,,5.7,joseppi01,2017,0,0.03902439024390244,0.16097560975609757,0.2,-0.1073170731707317,0.03926829268292683,
29.0,Chicago Blackhawks,Henri Jokiharju,FI,D,18.0,2026.0,Portland Winterhawks (WHL),432.0,19.0,0.0439814814814815,84.0,0.000101808984910837,103.0,0.238425925925926,,-22.0,150.0,,,,,,,17.4,jokihhe01,2017,0,0.04398148148148148,0.19444444444444445,0.23842592592592593,-0.05092592592592592,0.05451388888888889,
32.0,Colorado Avalanche,Conor Timmins,CA,D,18.0,2026.0,Soo Greyhounds (OHL),185.0,6.0,0.0324324324324324,46.0,0.000175310445580716,52.0,0.281081081081081,,15.0,76.0,,,,,,,9.1,timmico01,2017,0,0.032432432432432434,0.24864864864864866,0.2810810810810811,0.08108108108108109,0.07837837837837838,
34.0,Vegas Golden Knights,Nicolas Hague,CA,D,18.0,2026.0,Mississauga Steelheads (OHL),382.0,21.0,0.0549738219895288,68.0,0.0001439105287684,89.0,0.232984293193717,,16.0,245.0,,,,,,,17.7,hagueni01,2017,0,0.0549738219895288,0.17801047120418848,0.23298429319371727,0.041884816753926704,0.062434554973822,
38.0,Detroit Red Wings,Gustav Lindstrom,SE,D,18.0,2024.0,Almtuna IS (Sweden-2),174.0,5.0,0.028735632183908,30.0,0.00016514731140177,35.0,0.201149425287356,,-21.0,80.0,,,,,,,5.2,lindsgu01,2017,0,0.028735632183908046,0.1724137931034483,0.20114942528735633,-0.1206896551724138,0.038218390804597706,
43.0,Winnipeg Jets,Dylan Samberg,US,D,18.0,2026.0,Hermantown HS (High-MN),225.0,9.0,0.04,45.0,0.000177777777777778,54.0,0.24,,58.0,100.0,,,,,,,14.2,sambedy01,2017,0,0.04,0.2,0.24,0.2577777777777778,0.08577777777777777,
44.0,Arizona Coyotes,Filip Westerlund,SE,D,18.0,,Frolunda HC (Sweden),,0.0,0.0,0.0,0.0,0.0,0.0,,0.0,,,,,,,,,westefi01,2017,0,0.0,0.0,0.0,0.0,,
46.0,New York Islanders,Robin Salo,FI,D,18.0,2023.0,Sport (Finland),32.0,3.0,0.09375,6.0,0.0029296875,9.0,0.28125,,-5.0,8.0,,,,,,,1.4,saloro01,2017,0,0.09375,0.1875,0.28125,-0.15625,0.0546875,
49.0,San Jose Sharks,Mario Ferraro,CA,D,18.0,2026.0,Des Moines Buccaneers (USHL),435.0,18.0,0.0413793103448276,80.0,9.51248513674198e-05,98.0,0.225287356321839,,-117.0,185.0,,,,,,,14.6,ferrama01,2017,0,0.041379310344827586,0.1839080459770115,0.22528735632183908,-0.2689655172413793,0.029425287356321838,
51.0,Pittsburgh Penguins,Zachary Lauzon,CA,D,18.0,,Rouyn-Noranda Huskies (QMJHL),,0.0,0.0,0.0,0.0,0.0,0.0,,0.0,,,,,,,,,lauzoza01,2017,0,0.0,0.0,0.0,0.0,,
52.0,Carolina Hurricanes,Luke Martin,US,D,18.0,,Michigan (Big Ten),,0.0,0.0,0.0,0.0,0.0,0.0,,0.0,,,,,,,,,martilu01,2017,0,0.0,0.0,0.0,0.0,,
56.0,Montreal Canadiens,Josh Brook,CA,D,18.0,,Moose Jaw Warriors (WHL),,0.0,0.0,0.0,0.0,0.0,0.0,,0.0,,,,,,,,,brookjo01,2017,0,0.0,0.0,0.0,0.0,,
57.0,Chicago Blackhawks,Ian Mitchell,CA,D,18.0,2025.0,Spruce Grove (AJHL),110.0,4.0,0.0363636363636364,15.0,0.000330578512396695,19.0,0.172727272727273,,-17.0,34.0,,,,,,,2.8,mitchia01,2017,0,0.03636363636363636,0.13636363636363635,0.17272727272727273,-0.15454545454545454,0.027727272727272725,
59.0,Toronto Maple Leafs,Eemeli Rasanen,FI,D,18.0,,Kingston Frontenacs (OHL),,0.0,0.0,0.0,0.0,0.0,0.0,,0.0,,,,,,,,,rasanee01,2017,0,0.0,0.0,0.0,0.0,,
66.0,Florida Panthers,Maxwell Gildon,US,D,18.0,,USA U-18 Development Team (USDP/USHL),,0.0,0.0,0.0,0.0,0.0,0.0,,0.0,,,,,,,,,gildoma01,2017,0,0.0,0.0,0.0,0.0,,
68.0,Montreal Canadiens,Scott Walford,CA,D,18.0,,Victoria Royals (WHL),,0.0,0.0,0.0,0.0,0.0,0.0,,0.0,,,,,,,,,walfosc01,2017,0,0.0,0.0,0.0,0.0,,
71.0,Detroit Red Wings,Kasper Kotkansalo,FI,D,18.0,,Sioux Falls Stampede (USHL),,0.0,0.0,0.0,0.0,0.0,0.0,,0.0,,,,,,,,,kotkaka01,2017,0,0.0,0.0,0.0,0.0,,
74.0,Winnipeg Jets,Johnathan Kovacevic,CA,D,20.0,2025.0,Merrimack (H-East),224.0,10.0,0.0446428571428571,35.0,0.000199298469387755,45.0,0.200892857142857,,25.0,155.0,,,,,,,11.3,kovacjo01,2017,0,0.044642857142857144,0.15625,0.20089285714285715,0.11160714285714286,0.061383928571428575,
77.0,New York Islanders,Benjamin Mirageas,US,D,18.0,,Chicago Steel (USHL),,0.0,0.0,0.0,0.0,0.0,0.0,,0.0,,,,,,,,,miragbe01,2017,0,0.0,0.0,0.0,0.0,,
81.0,New Jersey Devils,Reilly Walsh,US,D,18.0,2022.0,Proctor Academy (High-NH),1.0,0.0,0.0,1.0,0.0,1.0,1.0,,0.0,0.0,,,,,,,0.1,walshre01,2017,0,0.0,1.0,1.0,0.0,0.0125,
82.0,Arizona Coyotes,Cameron Crotty,CA,D,18.0,2025.0,Brockville (CCHL),2.0,0.0,0.0,0.0,0.0,0.0,0.0,,-2.0,0.0,,,,,,,-0.1,crottca01,2017,0,0.0,0.0,0.0,-1.0,-0.010000000000000002,
84.0,Edmonton Oilers,Dmitri Samorukov,RU,D,18.0,2023.0,Guelph Storm (OHL),3.0,0.0,0.0,0.0,0.0,0.0,0.0,,-3.0,2.0,,,,,,,-0.2,samordm01,2017,0,0.0,0.0,0.0,-1.0,-0.015,
87.0,Montreal Canadiens,Cale Fleury,CA,D,18.0,2026.0,Kootenay Ice (WHL),81.0,1.0,0.0123456790123457,3.0,0.000152415790275873,4.0,0.0493827160493827,,-5.0,13.0,,,,,,,1.1,fleurca01,2017,0,0.012345679012345678,0.037037037037037035,0.04938271604938271,-0.06172839506172839,0.006172839506172839,
89.0,Buffalo Sabres,Oskari Laaksonen,FI,D,18.0,,Ilves Jr. (Finland Jr.),,0.0,0.0,0.0,0.0,0.0,0.0,,0.0,,,,,,,,,laaksos01,2017,0,0.0,0.0,0.0,0.0,,
92.0,Nashville Predators,David Farrance,US,D,18.0,2021.0,USA U-18 Development Team (USDP/USHL),2.0,0.0,0.0,0.0,0.0,0.0,0.0,,3.0,0.0,,,,,,,0.3,farrada01,2017,0,0.0,0.0,0.0,1.5,0.015000000000000003,
93.0,Pittsburgh Penguins,Clayton Phillips,US,D,18.0,,Fargo Force (USHL),,0.0,0.0,0.0,0.0,0.0,0.0,,0.0,,,,,,,,,phillcl01,2017,0,0.0,0.0,0.0,0.0,,
95.0,Vancouver Canucks,Jack Rathbone,US,D,18.0,2023.0,Dexter Southfield School (High-MA),28.0,2.0,0.0714285714285714,3.0,0.00255102040816326,5.0,0.178571428571429,,-5.0,4.0,,,,,,,0.7,rathbja01,2017,0,0.07142857142857142,0.10714285714285714,0.17857142857142858,-0.17857142857142858,0.026785714285714277,
99.0,Buffalo Sabres,Jacob Bryson,CA,D,19.0,2026.0,Providence (H-East),270.0,5.0,0.0185185185185185,41.0,6.85871056241426e-05,46.0,0.17037037037037,,-39.0,54.0,,,,,,,6.2,brysoja01,2017,0,0.018518518518518517,0.15185185185185185,0.17037037037037037,-0.14444444444444443,0.028148148148148148,
100.0,Detroit Red Wings,Malte Setkov,DK,D,18.0,,Malmo Jr. (Sweden Jr.),,0.0,0.0,0.0,0.0,0.0,0.0,,0.0,,,,,,,,,setkoma01,2017,0,0.0,0.0,0.0,0.0,,
103.0,Los Angeles Kings,Michael Anderson,US,D,18.0,2026.0,Waterloo Black Hawks (USHL),371.0,18.0,0.0485175202156334,70.0,0.000130774987104133,88.0,0.237196765498652,,74.0,128.0,,,,,,,24.4,andermi02,2017,0,0.04851752021563342,0.18867924528301888,0.2371967654986523,0.19946091644204852,0.07924528301886793,
108.0,Arizona Coyotes,Noel Hoefenmayer,CA,D,18.0,,Ottawa 67's (OHL),,0.0,0.0,0.0,0.0,0.0,0.0,,0.0,,,,,,,,,hoefeno01,2017,0,0.0,0.0,0.0,0.0,,
118.0,Los Angeles Kings,Markus Phillips,CA,D,18.0,,Owen Sound Attack (OHL),,0.0,0.0,0.0,0.0,0.0,0.0,,0.0,,,,,,,,,phillma02,2017,0,0.0,0.0,0.0,0.0,,
119.0,Chicago Blackhawks,Roope Laavainen,FI,D,19.0,,Jokerit Jr. (Finland Jr.),,0.0,0.0,0.0,0.0,0.0,0.0,,0.0,,,,,,,,,laavaro01,2017,0,0.0,0.0,0.0,0.0,,
120.0,Washington Capitals,Tobias Geisser,CH,D,18.0,,EVZ Academy (Swiss-2),,0.0,0.0,0.0,0.0,0.0,0.0,,0.0,,,,,,,,,geissto01,2017,0,0.0,0.0,0.0,0.0,,
123.0,New York Rangers,Brandon Crawley,US,D,20.0,,London Knights (OHL),,0.0,0.0,0.0,0.0,0.0,0.0,,0.0,,,,,,,,,crawlbr01,2017,0,0.0,0.0,0.0,0.0,,
126.0,Arizona Coyotes,Michael Karow,US,D,18.0,,Youngstown Phantoms (USHL),,0.0,0.0,0.0,0.0,0.0,0.0,,0.0,,,,,,,,,karowmi01,2017,0,0.0,0.0,0.0,0.0,,
130.0,St. Louis Blues,David Noel,CA,D,18.0,,Val-d'Or Foreurs (QMJHL),,0.0,0.0,0.0,0.0,0.0,0.0,,0.0,,,,,,,,,noelda01,2017,0,0.0,0.0,0.0,0.0,,
131.0,Detroit Red Wings,Cole Fraser,CA,D,18.0,,Peterborough Petes (OHL),,0.0,0.0,0.0,0.0,0.0,0.0,,0.0,,,,,,,,,fraseco02,2017,0,0.0,0.0,0.0,0.0,,
133.0,Florida Panthers,Tyler Inamoto,US,D,18.0,,USA U-18 Development Team (USDP/USHL),,0.0,0.0,0.0,0.0,0.0,0.0,,0.0,,,,,,,,,inamoty01,2017,0,0.0,0.0,0.0,0.0,,
134.0,Los Angeles Kings,Cole Hults,US,D,19.0,,Madison Capitols (USHL),,0.0,0.0,0.0,0.0,0.0,0.0,,0.0,,,,,,,,,hultsco01,2017,0,0.0,0.0,0.0,0.0,,
135.0,Vancouver Canucks,Kristoffer Gunnarsson,SE,D,20.0,,Frolunda HC (Sweden),,0.0,0.0,0.0,0.0,0.0,0.0,,0.0,,,,,,,,,gunnakr01,2017,0,0.0,0.0,0.0,0.0,,
136.0,Winnipeg Jets,Leon Gawanke,DE,D,18.0,,Cape Breton Screaming Eagles (QMJHL),,0.0,0.0,0.0,0.0,0.0,0.0,,0.0,,,,,,,,,gawanle01,2017,0,0.0,0.0,0.0,0.0,,
139.0,New York Islanders,Sebastian Aho,SE,D,21.0,2024.0,Skelleftea AIK (Sweden),190.0,11.0,0.0578947368421053,39.0,0.000304709141274238,50.0,0.263157894736842,,-10.0,52.0,,,,,,,8.1,ahose02,2017,0,0.05789473684210526,0.20526315789473684,0.2631578947368421,-0.05263157894736842,0.06052631578947368,
141.0,Toronto Maple Leafs,Fedor Gordeev,RU,D,18.0,,Flint Firebirds (OHL),,0.0,0.0,0.0,0.0,0.0,0.0,,0.0,,,,,,,,,gordefe01,2017,0,0.0,0.0,0.0,0.0,,
145.0,New York Rangers,Calle Sjalin,SE,D,18.0,,Ostersunds IK (Sweden-3),,0.0,0.0,0.0,0.0,0.0,0.0,,0.0,,,,,,,,,sjalica01,2017,0,0.0,0.0,0.0,0.0,,
147.0,Minnesota Wild,Jacob Golden,CA,D,18.0,,London Knights (OHL),,0.0,0.0,0.0,0.0,0.0,0.0,,0.0,,,,,,,,,goldeja01,2017,0,0.0,0.0,0.0,0.0,,
149.0,Montreal Canadiens,Jarret Tyszka,CA,D,18.0,,Seattle Thunderbirds (WHL),,0.0,0.0,0.0,0.0,0.0,0.0,,0.0,,,,,,,,,tyszkja01,2017,0,0.0,0.0,0.0,0.0,,
150.0,Chicago Blackhawks,Jakub Galvas,CZ,D,18.0,2022.0,HC Olomuc (Czech),6.0,0.0,0.0,0.0,0.0,0.0,0.0,,0.0,0.0,,,,,,,0.1,galvaja01,2017,0,0.0,0.0,0.0,0.0,0.0,
151.0,Washington Capitals,Sebastian Walfridsson,SE,D,18.0,,MODO Hockey Jr. (Sweden Jr.),,0.0,0.0,0.0,0.0,0.0,0.0,,0.0,,,,,,,,,walfrse01,2017,0,0.0,0.0,0.0,0.0,,
164.0,Detroit Red Wings,Reilly Webb,CA,D,18.0,,Hamilton Bulldogs (OHL),,0.0,0.0,0.0,0.0,0.0,0.0,,0.0,,,,,,,,,webbre01,2017,0,0.0,0.0,0.0,0.0,,
166.0,Carolina Hurricanes,Brendan De Jong,CA,D,19.0,,Portland Winterhawks (WHL),,0.0,0.0,0.0,0.0,0.0,0.0,,0.0,,,,,,,,,dejonbr01,2017,0,0.0,0.0,0.0,0.0,,
169.0,Tampa Bay Lightning,Nicklaus Perbix,US,D,19.0,2026.0,Elk River HS (High-MN),245.0,15.0,0.0612244897959184,52.0,0.000249895876718034,67.0,0.273469387755102,,16.0,60.0,,,,,,,12.3,perbini01,2017,0,0.061224489795918366,0.21224489795918366,0.27346938775510204,0.0653061224489796,0.07489795918367347,
175.0,St. Louis Blues,Trenton Bourque,CA,D,19.0,,Owen Sound Attack (OHL),,0.0,0.0,0.0,0.0,0.0,0.0,,0.0,,,,,,,,,bourqtr01,2017,0,0.0,0.0,0.0,0.0,,
182.0,Washington Capitals,Benton Maass,US,D,18.0,,Elk River HS (High-MN),,0.0,0.0,0.0,0.0,0.0,0.0,,0.0,,,,,,,,,maassbe01,2017,0,0.0,0.0,0.0,0.0,,
186.0,Pittsburgh Penguins,Antti Palojarvi,FI,D,18.0,,Lukko Jr. (Finland Jr.),,0.0,0.0,0.0,0.0,0.0,0.0,,0.0,,,,,,,,,palojan01,2017,0,0.0,0.0,0.0,0.0,,
187.0,Colorado Avalanche,Nick Leivermann,US,D,19.0,,Eden Priarie HS (High-MN),,0.0,0.0,0.0,0.0,0.0,0.0,,0.0,,,,,,,,,leiveni01,2017,0,0.0,0.0,0.0,0.0,,
188.0,Vancouver Canucks,Matt Brassard,CA,D,19.0,,Oshawa Generals (OHL),,0.0,0.0,0.0,0.0,0.0,0.0,,0.0,,,,,,,,,brassma01,2017,0,0.0,0.0,0.0,0.0,,
191.0,New Jersey Devils,Jocktan Chainey,CA,D,18.0,,Halifax Mooseheads (QMJHL),,0.0,0.0,0.0,0.0,0.0,0.0,,0.0,,,,,,,,,chainjo01,2017,0,0.0,0.0,0.0,0.0,,
195.0,Boston Bruins,Victor Berglund,SE,D,18.0,,MODO Hockey Jr. (Sweden Jr.),,0.0,0.0,0.0,0.0,0.0,0.0,,0.0,,,,,,,,,berglvi01,2017,0,0.0,0.0,0.0,0.0,,
196.0,Philadelphia Flyers,Wyatt Kalynuk,CA,D,20.0,2022.0,Bloomington Thunder (USHL),26.0,4.0,0.153846153846154,5.0,0.00591715976331362,9.0,0.346153846153846,,-9.0,6.0,,,,,,,1.1,kalynwy01,2017,0,0.15384615384615385,0.19230769230769232,0.34615384615384615,-0.34615384615384615,0.05192307692307692,
197.0,Carolina Hurricanes,Ville Rasanen,FI,D,18.0,,Jokipojat (Finland-2),,0.0,0.0,0.0,0.0,0.0,0.0,,0.0,,,,,,,,,rasanvi01,2017,0,0.0,0.0,0.0,0.0,,
203.0,Toronto Maple Leafs,Ryan O'Connell,CA,D,18.0,,St. Andrew's College (High-ON),,0.0,0.0,0.0,0.0,0.0,0.0,,0.0,,,,,,,,,oconnry01,2017,0,0.0,0.0,0.0,0.0,,
204.0,Boston Bruins,Daniel Bukac,CZ,D,18.0,,Brandon Wheat Kings (WHL),,0.0,0.0,0.0,0.0,0.0,0.0,,0.0,,,,,,,,,bukacda01,2017,0,0.0,0.0,0.0,0.0,,
205.0,New Jersey Devils,Yegor Zaitsev,RU,D,19.0,,Dynamo Balashikha (Russia-2),,0.0,0.0,0.0,0.0,0.0,0.0,,0.0,,,,,,,,,zaitsye01,2017,0,0.0,0.0,0.0,0.0,,
206.0,St. Louis Blues,Anton Andersson,SE,D,18.0,,Lulea HF Jr. (Sweden Jr.),,0.0,0.0,0.0,0.0,0.0,0.0,,0.0,,,,,,,,,anderan01,2017,0,0.0,0.0,0.0,0.0,,
208.0,Edmonton Oilers,Philip Kemp,US,D,18.0,2024.0,USA U-18 Development Team (USDP/USHL),1.0,0.0,0.0,0.0,0.0,0.0,0.0,,0.0,0.0,,,,,,,0.0,kempph01,2017,0,0.0,0.0,0.0,0.0,0.0,
210.0,Columbus Blue Jackets,Robbie Stucker,US,D,18.0,,St. Thomas Academy (High-MN),,0.0,0.0,0.0,0.0,0.0,0.0,,0.0,,,,,,,,,stuckro01,2017,0,0.0,0.0,0.0,0.0,,
211.0,Winnipeg Jets,Croix Evingson,US,D,20.0,,Shreveport Mudbugs (NAHL),,0.0,0.0,0.0,0.0,0.0,0.0,,0.0,,,,,,,,,evingcr01,2017,0,0.0,0.0,0.0,0.0,,
214.0,New Jersey Devils,Matthew Hellickson,US,D,19.0,,Sioux City Musketeers (USHL),,0.0,0.0,0.0,0.0,0.0,0.0,,0.0,,,,,,,,,hellima01,2017,0,0.0,0.0,0.0,0.0,,
215.0,Chicago Blackhawks,Joshua Ess,US,D,18.0,,Lakeville South HS (High-MN),,0.0,0.0,0.0,0.0,0.0,0.0,,0.0,,,,,,,,,essjo01,2017,0,0.0,0.0,0.0,0.0,,
216.0,Nashville Predators,Jacob Paquette,CA,D,18.0,,Kingston Frontenacs (OHL),,0.0,0.0,0.0,0.0,0.0,0.0,,0.0,,,,,,,,,paqueja01,2017,0,0.0,0.0,0.0,0.0,,
217.0,Pittsburgh Penguins,William Reilly,CA,D,20.0,,RPI (ECAC),,0.0,0.0,0.0,0.0,0.0,0.0,,0.0,,,,,,,,,reillwi01,2017,0,0.0,0.0,0.0,0.0,,
5.0,Vancouver Canucks,Olli Juolevi,FI,D,18.0,2022.0,London Knights (OHL),41.0,2.0,0.048780487804878,1.0,0.00118976799524093,3.0,0.0731707317073171,,-2.0,6.0,,,,,,,0.8,juoleol01,2016,0,0.04878048780487805,0.024390243902439025,0.07317073170731707,-0.04878048780487805,0.013414634146341465,
9.0,Montreal Canadiens,Mikhail Sergachev,RU,D,18.0,2026.0,Windsor Spitfires (OHL),579.0,66.0,0.113989637305699,261.0,0.000196873294137649,327.0,0.564766839378238,,33.0,332.0,,,,,,,50.0,sergami01,2016,0,0.11398963730569948,0.45077720207253885,0.5647668393782384,0.05699481865284974,0.14689119170984455,
13.0,Carolina Hurricanes,Jake Bean,CA,D,18.0,2026.0,Calgary Hitmen (WHL),275.0,16.0,0.0581818181818182,49.0,0.000211570247933884,65.0,0.236363636363636,,-26.0,100.0,,,,,,,10.3,beanja01,2016,0,0.05818181818181818,0.1781818181818182,0.23636363636363636,-0.09454545454545454,0.049636363636363645,
14.0,Boston Bruins,Charles McAvoy,US,D,18.0,2026.0,Boston University (H-East),523.0,60.0,0.11472275334608,254.0,0.000219355168921759,314.0,0.60038240917782,,142.0,455.0,,,,,,,59.2,mcavoch01,2016,0,0.1147227533460803,0.48565965583174,0.6003824091778203,0.27151051625239003,0.17724665391969407,
16.0,Arizona Coyotes,Jakob Chychrun,US,D,18.0,2026.0,Sarnia Sting (OHL),568.0,106.0,0.186619718309859,180.0,0.000328555842094822,286.0,0.503521126760563,,-33.0,385.0,,,,,,,49.6,chychja01,2016,0,0.18661971830985916,0.31690140845070425,0.5035211267605634,-0.058098591549295774,0.12007042253521126,
17.0,Nashville Predators,Dante Fabbro,CA,D,18.0,2026.0,Penticton (BCHL),403.0,26.0,0.0645161290322581,76.0,0.000160089650204114,102.0,0.253101736972705,,20.0,203.0,,,,,,,19.8,fabbrda01,2016,0,0.06451612903225806,0.18858560794044665,0.2531017369727047,0.04962779156327544,0.06823821339950373,
18.0,Winnipeg Jets,Logan Stanley,CA,D,18.0,2026.0,Windsor Spitfires (OHL),227.0,8.0,0.0352422907488987,37.0,0.000155252382153739,45.0,0.198237885462555,,27.0,258.0,,,,,,,10.5,stanllo01,2016,0,0.03524229074889868,0.16299559471365638,0.19823788546255505,0.11894273127753303,0.06145374449339207,
20.0,Detroit Red Wings,Dennis Cholowski,CA,D,18.0,2026.0,Chilliwack (BCHL),167.0,13.0,0.0778443113772455,28.0,0.00046613360106135,41.0,0.245508982035928,,-58.0,38.0,,,,,,,4.3,cholode01,2016,0,0.07784431137724551,0.16766467065868262,0.24550898203592814,-0.3473053892215569,0.026646706586826344,
28.0,Washington Capitals,Lucas Johansen,CA,D,18.0,2024.0,Kelowna Rockets (WHL),9.0,0.0,0.0,2.0,0.0,2.0,0.222222222222222,,2.0,4.0,,,,,,,0.5,johanlu01,2016,0,0.0,0.2222222222222222,0.2222222222222222,0.2222222222222222,0.035,
34.0,Columbus Blue Jackets,Andrew Peeke,US,D,18.0,2026.0,Green Bay Gamblers (USHL),337.0,11.0,0.0326409495548961,54.0,9.6857417076843e-05,65.0,0.192878338278932,,-75.0,125.0,,,,,,,8.2,peekean01,2016,0,0.032640949554896145,0.16023738872403562,0.19287833827893175,-0.22255192878338279,0.025964391691394657,
37.0,Tampa Bay Lightning,Libor Hajek,CZ,D,18.0,2023.0,Saskatoon Blades (WHL),110.0,4.0,0.0363636363636364,8.0,0.000330578512396695,12.0,0.109090909090909,,-9.0,40.0,,,,,,,2.2,hajekli01,2016,0,0.03636363636363636,0.07272727272727272,0.10909090909090909,-0.08181818181818182,0.019090909090909085,
45.0,Chicago Blackhawks,Chad Krys,US,D,18.0,,USA U-18 Development Team (USDP/USHL),,0.0,0.0,0.0,0.0,0.0,0.0,,0.0,,,,,,,,,krysch01,2016,0,0.0,0.0,0.0,0.0,,
47.0,Nashville Predators,Samuel Girard,CA,D,18.0,2026.0,Shawinigan Cataractes (QMJHL),559.0,34.0,0.0608228980322004,191.0,0.000108806615442219,225.0,0.402504472271914,,11.0,109.0,,,,,,,34.0,girarsa01,2016,0,0.06082289803220036,0.3416815742397138,0.40250447227191416,0.01967799642218247,0.1025939177101968,
49.0,Boston Bruins,Ryan Lindgren,US,D,18.0,2026.0,USA U-18 Development Team (USDP/USHL),429.0,14.0,0.0326340326340326,91.0,7.60700061399361e-05,105.0,0.244755244755245,,99.0,292.0,,,,,,,26.5,lindgry01,2016,0,0.03263403263403263,0.21212121212121213,0.24475524475524477,0.23076923076923078,0.08426573426573426,
51.0,Los Angeles Kings,Kale Clague,CA,D,18.0,2024.0,Brandon Wheat Kings (WHL),94.0,2.0,0.0212765957446809,19.0,0.000226346763241286,21.0,0.223404255319149,,-22.0,52.0,,,,,,,1.9,claguka01,2016,0,0.02127659574468085,0.20212765957446807,0.22340425531914893,-0.23404255319148937,0.0324468085106383,
53.0,Detroit Red Wings,Filip Hronek,CZ,D,18.0,2026.0,Mountfield HK (Czech),478.0,42.0,0.0878661087866109,212.0,0.00018382031126906,254.0,0.531380753138075,,-50.0,248.0,,,,,,,37.2,hronefi01,2016,0,0.08786610878661087,0.4435146443514644,0.5313807531380753,-0.10460251046025104,0.12238493723849372,
63.0,Edmonton Oilers,Markus Niemelainen,FI,D,18.0,2023.0,Saginaw Spirit (OHL),43.0,0.0,0.0,1.0,0.0,1.0,0.0232558139534884,,-2.0,8.0,,,,,,,0.2,niemema01,2016,0,0.0,0.023255813953488372,0.023255813953488372,-0.046511627906976744,0.0011627906976744186,
66.0,Calgary Flames,Adam Fox,US,D,18.0,2026.0,USA U-18 Development Team (USDP/USHL),458.0,66.0,0.14410480349345,329.0,0.000314639308937664,395.0,0.862445414847162,,121.0,184.0,,,,,,,63.4,foxad01,2016,0,0.14410480349344978,0.7183406113537117,0.8624454148471615,0.26419213973799127,0.24203056768558948,
68.0,Arizona Coyotes,Cam Dineen,US,D,18.0,2025.0,North Bay Battalion (OHL),38.0,0.0,0.0,7.0,0.0,7.0,0.184210526315789,,-16.0,4.0,,,,,,,0.2,dineeca01,2016,0,0.0,0.18421052631578946,0.18421052631578946,-0.42105263157894735,0.00394736842105263,
71.0,Colorado Avalanche,Josh Anderson,CA,D,18.0,,Prince George Cougars (WHL),,0.0,0.0,0.0,0.0,0.0,0.0,,0.0,,,,,,,,,anderjo06,2016,0,0.0,0.0,0.0,0.0,,
72.0,Toronto Maple Leafs,James Greenway,US,D,18.0,,USA U-18 Development Team (USDP/USHL),,0.0,0.0,0.0,0.0,0.0,0.0,,0.0,,,,,,,,,greenja01,2016,0,0.0,0.0,0.0,0.0,,
77.0,Pittsburgh Penguins,Connor Hall,CA,D,18.0,,Kitchener Rangers (OHL),,0.0,0.0,0.0,0.0,0.0,0.0,,0.0,,,,,,,,,hallco01,2016,0,0.0,0.0,0.0,0.0,,
78.0,Nashville Predators,Frederic Allard,CA,D,18.0,2023.0,Chicoutimi Sagueneens (QMJHL),4.0,0.0,0.0,0.0,0.0,0.0,0.0,,0.0,0.0,,,,,,,0.0,allarfr01,2016,0,0.0,0.0,0.0,0.0,0.0,
79.0,Winnipeg Jets,Luke Green,CA,D,18.0,,Saint John Sea Dogs (QMJHL),,0.0,0.0,0.0,0.0,0.0,0.0,,0.0,,,,,,,,,greenlu01,2016,0,0.0,0.0,0.0,0.0,,
81.0,New York Rangers,Sean Day,BE,D,18.0,2022.0,Mississauga Steelheads (OHL),2.0,0.0,0.0,0.0,0.0,0.0,0.0,,-2.0,0.0,,,,,,,-0.1,dayse01,2016,0,0.0,0.0,0.0,-1.0,-0.010000000000000002,
84.0,Edmonton Oilers,Matthew Cairns,CA,D,18.0,,Georgetown (OJHL),,0.0,0.0,0.0,0.0,0.0,0.0,,0.0,,,,,,,,,cairnma01,2016,0,0.0,0.0,0.0,0.0,,
85.0,Anaheim Ducks,Joshua Mahura,CA,D,18.0,2026.0,Red Deer Rebels (WHL),268.0,11.0,0.041044776119403,45.0,0.000153152149699265,56.0,0.208955223880597,,9.0,126.0,,,,,,,10.7,mahurjo01,2016,0,0.041044776119402986,0.16791044776119404,0.208955223880597,0.033582089552238806,0.05559701492537313,
86.0,Buffalo Sabres,Casey Fitzgerald,US,D,19.0,2023.0,Boston College (H-East),63.0,0.0,0.0,9.0,0.0,9.0,0.142857142857143,,-21.0,40.0,,,,,,,0.2,fitzgca01,2016,0,0.0,0.14285714285714285,0.14285714285714285,-0.3333333333333333,0.0023809523809523794,
89.0,Florida Panthers,Linus Nassen,SE,D,18.0,,Lulea HF Jr. (Sweden Jr.),,0.0,0.0,0.0,0.0,0.0,0.0,,0.0,,,,,,,,,nasseli01,2016,0,0.0,0.0,0.0,0.0,,
91.0,Edmonton Oilers,Filip Berglund,SE,D,19.0,,Skelleftea AIK Jr. (Sweden Jr.),,0.0,0.0,0.0,0.0,0.0,0.0,,0.0,,,,,,,,,berglfi01,2016,0,0.0,0.0,0.0,0.0,,
97.0,Winnipeg Jets,Jacob Cederholm,SE,D,18.0,,HV71 Jr. (Sweden Jr.),,0.0,0.0,0.0,0.0,0.0,0.0,,0.0,,,,,,,,,cederja01,2016,0,0.0,0.0,0.0,0.0,,
98.0,New York Rangers,Tarmo Reunanen,FI,D,18.0,2021.0,TPS Jr. (Finland Jr.),4.0,0.0,0.0,1.0,0.0,1.0,0.25,,1.0,0.0,,,,,,,0.2,reunata01,2016,0,0.0,0.25,0.25,0.25,0.017499999999999998,
100.0,Montreal Canadiens,Victor Mete,CA,D,18.0,2024.0,London Knights (OHL),248.0,5.0,0.0201612903225806,40.0,8.12955254942766e-05,45.0,0.181451612903226,,19.0,46.0,,,,,,,10.2,metevi01,2016,0,0.020161290322580645,0.16129032258064516,0.1814516129032258,0.07661290322580645,0.0530241935483871,
101.0,Toronto Maple Leafs,Keaton Middleton,CA,D,18.0,2025.0,Saginaw Spirit (OHL),44.0,0.0,0.0,2.0,0.0,2.0,0.0454545454545455,,-1.0,32.0,,,,,,,0.6,middlke01,2016,0,0.0,0.045454545454545456,0.045454545454545456,-0.022727272727272728,0.00909090909090909,
107.0,Detroit Red Wings,Alfons Malmstrom,SE,D,18.0,,Orebro HK Jr. (Sweden Jr.),,0.0,0.0,0.0,0.0,0.0,0.0,,0.0,,,,,,,,,malmsal01,2016,0,0.0,0.0,0.0,0.0,,
108.0,Nashville Predators,Hardy Haman Aktell,SE,D,18.0,2024.0,Skelleftea AIK Jr. (Sweden Jr.),6.0,0.0,0.0,1.0,0.0,1.0,0.166666666666667,,-2.0,2.0,,,,,,,0.0,hamanha01,2016,0,0.0,0.16666666666666666,0.16666666666666666,-0.3333333333333333,0.002499999999999999,
110.0,Chicago Blackhawks,Lucas Carlsson,SE,D,19.0,2025.0,Brynas IF (Sweden),73.0,4.0,0.0547945205479452,11.0,0.000750609870519797,15.0,0.205479452054795,,4.0,28.0,,,,,,,2.6,carlslu01,2016,0,0.0547945205479452,0.1506849315068493,0.2054794520547945,0.0547945205479452,0.056849315068493146,
112.0,Los Angeles Kings,Jacob Moverare,SE,D,18.0,2026.0,HV71 Jr. (Sweden Jr.),102.0,2.0,0.0196078431372549,9.0,0.000192233756247597,11.0,0.107843137254902,,2.0,18.0,,,,,,,2.7,moverja01,2016,0,0.0196078431372549,0.08823529411764706,0.10784313725490197,0.0196078431372549,0.02892156862745098,
114.0,Florida Panthers,Riley Stillman,CA,D,18.0,2025.0,Oshawa Generals (OHL),163.0,4.0,0.0245398773006135,22.0,0.000150551394482291,26.0,0.159509202453988,,-20.0,111.0,,,,,,,3.5,stillri01,2016,0,0.024539877300613498,0.13496932515337423,0.15950920245398773,-0.12269938650306748,0.027607361963190184,
121.0,Pittsburgh Penguins,Ryan Jones,US,D,20.0,,Lincoln Stars (USHL),,0.0,0.0,0.0,0.0,0.0,0.0,,0.0,,,,,,,,,jonesry02,2016,0,0.0,0.0,0.0,0.0,,
124.0,Montreal Canadiens,Casey Staum,US,D,18.0,,Hill-Murray HS (High-MN),,0.0,0.0,0.0,0.0,0.0,0.0,,0.0,,,,,,,,,staumca01,2016,0,0.0,0.0,0.0,0.0,,
129.0,Buffalo Sabres,Philip Nyberg,SE,D,19.0,,Linkoping HC Jr. (Sweden Jr.),,0.0,0.0,0.0,0.0,0.0,0.0,,0.0,,,,,,,,,nyberph01,2016,0,0.0,0.0,0.0,0.0,,
130.0,Buffalo Sabres,Vojtech Budik,CZ,D,18.0,,Prince Albert Raiders (WHL),,0.0,0.0,0.0,0.0,0.0,0.0,,0.0,,,,,,,,,budikvo01,2016,0,0.0,0.0,0.0,0.0,,
132.0,New Jersey Devils,Yegor Rykov,RU,D,19.0,,SKA 1946 St. Petersburg (Russia Jr.),,0.0,0.0,0.0,0.0,0.0,0.0,,0.0,,,,,,,,,rykovye01,2016,0,0.0,0.0,0.0,0.0,,
133.0,Ottawa Senators,Maxime Lajoie,CA,D,18.0,2024.0,Swift Current Broncos (WHL),77.0,7.0,0.0909090909090909,9.0,0.00118063754427391,16.0,0.207792207792208,,-22.0,20.0,,,,,,,1.7,lajoima01,2016,0,0.09090909090909091,0.11688311688311688,0.2077922077922078,-0.2857142857142857,0.02337662337662338,
136.0,Boston Bruins,Cameron Clarke,US,D,20.0,,Lone Star Brahmas (NAHL),,0.0,0.0,0.0,0.0,0.0,0.0,,0.0,,,,,,,,,clarkca01,2016,0,0.0,0.0,0.0,0.0,,
137.0,Detroit Red Wings,Jordan Sambrook,CA,D,18.0,,Erie Otters (OHL),,0.0,0.0,0.0,0.0,0.0,0.0,,0.0,,,,,,,,,sambrjo01,2016,0,0.0,0.0,0.0,0.0,,
139.0,Philadelphia Flyers,Linus Hogberg,SE,D,18.0,2022.0,Vaxjo Lakers HC Jr. (Sweden Jr.),5.0,0.0,0.0,2.0,0.0,2.0,0.4,,0.0,2.0,,,,,,,0.3,hogbeli01,2016,0,0.0,0.4,0.4,0.0,0.025,
140.0,Vancouver Canucks,Cole Candella,CA,D,18.0,,Hamilton Bulldogs (OHL),,0.0,0.0,0.0,0.0,0.0,0.0,,0.0,,,,,,,,,candeco01,2016,0,0.0,0.0,0.0,0.0,,
151.0,Pittsburgh Penguins,Niclas Almari,FI,D,18.0,,Jokerit Jr. (Finland Jr.),,0.0,0.0,0.0,0.0,0.0,0.0,,0.0,,,,,,,,,almarni01,2016,0,0.0,0.0,0.0,0.0,,
152.0,Toronto Maple Leafs,Jonathan Walker,US,D,20.0,,Victoria Royals (WHL),,0.0,0.0,0.0,0.0,0.0,0.0,,0.0,,,,,,,,,walkejo01,2016,0,0.0,0.0,0.0,0.0,,
158.0,Arizona Coyotes,Patrick Kudla,CA,D,20.0,,Oakville (OJHL),,0.0,0.0,0.0,0.0,0.0,0.0,,0.0,,,,,,,,,kudlapa01,2016,0,0.0,0.0,0.0,0.0,,
161.0,Colorado Avalanche,Nathan Clurman,US,D,18.0,2025.0,Culver Military Academy (High-IN),1.0,0.0,0.0,0.0,0.0,0.0,0.0,,0.0,2.0,,,,,,,0.0,clurmna01,2016,0,0.0,0.0,0.0,0.0,0.0,
164.0,Carolina Hurricanes,Noah Carroll,CA,D,18.0,,Guelph Storm (OHL),,0.0,0.0,0.0,0.0,0.0,0.0,,0.0,,,,,,,,,carrono01,2016,0,0.0,0.0,0.0,0.0,,
173.0,Chicago Blackhawks,Blake Hillman,US,D,20.0,2018.0,Denver (NCHC),4.0,1.0,0.25,0.0,0.0625,1.0,0.25,,-1.0,0.0,,,,,,,0.2,hillmbl01,2016,0,0.25,0.0,0.25,-0.25,0.0075,
176.0,Dallas Stars,Jakob Stenqvist,SE,D,18.0,,MODO Hockey Jr. (Sweden Jr.),,0.0,0.0,0.0,0.0,0.0,0.0,,0.0,,,,,,,,,stenqja01,2016,0,0.0,0.0,0.0,0.0,,
177.0,Washington Capitals,Chase Priskie,US,D,20.0,2022.0,Quinnipiac (ECAC),4.0,0.0,0.0,0.0,0.0,0.0,0.0,,2.0,2.0,,,,,,,0.1,priskch01,2016,0,0.0,0.0,0.0,0.5,0.010000000000000002,
178.0,Tampa Bay Lightning,Oleg Sosunov,RU,D,18.0,,Loko-Yunior Yaroslav (Russia Jr.),,0.0,0.0,0.0,0.0,0.0,0.0,,0.0,,,,,,,,,sosunol01,2016,0,0.0,0.0,0.0,0.0,,
179.0,Toronto Maple Leafs,Nicolas Mattinen,CA,D,18.0,,London Knights (OHL),,0.0,0.0,0.0,0.0,0.0,0.0,,0.0,,,,,,,,,mattini01,2016,0,0.0,0.0,0.0,0.0,,
180.0,San Jose Sharks,Mark Shoemaker,CA,D,18.0,,North Bay Battalion (OHL),,0.0,0.0,0.0,0.0,0.0,0.0,,0.0,,,,,,,,,shoemma01,2016,0,0.0,0.0,0.0,0.0,,
181.0,Pittsburgh Penguins,Joseph Masonius,US,D,19.0,,Connecticut (H-East),,0.0,0.0,0.0,0.0,0.0,0.0,,0.0,,,,,,,,,masonjo01,2016,0,0.0,0.0,0.0,0.0,,
183.0,Edmonton Oilers,Vincent Desharnais,CA,D,20.0,2026.0,Providence (H-East),185.0,1.0,0.00540540540540541,20.0,2.9218407596786e-05,21.0,0.113513513513514,,10.0,162.0,,,,,,,5.1,deshavi01,2016,0,0.005405405405405406,0.10810810810810811,0.11351351351351352,0.05405405405405406,0.033783783783783786,
186.0,Calgary Flames,Stepan Falkovsky,BY,D,19.0,,Ottawa 67's (OHL),,0.0,0.0,0.0,0.0,0.0,0.0,,0.0,,,,,,,,,falkost01,2016,0,0.0,0.0,0.0,0.0,,
187.0,Montreal Canadiens,Arvid Henrikson,SE,D,18.0,,AIK Jr. (Sweden Jr.),,0.0,0.0,0.0,0.0,0.0,0.0,,0.0,,,,,,,,,henriar01,2016,0,0.0,0.0,0.0,0.0,,
188.0,Arizona Coyotes,Dean Stewart,CA,D,18.0,,Portage (MJHL),,0.0,0.0,0.0,0.0,0.0,0.0,,0.0,,,,,,,,,stewade01,2016,0,0.0,0.0,0.0,0.0,,
189.0,Buffalo Sabres,Austin Osmanski,US,D,18.0,,Mississauga Steelheads (OHL),,0.0,0.0,0.0,0.0,0.0,0.0,,0.0,,,,,,,,,osmanau01,2016,0,0.0,0.0,0.0,0.0,,
192.0,New Jersey Devils,Jeremy Davies,CA,D,19.0,2023.0,Bloomington Thunder (USHL),23.0,0.0,0.0,3.0,0.0,3.0,0.130434782608696,,-2.0,12.0,,,,,,,0.5,davieje01,2016,0,0.0,0.13043478260869565,0.13043478260869565,-0.08695652173913043,0.02391304347826087,
195.0,Florida Panthers,Benjamin Finkelstein,US,D,18.0,,Kimball Union Academy (High-NH),,0.0,0.0,0.0,0.0,0.0,0.0,,0.0,,,,,,,,,finkebe01,2016,0,0.0,0.0,0.0,0.0,,
198.0,Nashville Predators,Adam Smith,CA,D,19.0,,Bowling Green (WCHA),,0.0,0.0,0.0,0.0,0.0,0.0,,0.0,,,,,,,,,smithad01,2016,0,0.0,0.0,0.0,0.0,,
199.0,Philadelphia Flyers,David Bernhardt,SE,D,18.0,,Djurgardens IF Jr. (Sweden Jr.),,0.0,0.0,0.0,0.0,0.0,0.0,,0.0,,,,,,,,,bernhda02,2016,0,0.0,0.0,0.0,0.0,,
200.0,New York Islanders,David Quenneville,CA,D,18.0,,Medicine Hat Tigers (WHL),,0.0,0.0,0.0,0.0,0.0,0.0,,0.0,,,,,,,,,quennda01,2016,0,0.0,0.0,0.0,0.0,,
202.0,Los Angeles Kings,Jacob Friend,CA,D,19.0,,Owen Sound Attack (OHL),,0.0,0.0,0.0,0.0,0.0,0.0,,0.0,,,,,,,,,frienja01,2016,0,0.0,0.0,0.0,0.0,,
203.0,Chicago Blackhawks,Jake Ryczek,US,D,18.0,,Waterloo Black Hawks (USHL),,0.0,0.0,0.0,0.0,0.0,0.0,,0.0,,,,,,,,,ryczeja01,2016,0,0.0,0.0,0.0,0.0,,
204.0,Minnesota Wild,Brayden Chizen,CA,D,18.0,,Kelowna Rockets (WHL),,0.0,0.0,0.0,0.0,0.0,0.0,,0.0,,,,,,,,,chizebr01,2016,0,0.0,0.0,0.0,0.0,,
207.0,Washington Capitals,Dmitriy Zaitsev,RU,D,18.0,,Wilkes-Barre/Scranton Knights (NAHL),,0.0,0.0,0.0,0.0,0.0,0.0,,0.0,,,,,,,,,zaitsdm01,2016,0,0.0,0.0,0.0,0.0,,
5.0,Carolina Hurricanes,Noah Hanifin,US,D,18.0,2026.0,Boston College (H-East),774.0,73.0,0.0943152454780362,256.0,0.000121854322323044,329.0,0.425064599483204,,-1.0,203.0,,,,,,,55.1,hanifno01,2015,0,0.09431524547803617,0.330749354005168,0.42506459948320413,-0.0012919896640826874,0.10613695090439276,
7.0,Philadelphia Flyers,Ivan Provorov,RU,D,18.0,2026.0,Brandon Wheat Kings (WHL),722.0,80.0,0.110803324099723,210.0,0.000153467207894353,290.0,0.401662049861496,,-24.0,255.0,,,,,,,49.6,provoiv01,2015,0,0.11080332409972299,0.29085872576177285,0.40166204986149584,-0.0332409972299169,0.09709141274238227,
8.0,Columbus Blue Jackets,Zach Werenski,US,D,18.0,2026.0,Michigan (Big Ten),593.0,122.0,0.205733558178752,288.0,0.000346936860335164,410.0,0.691399662731872,,13.0,148.0,,,,,,,66.5,werenza01,2015,0,0.2057335581787521,0.4856661045531197,0.6913996627318718,0.021922428330522766,0.17504215851602023,
13.0,Boston Bruins,Jakub Zboril,CZ,D,18.0,2023.0,Saint John Sea Dogs (QMJHL),76.0,1.0,0.0131578947368421,15.0,0.000173130193905817,16.0,0.210526315789474,,0.0,28.0,,,,,,,2.9,zborija01,2015,0,0.013157894736842105,0.19736842105263158,0.21052631578947367,0.0,0.05263157894736842,
18.0,Ottawa Senators,Thomas Chabot,CA,D,18.0,2026.0,Saint John Sea Dogs (QMJHL),530.0,73.0,0.137735849056604,241.0,0.000259878960484158,314.0,0.592452830188679,,-54.0,258.0,,,,,,,46.9,chaboth01,2015,0,0.13773584905660377,0.4547169811320755,0.5924528301886792,-0.1018867924528302,0.13792452830188678,
26.0,Montreal Canadiens,Noah Juulsen,CA,D,18.0,2026.0,Everett Silvertips (WHL),179.0,3.0,0.0167597765363128,16.0,9.3630036515714e-05,19.0,0.106145251396648,,-11.0,63.0,,,,,,,4.0,juulsno01,2015,0,0.01675977653631285,0.0893854748603352,0.10614525139664804,-0.061452513966480445,0.02039106145251397,
27.0,Anaheim Ducks,Jacob Larsson,SE,D,18.0,2023.0,Frolunda HC Jr. (Sweden Jr.),172.0,3.0,0.0174418604651163,21.0,0.000101406165494862,24.0,0.13953488372093,,-26.0,52.0,,,,,,,4.2,larssja01,2015,0,0.01744186046511628,0.12209302325581395,0.13953488372093023,-0.1511627906976744,0.019767441860465116,
29.0,Columbus Blue Jackets,Gabriel Carlsson,SE,D,18.0,2023.0,Linkoping HC Jr. (Sweden Jr.),81.0,3.0,0.037037037037037,15.0,0.000457247370827617,18.0,0.222222222222222,,-5.0,22.0,,,,,,,2.6,carlsga01,2015,0,0.037037037037037035,0.18518518518518517,0.2222222222222222,-0.06172839506172839,0.04938271604938271,
31.0,San Jose Sharks,Jeremy Roy,CA,D,18.0,,Sherbrooke Phoenix (QMJHL),,0.0,0.0,0.0,0.0,0.0,0.0,,0.0,,,,,,,,,royje02,2015,0,0.0,0.0,0.0,0.0,,
34.0,Toronto Maple Leafs,Travis Dermott,CA,D,18.0,2025.0,Erie Otters (OHL),348.0,16.0,0.0459770114942529,46.0,0.000132117849121416,62.0,0.17816091954023,,12.0,130.0,,,,,,,11.6,dermotr01,2015,0,0.04597701149425287,0.13218390804597702,0.1781609195402299,0.034482758620689655,0.04798850574712644,
37.0,Boston Bruins,Brandon Carlo,US,D,18.0,2026.0,Tri-City Americans (WHL),655.0,29.0,0.0442748091603053,85.0,6.75951284890157e-05,114.0,0.174045801526718,,135.0,350.0,,,,,,,36.5,carlobr01,2015,0,0.044274809160305344,0.1297709923664122,0.17404580152671756,0.20610687022900764,0.06412213740458016,
40.0,Colorado Avalanche,Nicolas Meloche,CA,D,18.0,2022.0,Baie-Comeau Drakkar (QMJHL),57.0,2.0,0.0350877192982456,6.0,0.000615574022776239,8.0,0.140350877192982,,-16.0,39.0,,,,,,,1.2,melocni01,2015,0,0.03508771929824561,0.10526315789473684,0.14035087719298245,-0.2807017543859649,0.00701754385964912,
43.0,Los Angeles Kings,Erik Cernak,SK,D,18.0,2026.0,HC Kosice (Slovakia),460.0,23.0,0.05,90.0,0.000108695652173913,113.0,0.245652173913043,,93.0,388.0,,,,,,,26.3,cernaer01,2015,0,0.05,0.1956521739130435,0.24565217391304348,0.20217391304347826,0.08163043478260869,
44.0,Tampa Bay Lightning,Matthew Spencer,CA,D,18.0,,Peterborough Petes (OHL),,0.0,0.0,0.0,0.0,0.0,0.0,,0.0,,,,,,,,,spencma01,2015,0,0.0,0.0,0.0,0.0,,
51.0,Buffalo Sabres,Brendan Guhle,CA,D,18.0,2022.0,Prince Albert Raiders (WHL),65.0,4.0,0.0615384615384615,10.0,0.000946745562130177,14.0,0.215384615384615,,-9.0,24.0,,,,,,,2.5,guhlebr01,2015,0,0.06153846153846154,0.15384615384615385,0.2153846153846154,-0.13846153846153847,0.04,
52.0,Boston Bruins,Jeremy Lauzon,CA,D,18.0,2026.0,Rouyn-Noranda Huskies (QMJHL),333.0,14.0,0.042042042042042,35.0,0.000126252378504631,49.0,0.147147147147147,,-9.0,381.0,,,,,,,11.8,lauzoje01,2015,0,0.042042042042042045,0.10510510510510511,0.14714714714714713,-0.02702702702702703,0.03408408408408408,
53.0,Calgary Flames,Rasmus Andersson,SE,D,18.0,2026.0,Barrie Colts (OHL),564.0,52.0,0.0921985815602837,197.0,0.000163472662340929,249.0,0.441489361702128,,-18.0,313.0,,,,,,,40.0,anderra01,2015,0,0.09219858156028368,0.34929078014184395,0.44148936170212766,-0.031914893617021274,0.10718085106382977,
56.0,St. Louis Blues,Vince Dunn,CA,D,18.0,2026.0,Niagara IceDogs (OHL),566.0,79.0,0.139575971731449,220.0,0.000246600656769345,299.0,0.528268551236749,,28.0,357.0,,,,,,,50.2,dunnvi02,2015,0,0.13957597173144876,0.38869257950530034,0.5282685512367491,0.04946996466431095,0.13701413427561837,
57.0,Washington Capitals,Jonas Siegenthaler,CH,D,18.0,2026.0,ZSC Lions (Swiss),393.0,10.0,0.0254452926208651,58.0,6.47462916561453e-05,68.0,0.173027989821883,,33.0,232.0,,,,,,,16.1,siegejo01,2015,0,0.02544529262086514,0.1475826972010178,0.17302798982188294,0.08396946564885496,0.05165394402035623,
60.0,Calgary Flames,Oliver Kylington,SE,D,18.0,2025.0,Farjestad BK (Sweden),220.0,18.0,0.0818181818181818,42.0,0.000371900826446281,60.0,0.272727272727273,,22.0,60.0,,,,,,,11.8,kylinol01,2015,0,0.08181818181818182,0.19090909090909092,0.2727272727272727,0.1,0.07818181818181819,
63.0,Arizona Coyotes,Kyle Capobianco,CA,D,18.0,2026.0,Sudbury Wolves (OHL),86.0,6.0,0.0697674418604651,10.0,0.000811249323958897,16.0,0.186046511627907,,-16.0,56.0,,,,,,,2.4,capobky01,2015,0,0.06976744186046512,0.11627906976744186,0.18604651162790697,-0.18604651162790697,0.027906976744186046,
65.0,Toronto Maple Leafs,Andrew Nielsen,CA,D,18.0,,Lethbridge Hurricanes (WHL),,0.0,0.0,0.0,0.0,0.0,0.0,,0.0,,,,,,,,,nielsan01,2015,0,0.0,0.0,0.0,0.0,,
66.0,Vancouver Canucks,Guillaume Brisebois,CA,D,18.0,2025.0,Acadie-Bathurst Titan (QMJHL),30.0,1.0,0.0333333333333333,2.0,0.00111111111111111,3.0,0.1,,-7.0,6.0,,,,,,,0.2,brisegu01,2015,0,0.03333333333333333,0.06666666666666667,0.1,-0.23333333333333334,0.001666666666666667,
73.0,Detroit Red Wings,Vili Saarijarvi,FI,D,18.0,,Green Bay Gamblers (USHL),,0.0,0.0,0.0,0.0,0.0,0.0,,0.0,,,,,,,,,saarivi01,2015,0,0.0,0.0,0.0,0.0,,
79.0,New York Rangers,Sergey Zborovskiy,RU,D,18.0,,Regina Pats (WHL),,0.0,0.0,0.0,0.0,0.0,0.0,,0.0,,,,,,,,,zborose01,2015,0,0.0,0.0,0.0,0.0,,
82.0,New York Islanders,Mitchell Vande Sompel,CA,D,18.0,,Oshawa Generals (OHL),,0.0,0.0,0.0,0.0,0.0,0.0,,0.0,,,,,,,,,vandemi01,2015,0,0.0,0.0,0.0,0.0,,
88.0,Florida Panthers,Thomas Schemitsch,CA,D,18.0,,Owen Sound Attack (OHL),,0.0,0.0,0.0,0.0,0.0,0.0,,0.0,,,,,,,,,schemth01,2015,0,0.0,0.0,0.0,0.0,,
91.0,Chicago Blackhawks,Dennis Gilbert,US,D,18.0,2025.0,Chicago Steel (USHL),111.0,3.0,0.027027027027027,17.0,0.000243486729973216,20.0,0.18018018018018,,-18.0,138.0,,,,,,,1.9,gilbede01,2015,0,0.02702702702702703,0.15315315315315314,0.18018018018018017,-0.16216216216216217,0.028828828828828826,
92.0,Buffalo Sabres,William Borgen,US,D,18.0,2026.0,Moorhead HS (High-MN),319.0,14.0,0.0438871473354232,57.0,0.000137577264374367,71.0,0.222570532915361,,-3.0,194.0,,,,,,,12.9,borgewi01,2015,0,0.0438871473354232,0.1786833855799373,0.2225705329153605,-0.009404388714733543,0.05470219435736677,
95.0,Toronto Maple Leafs,Jesper Lindgren,SE,D,18.0,,MODO Hockey Jr. (Sweden Jr.),,0.0,0.0,0.0,0.0,0.0,0.0,,0.0,,,,,,,,,lindgje01,2015,0,0.0,0.0,0.0,0.0,,
97.0,New Jersey Devils,Colton White,CA,D,18.0,2026.0,Soo Greyhounds (OHL),92.0,0.0,0.0,10.0,0.0,10.0,0.108695652173913,,-19.0,22.0,,,,,,,0.9,whiteco03,2015,0,0.0,0.10869565217391304,0.10869565217391304,-0.20652173913043478,0.00652173913043478,
101.0,Colorado Avalanche,Andrei Mironov,RU,D,21.0,2018.0,Dynamo Moskva (Russia),10.0,1.0,0.1,2.0,0.01,3.0,0.3,,2.0,12.0,,,,,,,0.7,mironan01,2015,0,0.1,0.2,0.3,0.2,0.04750000000000001,
103.0,Dallas Stars,Chris Martenet,US,D,18.0,,London Knights (OHL),,0.0,0.0,0.0,0.0,0.0,0.0,,0.0,,,,,,,,,martech01,2015,0,0.0,0.0,0.0,0.0,,
107.0,Ottawa Senators,Christian Wolanin,CA,D,20.0,2023.0,Muskegon Lumberjacks (USHL),86.0,6.0,0.0697674418604651,17.0,0.000811249323958897,23.0,0.267441860465116,,-2.0,20.0,,,,,,,3.9,wolanch01,2015,0,0.06976744186046512,0.19767441860465115,0.26744186046511625,-0.023255813953488372,0.06453488372093022,
112.0,New York Islanders,Parker Wotherspoon,CA,D,18.0,2026.0,Tri-City Americans (WHL),133.0,3.0,0.0225563909774436,23.0,0.000169596924642433,26.0,0.195488721804511,,8.0,69.0,,,,,,,5.9,wothepa01,2015,0,0.022556390977443608,0.17293233082706766,0.19548872180451127,0.06015037593984962,0.054887218045112776,
115.0,Nashville Predators,Alexandre Carrier,CA,D,18.0,2026.0,Gatineau Olympiques (QMJHL),321.0,14.0,0.043613707165109,81.0,0.000135868246620277,95.0,0.29595015576324,,19.0,181.0,,,,,,,18.0,carrial01,2015,0,0.04361370716510903,0.2523364485981308,0.29595015576323985,0.059190031152647975,0.07990654205607477,
117.0,Edmonton Oilers,Caleb Jones,US,D,18.0,2026.0,USA U-18 Development Team (USDP/USHL),255.0,14.0,0.0549019607843137,42.0,0.000215301806997309,56.0,0.219607843137255,,-35.0,90.0,,,,,,,9.1,jonesca01,2015,0,0.054901960784313725,0.16470588235294117,0.2196078431372549,-0.13725490196078433,0.041176470588235294,
121.0,Chicago Blackhawks,Ryan Shea,US,D,18.0,2026.0,Boston College HS (High-MA),95.0,5.0,0.0526315789473684,11.0,0.000554016620498615,16.0,0.168421052631579,,-4.0,36.0,,,,,,,3.5,sheary01,2015,0,0.05263157894736842,0.11578947368421053,0.16842105263157894,-0.042105263157894736,0.03789473684210526,
122.0,Buffalo Sabres,Devante Stephens,CA,D,18.0,,Kelowna Rockets (WHL),,0.0,0.0,0.0,0.0,0.0,0.0,,0.0,,,,,,,,,stephde01,2015,0,0.0,0.0,0.0,0.0,,
124.0,Edmonton Oilers,Ethan Bear,CA,D,18.0,2024.0,Seattle Thunderbirds (WHL),275.0,17.0,0.0618181818181818,50.0,0.000224793388429752,67.0,0.243636363636364,,-14.0,112.0,,,,,,,12.0,bearet01,2015,0,0.06181818181818182,0.18181818181818182,0.24363636363636362,-0.05090909090909091,0.05581818181818182,
127.0,St. Louis Blues,Niko Mikkola,FI,D,19.0,2026.0,KalPa Jr. (Finland Jr.),353.0,14.0,0.0396600566572238,52.0,0.000112351435289586,66.0,0.186968838526912,,19.0,287.0,,,,,,,14.8,mikkoni01,2015,0,0.039660056657223795,0.14730878186968838,0.18696883852691218,0.053824362606232294,0.05212464589235127,
129.0,Columbus Blue Jackets,Sam Ruopp,CA,D,19.0,,Prince George Cougars (WHL),,0.0,0.0,0.0,0.0,0.0,0.0,,0.0,,,,,,,,,ruoppsa01,2015,0,0.0,0.0,0.0,0.0,,
130.0,San Jose Sharks,Karlis Cukste,LV,D,18.0,,HK Riga (Russia Jr.),,0.0,0.0,0.0,0.0,0.0,0.0,,0.0,,,,,,,,,cukstka01,2015,0,0.0,0.0,0.0,0.0,,
133.0,Dallas Stars,Joseph Cecconi,US,D,18.0,,Muskegon Lumberjacks (USHL),,0.0,0.0,0.0,0.0,0.0,0.0,,0.0,,,,,,,,,ceccojo01,2015,0,0.0,0.0,0.0,0.0,,
139.0,Ottawa Senators,Christian Jaros,SK,D,19.0,2022.0,Lulea HF Jr. (Sweden Jr.),94.0,1.0,0.0106382978723404,13.0,0.000113173381620643,14.0,0.148936170212766,,-24.0,37.0,,,,,,,0.8,jarosch01,2015,0,0.010638297872340425,0.13829787234042554,0.14893617021276595,-0.2553191489361702,0.011702127659574468,
141.0,Columbus Blue Jackets,Veeti Vainio,FI,D,18.0,,Blues Jr. (Finland Jr.),,0.0,0.0,0.0,0.0,0.0,0.0,,0.0,,,,,,,,,vainive01,2015,0,0.0,0.0,0.0,0.0,,
143.0,Washington Capitals,Connor Hobbs,CA,D,18.0,,Regina Pats (WHL),,0.0,0.0,0.0,0.0,0.0,0.0,,0.0,,,,,,,,,hobbsco01,2015,0,0.0,0.0,0.0,0.0,,
144.0,Vancouver Canucks,Carl Neill,CA,D,19.0,,Sherbrooke Phoenix (QMJHL),,0.0,0.0,0.0,0.0,0.0,0.0,,0.0,,,,,,,,,neillca01,2015,0,0.0,0.0,0.0,0.0,,
147.0,New York Islanders,Ryan Pilon,CA,D,18.0,,Brandon Wheat Kings (WHL),,0.0,0.0,0.0,0.0,0.0,0.0,,0.0,,,,,,,,,pilonry01,2015,0,0.0,0.0,0.0,0.0,,
150.0,Tampa Bay Lightning,Ryan Zuhlsdorf,US,D,18.0,,Sioux City Musketeers (USHL),,0.0,0.0,0.0,0.0,0.0,0.0,,0.0,,,,,,,,,zuhlsry01,2015,0,0.0,0.0,0.0,0.0,,
154.0,Edmonton Oilers,John Marino,US,D,18.0,2026.0,South Shore (USPHL Premier),390.0,20.0,0.0512820512820513,114.0,0.000131492439184747,134.0,0.343589743589744,,49.0,120.0,,,,,,,25.1,marinjo01,2015,0,0.05128205128205128,0.2923076923076923,0.3435897435897436,0.12564102564102564,0.09846153846153846,
155.0,Toronto Maple Leafs,Stephen Desrocher,CA,D,19.0,,Oshawa Generals (OHL),,0.0,0.0,0.0,0.0,0.0,0.0,,0.0,,,,,,,,,desrost01,2015,0,0.0,0.0,0.0,0.0,,
156.0,Carolina Hurricanes,Jake Massie,CA,D,18.0,,Kimball Union Academy (High-NH),,0.0,0.0,0.0,0.0,0.0,0.0,,0.0,,,,,,,,,massija01,2015,0,0.0,0.0,0.0,0.0,,
159.0,Columbus Blue Jackets,Vladislav Gavrikov,RU,D,19.0,2026.0,Lokomotiv Yaroslavl (Russia),463.0,34.0,0.0734341252699784,113.0,0.000158605022181379,147.0,0.317494600431965,,31.0,210.0,,,,,,,30.6,gavrivl01,2015,0,0.0734341252699784,0.24406047516198703,0.3174946004319654,0.06695464362850972,0.08606911447084233,
160.0,San Jose Sharks,Adam Parsells,US,D,18.0,,Wausau West HS (High-WI),,0.0,0.0,0.0,0.0,0.0,0.0,,0.0,,,,,,,,,parsead01,2015,0,0.0,0.0,0.0,0.0,,
161.0,Colorado Avalanche,Sergei Boikov,RU,D,19.0,,Drummondville Voltigeurs (QMJHL),,0.0,0.0,0.0,0.0,0.0,0.0,,0.0,,,,,,,,,boikose01,2015,0,0.0,0.0,0.0,0.0,,
170.0,Detroit Red Wings,Patrick Holway,US,D,18.0,,Boston (T1EHL 18U),,0.0,0.0,0.0,0.0,0.0,0.0,,0.0,,,,,,,,,holwapa01,2015,0,0.0,0.0,0.0,0.0,,
171.0,Minnesota Wild,Nicholas Boka,US,D,18.0,,USA U-18 Development Team (USDP/USHL),,0.0,0.0,0.0,0.0,0.0,0.0,,0.0,,,,,,,,,bokani01,2015,0,0.0,0.0,0.0,0.0,,
172.0,New York Islanders,Andong Song,CN,D,18.0,,Lawrenceville School (High-NJ),,0.0,0.0,0.0,0.0,0.0,0.0,,0.0,,,,,,,,,songan01,2015,0,0.0,0.0,0.0,0.0,,
173.0,Washington Capitals,Colby Williams,CA,D,20.0,,Regina Pats (WHL),,0.0,0.0,0.0,0.0,0.0,0.0,,0.0,,,,,,,,,willico01,2015,0,0.0,0.0,0.0,0.0,,
177.0,Montreal Canadiens,Simon Bourque,CA,D,18.0,,Rimouski Oceanic (QMJHL),,0.0,0.0,0.0,0.0,0.0,0.0,,0.0,,,,,,,,,bourqsi01,2015,0,0.0,0.0,0.0,0.0,,
178.0,Anaheim Ducks,Steven Ruggiero,US,D,18.0,,USA U-18 Development Team (USDP/USHL),,0.0,0.0,0.0,0.0,0.0,0.0,,0.0,,,,,,,,,ruggist01,2015,0,0.0,0.0,0.0,0.0,,
181.0,Chicago Blackhawks,Joni Tuulola,FI,D,19.0,,HPK (Finland),,0.0,0.0,0.0,0.0,0.0,0.0,,0.0,,,,,,,,,tuulojo01,2015,0,0.0,0.0,0.0,0.0,,
182.0,Buffalo Sabres,Ivan Chukarov,US,D,20.0,,Minnesota Wilderness (NAHL),,0.0,0.0,0.0,0.0,0.0,0.0,,0.0,,,,,,,,,chukaiv01,2015,0,0.0,0.0,0.0,0.0,,
187.0,Los Angeles Kings,Chaz Reddekopp,CA,D,18.0,,Victoria Royals (WHL),,0.0,0.0,0.0,0.0,0.0,0.0,,0.0,,,,,,,,,reddech01,2015,0,0.0,0.0,0.0,0.0,,
189.0,Columbus Blue Jackets,Markus Nutivaara,FI,D,21.0,2022.0,Karpat (Finland),275.0,17.0,0.0618181818181818,54.0,0.000224793388429752,71.0,0.258181818181818,,26.0,42.0,,,,,,,15.0,nutivma01,2015,0,0.06181818181818182,0.19636363636363635,0.2581818181818182,0.09454545454545454,0.074,
194.0,Los Angeles Kings,Matt Roy,CA,D,20.0,2026.0,Michigan Tech (WCHA),465.0,28.0,0.0602150537634409,108.0,0.000129494739276217,136.0,0.29247311827957,,101.0,147.0,,,,,,,32.8,royma04,2015,0,0.060215053763440864,0.23225806451612904,0.2924731182795699,0.2172043010752688,0.09483870967741936,
196.0,Calgary Flames,Riley Bruce,CA,D,18.0,,North Bay Battalion (OHL),,0.0,0.0,0.0,0.0,0.0,0.0,,0.0,,,,,,,,,bruceri01,2015,0,0.0,0.0,0.0,0.0,,
198.0,Winnipeg Jets,Sami Niku,FI,D,18.0,2022.0,JYP-Aktemia (Finland-2),67.0,2.0,0.0298507462686567,14.0,0.000445533526397861,16.0,0.238805970149254,,-2.0,24.0,,,,,,,2.3,nikusa01,2015,0,0.029850746268656716,0.208955223880597,0.23880597014925373,-0.029850746268656716,0.05671641791044776,
201.0,Minnesota Wild,Gustav Bouramman,SE,D,18.0,,Soo Greyhounds (OHL),,0.0,0.0,0.0,0.0,0.0,0.0,,0.0,,,,,,,,,bouragu01,2015,0,0.0,0.0,0.0,0.0,,
202.0,New York Islanders,Petter Hansson,SE,D,19.0,,Linkoping HC Jr. (Sweden Jr.),,0.0,0.0,0.0,0.0,0.0,0.0,,0.0,,,,,,,,,hansspe01,2015,0,0.0,0.0,0.0,0.0,,
204.0,Minnesota Wild,Jack Sadek,US,D,18.0,,Lakeville North HS (High-MN),,0.0,0.0,0.0,0.0,0.0,0.0,,0.0,,,,,,,,,sadekja01,2015,0,0.0,0.0,0.0,0.0,,
209.0,Edmonton Oilers,Ziyat Paigin,RU,D,20.0,,Ak Bars Kazan (Russia),,0.0,0.0,0.0,0.0,0.0,0.0,,0.0,,,,,,,,,paigizi01,2015,0,0.0,0.0,0.0,0.0,,
210.0,Vancouver Canucks,Tate Olson,CA,D,18.0,,Prince George Cougars (WHL),,0.0,0.0,0.0,0.0,0.0,0.0,,0.0,,,,,,,,,olsonta01,2015,0,0.0,0.0,0.0,0.0,,
1.0,Florida Panthers,Aaron Ekblad,CA,D,18.0,2026.0,Barrie Colts (OHL),756.0,119.0,0.157407407407407,268.0,0.000208210856359004,387.0,0.511904761904762,,93.0,521.0,,,,,,,71.5,ekblaaa01,2014,0,0.1574074074074074,0.3544973544973545,0.5119047619047619,0.12301587301587301,0.14027777777777778,
7.0,Carolina Hurricanes,Haydn Fleury,CA,D,18.0,2026.0,Red Deer Rebels (WHL),322.0,10.0,0.031055900621118,34.0,9.64468963388758e-05,44.0,0.136645962732919,,-34.0,91.0,,,,,,,7.9,fleurha01,2014,0,0.031055900621118012,0.10559006211180125,0.13664596273291926,-0.10559006211180125,0.023602484472049684,
14.0,Dallas Stars,Julius Honka,FI,D,18.0,2019.0,Swift Current Broncos (WHL),87.0,2.0,0.0229885057471264,11.0,0.000264235698242832,13.0,0.149425287356322,,-7.0,28.0,,,,,,,2.3,honkaju01,2014,0,0.022988505747126436,0.12643678160919541,0.14942528735632185,-0.08045977011494253,0.02931034482758621,
17.0,Philadelphia Flyers,Travis Sanheim,CA,D,18.0,2026.0,Calgary Hitmen (WHL),604.0,56.0,0.0927152317880795,166.0,0.000153502039384238,222.0,0.367549668874172,,-50.0,267.0,,,,,,,36.3,sanhetr01,2014,0,0.09271523178807947,0.27483443708609273,0.3675496688741722,-0.08278145695364239,0.08360927152317882,
19.0,Tampa Bay Lightning,Anthony Deangelo,US,D,18.0,2026.0,Sarnia Sting (OHL),433.0,53.0,0.122401847575058,186.0,0.000282683250750711,239.0,0.551963048498845,,-39.0,366.0,,,,,,,33.9,deangan01,2014,0,0.12240184757505773,0.4295612009237875,0.5519630484988453,-0.09006928406466513,0.1289838337182448,
35.0,Tampa Bay Lightning,Dominik Masin,CZ,D,18.0,,HC Slavia Praha Jr. (Czech Jr.),,0.0,0.0,0.0,0.0,0.0,0.0,,0.0,,,,,,,,,masindo01,2014,0,0.0,0.0,0.0,0.0,,
38.0,Anaheim Ducks,Marcus Pettersson,SE,D,18.0,2026.0,Skelleftea AIK Jr. (Sweden Jr.),549.0,19.0,0.034608378870674,148.0,6.30389414766375e-05,167.0,0.304189435336976,,88.0,343.0,,,,,,,33.6,pettema01,2014,0,0.03460837887067395,0.26958105646630237,0.30418943533697634,0.16029143897996356,0.09207650273224043,
40.0,Ottawa Senators,Andreas Englund,SE,D,18.0,2025.0,Djurgardens IF (Sweden-2),197.0,2.0,0.0101522842639594,18.0,5.15344378881188e-05,20.0,0.101522842639594,,-25.0,188.0,,,,,,,3.0,engluan01,2014,0,0.01015228426395939,0.09137055837563451,0.10152284263959391,-0.12690355329949238,0.012690355329949238,
41.0,New Jersey Devils,Joshua Jacobs,US,D,18.0,2020.0,Indiana Ice (USHL),3.0,0.0,0.0,0.0,0.0,0.0,0.0,,0.0,2.0,,,,,,,0.1,jacobjo01,2014,0,0.0,0.0,0.0,0.0,0.0,
46.0,San Jose Sharks,Julius Bergman,SE,D,18.0,,Frolunda HC Jr. (Sweden Jr.),,0.0,0.0,0.0,0.0,0.0,0.0,,0.0,,,,,,,,,bergmju01,2014,0,0.0,0.0,0.0,0.0,,
47.0,Columbus Blue Jackets,Ryan Collins,US,D,18.0,,USA U-18 Development Team (USDP/USHL),,0.0,0.0,0.0,0.0,0.0,0.0,,0.0,,,,,,,,,colliry01,2014,0,0.0,0.0,0.0,0.0,,
50.0,Los Angeles Kings,Roland McKeown,CA,D,18.0,2023.0,Kingston Frontenacs (OHL),16.0,0.0,0.0,3.0,0.0,3.0,0.1875,,4.0,27.0,,,,,,,0.9,mckeoro01,2014,0,0.0,0.1875,0.1875,0.25,0.057499999999999996,
51.0,Nashville Predators,Jack Dougherty,US,D,18.0,,USA U-18 Development Team (USDP/USHL),,0.0,0.0,0.0,0.0,0.0,0.0,,0.0,,,,,,,,,doughja01,2014,0,0.0,0.0,0.0,0.0,,
55.0,Anaheim Ducks,Brandon Montour,CA,D,20.0,2026.0,Waterloo Black Hawks (USHL),621.0,89.0,0.143317230273752,217.0,0.000230784589812805,306.0,0.492753623188406,,22.0,462.0,,,,,,,52.4,montobr01,2014,0,0.143317230273752,0.3494363929146538,0.4927536231884058,0.03542673107890499,0.12673107890499197,
57.0,Tampa Bay Lightning,Johnathan McLeod,US,D,18.0,,USA U-18 Development Team (USDP/USHL),,0.0,0.0,0.0,0.0,0.0,0.0,,0.0,,,,,,,,,maclejo02,2014,0,0.0,0.0,0.0,0.0,,
60.0,Los Angeles Kings,Alex Lintuniemi,FI,D,18.0,,Ottawa 67's (OHL),,0.0,0.0,0.0,0.0,0.0,0.0,,0.0,,,,,,,,,lintual01,2014,0,0.0,0.0,0.0,0.0,,
64.0,Calgary Flames,Brandon Hickey,CA,D,18.0,,Spruce Grove (AJHL),,0.0,0.0,0.0,0.0,0.0,0.0,,0.0,,,,,,,,,hickebr01,2014,0,0.0,0.0,0.0,0.0,,
66.0,Vancouver Canucks,Nikita Tryamkin,RU,D,20.0,2017.0,Avtomobilist Yekaterinburg (Russia),79.0,3.0,0.0379746835443038,8.0,0.000480692196763339,11.0,0.139240506329114,,-10.0,74.0,,,,,,,2.5,tryamni01,2014,0,0.0379746835443038,0.10126582278481013,0.13924050632911392,-0.12658227848101267,0.022151898734177212,
68.0,Toronto Maple Leafs,Rinat Valiev,RU,D,19.0,2018.0,Kootenay Ice (WHL),12.0,0.0,0.0,0.0,0.0,0.0,0.0,,0.0,2.0,,,,,,,0.2,valieri01,2014,0,0.0,0.0,0.0,0.0,0.0,
69.0,Winnipeg Jets,Jack Glover,US,D,18.0,,USA U-18 Development Team (USDP/USHL),,0.0,0.0,0.0,0.0,0.0,0.0,,0.0,,,,,,,,,gloveja01,2014,0,0.0,0.0,0.0,0.0,,
70.0,Ottawa Senators,Miles Gendron,US,D,18.0,,Rivers School (High-MA),,0.0,0.0,0.0,0.0,0.0,0.0,,0.0,,,,,,,,,gendrmi01,2014,0,0.0,0.0,0.0,0.0,,
73.0,Montreal Canadiens,Brett Lernout,CA,D,18.0,2018.0,Swift Current Broncos (WHL),21.0,0.0,0.0,1.0,0.0,1.0,0.0476190476190476,,-6.0,6.0,,,,,,,0.0,lernobr01,2014,0,0.0,0.047619047619047616,0.047619047619047616,-0.2857142857142857,-0.016666666666666666,
74.0,Buffalo Sabres,Brycen Martin,CA,D,18.0,,Swift Current Broncos (WHL),,0.0,0.0,0.0,0.0,0.0,0.0,,0.0,,,,,,,,,martibr01,2014,0,0.0,0.0,0.0,0.0,,
75.0,Dallas Stars,Alexander Peters,CA,D,18.0,,Plymouth Whalers (OHL),,0.0,0.0,0.0,0.0,0.0,0.0,,0.0,,,,,,,,,peteral01,2014,0,0.0,0.0,0.0,0.0,,
77.0,Columbus Blue Jackets,Blake Siebenaler,US,D,18.0,,Niagara IceDogs (OHL),,0.0,0.0,0.0,0.0,0.0,0.0,,0.0,,,,,,,,,siebebl01,2014,0,0.0,0.0,0.0,0.0,,
80.0,Minnesota Wild,Louis Belpedio,US,D,18.0,2024.0,USA U-18 Development Team (USDP/USHL),16.0,2.0,0.125,4.0,0.0078125,6.0,0.375,,6.0,0.0,,,,,,,1.5,belpelo01,2014,0,0.125,0.25,0.375,0.375,0.10500000000000001,
82.0,St. Louis Blues,Jake Walman,CA,D,18.0,2026.0,Toronto (OJHL),284.0,35.0,0.123239436619718,66.0,0.000433941678238444,101.0,0.355633802816901,,0.0,157.0,,,,,,,18.5,walmaja01,2014,0,0.12323943661971831,0.2323943661971831,0.35563380281690143,0.0,0.08890845070422536,
84.0,Colorado Avalanche,Kyle Wood,CA,D,18.0,,North Bay Battalion (OHL),,0.0,0.0,0.0,0.0,0.0,0.0,,0.0,,,,,,,,,woodky01,2014,0,0.0,0.0,0.0,0.0,,
86.0,Philadelphia Flyers,Mark Friedman,CA,D,18.0,2025.0,Waterloo Black Hawks (USHL),93.0,4.0,0.043010752688172,9.0,0.000462481211700774,13.0,0.139784946236559,,3.0,80.0,,,,,,,2.8,friedma01,2014,0,0.043010752688172046,0.0967741935483871,0.13978494623655913,0.03225806451612903,0.038172043010752686,
91.0,Edmonton Oilers,William Lagesson,SE,D,18.0,2025.0,Frolunda HC Jr. (Sweden Jr.),107.0,0.0,0.0,12.0,0.0,12.0,0.11214953271028,,1.0,58.0,,,,,,,2.2,lageswi01,2014,0,0.0,0.11214953271028037,0.11214953271028037,0.009345794392523364,0.028971962616822434,
96.0,Carolina Hurricanes,Josh Wesley,US,D,18.0,,Plymouth Whalers (OHL),,0.0,0.0,0.0,0.0,0.0,0.0,,0.0,,,,,,,,,weslejo01,2014,0,0.0,0.0,0.0,0.0,,
101.0,Winnipeg Jets,Nelson Nogier,CA,D,18.0,2019.0,Saskatoon Blades (WHL),11.0,0.0,0.0,0.0,0.0,0.0,0.0,,-1.0,5.0,,,,,,,-0.1,nogiene01,2014,0,0.0,0.0,0.0,-0.09090909090909091,-0.005000000000000001,
102.0,San Jose Sharks,Alexis Vanier,CA,D,18.0,,Baie-Comeau Drakkar (QMJHL),,0.0,0.0,0.0,0.0,0.0,0.0,,0.0,,,,,,,,,vanieal01,2014,0,0.0,0.0,0.0,0.0,,
104.0,New York Rangers,Ryan Mantha,US,D,18.0,,Indiana Ice (USHL),,0.0,0.0,0.0,0.0,0.0,0.0,,0.0,,,,,,,,,manthry01,2014,0,0.0,0.0,0.0,0.0,,
105.0,Dallas Stars,Michael Prapavessis,CA,D,18.0,,Toronto (OJHL),,0.0,0.0,0.0,0.0,0.0,0.0,,0.0,,,,,,,,,prapami01,2014,0,0.0,0.0,0.0,0.0,,
108.0,New York Islanders,Devon Toews,CA,D,20.0,2026.0,Quinnipiac (ECAC),499.0,63.0,0.12625250501002,224.0,0.000253011032084208,287.0,0.575150300601202,,207.0,138.0,,,,,,,57.8,toewsde01,2014,0,0.12625250501002003,0.44889779559118237,0.5751503006012024,0.4148296593186373,0.18527054108216434,
119.0,Tampa Bay Lightning,Ben Thomas,CA,D,18.0,2021.0,Calgary Hitmen (WHL),5.0,0.0,0.0,0.0,0.0,0.0,0.0,,1.0,0.0,,,,,,,0.1,thomabe01,2014,0,0.0,0.0,0.0,0.2,0.005000000000000001,
120.0,Los Angeles Kings,Steven Johnson,US,D,20.0,,Omaha Lancers (USHL),,0.0,0.0,0.0,0.0,0.0,0.0,,0.0,,,,,,,,,johnsst01,2014,0,0.0,0.0,0.0,0.0,,
123.0,Anaheim Ducks,Matthew Berkovitz,US,D,18.0,,Ashwaubenon HS (High-WI),,0.0,0.0,0.0,0.0,0.0,0.0,,0.0,,,,,,,,,berkoma01,2014,0,0.0,0.0,0.0,0.0,,
125.0,Montreal Canadiens,Nikolas Koberstein,CA,D,18.0,,Olds (AJHL),,0.0,0.0,0.0,0.0,0.0,0.0,,0.0,,,,,,,,,koberni01,2014,0,0.0,0.0,0.0,0.0,,
126.0,Vancouver Canucks,Gustav Forsling,SE,D,18.0,2026.0,Linkoping HC Jr. (Sweden Jr.),502.0,58.0,0.115537848605578,146.0,0.000230155076903542,204.0,0.406374501992032,,164.0,173.0,,,,,,,44.6,forslgu02,2014,0,0.11553784860557768,0.2908366533864542,0.4063745019920319,0.32669322709163345,0.13426294820717133,
131.0,New Jersey Devils,Ryan Rehill,CA,D,18.0,,Kamloops Blazers (WHL),,0.0,0.0,0.0,0.0,0.0,0.0,,0.0,,,,,,,,,rehilry01,2014,0,0.0,0.0,0.0,0.0,,
132.0,Nashville Predators,Joonas Lyytinen,FI,D,19.0,,KalPa (Finland),,0.0,0.0,0.0,0.0,0.0,0.0,,0.0,,,,,,,,,lyytijo01,2014,0,0.0,0.0,0.0,0.0,,
133.0,Arizona Coyotes,Dysin Mayo,CA,D,18.0,2026.0,Edmonton Oil Kings (WHL),83.0,4.0,0.0481927710843373,8.0,0.000580635796196835,12.0,0.144578313253012,,-31.0,35.0,,,,,,,1.0,mayody01,2014,0,0.04819277108433735,0.0963855421686747,0.14457831325301204,-0.37349397590361444,-0.0012048192771084362,
135.0,Dallas Stars,Miro Karjalainen,FI,D,18.0,,Jokerit Jr. (Finland Jr.),,0.0,0.0,0.0,0.0,0.0,0.0,,0.0,,,,,,,,,karjami01,2014,0,0.0,0.0,0.0,0.0,,
139.0,Minnesota Wild,Tanner Faith,CA,D,18.0,,Kootenay Ice (WHL),,0.0,0.0,0.0,0.0,0.0,0.0,,0.0,,,,,,,,,faithta01,2014,0,0.0,0.0,0.0,0.0,,
140.0,New York Rangers,Daniel Walcott,CA,D,20.0,2021.0,Blainville-Boisbriand Armada (QMJHL),1.0,0.0,0.0,0.0,0.0,0.0,0.0,,-1.0,5.0,,,,,,,-0.1,walcoda01,2014,0,0.0,0.0,0.0,-1.0,-0.005000000000000001,
141.0,Chicago Blackhawks,Luc Snuggerud,US,D,18.0,,Eden Priarie HS (High-MN),,0.0,0.0,0.0,0.0,0.0,0.0,,0.0,,,,,,,,,snugglu01,2014,0,0.0,0.0,0.0,0.0,,
142.0,New York Rangers,Tyler Nanne,US,D,18.0,,Edina HS (High-MN),,0.0,0.0,0.0,0.0,0.0,0.0,,0.0,,,,,,,,,nannety01,2014,0,0.0,0.0,0.0,0.0,,
144.0,Colorado Avalanche,Anton Lindholm,SE,D,19.0,2020.0,Skelleftea AIK Jr. (Sweden Jr.),66.0,0.0,0.0,5.0,0.0,5.0,0.0757575757575758,,-4.0,16.0,,,,,,,1.0,lindhan01,2014,0,0.0,0.07575757575757576,0.07575757575757576,-0.06060606060606061,0.012878787878787878,
148.0,Chicago Blackhawks,Andreas Soderberg,SE,D,18.0,,Skelleftea AIK Jr. (Sweden Jr.),,0.0,0.0,0.0,0.0,0.0,0.0,,0.0,,,,,,,,,soderan01,2014,0,0.0,0.0,0.0,0.0,,
154.0,Dallas Stars,Aaron Haydon,US,D,18.0,,Niagara IceDogs (OHL),,0.0,0.0,0.0,0.0,0.0,0.0,,0.0,,,,,,,,,haydoaa01,2014,0,0.0,0.0,0.0,0.0,,
160.0,Minnesota Wild,Pontus Sjalin,SE,D,18.0,,Ostersunds IK (Sweden-3),,0.0,0.0,0.0,0.0,0.0,0.0,,0.0,,,,,,,,,sjalipo01,2014,0,0.0,0.0,0.0,0.0,,
162.0,Nashville Predators,Aaron Irving,CA,D,18.0,,Edmonton Oil Kings (WHL),,0.0,0.0,0.0,0.0,0.0,0.0,,0.0,,,,,,,,,irvinaa01,2014,0,0.0,0.0,0.0,0.0,,
163.0,Arizona Coyotes,David Westlund,SE,D,19.0,,Brynas IF Jr. (Sweden Jr.),,0.0,0.0,0.0,0.0,0.0,0.0,,0.0,,,,,,,,,westlda01,2014,0,0.0,0.0,0.0,0.0,,
175.0,Calgary Flames,Adam Ollas-Mattsson,SE,D,18.0,,Djurgardens IF Jr. (Sweden Jr.),,0.0,0.0,0.0,0.0,0.0,0.0,,0.0,,,,,,,,,ollasad01,2014,0,0.0,0.0,0.0,0.0,,
186.0,Vancouver Canucks,Mackenze Stewart,CA,D,19.0,,Prince Albert Raiders (WHL),,0.0,0.0,0.0,0.0,0.0,0.0,,0.0,,,,,,,,,stewama01,2014,0,0.0,0.0,0.0,0.0,,
187.0,Carolina Hurricanes,Kyle Jenkins,CA,D,18.0,,Soo Greyhounds (OHL),,0.0,0.0,0.0,0.0,0.0,0.0,,0.0,,,,,,,,,jenkiky01,2014,0,0.0,0.0,0.0,0.0,,
189.0,Ottawa Senators,Kelly Summers,CA,D,18.0,,Carleton Place (CCHL),,0.0,0.0,0.0,0.0,0.0,0.0,,0.0,,,,,,,,,summeke01,2014,0,0.0,0.0,0.0,0.0,,
195.0,Dallas Stars,Patrick Sanvido,CA,D,18.0,,Windsor Spitfires (OHL),,0.0,0.0,0.0,0.0,0.0,0.0,,0.0,,,,,,,,,sanvipa01,2014,0,0.0,0.0,0.0,0.0,,
197.0,Columbus Blue Jackets,Olivier Leblanc,CA,D,18.0,,Saint John Sea Dogs (QMJHL),,0.0,0.0,0.0,0.0,0.0,0.0,,0.0,,,,,,,,,leblaol01,2014,0,0.0,0.0,0.0,0.0,,
198.0,Philadelphia Flyers,Jesper Pettersson,SE,D,20.0,,Linkoping HC (Sweden),,0.0,0.0,0.0,0.0,0.0,0.0,,0.0,,,,,,,,,petteje01,2014,0,0.0,0.0,0.0,0.0,,
203.0,Pittsburgh Penguins,Jeff Taylor,US,D,20.0,,Union (ECAC),,0.0,0.0,0.0,0.0,0.0,0.0,,0.0,,,,,,,,,tayloje01,2014,0,0.0,0.0,0.0,0.0,,
206.0,Boston Bruins,Emil Johansson,SE,D,18.0,,HV71 Jr. (Sweden Jr.),,0.0,0.0,0.0,0.0,0.0,0.0,,0.0,,,,,,,,,johanem01,2014,0,0.0,0.0,0.0,0.0,,
210.0,Los Angeles Kings,Jacob Middleton,CA,D,18.0,2026.0,Ottawa 67's (OHL),331.0,22.0,0.0664652567975831,61.0,0.000200801380053121,83.0,0.250755287009063,,21.0,317.0,,,,,,,18.9,middlja01,2014,0,0.06646525679758308,0.18429003021148035,0.25075528700906347,0.0634441087613293,0.06903323262839879,
4.0,Nashville Predators,Seth Jones,US,D,18.0,2026.0,Portland Winterhawks (WHL),885.0,102.0,0.115254237288136,352.0,0.000130230776596764,454.0,0.512994350282486,,-145.0,318.0,,,,,,,69.6,jonesse01,2013,0,0.1152542372881356,0.3977401129943503,0.5129943502824859,-0.1638418079096045,0.11186440677966102,
7.0,Edmonton Oilers,Darnell Nurse,CA,D,18.0,2026.0,Soo Greyhounds (OHL),743.0,86.0,0.115746971736205,224.0,0.000155783272861649,310.0,0.417227456258412,,68.0,662.0,,,,,,,58.2,nurseda01,2013,0,0.11574697173620457,0.30148048452220727,0.41722745625841184,0.09152086137281291,0.11345895020188425,
8.0,Buffalo Sabres,Rasmus Ristolainen,FI,D,18.0,2025.0,TPS (Finland),776.0,56.0,0.0721649484536082,248.0,9.29960675948559e-05,304.0,0.391752577319588,,-179.0,383.0,,,,,,,45.8,ristora01,2013,0,0.07216494845360824,0.31958762886597936,0.3917525773195876,-0.23067010309278352,0.07487113402061855,
11.0,Philadelphia Flyers,Samuel Morin,CA,D,18.0,2021.0,Rimouski Oceanic (QMJHL),29.0,1.0,0.0344827586206897,0.0,0.00118906064209275,1.0,0.0344827586206897,,-10.0,45.0,,,,,,,-0.3,morinsa01,2013,0,0.034482758620689655,0.0,0.034482758620689655,-0.3448275862068966,-0.025862068965517248,
13.0,Winnipeg Jets,Josh Morrissey,CA,D,18.0,2026.0,Prince Albert Raiders (WHL),687.0,85.0,0.12372634643377,312.0,0.000180096574139403,397.0,0.577874818049491,,91.0,327.0,,,,,,,67.2,morrijo04,2013,0,0.12372634643377002,0.45414847161572053,0.5778748180494906,0.1324599708879185,0.1577147016011645,
15.0,New York Islanders,Ryan Pulock,CA,D,18.0,2026.0,Brandon Wheat Kings (WHL),587.0,53.0,0.0902896081771721,172.0,0.000153815346128061,225.0,0.383304940374787,,63.0,109.0,,,,,,,45.3,pulocry01,2013,0,0.09028960817717206,0.293015332197615,0.3833049403747871,0.10732538330494037,0.1065587734241908,
16.0,Buffalo Sabres,Nikita Zadorov,RU,D,18.0,2026.0,London Knights (OHL),751.0,52.0,0.0692410119840213,125.0,9.21984180879112e-05,177.0,0.235685752330226,,39.0,908.0,,,,,,,38.1,zadorni01,2013,0,0.0692410119840213,0.16644474034620507,0.23568575233022637,0.05193075898801598,0.06411451398135819,
18.0,San Jose Sharks,Mirco Mueller,CH,D,18.0,2020.0,Everett Silvertips (WHL),185.0,5.0,0.027027027027027,23.0,0.00014609203798393,28.0,0.151351351351351,,-25.0,61.0,,,,,,,4.9,muellmi01,2013,0,0.02702702702702703,0.12432432432432433,0.15135135135135136,-0.13513513513513514,0.024324324324324326,
26.0,Anaheim Ducks,Shea Theodore,CA,D,18.0,2026.0,Seattle Thunderbirds (WHL),590.0,81.0,0.13728813559322,298.0,0.000232691755242746,379.0,0.642372881355932,,89.0,183.0,,,,,,,63.7,theodsh01,2013,0,0.13728813559322034,0.5050847457627119,0.6423728813559322,0.15084745762711865,0.17567796610169492,
31.0,Florida Panthers,Ian McCoshen,US,D,18.0,2019.0,Waterloo Black Hawks (USHL),60.0,4.0,0.0666666666666667,3.0,0.00111111111111111,7.0,0.116666666666667,,-12.0,33.0,,,,,,,1.0,mccosia01,2013,0,0.06666666666666667,0.05,0.11666666666666667,-0.2,0.009166666666666663,
32.0,Colorado Avalanche,Chris Bigras,CA,D,18.0,2018.0,Owen Sound Attack (OHL),46.0,1.0,0.0217391304347826,3.0,0.000472589792060491,4.0,0.0869565217391304,,-4.0,18.0,,,,,,,0.8,bigrach01,2013,0,0.021739130434782608,0.06521739130434782,0.08695652173913043,-0.08695652173913043,0.013043478260869565,
41.0,Philadelphia Flyers,Robert Hagg,SE,D,18.0,2025.0,MODO Hockey Jr. (Sweden Jr.),345.0,16.0,0.0463768115942029,47.0,0.000134425540852762,63.0,0.182608695652174,,-5.0,208.0,,,,,,,12.2,haggro01,2013,0,0.0463768115942029,0.13623188405797101,0.1826086956521739,-0.014492753623188406,0.04420289855072464,
42.0,New Jersey Devils,Steven Santini,US,D,18.0,2026.0,USA U-18 Development Team (USDP/USHL),131.0,5.0,0.0381679389312977,19.0,0.000291358312452654,24.0,0.183206106870229,,-8.0,57.0,,,,,,,5.0,santist01,2013,0,0.03816793893129771,0.1450381679389313,0.183206106870229,-0.061068702290076333,0.03969465648854962,
46.0,Minnesota Wild,Gustav Olofsson,SE,D,18.0,2024.0,Green Bay Gamblers (USHL),63.0,0.0,0.0,11.0,0.0,11.0,0.174603174603175,,-4.0,18.0,,,,,,,1.4,olofsgu01,2013,0,0.0,0.1746031746031746,0.1746031746031746,-0.06349206349206349,0.0373015873015873,
47.0,St. Louis Blues,Thomas Vannelli,US,D,18.0,,Minnetonka HS (High-MN),,0.0,0.0,0.0,0.0,0.0,0.0,,0.0,,,,,,,,,vanneth01,2013,0,0.0,0.0,0.0,0.0,,
50.0,Columbus Blue Jackets,Dillon Heatherington,CA,D,18.0,2023.0,Swift Current Broncos (WHL),23.0,0.0,0.0,2.0,0.0,2.0,0.0869565217391304,,3.0,33.0,,,,,,,0.8,heathdi01,2013,0,0.0,0.08695652173913043,0.08695652173913043,0.13043478260869565,0.034782608695652174,
51.0,Chicago Blackhawks,Carl Dahlstrom,SE,D,18.0,2022.0,Linkoping HC Jr. (Sweden Jr.),67.0,0.0,0.0,12.0,0.0,12.0,0.17910447761194,,5.0,14.0,,,,,,,2.2,dahlsca01,2013,0,0.0,0.1791044776119403,0.1791044776119403,0.07462686567164178,0.05223880597014925,
53.0,Washington Capitals,Madison Bowey,CA,D,18.0,2022.0,Kelowna Rockets (WHL),158.0,5.0,0.0316455696202532,35.0,0.000200288415318058,40.0,0.253164556962025,,-22.0,104.0,,,,,,,5.3,boweyma01,2013,0,0.03164556962025317,0.22151898734177214,0.25316455696202533,-0.13924050632911392,0.04936708860759494,
60.0,Boston Bruins,Linus Arnesson,SE,D,18.0,,Djurgardens IF (Sweden-2),,0.0,0.0,0.0,0.0,0.0,0.0,,0.0,,,,,,,,,arnesli01,2013,0,0.0,0.0,0.0,0.0,,
64.0,Nashville Predators,Jonathan Diaby,CA,D,18.0,,Victoriaville Tigres (QMJHL),,0.0,0.0,0.0,0.0,0.0,0.0,,0.0,,,,,,,,,diabyjo01,2013,0,0.0,0.0,0.0,0.0,,
66.0,Carolina Hurricanes,Brett Pesce,US,D,18.0,2026.0,New Hampshire (H-East),708.0,42.0,0.0593220338983051,176.0,8.37881834721823e-05,218.0,0.307909604519774,,90.0,258.0,,,,,,,50.9,pescebr01,2013,0,0.059322033898305086,0.24858757062146894,0.307909604519774,0.1271186440677966,0.08968926553672316,
67.0,Calgary Flames,Keegan Kanzig,CA,D,18.0,,Victoria Royals (WHL),,0.0,0.0,0.0,0.0,0.0,0.0,,0.0,,,,,,,,,kanzike01,2013,0,0.0,0.0,0.0,0.0,,
68.0,Dallas Stars,Niklas Hansson,SE,D,18.0,,Rogle BK Jr. (Sweden Jr.),,0.0,0.0,0.0,0.0,0.0,0.0,,0.0,,,,,,,,,hanssni01,2013,0,0.0,0.0,0.0,0.0,,
87.0,Anaheim Ducks,Keaton Thompson,US,D,18.0,,USA U-18 Development Team (USDP/USHL),,0.0,0.0,0.0,0.0,0.0,0.0,,0.0,,,,,,,,,thompke02,2013,0,0.0,0.0,0.0,0.0,,
93.0,Colorado Avalanche,Mason Geertsen,CA,D,18.0,2026.0,Vancouver Giants (WHL),30.0,0.0,0.0,0.0,0.0,0.0,0.0,,-7.0,89.0,,,,,,,-0.3,geertma01,2013,0,0.0,0.0,0.0,-0.23333333333333334,-0.023333333333333334,
97.0,Florida Panthers,Michael Downing,US,D,18.0,,Dubuque Fighting Saints (USHL),,0.0,0.0,0.0,0.0,0.0,0.0,,0.0,,,,,,,,,downimi01,2013,0,0.0,0.0,0.0,0.0,,
107.0,Minnesota Wild,Dylan Labbe,CA,D,18.0,,Shawinigan Cataractes (QMJHL),,0.0,0.0,0.0,0.0,0.0,0.0,,0.0,,,,,,,,,labbedy01,2013,0,0.0,0.0,0.0,0.0,,
108.0,Ottawa Senators,Ben Harpur,CA,D,18.0,2023.0,Guelph Storm (OHL),198.0,2.0,0.0101010101010101,19.0,5.1015202530354e-05,21.0,0.106060606060606,,-42.0,143.0,,,,,,,2.0,harpube01,2013,0,0.010101010101010102,0.09595959595959595,0.10606060606060606,-0.21212121212121213,0.005303030303030299,
110.0,New York Rangers,Ryan Graves,CA,D,18.0,2026.0,Prince Edward Island Rocket (QMJHL),444.0,33.0,0.0743243243243243,86.0,0.000167397126856586,119.0,0.268018018018018,,79.0,217.0,,,,,,,27.1,gravery01,2013,0,0.07432432432432433,0.19369369369369369,0.268018018018018,0.17792792792792791,0.08479729729729729,
111.0,Chicago Blackhawks,Robin Norell,SE,D,18.0,,Djurgardens IF Jr. (Sweden Jr.),,0.0,0.0,0.0,0.0,0.0,0.0,,0.0,,,,,,,,,norelro01,2013,0,0.0,0.0,0.0,0.0,,
114.0,Winnipeg Jets,Jan Kostalek,CZ,D,18.0,,Rimouski Oceanic (QMJHL),,0.0,0.0,0.0,0.0,0.0,0.0,,0.0,,,,,,,,,kostaja02,2013,0,0.0,0.0,0.0,0.0,,
115.0,Vancouver Canucks,Jordan Subban,CA,D,18.0,,Belleville Bulls (OHL),,0.0,0.0,0.0,0.0,0.0,0.0,,0.0,,,,,,,,,subbajo01,2013,0,0.0,0.0,0.0,0.0,,
119.0,Pittsburgh Penguins,Ryan Segalla,US,D,18.0,,Salisbury School (High-CT),,0.0,0.0,0.0,0.0,0.0,0.0,,0.0,,,,,,,,,segalry01,2013,0,0.0,0.0,0.0,0.0,,
123.0,Colorado Avalanche,Will Butcher,US,D,18.0,2022.0,USA U-18 Development Team (USDP/USHL),275.0,16.0,0.0581818181818182,98.0,0.000211570247933884,114.0,0.414545454545455,,-37.0,34.0,,,,,,,16.1,butchwi01,2013,0,0.05818181818181818,0.3563636363636364,0.41454545454545455,-0.13454545454545455,0.09018181818181818,
127.0,Winnipeg Jets,Tucker Poolman,US,D,20.0,2023.0,Omaha Lancers (USHL),163.0,6.0,0.0368098159509202,17.0,0.000225827091723437,23.0,0.141104294478528,,2.0,38.0,,,,,,,5.5,poolmtu01,2013,0,0.03680981595092025,0.10429447852760736,0.1411042944785276,0.012269938650306749,0.036503067484662574,
132.0,Philadelphia Flyers,Terrance Amorosa,CA,D,18.0,,Holderness School (High-NH),,0.0,0.0,0.0,0.0,0.0,0.0,,0.0,,,,,,,,,amorote01,2013,0,0.0,0.0,0.0,0.0,,
133.0,Phoenix Coyotes,Connor Clifton,US,D,18.0,2026.0,USA U-18 Development Team (USDP/USHL),393.0,15.0,0.0381679389312977,62.0,9.71194374842181e-05,77.0,0.195928753180662,,42.0,296.0,,,,,,,17.7,cliftco01,2013,0,0.03816793893129771,0.15776081424936386,0.19592875318066158,0.10687022900763359,0.059669211195928745,
135.0,Calgary Flames,Eric Roy,CA,D,18.0,,Brandon Wheat Kings (WHL),,0.0,0.0,0.0,0.0,0.0,0.0,,0.0,,,,,,,,,royer03,2013,0,0.0,0.0,0.0,0.0,,
137.0,Minnesota Wild,Carson Soucy,CA,D,19.0,2026.0,Spruce Grove (AJHL),389.0,30.0,0.077120822622108,62.0,0.000198254042730355,92.0,0.236503856041131,,66.0,254.0,,,,,,,22.4,soucyca01,2013,0,0.07712082262210797,0.15938303341902313,0.2365038560411311,0.16966580976863754,0.07609254498714653,
139.0,Detroit Red Wings,Mitchell Wheaton,CA,D,18.0,,Kelowna Rockets (WHL),,0.0,0.0,0.0,0.0,0.0,0.0,,0.0,,,,,,,,,wheatmi01,2013,0,0.0,0.0,0.0,0.0,,
140.0,Nashville Predators,Teemu Kivihalme,US,D,18.0,,Burnsville HS (High-MN),,0.0,0.0,0.0,0.0,0.0,0.0,,0.0,,,,,,,,,kivihte01,2013,0,0.0,0.0,0.0,0.0,,
141.0,San Jose Sharks,Michael Brodzinski,US,D,18.0,,Muskegon Lumberjacks (USHL),,0.0,0.0,0.0,0.0,0.0,0.0,,0.0,,,,,,,,,brodzmi01,2013,0,0.0,0.0,0.0,0.0,,
143.0,Buffalo Sabres,Anthony Florentino,US,D,18.0,,Selects Academy 18U AAA (18U AAA),,0.0,0.0,0.0,0.0,0.0,0.0,,0.0,,,,,,,,,florean01,2013,0,0.0,0.0,0.0,0.0,,
144.0,Washington Capitals,Blake Heinrich,US,D,18.0,,Sioux City Musketeers (USHL),,0.0,0.0,0.0,0.0,0.0,0.0,,0.0,,,,,,,,,heinrbl01,2013,0,0.0,0.0,0.0,0.0,,
145.0,Vancouver Canucks,Anton Cederholm,SE,D,18.0,,Rogle BK Jr. (Sweden Jr.),,0.0,0.0,0.0,0.0,0.0,0.0,,0.0,,,,,,,,,cederan01,2013,0,0.0,0.0,0.0,0.0,,
150.0,Boston Bruins,Wiley Sherman,US,D,18.0,,Hotchkiss School (High-CT),,0.0,0.0,0.0,0.0,0.0,0.0,,0.0,,,,,,,,,shermwi01,2013,0,0.0,0.0,0.0,0.0,,
151.0,San Jose Sharks,Gage Ausmus,US,D,18.0,,USA U-18 Development Team (USDP/USHL),,0.0,0.0,0.0,0.0,0.0,0.0,,0.0,,,,,,,,,ausmuga01,2013,0,0.0,0.0,0.0,0.0,,
152.0,Florida Panthers,Joshua Brown,CA,D,19.0,2025.0,Oshawa Generals (OHL),300.0,11.0,0.0366666666666667,24.0,0.000122222222222222,35.0,0.116666666666667,,-28.0,307.0,,,,,,,5.9,brownjo01,2013,0,0.03666666666666667,0.08,0.11666666666666667,-0.09333333333333334,0.019833333333333335,
153.0,Colorado Avalanche,Ben Storm,US,D,19.0,,Muskegon Lumberjacks (USHL),,0.0,0.0,0.0,0.0,0.0,0.0,,0.0,,,,,,,,,stormbe01,2013,0,0.0,0.0,0.0,0.0,,
156.0,Carolina Hurricanes,Tyler Ganly,CA,D,18.0,,Soo Greyhounds (OHL),,0.0,0.0,0.0,0.0,0.0,0.0,,0.0,,,,,,,,,ganlyty01,2013,0,0.0,0.0,0.0,0.0,,
158.0,Edmonton Oilers,Ben Betker,CA,D,18.0,,Everett Silvertips (WHL),,0.0,0.0,0.0,0.0,0.0,0.0,,0.0,,,,,,,,,betkebe01,2013,0,0.0,0.0,0.0,0.0,,
164.0,Pittsburgh Penguins,Dane Birks,CA,D,18.0,,Merritt (BCHL),,0.0,0.0,0.0,0.0,0.0,0.0,,0.0,,,,,,,,,birksda01,2013,0,0.0,0.0,0.0,0.0,,
169.0,Detroit Red Wings,Marc McNulty,CA,D,18.0,,Prince George Cougars (WHL),,0.0,0.0,0.0,0.0,0.0,0.0,,0.0,,,,,,,,,mcnulma01,2013,0,0.0,0.0,0.0,0.0,,
173.0,St. Louis Blues,Santeri Saari,FI,D,18.0,,Jokerit Jr. (Finland Jr.),,0.0,0.0,0.0,0.0,0.0,0.0,,0.0,,,,,,,,,saarisa01,2013,0,0.0,0.0,0.0,0.0,,
175.0,Vancouver Canucks,Mike Williamson,CA,D,20.0,,Spruce Grove (AJHL),,0.0,0.0,0.0,0.0,0.0,0.0,,0.0,,,,,,,,,willimi01,2013,0,0.0,0.0,0.0,0.0,,
178.0,Los Angeles Kings,Zachary Leslie,CA,D,19.0,,Guelph Storm (OHL),,0.0,0.0,0.0,0.0,0.0,0.0,,0.0,,,,,,,,,lesliza01,2013,0,0.0,0.0,0.0,0.0,,
182.0,Dallas Stars,Aleksi Makela,FI,D,18.0,,Ilves Jr. (Finland Jr.),,0.0,0.0,0.0,0.0,0.0,0.0,,0.0,,,,,,,,,makelal01,2013,0,0.0,0.0,0.0,0.0,,
183.0,Colorado Avalanche,Wilhelm Westlund,SE,D,18.0,,Farjestad BK Jr. (Sweden Jr.),,0.0,0.0,0.0,0.0,0.0,0.0,,0.0,,,,,,,,,westlwi01,2013,0,0.0,0.0,0.0,0.0,,
187.0,Calgary Flames,Rushan Rafikov,RU,D,18.0,,Loko Yaroslavl (Russia Jr.),,0.0,0.0,0.0,0.0,0.0,0.0,,0.0,,,,,,,,,rafikru01,2013,0,0.0,0.0,0.0,0.0,,
190.0,Winnipeg Jets,Brenden Kichton,CA,D,21.0,,Spokane Chiefs (WHL),,0.0,0.0,0.0,0.0,0.0,0.0,,0.0,,,,,,,,,kichtbr01,2013,0,0.0,0.0,0.0,0.0,,
192.0,Philadelphia Flyers,David Drake,US,D,18.0,,Des Moines Buccaneers (USHL),,0.0,0.0,0.0,0.0,0.0,0.0,,0.0,,,,,,,,,drakeda02,2013,0,0.0,0.0,0.0,0.0,,
194.0,Winnipeg Jets,Marcus Karlstrom,SE,D,18.0,,AIK Jr. (Sweden Jr.),,0.0,0.0,0.0,0.0,0.0,0.0,,0.0,,,,,,,,,karlsma02,2013,0,0.0,0.0,0.0,0.0,,
196.0,New York Islanders,Kyle Burroughs,CA,D,18.0,2025.0,Regina Pats (WHL),201.0,5.0,0.0248756218905473,17.0,0.000123759312888295,22.0,0.109452736318408,,-45.0,216.0,,,,,,,2.9,burroky01,2013,0,0.024875621890547265,0.0845771144278607,0.10945273631840796,-0.22388059701492538,0.004975124378109451,
197.0,Minnesota Wild,Nolan De Jong,CA,D,18.0,,Victoria (BCHL),,0.0,0.0,0.0,0.0,0.0,0.0,,0.0,,,,,,,,,dejonno01,2013,0,0.0,0.0,0.0,0.0,,
198.0,Calgary Flames,John Gilmour,CA,D,20.0,2020.0,Providence (H-East),37.0,2.0,0.0540540540540541,3.0,0.0014609203798393,5.0,0.135135135135135,,-16.0,18.0,,,,,,,0.1,gilmojo01,2013,0,0.05405405405405406,0.08108108108108109,0.13513513513513514,-0.43243243243243246,-0.00945945945945946,
204.0,Washington Capitals,Tyler Lewington,CA,D,18.0,2022.0,Medicine Hat Tigers (WHL),12.0,1.0,0.0833333333333333,2.0,0.00694444444444444,3.0,0.25,,4.0,40.0,,,,,,,0.8,lewinty01,2013,0,0.08333333333333333,0.16666666666666666,0.25,0.3333333333333333,0.057499999999999996,
205.0,Vancouver Canucks,Miles Liberati,US,D,18.0,,London Knights (OHL),,0.0,0.0,0.0,0.0,0.0,0.0,,0.0,,,,,,,,,libermi01,2013,0,0.0,0.0,0.0,0.0,,
206.0,Florida Panthers,MacKenzie Weegar,CA,D,19.0,2026.0,Halifax Mooseheads (QMJHL),578.0,60.0,0.103806228373702,196.0,0.000179595550819554,256.0,0.442906574394464,,90.0,421.0,,,,,,,47.5,weegama01,2013,0,0.10380622837370242,0.3391003460207612,0.4429065743944637,0.15570934256055363,0.12629757785467127,
211.0,Chicago Blackhawks,Robin Press,SE,D,18.0,,Sodertalje SK (Sweden-2),,0.0,0.0,0.0,0.0,0.0,0.0,,0.0,,,,,,,,,pressro01,2013,0,0.0,0.0,0.0,0.0,,
2.0,Columbus Blue Jackets,Ryan Murray,CA,D,18.0,2023.0,Everett Silvertips (WHL),445.0,15.0,0.0337078651685393,116.0,7.57480116146951e-05,131.0,0.29438202247191,,9.0,118.0,,,,,,,23.4,murrary01,2012,0,0.033707865168539325,0.2606741573033708,0.2943820224719101,0.020224719101123594,0.0756179775280899,
4.0,New York Islanders,Griffin Reinhart,CA,D,18.0,2016.0,Edmonton Oil Kings (WHL),37.0,0.0,0.0,2.0,0.0,2.0,0.0540540540540541,,-5.0,26.0,,,,,,,0.4,reinhgr01,2012,0,0.0,0.05405405405405406,0.05405405405405406,-0.13513513513513514,0.0,
5.0,Toronto Maple Leafs,Morgan Rielly,CA,D,18.0,2026.0,Moose Jaw Warriors (WHL),898.0,91.0,0.101336302895323,442.0,0.000112846662466952,533.0,0.593541202672606,,-26.0,254.0,,,,,,,72.9,riellmo01,2012,0,0.10133630289532294,0.4922048997772829,0.5935412026726058,-0.028953229398663696,0.1454899777282851,
6.0,Anaheim Ducks,Hampus Lindholm,SE,D,18.0,2026.0,Rogle BK Jr. (Sweden Jr.),782.0,74.0,0.0946291560102302,249.0,0.000121009150908223,323.0,0.41304347826087,,140.0,465.0,,,,,,,68.5,lindhha01,2012,0,0.09462915601023018,0.31841432225063937,0.41304347826086957,0.17902813299232737,0.12116368286445012,
7.0,Minnesota Wild,Mathew Dumba,CA,D,18.0,2026.0,Red Deer Rebels (WHL),747.0,85.0,0.113788487282463,176.0,0.000152327292212133,261.0,0.349397590361446,,3.0,558.0,,,,,,,48.3,dumbama01,2012,0,0.11378848728246319,0.23560910307898258,0.3493975903614458,0.004016064257028112,0.08775100401606425,
8.0,Pittsburgh Penguins,Derrick Pouliot,CA,D,18.0,2024.0,Portland Winterhawks (WHL),226.0,8.0,0.0353982300884956,46.0,0.000156629336674759,54.0,0.238938053097345,,-31.0,91.0,,,,,,,7.8,poulide01,2012,0,0.035398230088495575,0.20353982300884957,0.23893805309734514,-0.13716814159292035,0.04601769911504426,
9.0,Winnipeg Jets,Jacob Trouba,US,D,18.0,2026.0,USA U-18 Development Team (USDP/USHL),851.0,78.0,0.0916568742655699,258.0,0.000107704905129929,336.0,0.394829612220917,,62.0,674.0,,,,,,,61.0,troubja01,2012,0,0.09165687426556991,0.30317273795534666,0.39482961222091656,0.07285546415981199,0.10599294947121034,
10.0,Tampa Bay Lightning,Slater Koekkoek,CA,D,18.0,2022.0,Peterborough Petes (OHL),186.0,8.0,0.043010752688172,26.0,0.000231240605850387,34.0,0.182795698924731,,1.0,104.0,,,,,,,5.9,koekksl01,2012,0,0.043010752688172046,0.13978494623655913,0.1827956989247312,0.005376344086021506,0.046236559139784944,
15.0,Ottawa Senators,Cody Ceci,CA,D,18.0,2026.0,Ottawa 67's (OHL),897.0,53.0,0.0590858416945373,188.0,6.58705035613571e-05,241.0,0.268673355629877,,-4.0,198.0,,,,,,,42.3,cecico01,2012,0,0.059085841694537344,0.20958751393534003,0.2686733556298774,-0.004459308807134894,0.06672240802675586,
22.0,Pittsburgh Penguins,Olli Maatta,FI,D,18.0,2026.0,London Knights (OHL),777.0,42.0,0.0540540540540541,154.0,6.95676371352048e-05,196.0,0.252252252252252,,81.0,178.0,,,,,,,43.3,maattol01,2012,0,0.05405405405405406,0.1981981981981982,0.25225225225225223,0.10424710424710425,0.07348777348777348,
23.0,Florida Panthers,Michael Matheson,CA,D,18.0,2026.0,Dubuque Fighting Saints (USHL),652.0,78.0,0.119631901840491,202.0,0.000183484512025293,280.0,0.429447852760736,,-22.0,378.0,,,,,,,45.7,mathemi01,2012,0,0.1196319018404908,0.3098159509202454,0.4294478527607362,-0.03374233128834356,0.1039877300613497,
25.0,St. Louis Blues,Jordan Schmaltz,US,D,18.0,2019.0,Green Bay Gamblers (USHL),42.0,0.0,0.0,5.0,0.0,5.0,0.119047619047619,,-7.0,12.0,,,,,,,0.5,schmajo01,2012,0,0.0,0.11904761904761904,0.11904761904761904,-0.16666666666666666,0.013095238095238094,
28.0,New York Rangers,Brady Skjei,US,D,18.0,2026.0,USA U-18 Development Team (USDP/USHL),717.0,78.0,0.108786610878661,208.0,0.000151724701364939,286.0,0.398884239888424,,-18.0,386.0,,,,,,,50.2,skjeibr01,2012,0,0.1087866108786611,0.2900976290097629,0.398884239888424,-0.02510460251046025,0.09721059972105997,
34.0,New York Islanders,Ville Pokka,FI,D,18.0,,Karpat (Finland),,0.0,0.0,0.0,0.0,0.0,0.0,,0.0,,,,,,,,,pokkavi01,2012,0,0.0,0.0,0.0,0.0,,
35.0,Toronto Maple Leafs,Matt Finn,CA,D,18.0,,Guelph Storm (OHL),,0.0,0.0,0.0,0.0,0.0,0.0,,0.0,,,,,,,,,finnma01,2012,0,0.0,0.0,0.0,0.0,,
40.0,Tampa Bay Lightning,Dylan Blujus,US,D,18.0,,Brampton Battalion (OHL),,0.0,0.0,0.0,0.0,0.0,0.0,,0.0,,,,,,,,,blujudy01,2012,0,0.0,0.0,0.0,0.0,,
42.0,Calgary Flames,Patrick Sieloff,US,D,18.0,2018.0,USA U-18 Development Team (USDP/USHL),2.0,2.0,1.0,0.0,0.5,2.0,1.0,,-1.0,2.0,,,,,,,0.4,sielopa01,2012,0,1.0,0.0,1.0,-0.5,0.020000000000000004,
43.0,Dallas Stars,Ludwig Bystrom,SE,D,18.0,,MODO Hockey Jr. (Sweden Jr.),,0.0,0.0,0.0,0.0,0.0,0.0,,0.0,,,,,,,,,bystrlu01,2012,0,0.0,0.0,0.0,0.0,,
44.0,Buffalo Sabres,Jake McCabe,US,D,18.0,2026.0,Wisconsin (WCHA),669.0,38.0,0.0568011958146487,147.0,8.49046275256333e-05,185.0,0.276532137518685,,16.0,411.0,,,,,,,37.7,mccabja01,2012,0,0.05680119581464873,0.21973094170403587,0.2765321375186846,0.02391629297458894,0.07152466367713005,
48.0,Chicago Blackhawks,Dillon Fournier,CA,D,18.0,,Rouyn-Noranda Huskies (QMJHL),,0.0,0.0,0.0,0.0,0.0,0.0,,0.0,,,,,,,,,fourndi01,2012,0,0.0,0.0,0.0,0.0,,
51.0,Montreal Canadiens,Dalton Thrower,CA,D,18.0,,Saskatoon Blades (WHL),,0.0,0.0,0.0,0.0,0.0,0.0,,0.0,,,,,,,,,throwda01,2012,0,0.0,0.0,0.0,0.0,,
60.0,New Jersey Devils,Damon Severson,CA,D,18.0,2026.0,Kelowna Rockets (WHL),810.0,74.0,0.091358024691358,250.0,0.000112787684804146,324.0,0.4,,-120.0,500.0,,,,,,,48.4,severda01,2012,0,0.09135802469135802,0.30864197530864196,0.4,-0.14814814814814814,0.08518518518518517,
65.0,New York Islanders,Adam Pelech,CA,D,18.0,2026.0,Erie Otters (OHL),587.0,26.0,0.0442930153321976,137.0,7.54565848930112e-05,163.0,0.277683134582624,,86.0,241.0,,,,,,,36.9,pelecad01,2012,0,0.044293015332197615,0.23339011925042588,0.2776831345826235,0.1465076660988075,0.08407155025553663,
68.0,Minnesota Wild,John Draeger,US,D,18.0,,Shattuck-St. Mary's School (High-MN),,0.0,0.0,0.0,0.0,0.0,0.0,,0.0,,,,,,,,,draegjo01,2012,0,0.0,0.0,0.0,0.0,,
74.0,Dallas Stars,Esa Lindell,FI,D,18.0,2026.0,Jokerit Jr. (Finland Jr.),711.0,57.0,0.080168776371308,168.0,0.00011275495973461,225.0,0.316455696202532,,151.0,164.0,,,,,,,56.2,lindees01,2012,0,0.08016877637130802,0.23628691983122363,0.31645569620253167,0.21237693389592124,0.10035161744022504,
78.0,Philadelphia Flyers,Shayne Gostisbehere,US,D,19.0,2026.0,Union (ECAC),705.0,107.0,0.15177304964539,323.0,0.000215280921482823,430.0,0.609929078014184,,-65.0,259.0,,,,,,,62.1,gostish01,2012,0,0.15177304964539007,0.4581560283687943,0.6099290780141844,-0.09219858156028368,0.14326241134751772,
85.0,Boston Bruins,Matthew Grzelcyk,US,D,18.0,2026.0,USA U-18 Development Team (USDP/USHL),553.0,26.0,0.0470162748643761,153.0,8.50203885431756e-05,179.0,0.32368896925859,,140.0,265.0,,,,,,,40.6,grzelma01,2012,0,0.04701627486437613,0.2766726943942134,0.32368896925858953,0.25316455696202533,0.10623869801084992,
86.0,St. Louis Blues,Colton Parayko,CA,D,19.0,2026.0,Fort McMurray (AJHL),750.0,77.0,0.102666666666667,225.0,0.000136888888888889,302.0,0.402666666666667,,64.0,208.0,,,,,,,58.8,parayco01,2012,0,0.10266666666666667,0.3,0.4026666666666667,0.08533333333333333,0.10919999999999999,
88.0,Phoenix Coyotes,James Melindy,CA,D,18.0,,Moncton Wildcats (QMJHL),,0.0,0.0,0.0,0.0,0.0,0.0,,0.0,,,,,,,,,melinja01,2012,0,0.0,0.0,0.0,0.0,,
93.0,Edmonton Oilers,Erik Gustafsson,SE,D,20.0,2026.0,Djurgardens IF (Sweden),516.0,47.0,0.0910852713178295,193.0,0.000176521843639204,240.0,0.465116279069767,,-16.0,163.0,,,,,,,35.8,gustaer02,2012,0,0.09108527131782945,0.374031007751938,0.46511627906976744,-0.031007751937984496,0.11317829457364342,
102.0,Phoenix Coyotes,Rhett Holland,CA,D,18.0,,Okotoks (AJHL),,0.0,0.0,0.0,0.0,0.0,0.0,,0.0,,,,,,,,,hollarh01,2012,0,0.0,0.0,0.0,0.0,,
103.0,New York Islanders,Loic Leduc,CA,D,18.0,,Cape Breton Screaming Eagles (QMJHL),,0.0,0.0,0.0,0.0,0.0,0.0,,0.0,,,,,,,,,leduclo01,2012,0,0.0,0.0,0.0,0.0,,
105.0,Calgary Flames,Brett Kulak,CA,D,18.0,2026.0,Vancouver Giants (WHL),607.0,28.0,0.0461285008237232,99.0,7.59942352944369e-05,127.0,0.209225700164745,,-4.0,248.0,,,,,,,23.1,kulakbr01,2012,0,0.04612850082372323,0.1630971993410214,0.20922570016474465,-0.006589785831960461,0.05164744645799011,
106.0,Ottawa Senators,Timothy Boyle,US,D,19.0,,Noble & Greenough School (High-MA),,0.0,0.0,0.0,0.0,0.0,0.0,,0.0,,,,,,,,,boyleti01,2012,0,0.0,0.0,0.0,0.0,,
108.0,Anaheim Ducks,Andrew O'Brien,CA,D,19.0,,Chicoutimi Sagueneens (QMJHL),,0.0,0.0,0.0,0.0,0.0,0.0,,0.0,,,,,,,,,obriean01,2012,0,0.0,0.0,0.0,0.0,,
111.0,Philadelphia Flyers,Fredric Larsson,SE,D,18.0,,Brynas IF Jr. (Sweden Jr.),,0.0,0.0,0.0,0.0,0.0,0.0,,0.0,,,,,,,,,larssfr01,2012,0,0.0,0.0,0.0,0.0,,
115.0,Carolina Hurricanes,Trevor Carrick,CA,D,18.0,2020.0,Mississauga St. Michael's Majors (OHL),7.0,0.0,0.0,0.0,0.0,0.0,0.0,,-2.0,12.0,,,,,,,-0.1,carritr01,2012,0,0.0,0.0,0.0,-0.2857142857142857,-0.009999999999999998,
116.0,St. Louis Blues,Nicholas Walters,CA,D,18.0,,Everett Silvertips (WHL),,0.0,0.0,0.0,0.0,0.0,0.0,,0.0,,,,,,,,,walteni01,2012,0,0.0,0.0,0.0,0.0,,
118.0,Nashville Predators,Mikko Vainonen,FI,D,18.0,,HIFK Jr. (Finland Jr.),,0.0,0.0,0.0,0.0,0.0,0.0,,0.0,,,,,,,,,vainomi01,2012,0,0.0,0.0,0.0,0.0,,
119.0,New York Rangers,Calle Andersson,SE,D,18.0,,Farjestad BK Jr. (Sweden Jr.),,0.0,0.0,0.0,0.0,0.0,0.0,,0.0,,,,,,,,,anderca01,2012,0,0.0,0.0,0.0,0.0,,
120.0,Carolina Hurricanes,Jaccob Slavin,US,D,18.0,2026.0,Chicago Steel (USHL),747.0,55.0,0.0736278447121821,244.0,9.85647184902036e-05,299.0,0.400267737617135,,166.0,94.0,,,,,,,67.3,slavija01,2012,0,0.07362784471218206,0.32663989290495316,0.4002677376171352,0.2222222222222222,0.12228915662650602,
123.0,Edmonton Oilers,Joey Laleggia,CA,D,20.0,,Denver (WCHA),,0.0,0.0,0.0,0.0,0.0,0.0,,0.0,,,,,,,,,lalegjo01,2012,0,0.0,0.0,0.0,0.0,,
124.0,Calgary Flames,Ryan Culkin,CA,D,18.0,,Quebec Remparts (QMJHL),,0.0,0.0,0.0,0.0,0.0,0.0,,0.0,,,,,,,,,culkiry01,2012,0,0.0,0.0,0.0,0.0,,
125.0,New York Islanders,Doyle Somerby,US,D,18.0,,Kimball Union Academy (High-NH),,0.0,0.0,0.0,0.0,0.0,0.0,,0.0,,,,,,,,,somerdo01,2012,0,0.0,0.0,0.0,0.0,,
127.0,Anaheim Ducks,Brian Cooper,US,D,18.0,,Fargo Force (USHL),,0.0,0.0,0.0,0.0,0.0,0.0,,0.0,,,,,,,,,coopebr01,2012,0,0.0,0.0,0.0,0.0,,
128.0,Minnesota Wild,Daniel Gunnarsson,SE,D,20.0,,Lulea HF (Sweden),,0.0,0.0,0.0,0.0,0.0,0.0,,0.0,,,,,,,,,gunnada01,2012,0,0.0,0.0,0.0,0.0,,
137.0,Washington Capitals,Connor Carrick,US,D,18.0,2023.0,USA U-18 Development Team (USDP/USHL),242.0,13.0,0.0537190082644628,37.0,0.000221979372993648,50.0,0.206611570247934,,-19.0,157.0,,,,,,,8.4,carrico01,2012,0,0.05371900826446281,0.15289256198347106,0.2066115702479339,-0.07851239669421488,0.04380165289256198,
140.0,Detroit Red Wings,Michael McKee,CA,D,19.0,,Lincoln Stars (USHL),,0.0,0.0,0.0,0.0,0.0,0.0,,0.0,,,,,,,,,mckeemi02,2012,0,0.0,0.0,0.0,0.0,,
141.0,Philadelphia Flyers,Reece Willcox,CA,D,18.0,,Merritt (BCHL),,0.0,0.0,0.0,0.0,0.0,0.0,,0.0,,,,,,,,,willcre01,2012,0,0.0,0.0,0.0,0.0,,
143.0,Pittsburgh Penguins,Clark Seymour,CA,D,19.0,,Peterborough Petes (OHL),,0.0,0.0,0.0,0.0,0.0,0.0,,0.0,,,,,,,,,seymocl01,2012,0,0.0,0.0,0.0,0.0,,
147.0,Vancouver Canucks,Ben Hutton,CA,D,19.0,2026.0,Nepean (CCHL),539.0,27.0,0.0500927643784787,105.0,9.29364830769549e-05,132.0,0.244897959183673,,-61.0,198.0,,,,,,,22.9,huttobe01,2012,0,0.05009276437847866,0.19480519480519481,0.24489795918367346,-0.11317254174397032,0.049907235621521336,
148.0,Phoenix Coyotes,Niklas Tikkinen,FI,D,18.0,,Blues Jr. (Finland Jr.),,0.0,0.0,0.0,0.0,0.0,0.0,,0.0,,,,,,,,,tikkini01,2012,0,0.0,0.0,0.0,0.0,,
149.0,Chicago Blackhawks,Travis Brown,CA,D,18.0,,Moose Jaw Warriors (WHL),,0.0,0.0,0.0,0.0,0.0,0.0,,0.0,,,,,,,,,browntr01,2012,0,0.0,0.0,0.0,0.0,,
151.0,Los Angeles Kings,Colin Miller,CA,D,19.0,2026.0,Soo Greyhounds (OHL),582.0,43.0,0.0738831615120275,138.0,0.000126947012907264,181.0,0.310996563573883,,0.0,368.0,,,,,,,32.7,milleco02,2012,0,0.07388316151202749,0.23711340206185566,0.31099656357388317,0.0,0.07774914089347079,
155.0,New York Islanders,Jesse Graham,CA,D,18.0,,Niagara IceDogs (OHL),,0.0,0.0,0.0,0.0,0.0,0.0,,0.0,,,,,,,,,grahaje01,2012,0,0.0,0.0,0.0,0.0,,
161.0,Tampa Bay Lightning,Jake Dotchin,CA,D,18.0,2019.0,Owen Sound Attack (OHL),103.0,3.0,0.029126213592233,20.0,0.000282778772740126,23.0,0.223300970873786,,23.0,112.0,,,,,,,5.7,dotchja01,2012,0,0.02912621359223301,0.1941747572815534,0.22330097087378642,0.22330097087378642,0.07815533980582524,
164.0,Nashville Predators,Simon Fernholm,SE,D,18.0,,Huddinge IK Jr. (Sweden Jr.),,0.0,0.0,0.0,0.0,0.0,0.0,,0.0,,,,,,,,,fernhsi01,2012,0,0.0,0.0,0.0,0.0,,
168.0,San Jose Sharks,Clifford Watson,US,D,18.0,,Sioux City Musketeers (USHL),,0.0,0.0,0.0,0.0,0.0,0.0,,0.0,,,,,,,,,watsocl01,2012,0,0.0,0.0,0.0,0.0,,
170.0,Detroit Red Wings,James De Haas,CA,D,18.0,,Toronto (OJHL),,0.0,0.0,0.0,0.0,0.0,0.0,,0.0,,,,,,,,,dehaaja01,2012,0,0.0,0.0,0.0,0.0,,
175.0,Boston Bruins,Matthew Benning,CA,D,18.0,2025.0,Spruce Grove (AJHL),464.0,17.0,0.0366379310344828,85.0,7.89610582639716e-05,102.0,0.219827586206897,,-21.0,239.0,,,,,,,17.8,bennima01,2012,0,0.036637931034482756,0.18318965517241378,0.21982758620689655,-0.04525862068965517,0.05043103448275861,
176.0,St. Louis Blues,Petteri Lindbohm,FI,D,18.0,2022.0,Jokerit Jr. (Finland Jr.),49.0,2.0,0.0408163265306122,2.0,0.00083298625572678,4.0,0.0816326530612245,,-9.0,42.0,,,,,,,0.4,lindbpe02,2012,0,0.04081632653061224,0.04081632653061224,0.08163265306122448,-0.1836734693877551,0.002040816326530609,
181.0,Los Angeles Kings,Paul Ladue,US,D,20.0,2022.0,Lincoln Stars (USHL),70.0,5.0,0.0714285714285714,13.0,0.00102040816326531,18.0,0.257142857142857,,-2.0,22.0,,,,,,,3.6,laduepa01,2012,0,0.07142857142857142,0.18571428571428572,0.2571428571428571,-0.02857142857142857,0.06142857142857142,
182.0,Columbus Blue Jackets,Gianluca Curcuruto,CA,D,18.0,,Soo Greyhounds (OHL),,0.0,0.0,0.0,0.0,0.0,0.0,,0.0,,,,,,,,,curcugi01,2012,0,0.0,0.0,0.0,0.0,,
183.0,Dallas Stars,Dmitry Sinitsyn,RU,D,18.0,,Massachusetts-Lowell (H-East),,0.0,0.0,0.0,0.0,0.0,0.0,,0.0,,,,,,,,,sinitdm01,2012,0,0.0,0.0,0.0,0.0,,
185.0,New York Islanders,Jake Bischoff,US,D,18.0,2020.0,Grand Rapids HS (High-MN),4.0,0.0,0.0,0.0,0.0,0.0,0.0,,-2.0,4.0,,,,,,,-0.1,bischja01,2012,0,0.0,0.0,0.0,-0.5,-0.010000000000000002,
187.0,Anaheim Ducks,Kenton Helgesen,CA,D,18.0,,Calgary Hitmen (WHL),,0.0,0.0,0.0,0.0,0.0,0.0,,0.0,,,,,,,,,helgeke01,2012,0,0.0,0.0,0.0,0.0,,
193.0,Buffalo Sabres,Brady Austin,CA,D,19.0,2017.0,Belleville Bulls (OHL),5.0,0.0,0.0,0.0,0.0,0.0,0.0,,0.0,4.0,,,,,,,0.1,austibr01,2012,0,0.0,0.0,0.0,0.0,0.0,
194.0,Florida Panthers,Jonatan Nielsen,SE,D,19.0,,Linkoping HC Jr. (Sweden Jr.),,0.0,0.0,0.0,0.0,0.0,0.0,,0.0,,,,,,,,,nielsjo01,2012,0,0.0,0.0,0.0,0.0,,
195.0,Washington Capitals,Christian Djoos,SE,D,18.0,2021.0,Brynas IF Jr. (Sweden Jr.),155.0,7.0,0.0451612903225806,31.0,0.000291363163371488,38.0,0.245161290322581,,12.0,28.0,,,,,,,7.2,djoosch01,2012,0,0.04516129032258064,0.2,0.24516129032258063,0.07741935483870968,0.06903225806451613,
196.0,Ottawa Senators,Mikael Wikstrand,SE,D,18.0,,Mora IK (Sweden-2),,0.0,0.0,0.0,0.0,0.0,0.0,,0.0,,,,,,,,,wikstmi01,2012,0,0.0,0.0,0.0,0.0,,
197.0,Washington Capitals,Jaynen Rissling,CA,D,18.0,,Calgary Hitmen (WHL),,0.0,0.0,0.0,0.0,0.0,0.0,,0.0,,,,,,,,,risslja01,2012,0,0.0,0.0,0.0,0.0,,
198.0,San Jose Sharks,Joakim Ryan,US,D,19.0,2021.0,Cornell (ECAC),145.0,4.0,0.0275862068965517,20.0,0.000190249702734839,24.0,0.16551724137931,,1.0,33.0,,,,,,,5.4,ryanjo02,2012,0,0.027586206896551724,0.13793103448275862,0.16551724137931034,0.006896551724137931,0.04206896551724138,
201.0,Philadelphia Flyers,Valeri Vasiliev,RU,D,18.0,,MHK Spartak Moskva (Russia Jr.),,0.0,0.0,0.0,0.0,0.0,0.0,,0.0,,,,,,,,,vasilva01,2012,0,0.0,0.0,0.0,0.0,,
208.0,Phoenix Coyotes,Justin Hache,CA,D,18.0,,Shawinigan Cataractes (QMJHL),,0.0,0.0,0.0,0.0,0.0,0.0,,0.0,,,,,,,,,hacheju01,2012,0,0.0,0.0,0.0,0.0,,
209.0,Toronto Maple Leafs,Viktor Loov,SE,D,19.0,2016.0,Sodertalje SK (Sweden-2),4.0,0.0,0.0,2.0,0.0,2.0,0.5,,4.0,0.0,,,,,,,0.6,loovvi01,2012,0,0.0,0.5,0.5,1.0,0.045000000000000005,
210.0,Anaheim Ducks,Jaycob Megna,US,D,19.0,2025.0,Nebraska-Omaha (WCHA),193.0,4.0,0.0207253886010363,23.0,0.000107385433165991,27.0,0.139896373056995,,-19.0,75.0,,,,,,,6.2,megnaja02,2012,0,0.02072538860103627,0.11917098445595854,0.13989637305699482,-0.09844559585492228,0.025129533678756477,
211.0,Los Angeles Kings,Nick Ebert,US,D,18.0,,Windsor Spitfires (OHL),,0.0,0.0,0.0,0.0,0.0,0.0,,0.0,,,,,,,,,ebertni01,2012,0,0.0,0.0,0.0,0.0,,
4.0,New Jersey Devils,Adam Larsson,SE,D,18.0,2026.0,Skelleftea AIK (Sweden),954.0,53.0,0.0555555555555556,193.0,5.82343349638948e-05,246.0,0.257861635220126,,46.0,545.0,,,,,,,56.7,larssad01,2011,0,0.05555555555555555,0.20230607966457023,0.2578616352201258,0.04821802935010482,0.06928721174004193,
9.0,Boston Bruins,Dougie Hamilton,CA,D,18.0,2026.0,Niagara IceDogs (OHL),857.0,155.0,0.180863477246208,354.0,0.000211042563881223,509.0,0.593932322053676,,77.0,540.0,,,,,,,91.3,hamildo01,2011,0,0.1808634772462077,0.4130688448074679,0.5939323220536756,0.08984830805134189,0.1574679113185531,
10.0,Minnesota Wild,Jonas Brodin,SE,D,18.0,2026.0,Farjestad BK (Sweden),879.0,61.0,0.0693970420932878,208.0,7.8949991004878e-05,269.0,0.306029579067122,,109.0,268.0,,,,,,,60.6,brodijo01,2011,0,0.06939704209328783,0.2366325369738339,0.30602957906712175,0.12400455062571103,0.08890784982935154,
11.0,Colorado Avalanche,Duncan Siemens,CA,D,18.0,2018.0,Saskatoon Blades (WHL),20.0,1.0,0.05,1.0,0.0025,2.0,0.1,,-7.0,25.0,,,,,,,0.0,siemedu01,2011,0,0.05,0.05,0.1,-0.35,-0.009999999999999995,
12.0,Carolina Hurricanes,Ryan Murphy,CA,D,18.0,2019.0,Kitchener Rangers (OHL),175.0,8.0,0.0457142857142857,35.0,0.000261224489795918,43.0,0.245714285714286,,-27.0,54.0,,,,,,,7.2,murphry01,2011,0,0.045714285714285714,0.2,0.24571428571428572,-0.15428571428571428,0.046000000000000006,
14.0,Dallas Stars,Jamie Oleksiak,CA,D,18.0,2026.0,Northeastern (H-East),704.0,42.0,0.0596590909090909,109.0,8.47430268595041e-05,151.0,0.214488636363636,,-2.0,495.0,,,,,,,31.0,oleksja01,2011,0,0.05965909090909091,0.15482954545454544,0.21448863636363635,-0.002840909090909091,0.05333806818181818,
17.0,Montreal Canadiens,Nathan Beaulieu,CA,D,18.0,2023.0,Saint John Sea Dogs (QMJHL),471.0,12.0,0.0254777070063694,86.0,5.40927961918671e-05,98.0,0.208067940552017,,-14.0,340.0,,,,,,,18.8,beaulna01,2011,0,0.025477707006369428,0.18259023354564755,0.208067940552017,-0.029723991507430998,0.04904458598726115,
19.0,Edmonton Oilers,Oscar Klefbom,SE,D,18.0,2020.0,Farjestad BK (Sweden),378.0,34.0,0.0899470899470899,122.0,0.000237955264410291,156.0,0.412698412698413,,-64.0,74.0,,,,,,,23.2,klefbos01,2011,0,0.08994708994708994,0.32275132275132273,0.4126984126984127,-0.1693121693121693,0.08624338624338623,
20.0,Phoenix Coyotes,Connor Murphy,US,D,18.0,2026.0,USA U-18 Development Team (USDP/USHL),771.0,43.0,0.0557717250324254,120.0,7.23368677463364e-05,163.0,0.211413748378729,,-65.0,508.0,,,,,,,32.0,murphco02,2011,0,0.055771725032425425,0.1556420233463035,0.21141374837872892,-0.08430609597924774,0.04442282749675745,
23.0,Pittsburgh Penguins,Joseph Morrow,CA,D,18.0,2019.0,Portland Winterhawks (WHL),162.0,9.0,0.0555555555555556,23.0,0.000342935528120714,32.0,0.197530864197531,,-12.0,62.0,,,,,,,5.4,morrojo02,2011,0,0.05555555555555555,0.1419753086419753,0.19753086419753085,-0.07407407407407407,0.04197530864197531,
25.0,Toronto Maple Leafs,Stuart Percy,CA,D,18.0,2016.0,Mississauga St. Michael's Majors (OHL),12.0,0.0,0.0,3.0,0.0,3.0,0.25,,-6.0,2.0,,,,,,,0.0,percyst01,2011,0,0.0,0.25,0.25,-0.5,0.007499999999999998,
31.0,Edmonton Oilers,David Musil,CA,D,18.0,2015.0,Vancouver Giants (WHL),4.0,0.0,0.0,2.0,0.0,2.0,0.5,,-2.0,2.0,,,,,,,0.1,musilda01,2011,0,0.0,0.5,0.5,-0.5,0.015,
34.0,New York Islanders,Scott Mayfield,US,D,18.0,2026.0,Youngstown Phantoms (USHL),560.0,28.0,0.05,100.0,8.92857142857143e-05,128.0,0.228571428571429,,28.0,506.0,,,,,,,28.6,mayfisc01,2011,0,0.05,0.17857142857142858,0.22857142857142856,0.05,0.06214285714285715,
36.0,Chicago Blackhawks,Adam Clendening,US,D,18.0,2019.0,Boston University (H-East),90.0,4.0,0.0444444444444444,20.0,0.000493827160493827,24.0,0.266666666666667,,11.0,49.0,,,,,,,5.1,clendad01,2011,0,0.044444444444444446,0.2222222222222222,0.26666666666666666,0.12222222222222222,0.07888888888888888,
46.0,St. Louis Blues,Joel Edmundson,CA,D,18.0,2026.0,Moose Jaw Warriors (WHL),629.0,37.0,0.0588235294117647,104.0,9.35191246609932e-05,141.0,0.224165341812401,,49.0,498.0,,,,,,,33.7,edmunjo01,2011,0,0.058823529411764705,0.16534181240063592,0.22416534181240064,0.07790143084260731,0.06383147853736089,
48.0,Detroit Red Wings,Xavier Ouellet,FR,D,18.0,2021.0,Montreal Juniors (QMJHL),178.0,5.0,0.0280898876404494,23.0,0.000157808357530615,28.0,0.157303370786517,,-3.0,82.0,,,,,,,6.3,ouellxa01,2011,0,0.028089887640449437,0.12921348314606743,0.15730337078651685,-0.016853932584269662,0.037640449438202245,
54.0,Pittsburgh Penguins,Scott Harrington,CA,D,18.0,2023.0,London Knights (OHL),255.0,11.0,0.0431372549019608,38.0,0.000169165705497885,49.0,0.192156862745098,,-17.0,87.0,,,,,,,8.4,harrisc01,2011,0,0.043137254901960784,0.14901960784313725,0.19215686274509805,-0.06666666666666667,0.04137254901960784,
55.0,Detroit Red Wings,Ryan Sproul,CA,D,18.0,2018.0,Soo Greyhounds (OHL),44.0,2.0,0.0454545454545455,10.0,0.00103305785123967,12.0,0.272727272727273,,-14.0,12.0,,,,,,,1.1,sproury01,2011,0,0.045454545454545456,0.22727272727272727,0.2727272727272727,-0.3181818181818182,0.036363636363636355,
57.0,Calgary Flames,Tyler Wotherspoon,CA,D,18.0,2017.0,Portland Winterhawks (WHL),30.0,0.0,0.0,5.0,0.0,5.0,0.166666666666667,,-8.0,4.0,,,,,,,0.2,wothety01,2011,0,0.0,0.16666666666666666,0.16666666666666666,-0.26666666666666666,0.014999999999999996,
59.0,Florida Panthers,Rasmus Bengtsson,SE,D,18.0,,Rogle BK (Sweden-2),,0.0,0.0,0.0,0.0,0.0,0.0,,0.0,,,,,,,,,bengtra01,2011,0,0.0,0.0,0.0,0.0,,
63.0,New York Islanders,Andrey Pedan,LT,D,18.0,2016.0,Guelph Storm (OHL),13.0,0.0,0.0,0.0,0.0,0.0,0.0,,-3.0,18.0,,,,,,,-0.1,pedanan01,2011,0,0.0,0.0,0.0,-0.23076923076923078,-0.015000000000000001,
70.0,Chicago Blackhawks,Michael Paliotta,US,D,18.0,2016.0,USA U-18 Development Team (USDP/USHL),2.0,0.0,0.0,1.0,0.0,1.0,0.5,,0.0,4.0,,,,,,,0.1,paliomi01,2011,0,0.0,0.5,0.5,0.0,0.0125,
73.0,Carolina Hurricanes,Keegan Lowe,US,D,18.0,2018.0,Edmonton Oil Kings (WHL),4.0,0.0,0.0,0.0,0.0,0.0,0.0,,-3.0,10.0,,,,,,,-0.2,loweke02,2011,0,0.0,0.0,0.0,-0.75,-0.015000000000000003,
78.0,Winnipeg Jets,Brennan Serville,CA,D,18.0,,Stouffville (OJHL),,0.0,0.0,0.0,0.0,0.0,0.0,,0.0,,,,,,,,,servibr01,2011,0,0.0,0.0,0.0,0.0,,
79.0,Chicago Blackhawks,Klas Dahlbeck,SE,D,20.0,2018.0,Linkoping HC (Sweden),170.0,6.0,0.0352941176470588,17.0,0.000207612456747405,23.0,0.135294117647059,,-31.0,87.0,,,,,,,3.3,dahlbkl01,2011,0,0.03529411764705882,0.1,0.13529411764705881,-0.18235294117647058,0.015588235294117646,
83.0,Anaheim Ducks,Andy Welinski,US,D,18.0,2021.0,Green Bay Gamblers (USHL),46.0,1.0,0.0217391304347826,5.0,0.000472589792060491,6.0,0.130434782608696,,-2.0,8.0,,,,,,,1.5,welinan01,2011,0,0.021739130434782608,0.10869565217391304,0.13043478260869565,-0.043478260869565216,0.02826086956521739,
84.0,Phoenix Coyotes,Harrison Ruopp,CA,D,18.0,,Prince Albert Raiders (WHL),,0.0,0.0,0.0,0.0,0.0,0.0,,0.0,,,,,,,,,ruoppha01,2011,0,0.0,0.0,0.0,0.0,,
87.0,Florida Panthers,Jonathan Racine,CA,D,18.0,2014.0,Shawinigan Cataractes (QMJHL),1.0,0.0,0.0,0.0,0.0,0.0,0.0,,-1.0,2.0,,,,,,,-0.1,racinjo01,2011,0,0.0,0.0,0.0,-1.0,-0.005000000000000001,
89.0,San Jose Sharks,Justin Sefton,CA,D,18.0,,Sudbury Wolves (OHL),,0.0,0.0,0.0,0.0,0.0,0.0,,0.0,,,,,,,,,seftoju01,2011,0,0.0,0.0,0.0,0.0,,
92.0,Edmonton Oilers,Dillon Simpson,CA,D,18.0,2017.0,North Dakota (WCHA),3.0,0.0,0.0,0.0,0.0,0.0,0.0,,0.0,2.0,,,,,,,0.0,simpsdi01,2011,0,0.0,0.0,0.0,0.0,0.0,
95.0,New York Islanders,Robbie Russo,US,D,18.0,2017.0,USA U-18 Development Team (USDP/USHL),19.0,0.0,0.0,0.0,0.0,0.0,0.0,,2.0,2.0,,,,,,,0.5,russoro01,2011,0,0.0,0.0,0.0,0.10526315789473684,0.009999999999999998,
97.0,Montreal Canadiens,Josiah Didier,US,D,18.0,,Cedar Rapids Roughriders (USHL),,0.0,0.0,0.0,0.0,0.0,0.0,,0.0,,,,,,,,,didiejo01,2011,0,0.0,0.0,0.0,0.0,,
98.0,Columbus Blue Jackets,Mike Reilly,US,D,18.0,2026.0,Shattuck-St. Mary's School (High-MN),437.0,19.0,0.0434782608695652,110.0,9.94925878022087e-05,129.0,0.295194508009153,,-3.0,170.0,,,,,,,21.1,reillmi01,2011,0,0.043478260869565216,0.2517162471395881,0.2951945080091533,-0.006864988558352402,0.0731121281464531,
100.0,Toronto Maple Leafs,Tom Nilsson,SE,D,18.0,,Mora IK Jr. (Sweden Jr.),,0.0,0.0,0.0,0.0,0.0,0.0,,0.0,,,,,,,,,nilssto01,2011,0,0.0,0.0,0.0,0.0,,
112.0,Nashville Predators,Garrett Noonan,US,D,20.0,,Boston University (H-East),,0.0,0.0,0.0,0.0,0.0,0.0,,0.0,,,,,,,,,noonaga01,2011,0,0.0,0.0,0.0,0.0,,
113.0,Montreal Canadiens,Magnus Nygren,SE,D,21.0,,Farjestad BK (Sweden),,0.0,0.0,0.0,0.0,0.0,0.0,,0.0,,,,,,,,,nygrema01,2011,0,0.0,0.0,0.0,0.0,,
116.0,Philadelphia Flyers,Colin Suellentrop,US,D,18.0,,Oshawa Generals (OHL),,0.0,0.0,0.0,0.0,0.0,0.0,,0.0,,,,,,,,,suellco01,2011,0,0.0,0.0,0.0,0.0,,
119.0,Winnipeg Jets,Zachary Yuen,CA,D,18.0,,Tri-City Americans (WHL),,0.0,0.0,0.0,0.0,0.0,0.0,,0.0,,,,,,,,,yuenza01,2011,0,0.0,0.0,0.0,0.0,,
122.0,Edmonton Oilers,Martin Gernat,SK,D,18.0,,HC Kosice Jr. (Slovakia Jr.),,0.0,0.0,0.0,0.0,0.0,0.0,,0.0,,,,,,,,,gernama01,2011,0,0.0,0.0,0.0,0.0,,
126.0,Ottawa Senators,Fredrik Claesson,SE,D,18.0,2022.0,Djurgardens IF (Sweden),170.0,7.0,0.0411764705882353,21.0,0.000242214532871972,28.0,0.164705882352941,,-7.0,62.0,,,,,,,5.5,claesfr01,2011,0,0.041176470588235294,0.12352941176470589,0.16470588235294117,-0.041176470588235294,0.03705882352941176,
127.0,New York Islanders,Brenden Kichton,CA,D,19.0,,Spokane Chiefs (WHL),,0.0,0.0,0.0,0.0,0.0,0.0,,0.0,,,,,,,,,kichtbr01,2011,0,0.0,0.0,0.0,0.0,,
131.0,Minnesota Wild,Nick Seeler,US,D,18.0,2026.0,Eden Priarie HS (High-MN),398.0,11.0,0.0276381909547739,54.0,6.94426908411405e-05,65.0,0.163316582914573,,11.0,307.0,,,,,,,15.2,seeleni01,2011,0,0.02763819095477387,0.135678391959799,0.16331658291457288,0.02763819095477387,0.0435929648241206,
135.0,Dallas Stars,Troy Vance,US,D,18.0,,Victoriaville Tigres (QMJHL),,0.0,0.0,0.0,0.0,0.0,0.0,,0.0,,,,,,,,,vancetr01,2011,0,0.0,0.0,0.0,0.0,,
136.0,New York Rangers,Samuel Noreau,CA,D,18.0,,Baie-Comeau Drakkar (QMJHL),,0.0,0.0,0.0,0.0,0.0,0.0,,0.0,,,,,,,,,noreasa01,2011,0,0.0,0.0,0.0,0.0,,
137.0,Buffalo Sabres,Alex Lepkowski,US,D,18.0,,Barrie Colts (OHL),,0.0,0.0,0.0,0.0,0.0,0.0,,0.0,,,,,,,,,lepkoal01,2011,0,0.0,0.0,0.0,0.0,,
138.0,Montreal Canadiens,Darren Dietz,CA,D,18.0,2016.0,Saskatoon Blades (WHL),13.0,1.0,0.0769230769230769,4.0,0.00591715976331361,5.0,0.384615384615385,,-1.0,13.0,,,,,,,0.8,dietzda01,2011,0,0.07692307692307693,0.3076923076923077,0.38461538461538464,-0.07692307692307693,0.0575,
142.0,Nashville Predators,Simon Karlsson,SE,D,18.0,,Malmo Jr. (Sweden Jr.),,0.0,0.0,0.0,0.0,0.0,0.0,,0.0,,,,,,,,,karlssi01,2011,0,0.0,0.0,0.0,0.0,,
146.0,Detroit Red Wings,Mattias Backman,SE,D,18.0,,Linkoping HC Jr. (Sweden Jr.),,0.0,0.0,0.0,0.0,0.0,0.0,,0.0,,,,,,,,,backmma01,2011,0,0.0,0.0,0.0,0.0,,
147.0,Washington Capitals,Patrick Koudys,CA,D,18.0,,RPI (ECAC),,0.0,0.0,0.0,0.0,0.0,0.0,,0.0,,,,,,,,,koudypa01,2011,0,0.0,0.0,0.0,0.0,,
148.0,Tampa Bay Lightning,Nikita Nesterov,RU,D,18.0,2021.0,Belye Medvedi Chelyabinsk (Russia Jr.),170.0,9.0,0.0529411764705882,28.0,0.000311418685121107,37.0,0.217647058823529,,-10.0,101.0,,,,,,,6.8,nesteni01,2011,0,0.052941176470588235,0.16470588235294117,0.21764705882352942,-0.058823529411764705,0.04852941176470588,
150.0,Vancouver Canucks,Frank Corrado,CA,D,18.0,2018.0,Sudbury Wolves (OHL),76.0,3.0,0.0394736842105263,5.0,0.000519390581717451,8.0,0.105263157894737,,-24.0,40.0,,,,,,,0.3,corrafr01,2011,0,0.039473684210526314,0.06578947368421052,0.10526315789473684,-0.3157894736842105,-0.005263157894736845,
151.0,Boston Bruins,Rob O'Gara,US,D,18.0,2018.0,Milton Academy (High-MA),33.0,0.0,0.0,3.0,0.0,3.0,0.0909090909090909,,-6.0,6.0,,,,,,,0.4,ogararo01,2011,0,0.0,0.09090909090909091,0.09090909090909091,-0.18181818181818182,0.0045454545454545435,
153.0,Colorado Avalanche,Gabriel Beaupre,CA,D,18.0,,Val-d'Or Foreurs (QMJHL),,0.0,0.0,0.0,0.0,0.0,0.0,,0.0,,,,,,,,,beaupga01,2011,0,0.0,0.0,0.0,0.0,,
154.0,Florida Panthers,Eddie Wittchow,US,D,18.0,,Burnsville HS (High-MN),,0.0,0.0,0.0,0.0,0.0,0.0,,0.0,,,,,,,,,wittced01,2011,0,0.0,0.0,0.0,0.0,,
159.0,New Jersey Devils,Reece Scarlett,CA,D,18.0,,Swift Current Broncos (WHL),,0.0,0.0,0.0,0.0,0.0,0.0,,0.0,,,,,,,,,scarlre01,2011,0,0.0,0.0,0.0,0.0,,
160.0,Anaheim Ducks,Josh Manson,CA,D,19.0,2026.0,Salmon Arm (BCHL),652.0,41.0,0.0628834355828221,134.0,9.64469870902179e-05,175.0,0.26840490797546,,62.0,628.0,,,,,,,38.9,mansojo01,2011,0,0.06288343558282208,0.20552147239263804,0.2684049079754601,0.0950920245398773,0.07661042944785276,
169.0,Chicago Blackhawks,Sam Jardine,CA,D,18.0,,Camrose (AJHL),,0.0,0.0,0.0,0.0,0.0,0.0,,0.0,,,,,,,,,jardisa01,2011,0,0.0,0.0,0.0,0.0,,
172.0,New York Rangers,Peter Ceresnak,SK,D,18.0,,HK Dukla Trencin Jr. (Slovakia Jr.),,0.0,0.0,0.0,0.0,0.0,0.0,,0.0,,,,,,,,,cerespe01,2011,0,0.0,0.0,0.0,0.0,,
173.0,Toronto Maple Leafs,Dennis Robertson,CA,D,20.0,,Brown (ECAC),,0.0,0.0,0.0,0.0,0.0,0.0,,0.0,,,,,,,,,roberde01,2011,0,0.0,0.0,0.0,0.0,,
175.0,Detroit Red Wings,Richard Nedomlel,CZ,D,18.0,,Swift Current Broncos (WHL),,0.0,0.0,0.0,0.0,0.0,0.0,,0.0,,,,,,,,,nedomri01,2011,0,0.0,0.0,0.0,0.0,,
179.0,San Jose Sharks,Dylan Demelo,CA,D,18.0,2026.0,Mississauga St. Michael's Majors (OHL),661.0,21.0,0.0317700453857791,152.0,4.80636087530697e-05,173.0,0.261724659606657,,121.0,327.0,,,,,,,40.0,demeldy01,2011,0,0.03177004538577912,0.22995461422087746,0.2617246596066566,0.18305597579425115,0.08373676248108926,
183.0,Colorado Avalanche,Dillon Donnelly,US,D,18.0,,Shawinigan Cataractes (QMJHL),,0.0,0.0,0.0,0.0,0.0,0.0,,0.0,,,,,,,,,donnedi01,2011,0,0.0,0.0,0.0,0.0,,
186.0,Ottawa Senators,Jordan Fransoo,CA,D,18.0,,Brandon Wheat Kings (WHL),,0.0,0.0,0.0,0.0,0.0,0.0,,0.0,,,,,,,,,fransjo02,2011,0,0.0,0.0,0.0,0.0,,
187.0,Winnipeg Jets,Aaron Harstad,US,D,19.0,,Green Bay Gamblers (USHL),,0.0,0.0,0.0,0.0,0.0,0.0,,0.0,,,,,,,,,harstaa01,2011,0,0.0,0.0,0.0,0.0,,
189.0,New Jersey Devils,Patrick Daly,US,D,19.0,,Benilde-St. Margaret's School (High-MN),,0.0,0.0,0.0,0.0,0.0,0.0,,0.0,,,,,,,,,dalypa01,2011,0,0.0,0.0,0.0,0.0,,
192.0,St. Louis Blues,Teemu Eronen,FI,D,20.0,,Jokerit (Finland),,0.0,0.0,0.0,0.0,0.0,0.0,,0.0,,,,,,,,,eronete01,2011,0,0.0,0.0,0.0,0.0,,
195.0,Dallas Stars,Jyrki Jokipakka,FI,D,20.0,2017.0,Ilves (Finland),150.0,3.0,0.02,25.0,0.000133333333333333,28.0,0.186666666666667,,-2.0,34.0,,,,,,,4.6,jokipjy01,2011,0,0.02,0.16666666666666666,0.18666666666666668,-0.013333333333333334,0.04533333333333333,
198.0,Montreal Canadiens,Colin Sullivan,US,D,18.0,,Avon Old Farms School (High-CT),,0.0,0.0,0.0,0.0,0.0,0.0,,0.0,,,,,,,,,sullico01,2011,0,0.0,0.0,0.0,0.0,,
203.0,Toronto Maple Leafs,Max Everson,US,D,18.0,,Edina HS (High-MN),,0.0,0.0,0.0,0.0,0.0,0.0,,0.0,,,,,,,,,eversma01,2011,0,0.0,0.0,0.0,0.0,,
205.0,Detroit Red Wings,Alexei Marchenko,RU,D,19.0,2017.0,CSKA Moskva (Russia),121.0,4.0,0.0330578512396694,17.0,0.000273205382146028,21.0,0.173553719008264,,5.0,26.0,,,,,,,5.3,marchal01,2011,0,0.03305785123966942,0.14049586776859505,0.17355371900826447,0.04132231404958678,0.047520661157024795,
207.0,Washington Capitals,Garrett Haar,US,D,18.0,,Fargo Force (USHL),,0.0,0.0,0.0,0.0,0.0,0.0,,0.0,,,,,,,,,haarga01,2011,0,0.0,0.0,0.0,0.0,,
210.0,Vancouver Canucks,Henrik Tommernes,SE,D,21.0,,Frolunda HC (Sweden),,0.0,0.0,0.0,0.0,0.0,0.0,,0.0,,,,,,,,,tommehe01,2011,0,0.0,0.0,0.0,0.0,,
,Florida Panthers,Erik Gudbranson,CA,D,18.0,2026.0,Kingston Frontenacs (OHL),809.0,34.0,0.0420271940667491,103.0,5.19495600330644e-05,137.0,0.169344870210136,,-126.0,851.0,,,,,,,21.6,gudbrer01,2010,0,0.042027194066749075,0.1273176761433869,0.16934487021013597,-0.1557478368355995,0.02676143386897404,3.0
,New York Rangers,Dylan McIlrath,CA,D,18.0,2026.0,Moose Jaw Warriors (WHL),95.0,3.0,0.0315789473684211,6.0,0.000332409972299169,9.0,0.0947368421052632,,-5.0,161.0,,,,,,,2.0,mcilrdy01,2010,0,0.031578947368421054,0.06315789473684211,0.09473684210526316,-0.05263157894736842,0.01842105263157895,10.0
,Anaheim Ducks,Cam Fowler,CA,D,18.0,2026.0,Windsor Spitfires (OHL),1069.0,106.0,0.0991580916744621,398.0,9.27578032501984e-05,504.0,0.471468662301216,,-121.0,275.0,,,,,,,78.5,fowleca01,2010,0,0.09915809167446211,0.372310570626754,0.4714686623012161,-0.11318989710009354,0.10654817586529466,12.0
,Phoenix Coyotes,Brandon Gormley,CA,D,18.0,2016.0,Moncton Wildcats (QMJHL),58.0,2.0,0.0344827586206897,3.0,0.000594530321046374,5.0,0.0862068965517241,,-6.0,20.0,,,,,,,1.2,gormlbr01,2010,0,0.034482758620689655,0.05172413793103448,0.08620689655172414,-0.10344827586206896,0.011206896551724136,13.0
,Los Angeles Kings,Derek Forbort,US,D,18.0,2026.0,USA U-18 Development Team (USDP/USHL),552.0,19.0,0.0344202898550725,87.0,6.23555975635371e-05,106.0,0.192028985507246,,23.0,346.0,,,,,,,27.1,forbode01,2010,0,0.034420289855072464,0.15760869565217392,0.19202898550724637,0.041666666666666664,0.052173913043478265,15.0
,Montreal Canadiens,Jarred Tinordi,US,D,18.0,2024.0,USA U-18 Development Team (USDP/USHL),205.0,4.0,0.0195121951219512,26.0,9.51814396192741e-05,30.0,0.146341463414634,,-63.0,234.0,,,,,,,2.6,tinorja01,2010,0,0.01951219512195122,0.12682926829268293,0.14634146341463414,-0.3073170731707317,0.005853658536585371,22.0
,Buffalo Sabres,Mark Pysyk,CA,D,18.0,2022.0,Edmonton Oil Kings (WHL),521.0,28.0,0.053742802303263,76.0,0.000103153171407415,104.0,0.199616122840691,,-18.0,162.0,,,,,,,22.0,pysykma01,2010,0,0.053742802303262956,0.14587332053742802,0.19961612284069097,-0.0345489443378119,0.04644913627639155,23.0
,Florida Panthers,Alex Petrovic,CA,D,18.0,2026.0,Red Deer Rebels (WHL),294.0,6.0,0.0204081632653061,51.0,6.9415521310565e-05,57.0,0.193877551020408,,-6.0,395.0,,,,,,,10.6,petroal01,2010,0,0.02040816326530612,0.17346938775510204,0.19387755102040816,-0.02040816326530612,0.04642857142857143,36.0
,Carolina Hurricanes,Justin Faulk,US,D,18.0,2026.0,USA U-18 Development Team (USDP/USHL),1007.0,136.0,0.135054617676266,335.0,0.000134115807027076,471.0,0.46772591857001,,-70.0,492.0,,,,,,,81.3,faulkju01,2010,0,0.13505461767626614,0.3326713008937438,0.46772591857000995,-0.06951340615690169,0.1099801390268123,37.0
,New Jersey Devils,Jon Merrill,US,D,18.0,2025.0,USA U-18 Development Team (USDP/USHL),682.0,24.0,0.0351906158357771,91.0,5.15991434542186e-05,115.0,0.168621700879765,,-13.0,321.0,,,,,,,25.0,merrijo01,2010,0,0.03519061583577713,0.13343108504398826,0.16862170087976538,-0.01906158357771261,0.04024926686217009,38.0
,Dallas Stars,Patrik Nemeth,SE,D,18.0,2023.0,AIK (Sweden-2),504.0,10.0,0.0198412698412698,60.0,3.93675988914083e-05,70.0,0.138888888888889,,3.0,240.0,,,,,,,17.0,nemetpa01,2010,0,0.01984126984126984,0.11904761904761904,0.1388888888888889,0.005952380952380952,0.03531746031746032,41.0
,Edmonton Oilers,Martin Marincin,SK,D,18.0,2020.0,HK Orange 20 (Slovakia),227.0,5.0,0.0220264317180617,29.0,9.70327388460868e-05,34.0,0.149779735682819,,-13.0,110.0,,,,,,,6.6,marinma01,2010,0,0.022026431718061675,0.1277533039647577,0.14977973568281938,-0.05726872246696035,0.03171806167400881,46.0
,Carolina Hurricanes,Mark Alt,US,D,18.0,2021.0,Cretin-Derham Hall (High-MN),20.0,0.0,0.0,0.0,0.0,0.0,0.0,,-2.0,4.0,,,,,,,0.0,altma01,2010,0,0.0,0.0,0.0,-0.1,-0.010000000000000002,53.0
,Chicago Blackhawks,Justin Holl,US,D,18.0,2025.0,Minnetonka HS (High-MN),396.0,13.0,0.0328282828282828,82.0,8.28997041118253e-05,95.0,0.23989898989899,,59.0,188.0,,,,,,,19.7,hollju01,2010,0,0.03282828282828283,0.20707070707070707,0.2398989898989899,0.14898989898989898,0.07487373737373737,54.0
,Chicago Blackhawks,Stephen Johns,US,D,18.0,2020.0,USA U-18 Development Team (USDP/USHL),167.0,15.0,0.0898203592814371,18.0,0.000537846462763096,33.0,0.197604790419162,,-6.0,93.0,,,,,,,6.9,johnsst03,2010,0,0.08982035928143713,0.10778443113772455,0.19760479041916168,-0.03592814371257485,0.04580838323353294,60.0
,Tampa Bay Lightning,Brock Beukeboom,US,D,18.0,,Soo Greyhounds (OHL),,0.0,0.0,0.0,0.0,0.0,0.0,,0.0,,,,,,,,,beukebr01,2010,0,0.0,0.0,0.0,0.0,,63.0
,Tampa Bay Lightning,Radko Gudas,CZ,D,20.0,2026.0,Everett Silvertips (WHL),844.0,41.0,0.0485781990521327,161.0,5.75571078816738e-05,202.0,0.239336492890995,,90.0,1066.0,,,,,,,41.4,gudasra01,2010,0,0.0485781990521327,0.19075829383886256,0.23933649289099526,0.1066350710900474,0.07049763033175356,66.0
,Carolina Hurricanes,Danny Biega,CA,D,18.0,2015.0,Harvard (ECAC),10.0,0.0,0.0,2.0,0.0,2.0,0.2,,-5.0,0.0,,,,,,,0.1,biegada01,2010,0,0.0,0.2,0.2,-0.5,0.0,67.0
,Buffalo Sabres,Jerome Gauthier-Leduc,CA,D,18.0,,Rouyn-Noranda Huskies (QMJHL),,0.0,0.0,0.0,0.0,0.0,0.0,,0.0,,,,,,,,,gauthje02,2010,0,0.0,0.0,0.0,0.0,,68.0
,Tampa Bay Lightning,Adam Janosik,SK,D,18.0,,Gatineau Olympiques (QMJHL),,0.0,0.0,0.0,0.0,0.0,0.0,,0.0,,,,,,,,,janosad01,2010,0,0.0,0.0,0.0,0.0,,72.0
,Calgary Flames,Joey Leach,CA,D,18.0,,Kootenay Ice (WHL),,0.0,0.0,0.0,0.0,0.0,0.0,,0.0,,,,,,,,,leachjo01,2010,0,0.0,0.0,0.0,0.0,,73.0
,Nashville Predators,Taylor Aronson,US,D,18.0,,Portland Winterhawks (WHL),,0.0,0.0,0.0,0.0,0.0,0.0,,0.0,,,,,,,,,aronsta01,2010,0,0.0,0.0,0.0,0.0,,78.0
,Buffalo Sabres,Matt MacKenzie,CA,D,18.0,,Calgary Hitmen (WHL),,0.0,0.0,0.0,0.0,0.0,0.0,,0.0,,,,,,,,,mackema01,2010,0,0.0,0.0,0.0,0.0,,83.0
,Carolina Hurricanes,Austin Levi,US,D,18.0,,Plymouth Whalers (OHL),,0.0,0.0,0.0,0.0,0.0,0.0,,0.0,,,,,,,,,leviau01,2010,0,0.0,0.0,0.0,0.0,,85.0
,Atlanta Thrashers,Julian Melchiori,CA,D,18.0,2017.0,Newmarket (OJHL),30.0,0.0,0.0,2.0,0.0,2.0,0.0666666666666667,,0.0,8.0,,,,,,,0.4,melchju01,2010,0,0.0,0.06666666666666667,0.06666666666666667,0.0,0.016666666666666666,87.0
,Edmonton Oilers,Jeremie Blain,CA,D,18.0,,Acadie-Bathurst Titan (QMJHL),,0.0,0.0,0.0,0.0,0.0,0.0,,0.0,,,,,,,,,blainje01,2010,0,0.0,0.0,0.0,0.0,,91.0
,Florida Panthers,Ben Gallacher,CA,D,18.0,,Camrose (AJHL),,0.0,0.0,0.0,0.0,0.0,0.0,,0.0,,,,,,,,,gallabe01,2010,0,0.0,0.0,0.0,0.0,,93.0
,Columbus Blue Jackets,Brandon Archibald,US,D,18.0,,Soo Greyhounds (OHL),,0.0,0.0,0.0,0.0,0.0,0.0,,0.0,,,,,,,,,archibr01,2010,0,0.0,0.0,0.0,0.0,,94.0
,Colorado Avalanche,Stephen Silas,CA,D,18.0,,Belleville Bulls (OHL),,0.0,0.0,0.0,0.0,0.0,0.0,,0.0,,,,,,,,,silasst01,2010,0,0.0,0.0,0.0,0.0,,95.0
,Tampa Bay Lightning,Geoffrey Schemitsch,CA,D,18.0,,Owen Sound Attack (OHL),,0.0,0.0,0.0,0.0,0.0,0.0,,0.0,,,,,,,,,schemge01,2010,0,0.0,0.0,0.0,0.0,,96.0
,Calgary Flames,John Ramage,CA,D,19.0,2016.0,Wisconsin (WCHA),2.0,0.0,0.0,0.0,0.0,0.0,0.0,,-3.0,0.0,,,,,,,-0.2,ramagjo01,2010,0,0.0,0.0,0.0,-1.5,-0.015000000000000003,103.0
,St. Louis Blues,Jani Hakanpaa,FI,D,18.0,2025.0,Kiekko-Vantaa Jr. (Finland Jr.),290.0,15.0,0.0517241379310345,30.0,0.000178359096313912,45.0,0.155172413793103,,33.0,173.0,,,,,,,13.7,hakanja01,2010,0,0.05172413793103448,0.10344827586206896,0.15517241379310345,0.11379310344827587,0.05017241379310345,104.0
,Dallas Stars,Alex Theriau,CA,D,18.0,,Everett Silvertips (WHL),,0.0,0.0,0.0,0.0,0.0,0.0,,0.0,,,,,,,,,therial01,2010,0,0.0,0.0,0.0,0.0,,109.0
,New Jersey Devils,Joe Faust,US,D,18.0,,Bloomington Jefferson HS (High-MN),,0.0,0.0,0.0,0.0,0.0,0.0,,0.0,,,,,,,,,faustjo01,2010,0,0.0,0.0,0.0,0.0,,114.0
,Vancouver Canucks,Patrick McNally,US,D,18.0,,Milton Academy (High-MA),,0.0,0.0,0.0,0.0,0.0,0.0,,0.0,,,,,,,,,mcnalpa01,2010,0,0.0,0.0,0.0,0.0,,115.0
,Toronto Maple Leafs,Petter Granberg,SE,D,18.0,2017.0,Skelleftea AIK Jr. (Sweden Jr.),45.0,0.0,0.0,2.0,0.0,2.0,0.0444444444444444,,2.0,29.0,,,,,,,0.9,granbpe01,2010,0,0.0,0.044444444444444446,0.044444444444444446,0.044444444444444446,0.015555555555555555,116.0
,Montreal Canadiens,Morgan Ellis,CA,D,18.0,2016.0,Cape Breton Screaming Eagles (QMJHL),3.0,0.0,0.0,0.0,0.0,0.0,0.0,,0.0,2.0,,,,,,,0.0,ellismo01,2010,0,0.0,0.0,0.0,0.0,0.0,117.0
,Columbus Blue Jackets,Austin Madaisky,CA,D,18.0,,Kamloops Blazers (WHL),,0.0,0.0,0.0,0.0,0.0,0.0,,0.0,,,,,,,,,madaiau01,2010,0,0.0,0.0,0.0,0.0,,124.0
,New York Islanders,Tony Dehart,US,D,20.0,,Oshawa Generals (OHL),,0.0,0.0,0.0,0.0,0.0,0.0,,0.0,,,,,,,,,deharto01,2010,0,0.0,0.0,0.0,0.0,,125.0
,Dallas Stars,John Klingberg,SE,D,18.0,2026.0,Frolunda HC Jr. (Sweden Jr.),662.0,85.0,0.128398791540785,338.0,0.0001939558784604,423.0,0.638972809667674,,-42.0,275.0,,,,,,,64.9,klingjo01,2010,0,0.1283987915407855,0.5105740181268882,0.6389728096676737,-0.0634441087613293,0.15339879154078548,131.0
,Anaheim Ducks,Tim Heed,SE,D,19.0,2020.0,Sodertalje SK (Sweden),105.0,6.0,0.0571428571428571,23.0,0.00054421768707483,29.0,0.276190476190476,,-1.0,20.0,,,,,,,5.0,heedti01,2010,0,0.05714285714285714,0.21904761904761905,0.2761904761904762,-0.009523809523809525,0.0680952380952381,132.0
,San Jose Sharks,Isaac MacLeod,CA,D,18.0,,Penticton (BCHL),,0.0,0.0,0.0,0.0,0.0,0.0,,0.0,,,,,,,,,macleis01,2010,0,0.0,0.0,0.0,0.0,,136.0
,Colorado Avalanche,Troy Rutkowski,CA,D,18.0,,Portland Winterhawks (WHL),,0.0,0.0,0.0,0.0,0.0,0.0,,0.0,,,,,,,,,rutkotr01,2010,0,0.0,0.0,0.0,0.0,,137.0
,Vancouver Canucks,Adam Polasek,CZ,D,19.0,,Prince Edward Island Rocket (QMJHL),,0.0,0.0,0.0,0.0,0.0,0.0,,0.0,,,,,,,,,polasad01,2010,0,0.0,0.0,0.0,0.0,,145.0
,Los Angeles Kings,Kevin Gravel,US,D,18.0,2025.0,Sioux City Musketeers (USHL),138.0,1.0,0.0072463768115942,14.0,5.25099768956101e-05,15.0,0.108695652173913,,-9.0,16.0,,,,,,,3.6,graveke01,2010,0,0.007246376811594203,0.10144927536231885,0.10869565217391304,-0.06521739130434782,0.02065217391304348,148.0
,Pittsburgh Penguins,Joe Rogalski,US,D,18.0,,Sarnia Sting (OHL),,0.0,0.0,0.0,0.0,0.0,0.0,,0.0,,,,,,,,,rogaljo01,2010,0,0.0,0.0,0.0,0.0,,152.0
,Columbus Blue Jackets,Dalton Prout,CA,D,20.0,2020.0,Barrie Colts (OHL),264.0,7.0,0.0265151515151515,31.0,0.000100436179981634,38.0,0.143939393939394,,-13.0,321.0,,,,,,,7.5,proutda01,2010,0,0.026515151515151516,0.11742424242424243,0.14393939393939395,-0.04924242424242424,0.031060606060606063,154.0
,Atlanta Thrashers,Kendall McFaull,CA,D,18.0,,Moose Jaw Warriors (WHL),,0.0,0.0,0.0,0.0,0.0,0.0,,0.0,,,,,,,,,mcfauke01,2010,0,0.0,0.0,0.0,0.0,,155.0
,Edmonton Oilers,Brandon Davidson,CA,D,19.0,2021.0,Regina Pats (WHL),180.0,9.0,0.05,14.0,0.000277777777777778,23.0,0.127777777777778,,-24.0,82.0,,,,,,,4.3,davidbr01,2010,0,0.05,0.07777777777777778,0.12777777777777777,-0.13333333333333333,0.018611111111111106,162.0
,San Jose Sharks,Konrad Abeltshauser,DE,D,18.0,,Halifax Mooseheads (QMJHL),,0.0,0.0,0.0,0.0,0.0,0.0,,0.0,,,,,,,,,abeltko01,2010,0,0.0,0.0,0.0,0.0,,163.0
,Carolina Hurricanes,Tyler Stahl,CA,D,18.0,,Chilliwack Bruins (WHL),,0.0,0.0,0.0,0.0,0.0,0.0,,0.0,,,,,,,,,stahlty01,2010,0,0.0,0.0,0.0,0.0,,167.0
,Nashville Predators,Anthony Bitetto,US,D,20.0,2021.0,Indiana Ice (USHL),197.0,3.0,0.0152284263959391,28.0,7.73016568321782e-05,31.0,0.157360406091371,,-15.0,142.0,,,,,,,4.7,bitetan01,2010,0,0.015228426395939087,0.14213197969543148,0.15736040609137056,-0.07614213197969544,0.031725888324873094,168.0
,Atlanta Thrashers,Sebastian Owuya,SE,D,18.0,,Timra IK Jr. (Sweden Jr.),,0.0,0.0,0.0,0.0,0.0,0.0,,0.0,,,,,,,,,owuyase01,2010,0,0.0,0.0,0.0,0.0,,169.0
,Pittsburgh Penguins,Reid McNeill,CA,D,18.0,,London Knights (OHL),,0.0,0.0,0.0,0.0,0.0,0.0,,0.0,,,,,,,,,mcneire01,2010,0,0.0,0.0,0.0,0.0,,170.0
,Washington Capitals,Samuel Carrier,CA,D,18.0,,Lewiston MAINEiacs (QMJHL),,0.0,0.0,0.0,0.0,0.0,0.0,,0.0,,,,,,,,,carrisa02,2010,0,0.0,0.0,0.0,0.0,,176.0
,Anaheim Ducks,Kevin Lind,US,D,18.0,,Chicago Steel (USHL),,0.0,0.0,0.0,0.0,0.0,0.0,,0.0,,,,,,,,,lindke01,2010,0,0.0,0.0,0.0,0.0,,177.0
,Philadelphia Flyers,Nick Luukko,US,D,18.0,,The Gunnery (High-CT),,0.0,0.0,0.0,0.0,0.0,0.0,,0.0,,,,,,,,,luukkni01,2010,0,0.0,0.0,0.0,0.0,,179.0
,Chicago Blackhawks,Nick Mattson,US,D,18.0,,Indiana Ice (USHL),,0.0,0.0,0.0,0.0,0.0,0.0,,0.0,,,,,,,,,mattsni01,2010,0,0.0,0.0,0.0,0.0,,180.0
,Florida Panthers,R.J. Boyd,US,D,19.0,,Cushing Academy (High-MA),,0.0,0.0,0.0,0.0,0.0,0.0,,0.0,,,,,,,,,boydr.01,2010,0,0.0,0.0,0.0,0.0,,183.0
,Tampa Bay Lightning,Teigan Zahn,CA,D,20.0,,Saskatoon Blades (WHL),,0.0,0.0,0.0,0.0,0.0,0.0,,0.0,,,,,,,,,zahnte01,2010,0,0.0,0.0,0.0,0.0,,186.0
,San Jose Sharks,Lee Moffie,US,D,20.0,,Michigan (CCHA),,0.0,0.0,0.0,0.0,0.0,0.0,,0.0,,,,,,,,,moffile01,2010,0,0.0,0.0,0.0,0.0,,188.0
,Boston Bruins,Maxim Chudinov,RU,D,20.0,,Severstal Cherepovets (Russia),,0.0,0.0,0.0,0.0,0.0,0.0,,0.0,,,,,,,,,chudima01,2010,0,0.0,0.0,0.0,0.0,,195.0
,Ottawa Senators,Bryce Aneloski,US,D,20.0,,Cedar Rapids Roughriders (USHL),,0.0,0.0,0.0,0.0,0.0,0.0,,0.0,,,,,,,,,anelobr01,2010,0,0.0,0.0,0.0,0.0,,196.0
,Atlanta Thrashers,Peter Stoykewych,CA,D,18.0,,Winnipeg South (MJHL),,0.0,0.0,0.0,0.0,0.0,0.0,,0.0,,,,,,,,,stoykpe01,2010,0,0.0,0.0,0.0,0.0,,199.0
,Detroit Red Wings,Ben Marshall,US,D,18.0,,Mahtomedi HS (High-MN),,0.0,0.0,0.0,0.0,0.0,0.0,,0.0,,,,,,,,,marshbe02,2010,0,0.0,0.0,0.0,0.0,,201.0
,Vancouver Canucks,Sawyer Hannay,CA,D,18.0,,Halifax Mooseheads (QMJHL),,0.0,0.0,0.0,0.0,0.0,0.0,,0.0,,,,,,,,,hannasa01,2010,0,0.0,0.0,0.0,0.0,,205.0
,Philadelphia Flyers,Ricard Blidstrand,SE,D,18.0,,AIK Jr. (Sweden Jr.),,0.0,0.0,0.0,0.0,0.0,0.0,,0.0,,,,,,,,,blidsri01,2010,0,0.0,0.0,0.0,0.0,,206.0
,Boston Bruins,Zach Trotman,US,D,20.0,2020.0,Lake Superior State (CCHA),91.0,3.0,0.032967032967033,10.0,0.000362275087549813,13.0,0.142857142857143,,1.0,30.0,,,,,,,2.9,trotmza01,2010,0,0.03296703296703297,0.10989010989010989,0.14285714285714285,0.01098901098901099,0.036813186813186814,210.0
2.0,Tampa Bay Lightning,Victor Hedman,SE,D,18.0,2026.0,MODO Hockey (Sweden),1146.0,171.0,0.149214659685864,635.0,0.000130204764123791,806.0,0.703315881326353,,194.0,776.0,,,,,,,134.2,hedmavi01,2009,0,0.14921465968586387,0.5541012216404887,0.7033158813263525,0.16928446771378708,0.19275741710296682,
6.0,Phoenix Coyotes,Oliver Ekman-Larsson,SE,D,18.0,2026.0,Leksands IF (Sweden-2),1085.0,152.0,0.140092165898618,368.0,0.000129117203593196,520.0,0.47926267281106,,-98.0,704.0,,,,,,,88.8,ekmanol01,2009,0,0.1400921658986175,0.3391705069124424,0.4792626728110599,-0.09032258064516129,0.11078341013824883,
9.0,Ottawa Senators,Jared Cowen,CA,D,18.0,2016.0,Spokane Chiefs (WHL),249.0,15.0,0.0602409638554217,31.0,0.000241931581748682,46.0,0.184738955823293,,-7.0,174.0,,,,,,,8.3,cowenja01,2009,0,0.060240963855421686,0.12449799196787148,0.18473895582329317,-0.028112449799196786,0.043373493975903614,
11.0,Nashville Predators,Ryan Ellis,CA,D,18.0,2022.0,Windsor Spitfires (OHL),566.0,76.0,0.134275618374558,199.0,0.00023723607486671,275.0,0.485865724381625,,116.0,189.0,,,,,,,57.4,ellisry01,2009,0,0.13427561837455831,0.35159010600706714,0.48586572438162545,0.2049469964664311,0.14196113074204947,
12.0,New York Islanders,Calvin de Haan,CA,D,18.0,2025.0,Oshawa Generals (OHL),679.0,24.0,0.0353460972017673,125.0,5.20561078081993e-05,149.0,0.219440353460972,,-6.0,249.0,,,,,,,28.5,dehaaca01,2009,0,0.035346097201767304,0.18409425625920472,0.21944035346097202,-0.008836524300441826,0.053976435935198824,
14.0,Florida Panthers,Dmitry Kulikov,RU,D,18.0,2026.0,Drummondville Voltigeurs (QMJHL),1020.0,50.0,0.0490196078431373,197.0,4.80584390618993e-05,247.0,0.242156862745098,,-25.0,629.0,,,,,,,46.6,kulikdm01,2009,0,0.049019607843137254,0.1931372549019608,0.24215686274509804,-0.024509803921568627,0.058088235294117656,
16.0,Minnesota Wild,Nick Leddy,US,D,18.0,2026.0,Eden Priarie HS (High-MN),1052.0,75.0,0.0712927756653992,343.0,6.77687981610259e-05,418.0,0.397338403041825,,-41.0,207.0,,,,,,,65.7,leddyni01,2009,0,0.07129277566539924,0.32604562737642584,0.3973384030418251,-0.03897338403041825,0.09543726235741445,
17.0,St. Louis Blues,David Rundblad,SE,D,18.0,2016.0,Skelleftea AIK (Sweden),113.0,4.0,0.0353982300884956,21.0,0.000313258673349519,25.0,0.221238938053097,,-6.0,30.0,,,,,,,4.0,rundbda01,2009,0,0.035398230088495575,0.18584070796460178,0.22123893805309736,-0.05309734513274336,0.05,
21.0,Columbus Blue Jackets,John Moore,US,D,18.0,2022.0,Chicago Steel (USHL),544.0,38.0,0.0698529411764706,80.0,0.000128406141868512,118.0,0.216911764705882,,-35.0,227.0,,,,,,,25.1,moorejo01,2009,0,0.06985294117647059,0.14705882352941177,0.21691176470588236,-0.06433823529411764,0.047794117647058834,
23.0,Calgary Flames,Tim Erixon,US,D,18.0,2015.0,Skelleftea AIK (Sweden),93.0,2.0,0.021505376344086,12.0,0.000231240605850387,14.0,0.150537634408602,,-3.0,38.0,,,,,,,2.9,erixoti01,2009,0,0.021505376344086023,0.12903225806451613,0.15053763440860216,-0.03225806451612903,0.034408602150537634,
28.0,Chicago Blackhawks,Dylan Olsen,US,D,18.0,2016.0,Camrose (AJHL),124.0,5.0,0.0403225806451613,17.0,0.000325182101977107,22.0,0.17741935483871,,-16.0,36.0,,,,,,,3.1,olsendy01,2009,0,0.04032258064516129,0.13709677419354838,0.1774193548387097,-0.12903225806451613,0.03145161290322581,
30.0,Pittsburgh Penguins,Simon Despres,CA,D,18.0,2017.0,Saint John Sea Dogs (QMJHL),193.0,6.0,0.0310880829015544,37.0,0.000161078149748987,43.0,0.22279792746114,,31.0,150.0,,,,,,,11.0,desprsi01,2009,0,0.031088082901554404,0.19170984455958548,0.22279792746113988,0.16062176165803108,0.07176165803108808,
37.0,Anaheim Ducks,Mat Clark,US,D,18.0,2015.0,Brampton Battalion (OHL),9.0,0.0,0.0,1.0,0.0,1.0,0.111111111111111,,0.0,6.0,,,,,,,0.2,clarkma01,2009,0,0.0,0.1111111111111111,0.1111111111111111,0.0,0.012499999999999999,
42.0,Nashville Predators,Charles-Olivier Roussel,CA,D,18.0,,Shawinigan Cataractes (QMJHL),,0.0,0.0,0.0,0.0,0.0,0.0,,0.0,,,,,,,,,roussch01,2009,0,0.0,0.0,0.0,0.0,,
43.0,San Jose Sharks,William Wrenn,US,D,18.0,,USA U-18 Development Team (USDP/NAHL),,0.0,0.0,0.0,0.0,0.0,0.0,,0.0,,,,,,,,,wrennwi01,2009,0,0.0,0.0,0.0,0.0,,
48.0,St. Louis Blues,Brett Ponich,CA,D,18.0,,Portland Winter Hawks (WHL),,0.0,0.0,0.0,0.0,0.0,0.0,,0.0,,,,,,,,,ponicbr01,2009,0,0.0,0.0,0.0,0.0,,
49.0,Colorado Avalanche,Stefan Elliott,CA,D,18.0,2019.0,Saskatoon Blades (WHL),87.0,8.0,0.0919540229885057,17.0,0.00105694279297133,25.0,0.28735632183908,,-5.0,16.0,,,,,,,4.7,elliost01,2009,0,0.09195402298850575,0.19540229885057472,0.28735632183908044,-0.05747126436781609,0.06609195402298851,
51.0,Carolina Hurricanes,Brian Dumoulin,US,D,18.0,2026.0,New Hampshire (EJHL),732.0,28.0,0.0382513661202186,155.0,5.22559646451074e-05,183.0,0.25,,95.0,184.0,,,,,,,39.5,dumoubr01,2009,0,0.03825136612021858,0.21174863387978143,0.25,0.12978142076502733,0.07547814207650273,
54.0,New Jersey Devils,Eric Gelinas,CA,D,18.0,2017.0,Lewiston MAINEiacs (QMJHL),189.0,14.0,0.0740740740740741,41.0,0.000391926317852244,55.0,0.291005291005291,,-16.0,92.0,,,,,,,10.5,geliner01,2009,0,0.07407407407407407,0.21693121693121692,0.291005291005291,-0.08465608465608465,0.06428571428571428,
55.0,Washington Capitals,Dmitry Orlov,RU,D,18.0,2026.0,Metallurg Novokuznetsk (Russia),894.0,76.0,0.0850111856823266,266.0,9.50908117251975e-05,342.0,0.38255033557047,,132.0,369.0,,,,,,,66.1,orlovdm01,2009,0,0.08501118568232663,0.2975391498881432,0.3825503355704698,0.1476510067114094,0.11040268456375837,
57.0,San Jose Sharks,Taylor Doherty,CA,D,18.0,,Kingston Frontenacs (OHL),,0.0,0.0,0.0,0.0,0.0,0.0,,0.0,,,,,,,,,doherta01,2009,0,0.0,0.0,0.0,0.0,,
58.0,Toronto Maple Leafs,Jesse Blacker,CA,D,18.0,2015.0,Windsor Spitfires (OHL),1.0,0.0,0.0,0.0,0.0,0.0,0.0,,-2.0,0.0,,,,,,,-0.2,blackje01,2009,0,0.0,0.0,0.0,-2.0,-0.010000000000000002,
61.0,Pittsburgh Penguins,Philip Samuelsson,SE,D,18.0,2016.0,Chicago Steel (USHL),13.0,0.0,0.0,0.0,0.0,0.0,0.0,,-4.0,2.0,,,,,,,-0.1,samueph01,2009,0,0.0,0.0,0.0,-0.3076923076923077,-0.02,
64.0,Colorado Avalanche,Tyson Barrie,CA,D,18.0,2025.0,Kelowna Rockets (WHL),822.0,110.0,0.1338199513382,398.0,0.00016279799432871,508.0,0.618004866180049,,-82.0,263.0,,,,,,,71.9,barrity01,2009,0,0.13381995133819952,0.48418491484184917,0.6180048661800487,-0.09975669099756691,0.14452554744525548,
66.0,Buffalo Sabres,Brayden McNabb,CA,D,18.0,2026.0,Kootenay Ice (WHL),848.0,33.0,0.0389150943396226,147.0,4.58904414382342e-05,180.0,0.212264150943396,,158.0,553.0,,,,,,,48.4,mcnabbr01,2009,0,0.03891509433962264,0.1733490566037736,0.21226415094339623,0.18632075471698112,0.07169811320754717,
71.0,Edmonton Oilers,Troy Hesketh,US,D,18.0,,Minnetonka HS (High-MN),,0.0,0.0,0.0,0.0,0.0,0.0,,0.0,,,,,,,,,hesketr01,2009,0,0.0,0.0,0.0,0.0,,
73.0,New Jersey Devils,Alexander Urbom,SE,D,18.0,2014.0,Djurgardens IF (Sweden),34.0,3.0,0.0882352941176471,1.0,0.00259515570934256,4.0,0.117647058823529,,-1.0,28.0,,,,,,,1.2,urbomal01,2009,0,0.08823529411764706,0.029411764705882353,0.11764705882352941,-0.029411764705882353,0.02647058823529412,
79.0,Montreal Canadiens,Mac Bennett,US,D,18.0,,Hotchkiss School (High-CT),,0.0,0.0,0.0,0.0,0.0,0.0,,0.0,,,,,,,,,bennema02,2009,0,0.0,0.0,0.0,0.0,,
83.0,Vancouver Canucks,Kevin Connauton,CA,D,19.0,2022.0,Western Michigan (CCHA),360.0,28.0,0.0777777777777778,52.0,0.000216049382716049,80.0,0.222222222222222,,5.0,188.0,,,,,,,17.6,connake01,2009,0,0.07777777777777778,0.14444444444444443,0.2222222222222222,0.013888888888888888,0.05694444444444444,
84.0,Los Angeles Kings,Nicolas Deslauriers,CA,D,18.0,2026.0,Rouyn-Noranda Huskies (QMJHL),688.0,53.0,0.0770348837209302,51.0,0.00011196930773391,104.0,0.151162790697674,,-107.0,776.0,,,,,,,1.3,deslani01,2009,0,0.07703488372093023,0.07412790697674419,0.1511627906976744,-0.1555232558139535,0.022238372093023255,
86.0,Boston Bruins,Ryan Button,CA,D,18.0,,Prince Albert Raiders (WHL),,0.0,0.0,0.0,0.0,0.0,0.0,,0.0,,,,,,,,,buttory01,2009,0,0.0,0.0,0.0,0.0,,
87.0,Philadelphia Flyers,Simon Bertilsson,SE,D,18.0,,Brynas IF (Sweden),,0.0,0.0,0.0,0.0,0.0,0.0,,0.0,,,,,,,,,bertisi01,2009,0,0.0,0.0,0.0,0.0,,
90.0,Detroit Red Wings,Gleason Fournier,CA,D,18.0,,Rimouski Oceanic (QMJHL),,0.0,0.0,0.0,0.0,0.0,0.0,,0.0,,,,,,,,,fourngl01,2009,0,0.0,0.0,0.0,0.0,,
94.0,Columbus Blue Jackets,David Savard,CA,D,18.0,2025.0,Moncton Wildcats (QMJHL),870.0,54.0,0.0620689655172414,188.0,7.13436385255648e-05,242.0,0.27816091954023,,-29.0,467.0,,,,,,,44.6,savarda01,2009,0,0.06206896551724138,0.2160919540229885,0.27816091954022987,-0.03333333333333333,0.06620689655172415,
99.0,Edmonton Oilers,Kyle Bigos,US,D,20.0,,Vernon (BCHL),,0.0,0.0,0.0,0.0,0.0,0.0,,0.0,,,,,,,,,bigosky01,2009,0,0.0,0.0,0.0,0.0,,
100.0,Ottawa Senators,Chris Wideman,US,D,19.0,2023.0,Miami (Ohio) (CCHA),291.0,20.0,0.0687285223367698,58.0,0.000236180489129793,78.0,0.268041237113402,,-27.0,252.0,,,,,,,11.4,widemch01,2009,0,0.06872852233676977,0.19931271477663232,0.26804123711340205,-0.09278350515463918,0.057731958762886594,
102.0,Nashville Predators,Mattias Ekholm,SE,D,19.0,2026.0,Mora IK (Sweden-2),911.0,88.0,0.0965971459934138,283.0,0.000106034188796283,371.0,0.407244785949506,,185.0,436.0,,,,,,,77.8,ekholma01,2009,0,0.09659714599341383,0.3106476399560922,0.407244785949506,0.2030735455543359,0.1221185510428101,
105.0,Phoenix Coyotes,Justin Weller,CA,D,18.0,,Red Deer Rebels (WHL),,0.0,0.0,0.0,0.0,0.0,0.0,,0.0,,,,,,,,,welleju01,2009,0,0.0,0.0,0.0,0.0,,
106.0,Anaheim Ducks,Sami Vatanen,FI,D,18.0,2021.0,JYP Jr. (Finland Jr.),473.0,47.0,0.0993657505285412,153.0,0.000210075582512772,200.0,0.422832980972516,,-5.0,212.0,,,,,,,36.2,vatansa01,2009,0,0.09936575052854123,0.32346723044397463,0.42283298097251587,-0.010570824524312896,0.10465116279069768,
113.0,Vancouver Canucks,Jeremy Price,CA,D,18.0,,Nepean (CJHL),,0.0,0.0,0.0,0.0,0.0,0.0,,0.0,,,,,,,,,priceje01,2009,0,0.0,0.0,0.0,0.0,,
114.0,New Jersey Devils,Seth Helgeson,US,D,18.0,2017.0,Sioux City Musketeers (USHL),50.0,1.0,0.02,3.0,0.0004,4.0,0.08,,1.0,50.0,,,,,,,1.7,helgese01,2009,0,0.02,0.06,0.08,0.02,0.022,
115.0,Washington Capitals,Patrick Wey,US,D,18.0,2014.0,Waterloo Black Hawks (USHL),9.0,0.0,0.0,3.0,0.0,3.0,0.333333333333333,,0.0,5.0,,,,,,,0.4,weypa01,2009,0,0.0,0.3333333333333333,0.3333333333333333,0.0,0.0375,
120.0,Atlanta Thrashers,Ben Chiarot,CA,D,18.0,2026.0,Guelph Storm (OHL),750.0,49.0,0.0653333333333333,129.0,8.71111111111111e-05,178.0,0.237333333333333,,-57.0,561.0,,,,,,,30.4,chiarbe01,2009,0,0.06533333333333333,0.172,0.23733333333333334,-0.076,0.05173333333333333,
122.0,New York Islanders,Anton Klementyev,RU,D,19.0,2010.0,Lokomotiv Yaroslavl 2 (Russia-3),1.0,0.0,0.0,0.0,0.0,0.0,0.0,,0.0,0.0,,,,,,,0.0,klemean01,2009,0,0.0,0.0,0.0,0.0,0.0,
123.0,Pittsburgh Penguins,Alex Velischek,CA,D,18.0,,Delbarton School (High-NJ),,0.0,0.0,0.0,0.0,0.0,0.0,,0.0,,,,,,,,,velisal01,2009,0,0.0,0.0,0.0,0.0,,
125.0,Atlanta Thrashers,Cody Sol,CA,D,18.0,,Saginaw Spirit (OHL),,0.0,0.0,0.0,0.0,0.0,0.0,,0.0,,,,,,,,,solco01,2009,0,0.0,0.0,0.0,0.0,,
126.0,Los Angeles Kings,David Kolomatis,US,D,20.0,,Owen Sound Attack (OHL),,0.0,0.0,0.0,0.0,0.0,0.0,,0.0,,,,,,,,,kolomda01,2009,0,0.0,0.0,0.0,0.0,,
128.0,Toronto Maple Leafs,Eric Knodel,US,D,19.0,,Philadelphia (USMAAA),,0.0,0.0,0.0,0.0,0.0,0.0,,0.0,,,,,,,,,knodeer01,2009,0,0.0,0.0,0.0,0.0,,
134.0,Buffalo Sabres,Mark Adams,US,D,18.0,,Malden Catholic HS (High-MA),,0.0,0.0,0.0,0.0,0.0,0.0,,0.0,,,,,,,,,adamsma01,2009,0,0.0,0.0,0.0,0.0,,
137.0,Columbus Blue Jackets,Thomas Larkin,GB,D,18.0,,Phillps-Exeter Academy (High-NH),,0.0,0.0,0.0,0.0,0.0,0.0,,0.0,,,,,,,,,larkith01,2009,0,0.0,0.0,0.0,0.0,,
143.0,Vancouver Canucks,Peter Andersson,SE,D,18.0,,Frolunda HC Jr. (Sweden Jr.),,0.0,0.0,0.0,0.0,0.0,0.0,,0.0,,,,,,,,,anderpe04,2009,0,0.0,0.0,0.0,0.0,,
145.0,Washington Capitals,Brett Flemming,CA,D,18.0,,Mississauga St. Michael's Majors (OHL),,0.0,0.0,0.0,0.0,0.0,0.0,,0.0,,,,,,,,,flemmbr01,2009,0,0.0,0.0,0.0,0.0,,
150.0,Detroit Red Wings,Nick Jensen,US,D,18.0,2026.0,Green Bay Gamblers (USHL),659.0,23.0,0.0349013657056146,138.0,5.29611012224804e-05,161.0,0.244309559939302,,30.0,148.0,,,,,,,32.2,jenseni02,2009,0,0.03490136570561457,0.2094081942336874,0.24430955993930198,0.04552352048558422,0.06562974203338391,
166.0,Anaheim Ducks,Scott Valentine,CA,D,18.0,,Oshawa Generals (OHL),,0.0,0.0,0.0,0.0,0.0,0.0,,0.0,,,,,,,,,valensc01,2009,0,0.0,0.0,0.0,0.0,,
167.0,Columbus Blue Jackets,Anton Blomqvist,SE,D,19.0,,Malmo Jr. (Sweden Jr.),,0.0,0.0,0.0,0.0,0.0,0.0,,0.0,,,,,,,,,blomqan01,2009,0,0.0,0.0,0.0,0.0,,
168.0,St. Louis Blues,David Shields,US,D,18.0,,Erie Otters (OHL),,0.0,0.0,0.0,0.0,0.0,0.0,,0.0,,,,,,,,,shielda01,2009,0,0.0,0.0,0.0,0.0,,
170.0,New York Rangers,Dan Maggio,CA,D,18.0,,Sudbury Wolves (OHL),,0.0,0.0,0.0,0.0,0.0,0.0,,0.0,,,,,,,,,maggida01,2009,0,0.0,0.0,0.0,0.0,,
178.0,Carolina Hurricanes,Rasmus Rissanen,FI,D,18.0,2015.0,KalPa Jr. (Finland Jr.),6.0,0.0,0.0,0.0,0.0,0.0,0.0,,-5.0,4.0,,,,,,,-0.3,rissara01,2009,0,0.0,0.0,0.0,-0.8333333333333334,-0.025,
181.0,Pittsburgh Penguins,Viktor Ekbom,SE,D,20.0,,IK Oskarshamn (Sweden-2),,0.0,0.0,0.0,0.0,0.0,0.0,,0.0,,,,,,,,,ekbomvi01,2009,0,0.0,0.0,0.0,0.0,,
183.0,Tampa Bay Lightning,Kirill Gotovets,BY,D,18.0,,Shattuck-St. Mary's School (High-MN),,0.0,0.0,0.0,0.0,0.0,0.0,,0.0,,,,,,,,,gotovki01,2009,0,0.0,0.0,0.0,0.0,,
184.0,Colorado Avalanche,Gus Young,US,D,18.0,,Noble & Greenough School (High-MA),,0.0,0.0,0.0,0.0,0.0,0.0,,0.0,,,,,,,,,younggu01,2009,0,0.0,0.0,0.0,0.0,,
188.0,Toronto Maple Leafs,Barron Smith,US,D,18.0,,Peterborough Petes (OHL),,0.0,0.0,0.0,0.0,0.0,0.0,,0.0,,,,,,,,,smithba02,2009,0,0.0,0.0,0.0,0.0,,
191.0,Ottawa Senators,Michael Sdao,US,D,20.0,,Lincoln Stars (USHL),,0.0,0.0,0.0,0.0,0.0,0.0,,0.0,,,,,,,,,sdaomi01,2009,0,0.0,0.0,0.0,0.0,,
195.0,Chicago Blackhawks,Paul Phillips,US,D,18.0,,Cedar Rapids Roughriders (USHL),,0.0,0.0,0.0,0.0,0.0,0.0,,0.0,,,,,,,,,phillpa01,2009,0,0.0,0.0,0.0,0.0,,
196.0,Philadelphia Flyers,Oliver Lauridsen,DK,D,20.0,2015.0,St. Cloud State (WCHA),16.0,2.0,0.125,1.0,0.0078125,3.0,0.1875,,-1.0,44.0,,,,,,,0.8,lauriol01,2009,0,0.125,0.0625,0.1875,-0.0625,0.032499999999999994,
200.0,New York Rangers,Mikhail Pashnin,RU,D,20.0,,Mechel Chelyabinsk (Russia-2),,0.0,0.0,0.0,0.0,0.0,0.0,,0.0,,,,,,,,,pashnmi01,2009,0,0.0,0.0,0.0,0.0,,
204.0,New Jersey Devils,Curtis Gedig,CA,D,18.0,,Cowichan Valley (BCHL),,0.0,0.0,0.0,0.0,0.0,0.0,,0.0,,,,,,,,,gedigcu01,2009,0,0.0,0.0,0.0,0.0,,
207.0,San Jose Sharks,Dominik Bielke,DE,D,18.0,,Eisbaren Berlin (Germany),,0.0,0.0,0.0,0.0,0.0,0.0,,0.0,,,,,,,,,bielkdo01,2009,0,0.0,0.0,0.0,0.0,,
208.0,Carolina Hurricanes,Tommi Kivisto,FI,D,18.0,,Red Deer Rebels (WHL),,0.0,0.0,0.0,0.0,0.0,0.0,,0.0,,,,,,,,,kivisto01,2009,0,0.0,0.0,0.0,0.0,,
210.0,Detroit Red Wings,Adam Almqvist,SE,D,18.0,2014.0,HV71 Jr. (Sweden Jr.),2.0,1.0,0.5,0.0,0.25,1.0,0.5,,-1.0,0.0,,,,,,,0.2,almqvad01,2009,0,0.5,0.0,0.5,-0.5,0.0075,
2.0,Los Angeles Kings,Drew Doughty,CA,D,18.0,2026.0,Guelph Storm (OHL),1226.0,162.0,0.132137030995106,532.0,0.000107778981235812,694.0,0.566068515497553,,76.0,793.0,,,,,,,137.2,doughdr01,2008,0,0.13213703099510604,0.433931484502447,0.566068515497553,0.06199021207177814,0.14771615008156605,
3.0,Atlanta Thrashers,Zach Bogosian,US,D,18.0,2026.0,Peterborough Petes (OHL),940.0,64.0,0.0680851063829787,179.0,7.24309642372114e-05,243.0,0.258510638297872,,-73.0,821.0,,,,,,,43.5,bogosza01,2008,0,0.06808510638297872,0.19042553191489361,0.25851063829787235,-0.07765957446808511,0.05686170212765958,
4.0,St. Louis Blues,Alex Pietrangelo,CA,D,18.0,2025.0,Niagara IceDogs (OHL),1087.0,148.0,0.136154553817847,489.0,0.00012525717922525,637.0,0.586016559337626,,123.0,355.0,,,,,,,118.2,pietral01,2008,0,0.13615455381784727,0.44986200551977923,0.5860165593376265,0.11315547378104876,0.1578196872125115,
5.0,Toronto Maple Leafs,Luke Schenn,CA,D,18.0,2026.0,Kelowna Rockets (WHL),1090.0,44.0,0.0403669724770642,165.0,3.70339197037286e-05,209.0,0.191743119266055,,-46.0,864.0,,,,,,,40.0,schenlu01,2008,0,0.04036697247706422,0.15137614678899083,0.19174311926605506,-0.04220183486238532,0.04371559633027523,
12.0,Buffalo Sabres,Tyler Myers,US,D,18.0,2026.0,Kelowna Rockets (WHL),1093.0,100.0,0.0914913083257091,302.0,8.37065949914996e-05,402.0,0.36779505946935,,1.0,879.0,,,,,,,74.4,myersty01,2008,0,0.09149130832570906,0.27630375114364136,0.3677950594693504,0.0009149130832570906,0.09204025617566332,
13.0,Los Angeles Kings,Colten Teubert,CA,D,18.0,2012.0,Regina Pats (WHL),24.0,0.0,0.0,1.0,0.0,1.0,0.0416666666666667,,-5.0,25.0,,,,,,,0.0,teubeco01,2008,0,0.0,0.041666666666666664,0.041666666666666664,-0.20833333333333334,-0.01041666666666667,
15.0,Ottawa Senators,Erik Karlsson,SE,D,18.0,2026.0,Frolunda HC Jr. (Sweden Jr.),1109.0,201.0,0.181244364292155,686.0,0.000163430445709788,887.0,0.799819657348963,,-117.0,494.0,,,,,,,131.8,karlser01,2008,0,0.1812443642921551,0.6185752930568079,0.799819657348963,-0.1055004508566276,0.189404869251578,
17.0,Anaheim Ducks,Jake Gardiner,US,D,18.0,2021.0,Minnetonka HS (High-MN),645.0,49.0,0.075968992248062,228.0,0.000117781383330329,277.0,0.429457364341085,,-16.0,226.0,,,,,,,43.7,gardija01,2008,0,0.07596899224806201,0.35348837209302325,0.4294573643410853,-0.024806201550387597,0.10488372093023256,
19.0,Philadelphia Flyers,Luca Sbisa,IT,D,18.0,2021.0,Lethbridge Hurricanes (WHL),549.0,20.0,0.0364298724954463,93.0,6.63567805017237e-05,113.0,0.205828779599271,,-18.0,385.0,,,,,,,22.2,sbisalu01,2008,0,0.03642987249544627,0.16939890710382513,0.2058287795992714,-0.03278688524590164,0.04817850637522768,
20.0,New York Rangers,Michael Del Zotto,CA,D,18.0,2022.0,Oshawa Generals (OHL),736.0,63.0,0.0855978260869565,199.0,0.000116301394139887,262.0,0.355978260869565,,-30.0,284.0,,,,,,,48.8,delzomi01,2008,0,0.08559782608695653,0.2703804347826087,0.35597826086956524,-0.04076086956521739,0.08491847826086957,
23.0,Minnesota Wild,Tyler Cuma,CA,D,18.0,2012.0,Ottawa 67's (OHL),1.0,0.0,0.0,0.0,0.0,0.0,0.0,,0.0,2.0,,,,,,,0.0,cumaty01,2008,0,0.0,0.0,0.0,0.0,0.0,
27.0,Washington Capitals,John Carlson,US,D,18.0,2026.0,Indiana Ice (USHL),1114.0,162.0,0.145421903052065,586.0,0.000130540307946198,748.0,0.671454219030521,,113.0,370.0,,,,,,,123.0,carlsjo01,2008,0,0.14542190305206462,0.526032315978456,0.6714542190305206,0.10143626570915619,0.17800718132854576,
32.0,Los Angeles Kings,Slava Voynov,RU,D,18.0,2015.0,Traktor Chelyabinsk (Russia),190.0,18.0,0.0947368421052632,63.0,0.000498614958448754,81.0,0.426315789473684,,23.0,72.0,,,,,,,18.6,voynovi01,2008,0,0.09473684210526316,0.33157894736842103,0.4263157894736842,0.12105263157894737,0.11868421052631578,
37.0,Columbus Blue Jackets,Cody Goloubef,CA,D,18.0,2020.0,Wisconsin (WCHA),160.0,3.0,0.01875,22.0,0.0001171875,25.0,0.15625,,-7.0,76.0,,,,,,,4.8,golouco01,2008,0,0.01875,0.1375,0.15625,-0.04375,0.0346875,
38.0,Nashville Predators,Roman Josi,CH,D,18.0,2026.0,SC Bern (Swiss),976.0,192.0,0.19672131147541,541.0,0.000201558720773986,733.0,0.751024590163934,,54.0,411.0,,,,,,,122.1,josiro01,2008,0,0.19672131147540983,0.5543032786885246,0.7510245901639344,0.055327868852459015,0.19328893442622952,
40.0,New York Islanders,Aaron Ness,US,D,18.0,2021.0,Roseau HS (High-MN),72.0,1.0,0.0138888888888889,6.0,0.000192901234567901,7.0,0.0972222222222222,,-7.0,22.0,,,,,,,1.2,nessaa01,2008,0,0.013888888888888888,0.08333333333333333,0.09722222222222222,-0.09722222222222222,0.01458333333333333,
41.0,Vancouver Canucks,Yann Sauve,CA,D,18.0,2014.0,Saint John Sea Dogs (QMJHL),8.0,0.0,0.0,0.0,0.0,0.0,0.0,,-4.0,0.0,,,,,,,-0.2,sauveya01,2008,0,0.0,0.0,0.0,-0.5,-0.020000000000000004,
42.0,Ottawa Senators,Patrick Wiercioch,CA,D,18.0,2017.0,Omaha Lancers (USHL),268.0,16.0,0.0597014925373134,58.0,0.000222766763198931,74.0,0.276119402985075,,-5.0,138.0,,,,,,,13.3,wiercpa01,2008,0,0.05970149253731343,0.21641791044776118,0.27611940298507465,-0.018656716417910446,0.06716417910447761,
43.0,Anaheim Ducks,Justin Schultz,CA,D,18.0,2024.0,Westside (BCHL),745.0,71.0,0.0953020134228188,253.0,0.000127922165668213,324.0,0.43489932885906,,-57.0,198.0,,,,,,,48.8,schulju01,2008,0,0.0953020134228188,0.3395973154362416,0.4348993288590604,-0.07651006711409396,0.10107382550335572,
46.0,Florida Panthers,Colby Robak,CA,D,18.0,2015.0,Brandon Wheat Kings (WHL),47.0,0.0,0.0,4.0,0.0,4.0,0.0851063829787234,,-2.0,25.0,,,,,,,1.0,robakco01,2008,0,0.0,0.0851063829787234,0.0851063829787234,-0.0425531914893617,0.01702127659574468,
50.0,Colorado Avalanche,Cameron Gaunce,CA,D,18.0,2020.0,Mississauga St. Michael's Majors (OHL),37.0,3.0,0.0810810810810811,6.0,0.00219138056975895,9.0,0.243243243243243,,4.0,47.0,,,,,,,1.8,gauncca01,2008,0,0.08108108108108109,0.16216216216216217,0.24324324324324326,0.10810810810810811,0.07162162162162163,
52.0,New Jersey Devils,Brandon Burlon,CA,D,18.0,,St. Michael's (OPJHL),,0.0,0.0,0.0,0.0,0.0,0.0,,0.0,,,,,,,,,burlobr01,2008,0,0.0,0.0,0.0,0.0,,
53.0,New York Islanders,Travis Hamonic,CA,D,18.0,2026.0,Moose Jaw Warriors (WHL),916.0,53.0,0.0578602620087336,190.0,6.31662249003642e-05,243.0,0.26528384279476,,-37.0,790.0,,,,,,,46.1,hamontr01,2008,0,0.05786026200873363,0.2074235807860262,0.2652838427947598,-0.04039301310043668,0.0622816593886463,
55.0,Minnesota Wild,Marco Scandella,CA,D,18.0,2024.0,Val-d'Or Foreurs (QMJHL),784.0,51.0,0.0650510204081633,119.0,8.29732403165348e-05,170.0,0.216836734693878,,11.0,294.0,,,,,,,39.7,scandma01,2008,0,0.06505102040816327,0.15178571428571427,0.21683673469387754,0.01403061224489796,0.055612244897959184,
57.0,Washington Capitals,Eric Mestery,CA,D,18.0,,Tri-City Americans (WHL),,0.0,0.0,0.0,0.0,0.0,0.0,,0.0,,,,,,,,,mesteer01,2008,0,0.0,0.0,0.0,0.0,,
67.0,Philadelphia Flyers,Marc-Andre Bourdon,CA,D,18.0,2012.0,Rouyn-Noranda Huskies (QMJHL),45.0,4.0,0.0888888888888889,3.0,0.00197530864197531,7.0,0.155555555555556,,4.0,52.0,,,,,,,1.9,bourdma01,2008,0,0.08888888888888889,0.06666666666666667,0.15555555555555556,0.08888888888888889,0.04777777777777778,
68.0,Chicago Blackhawks,Shawn Lalonde,CA,D,18.0,2013.0,Belleville Bulls (OHL),1.0,0.0,0.0,0.0,0.0,0.0,0.0,,1.0,0.0,,,,,,,0.1,lalonsh01,2008,0,0.0,0.0,0.0,1.0,0.005000000000000001,
69.0,Phoenix Coyotes,Michael Stone,CA,D,18.0,2023.0,Calgary Hitmen (WHL),552.0,41.0,0.0742753623188406,104.0,0.000134556815795001,145.0,0.26268115942029,,-47.0,309.0,,,,,,,26.5,stonemi01,2008,0,0.07427536231884058,0.18840579710144928,0.26268115942028986,-0.08514492753623189,0.057155797101449274,
72.0,New York Islanders,Jyri Niemi,FI,D,18.0,,Saskatoon Blades (WHL),,0.0,0.0,0.0,0.0,0.0,0.0,,0.0,,,,,,,,,niemijy01,2008,0,0.0,0.0,0.0,0.0,,
74.0,Los Angeles Kings,Andrew Campbell,CA,D,20.0,2016.0,Soo Greyhounds (OHL),42.0,0.0,0.0,2.0,0.0,2.0,0.0476190476190476,,-13.0,12.0,,,,,,,0.0,campban01,2008,0,0.0,0.047619047619047616,0.047619047619047616,-0.30952380952380953,-0.01904761904761905,
76.0,Phoenix Coyotes,Mathieu Brodeur,CA,D,18.0,,Cape Breton Screaming Eagles (QMJHL),,0.0,0.0,0.0,0.0,0.0,0.0,,0.0,,,,,,,,,brodema02,2008,0,0.0,0.0,0.0,0.0,,
80.0,Florida Panthers,Adam Comrie,CA,D,18.0,,Saginaw Spirit (OHL),,0.0,0.0,0.0,0.0,0.0,0.0,,0.0,,,,,,,,,comriad01,2008,0,0.0,0.0,0.0,0.0,,
81.0,Buffalo Sabres,Corey Fienhage,US,D,18.0,,Eastview HS (High-MN),,0.0,0.0,0.0,0.0,0.0,0.0,,0.0,,,,,,,,,fienhco01,2008,0,0.0,0.0,0.0,0.0,,
90.0,New York Rangers,Tomas Kundratek,CZ,D,18.0,2013.0,HC Ocelari Trinec (Czech),30.0,1.0,0.0333333333333333,6.0,0.00111111111111111,7.0,0.233333333333333,,-5.0,10.0,,,,,,,0.7,kundrto01,2008,0,0.03333333333333333,0.2,0.23333333333333334,-0.16666666666666666,0.04166666666666667,
91.0,Detroit Red Wings,Max Nicastro,US,D,18.0,,Chicago Steel (USHL),,0.0,0.0,0.0,0.0,0.0,0.0,,0.0,,,,,,,,,nicasma01,2008,0,0.0,0.0,0.0,0.0,,
92.0,San Jose Sharks,Samuel Groulx,CA,D,18.0,,Quebec Remparts (QMJHL),,0.0,0.0,0.0,0.0,0.0,0.0,,0.0,,,,,,,,,groulsa01,2008,0,0.0,0.0,0.0,0.0,,
95.0,St. Louis Blues,David Warsofsky,US,D,18.0,2018.0,USA U-18 Development Team (USDP/NAHL),55.0,2.0,0.0363636363636364,9.0,0.000661157024793389,11.0,0.2,,-6.0,8.0,,,,,,,1.6,warsoda01,2008,0,0.03636363636363636,0.16363636363636364,0.2,-0.10909090909090909,0.03909090909090909,
96.0,New York Islanders,Matt Donovan,US,D,18.0,2019.0,Cedar Rapids Roughriders (USHL),69.0,2.0,0.0289855072463768,18.0,0.000420079815164881,20.0,0.289855072463768,,-8.0,28.0,,,,,,,2.7,donovma01,2008,0,0.028985507246376812,0.2608695652173913,0.2898550724637681,-0.11594202898550725,0.06086956521739131,
103.0,Edmonton Oilers,Johan Motin,SE,D,18.0,2010.0,Farjestad BK (Sweden),1.0,0.0,0.0,0.0,0.0,0.0,0.0,,-1.0,0.0,,,,,,,-0.1,motinjo01,2008,0,0.0,0.0,0.0,-1.0,-0.005000000000000001,
104.0,Buffalo Sabres,Jordon Southorn,CA,D,18.0,,Prince Edward Island Rocket (QMJHL),,0.0,0.0,0.0,0.0,0.0,0.0,,0.0,,,,,,,,,southjo01,2008,0,0.0,0.0,0.0,0.0,,
105.0,Carolina Hurricanes,Michal Jordan,CZ,D,18.0,2016.0,Plymouth Whalers (OHL),79.0,3.0,0.0379746835443038,4.0,0.000480692196763339,7.0,0.0886075949367089,,-14.0,18.0,,,,,,,1.8,jordami01,2008,0,0.0379746835443038,0.05063291139240506,0.08860759493670886,-0.17721518987341772,0.004430379746835442,
107.0,Columbus Blue Jackets,Steven Delisle,CA,D,18.0,,Gatineau Olympiques (QMJHL),,0.0,0.0,0.0,0.0,0.0,0.0,,0.0,,,,,,,,,delisst01,2008,0,0.0,0.0,0.0,0.0,,
112.0,New Jersey Devils,Matt Delahey,CA,D,18.0,,Regina Pats (WHL),,0.0,0.0,0.0,0.0,0.0,0.0,,0.0,,,,,,,,,delahma01,2008,0,0.0,0.0,0.0,0.0,,
113.0,Anaheim Ducks,Ryan Hegarty,US,D,18.0,,USA U-18 Development Team (USDP/NAHL),,0.0,0.0,0.0,0.0,0.0,0.0,,0.0,,,,,,,,,hegarry01,2008,0,0.0,0.0,0.0,0.0,,
114.0,Calgary Flames,T.J. Brodie,CA,D,18.0,2025.0,Saginaw Spirit (OHL),962.0,58.0,0.0602910602910603,300.0,6.2672619845177e-05,358.0,0.372141372141372,,66.0,312.0,,,,,,,65.7,broditj01,2008,0,0.060291060291060294,0.31185031185031187,0.37214137214137216,0.06860706860706861,0.0998960498960499,
115.0,Minnesota Wild,Sean Lorenz,CA,D,18.0,,USA U-18 Development Team (USDP/NAHL),,0.0,0.0,0.0,0.0,0.0,0.0,,0.0,,,,,,,,,lorense01,2008,0,0.0,0.0,0.0,0.0,,
125.0,St. Louis Blues,Kristofer Berglund,SE,D,20.0,,IF Bjorkloven (Sweden-2),,0.0,0.0,0.0,0.0,0.0,0.0,,0.0,,,,,,,,,berglkr01,2008,0,0.0,0.0,0.0,0.0,,
128.0,Toronto Maple Leafs,Greg Pateryn,US,D,18.0,2022.0,Ohio Junior Blue Jackets (USHL),290.0,5.0,0.0172413793103448,39.0,5.94530321046372e-05,44.0,0.151724137931034,,-13.0,178.0,,,,,,,9.4,patergr01,2008,0,0.017241379310344827,0.13448275862068965,0.15172413793103448,-0.04482758620689655,0.033448275862068964,
132.0,Chicago Blackhawks,Teigan Zahn,CA,D,18.0,,Saskatoon Blades (WHL),,0.0,0.0,0.0,0.0,0.0,0.0,,0.0,,,,,,,,,zahnte01,2008,0,0.0,0.0,0.0,0.0,,
137.0,Columbus Blue Jackets,Brent Regner,CA,D,19.0,2016.0,Vancouver Giants (WHL),7.0,0.0,0.0,0.0,0.0,0.0,0.0,,-2.0,4.0,,,,,,,-0.1,regnebr01,2008,0,0.0,0.0,0.0,-0.2857142857142857,-0.009999999999999998,
139.0,Ottawa Senators,Mark Borowiecki,CA,D,19.0,2023.0,Smiths Falls (CJHL),458.0,15.0,0.0327510917030568,41.0,7.1508933849469e-05,56.0,0.122270742358079,,-22.0,848.0,,,,,,,11.1,borowma01,2008,0,0.03275109170305677,0.08951965065502183,0.1222707423580786,-0.048034934497816595,0.025764192139737994,
143.0,Anaheim Ducks,Stefan Warg,SE,D,18.0,,VIK Hockey Ungdom Jr. (Sweden Jr.),,0.0,0.0,0.0,0.0,0.0,0.0,,0.0,,,,,,,,,wargst01,2008,0,0.0,0.0,0.0,0.0,,
146.0,San Jose Sharks,Julien Demers,CA,D,18.0,,Ottawa 67's (OHL),,0.0,0.0,0.0,0.0,0.0,0.0,,0.0,,,,,,,,,demerju01,2008,0,0.0,0.0,0.0,0.0,,
149.0,Dallas Stars,Philip Larsen,DK,D,18.0,2017.0,Frolunda HC (Sweden),151.0,9.0,0.0596026490066225,28.0,0.000394719529845182,37.0,0.245033112582781,,-9.0,46.0,,,,,,,6.8,larseph01,2008,0,0.059602649006622516,0.18543046357615894,0.24503311258278146,-0.059602649006622516,0.05529801324503311,
152.0,Tampa Bay Lightning,Mark Barberio,CA,D,18.0,2020.0,Moncton Wildcats (QMJHL),272.0,14.0,0.0514705882352941,42.0,0.000189230103806228,56.0,0.205882352941176,,2.0,115.0,,,,,,,11.2,barbema01,2008,0,0.051470588235294115,0.15441176470588236,0.20588235294117646,0.007352941176470588,0.05220588235294117,
156.0,New York Islanders,Jared Spurgeon,CA,D,18.0,2026.0,Spokane Chiefs (WHL),960.0,118.0,0.122916666666667,302.0,0.000128038194444445,420.0,0.4375,,121.0,166.0,,,,,,,87.1,spurgja01,2008,0,0.12291666666666666,0.3145833333333333,0.4375,0.12604166666666666,0.12197916666666667,
160.0,Tampa Bay Lightning,Luke Witkowski,US,D,18.0,2022.0,Ohio Junior Blue Jackets (USHL),132.0,2.0,0.0151515151515152,11.0,0.000114784205693297,13.0,0.0984848484848485,,-11.0,162.0,,,,,,,1.8,witkolu01,2008,0,0.015151515151515152,0.08333333333333333,0.09848484848484848,-0.08333333333333333,0.01628787878787879,
162.0,Chicago Blackhawks,Jonathan Carlsson,SE,D,20.0,,Brynas IF (Sweden),,0.0,0.0,0.0,0.0,0.0,0.0,,0.0,,,,,,,,,carlsjo02,2008,0,0.0,0.0,0.0,0.0,,
164.0,Buffalo Sabres,Nick Crawford,CA,D,18.0,,Saginaw Spirit (OHL),,0.0,0.0,0.0,0.0,0.0,0.0,,0.0,,,,,,,,,crawfni01,2008,0,0.0,0.0,0.0,0.0,,
166.0,Nashville Predators,Jeff Foss,US,D,19.0,,RPI (ECAC),,0.0,0.0,0.0,0.0,0.0,0.0,,0.0,,,,,,,,,fossje01,2008,0,0.0,0.0,0.0,0.0,,
167.0,Colorado Avalanche,Joel Chouinard,CA,D,18.0,,Victoriaville Tigres (QMJHL),,0.0,0.0,0.0,0.0,0.0,0.0,,0.0,,,,,,,,,chouijo01,2008,0,0.0,0.0,0.0,0.0,,
170.0,Colorado Avalanche,Jonas Holos,NO,D,21.0,2011.0,Sparta Sarpsborg (Norway),39.0,0.0,0.0,6.0,0.0,6.0,0.153846153846154,,-3.0,10.0,,,,,,,0.9,holosjo01,2008,0,0.0,0.15384615384615385,0.15384615384615385,-0.07692307692307693,0.03076923076923077,
171.0,New York Rangers,Mitch Gaulton,CA,D,18.0,,Erie Otters (OHL),,0.0,0.0,0.0,0.0,0.0,0.0,,0.0,,,,,,,,,gaultmi01,2008,0,0.0,0.0,0.0,0.0,,
179.0,Chicago Blackhawks,Braden Birch,CA,D,18.0,,Oakville (OPJHL),,0.0,0.0,0.0,0.0,0.0,0.0,,0.0,,,,,,,,,birchbr01,2008,0,0.0,0.0,0.0,0.0,,
184.0,Atlanta Thrashers,Zach Redmond,US,D,20.0,2018.0,Ferris State (CCHA),133.0,9.0,0.0676691729323308,29.0,0.000508790773927299,38.0,0.285714285714286,,12.0,50.0,,,,,,,8.1,redmoza01,2008,0,0.06766917293233082,0.21804511278195488,0.2857142857142857,0.09022556390977443,0.08045112781954887,
186.0,San Jose Sharks,Jason Demers,CA,D,20.0,2023.0,Victoriaville Tigres (QMJHL),700.0,45.0,0.0642857142857143,169.0,9.18367346938776e-05,214.0,0.305714285714286,,30.0,407.0,,,,,,,44.0,demerja01,2008,0,0.06428571428571428,0.24142857142857144,0.3057142857142857,0.04285714285714286,0.08071428571428571,
188.0,Toronto Maple Leafs,Andrew MacWilliam,CA,D,18.0,2015.0,Camrose (AJHL),12.0,0.0,0.0,2.0,0.0,2.0,0.166666666666667,,-6.0,12.0,,,,,,,-0.1,macwian01,2008,0,0.0,0.16666666666666666,0.16666666666666666,-0.5,-0.005000000000000003,
189.0,Phoenix Coyotes,Tim Billingsley,CA,D,18.0,,Mississauga St. Michael's Majors (OHL),,0.0,0.0,0.0,0.0,0.0,0.0,,0.0,,,,,,,,,billiti01,2008,0,0.0,0.0,0.0,0.0,,
190.0,Florida Panthers,Matt Bartkowski,US,D,20.0,2021.0,Lincoln Stars (USHL),256.0,8.0,0.03125,40.0,0.0001220703125,48.0,0.1875,,-12.0,157.0,,,,,,,9.1,bartkma01,2008,0,0.03125,0.15625,0.1875,-0.046875,0.0421875,
192.0,Chicago Blackhawks,Joe Gleason,US,D,18.0,,Edina HS (High-MN),,0.0,0.0,0.0,0.0,0.0,0.0,,0.0,,,,,,,,,gleasjo01,2008,0,0.0,0.0,0.0,0.0,,
193.0,Edmonton Oilers,Jordan Bendfeld,CA,D,20.0,,Medicine Hat Tigers (WHL),,0.0,0.0,0.0,0.0,0.0,0.0,,0.0,,,,,,,,,bendfjo01,2008,0,0.0,0.0,0.0,0.0,,
198.0,Calgary Flames,Alexander Deilert,SE,D,19.0,,Djurgardens IF Jr. (Sweden Jr.),,0.0,0.0,0.0,0.0,0.0,0.0,,0.0,,,,,,,,,deileal01,2008,0,0.0,0.0,0.0,0.0,,
202.0,New Jersey Devils,Harry Young,CA,D,18.0,,Windsor Spitfires (OHL),,0.0,0.0,0.0,0.0,0.0,0.0,,0.0,,,,,,,,,youngha01,2008,0,0.0,0.0,0.0,0.0,,
203.0,Tampa Bay Lightning,David Carle,US,D,18.0,,Shattuck-St. Mary's School (High-MN),,0.0,0.0,0.0,0.0,0.0,0.0,,0.0,,,,,,,,,carleda01,2008,0,0.0,0.0,0.0,0.0,,
208.0,Anaheim Ducks,Nick Pryor,US,D,18.0,,USA U-18 Development Team (USDP/NAHL),,0.0,0.0,0.0,0.0,0.0,0.0,,0.0,,,,,,,,,pryorni01,2008,0,0.0,0.0,0.0,0.0,,
209.0,Dallas Stars,Mike Bergin,CA,D,20.0,,Smiths Falls (CJHL),,0.0,0.0,0.0,0.0,0.0,0.0,,0.0,,,,,,,,,bergimi01,2008,0,0.0,0.0,0.0,0.0,,
210.0,Pittsburgh Penguins,Nick D'Agostino,CA,D,18.0,,St. Michael's (OPJHL),,0.0,0.0,0.0,0.0,0.0,0.0,,0.0,,,,,,,,,dagosni01,2008,0,0.0,0.0,0.0,0.0,,
4.0,Los Angeles Kings,Thomas Hickey,CA,D,18.0,2022.0,Seattle Thunderbirds (WHL),456.0,22.0,0.0482456140350877,95.0,0.000105801785164666,117.0,0.256578947368421,,37.0,190.0,,,,,,,23.8,hicketh01,2007,0,0.04824561403508772,0.20833333333333334,0.2565789473684211,0.08114035087719298,0.07225877192982456,
5.0,Washington Capitals,Karl Alzner,CA,D,18.0,2020.0,Calgary Hitmen (WHL),686.0,20.0,0.0291545189504373,110.0,4.24992987615704e-05,130.0,0.189504373177843,,54.0,219.0,,,,,,,32.1,alzneka01,2007,0,0.029154518950437316,0.16034985422740525,0.18950437317784258,0.07871720116618076,0.05524781341107872,
10.0,Florida Panthers,Keaton Ellerby,CA,D,18.0,2015.0,Kamloops Blazers (WHL),212.0,4.0,0.0188679245283019,23.0,8.89996440014241e-05,27.0,0.127358490566038,,-13.0,88.0,,,,,,,5.7,ellerke01,2007,0,0.018867924528301886,0.10849056603773585,0.12735849056603774,-0.06132075471698113,0.025707547169811322,
12.0,Montreal Canadiens,Ryan McDonagh,US,D,18.0,2026.0,Cretin-Derham Hall (High-MN),1025.0,83.0,0.0809756097560976,343.0,7.90005948839977e-05,426.0,0.415609756097561,,290.0,379.0,,,,,,,94.6,mcdonry01,2007,0,0.08097560975609756,0.33463414634146343,0.41560975609756096,0.28292682926829266,0.13219512195121952,
14.0,Colorado Avalanche,Kevin Shattenkirk,US,D,18.0,2024.0,USA U-18 Development Team (USDP/NAHL),952.0,103.0,0.108193277310924,381.0,0.000113648400536685,484.0,0.508403361344538,,-29.0,544.0,,,,,,,80.6,shattke01,2007,0,0.10819327731092437,0.40021008403361347,0.5084033613445378,-0.03046218487394958,0.12405462184873949,
15.0,Edmonton Oilers,Alex Plante,CA,D,18.0,2012.0,Calgary Hitmen (WHL),10.0,0.0,0.0,2.0,0.0,2.0,0.2,,-1.0,15.0,,,,,,,0.3,plantal01,2007,0,0.0,0.2,0.2,-0.1,0.02,
18.0,St. Louis Blues,Ian Cole,US,D,18.0,2026.0,USA U-18 Development Team (USDP/NAHL),935.0,36.0,0.0385026737967914,183.0,4.1179330263948e-05,219.0,0.234224598930481,,158.0,835.0,,,,,,,51.3,coleia01,2007,0,0.038502673796791446,0.19572192513368983,0.23422459893048128,0.16898395721925133,0.07545454545454547,
23.0,Nashville Predators,Jonathon Blum,US,D,18.0,2015.0,Vancouver Giants (WHL),110.0,7.0,0.0636363636363636,17.0,0.000578512396694215,24.0,0.218181818181818,,-11.0,22.0,,,,,,,4.3,blumjo02,2007,0,0.06363636363636363,0.15454545454545454,0.21818181818181817,-0.1,0.04454545454545454,
27.0,Detroit Red Wings,Brendan Smith,CA,D,18.0,2026.0,St. Michael's (OPJHL),729.0,39.0,0.0534979423868313,106.0,7.33853805031979e-05,145.0,0.198902606310014,,-13.0,794.0,,,,,,,28.6,smithbr05,2007,0,0.053497942386831275,0.14540466392318244,0.19890260631001372,-0.01783264746227709,0.04794238683127572,
28.0,San Jose Sharks,Nicholas Petrecki,US,D,18.0,2013.0,Omaha Lancers (USHL),1.0,0.0,0.0,0.0,0.0,0.0,0.0,,0.0,0.0,,,,,,,0.0,petreni01,2007,0,0.0,0.0,0.0,0.0,0.0,
30.0,Phoenix Coyotes,Nick Ross,CA,D,18.0,,Regina Pats (WHL),,0.0,0.0,0.0,0.0,0.0,0.0,,0.0,,,,,,,,,rossni01,2007,0,0.0,0.0,0.0,0.0,,
31.0,Buffalo Sabres,T.J. Brennan,US,D,18.0,2016.0,St. John's Fog Devils (QMJHL),53.0,5.0,0.0943396226415094,8.0,0.00177999288002848,13.0,0.245283018867925,,-22.0,29.0,,,,,,,1.1,brenntj01,2007,0,0.09433962264150944,0.1509433962264151,0.24528301886792453,-0.41509433962264153,0.019811320754716977,
33.0,Vancouver Canucks,Taylor Ellington,CA,D,18.0,,Everett Silvertips (WHL),,0.0,0.0,0.0,0.0,0.0,0.0,,0.0,,,,,,,,,ellinta01,2007,0,0.0,0.0,0.0,0.0,,
34.0,Washington Capitals,Josh Godfrey,CA,D,19.0,,Soo Greyhounds (OHL),,0.0,0.0,0.0,0.0,0.0,0.0,,0.0,,,,,,,,,godfrjo01,2007,0,0.0,0.0,0.0,0.0,,
35.0,Boston Bruins,Tommy Cross,US,D,18.0,2016.0,Westminster School (High-CT),3.0,0.0,0.0,1.0,0.0,1.0,0.333333333333333,,-1.0,0.0,,,,,,,0.0,crossto01,2007,0,0.0,0.3333333333333333,0.3333333333333333,-0.3333333333333333,0.007499999999999999,
41.0,Philadelphia Flyers,Kevin Marshall,CA,D,18.0,2012.0,Lewiston MAINEiacs (QMJHL),10.0,0.0,0.0,0.0,0.0,0.0,0.0,,-1.0,8.0,,,,,,,-0.1,marshke01,2007,0,0.0,0.0,0.0,-0.1,-0.005000000000000001,
43.0,Montreal Canadiens,P.K. Subban,CA,D,18.0,2022.0,Belleville Bulls (OHL),834.0,115.0,0.1378896882494,352.0,0.000165335357613189,467.0,0.559952038369305,,5.0,905.0,,,,,,,83.3,subbapk01,2007,0,0.13788968824940048,0.42206235011990406,0.5599520383693045,0.005995203836930456,0.14058752997601917,
45.0,Colorado Avalanche,Colby Cohen,US,D,18.0,2011.0,Lincoln Stars (USHL),3.0,0.0,0.0,0.0,0.0,0.0,0.0,,-1.0,4.0,,,,,,,0.0,cohenco01,2007,0,0.0,0.0,0.0,-0.3333333333333333,-0.005,
46.0,Washington Capitals,Theo Ruth,US,D,18.0,,USA U-18 Development Team (USDP/NAHL),,0.0,0.0,0.0,0.0,0.0,0.0,,0.0,,,,,,,,,ruthth01,2007,0,0.0,0.0,0.0,0.0,,
53.0,Columbus Blue Jackets,Will Weber,US,D,18.0,,Gaylord HS (High-MI),,0.0,0.0,0.0,0.0,0.0,0.0,,0.0,,,,,,,,,weberwi01,2007,0,0.0,0.0,0.0,0.0,,
59.0,Buffalo Sabres,Drew Schiestel,CA,D,18.0,,Mississagua IceDogs (OHL),,0.0,0.0,0.0,0.0,0.0,0.0,,0.0,,,,,,,,,schiedr01,2007,0,0.0,0.0,0.0,0.0,,
62.0,New York Islanders,Mark Katic,CA,D,18.0,2011.0,Sarnia Sting (OHL),11.0,0.0,0.0,1.0,0.0,1.0,0.0909090909090909,,-9.0,4.0,,,,,,,-0.5,katicma01,2007,0,0.0,0.09090909090909091,0.09090909090909091,-0.8181818181818182,-0.03250000000000001,
70.0,Calgary Flames,John Negrin,CA,D,18.0,2009.0,Kootenay Ice (WHL),3.0,0.0,0.0,1.0,0.0,1.0,0.333333333333333,,-2.0,2.0,,,,,,,0.0,negrijo01,2007,0,0.0,0.3333333333333333,0.3333333333333333,-0.6666666666666666,0.002499999999999999,
73.0,Montreal Canadiens,Yannick Weber,CH,D,18.0,2021.0,Kitchener Rangers (OHL),499.0,28.0,0.0561122244488978,66.0,0.000112449347592982,94.0,0.188376753507014,,-28.0,195.0,,,,,,,17.9,weberya01,2007,0,0.056112224448897796,0.13226452905811623,0.18837675350701402,-0.056112224448897796,0.04148296593186372,
78.0,Pittsburgh Penguins,Robert Bortuzzo,CA,D,18.0,2025.0,Kitchener Rangers (OHL),577.0,20.0,0.0346620450606586,56.0,6.00728683893563e-05,76.0,0.131715771230503,,37.0,533.0,,,,,,,19.9,borturo01,2007,0,0.03466204506065858,0.09705372616984402,0.1317157712305026,0.06412478336221837,0.03934142114384749,
87.0,New Jersey Devils,Corbin McPherson,US,D,19.0,,Cowichan Valley (BCHL),,0.0,0.0,0.0,0.0,0.0,0.0,,0.0,,,,,,,,,mcpheco01,2007,0,0.0,0.0,0.0,0.0,,
93.0,Anaheim Ducks,Steven Kampfer,US,D,18.0,2021.0,Michigan (CCHA),231.0,15.0,0.0649350649350649,24.0,0.000281104177208073,39.0,0.168831168831169,,-1.0,110.0,,,,,,,8.8,kampfst01,2007,0,0.06493506493506493,0.1038961038961039,0.16883116883116883,-0.004329004329004329,0.04177489177489178,
95.0,Los Angeles Kings,Alec Martinez,US,D,20.0,2025.0,Miami (Ohio) (CCHA),862.0,88.0,0.102088167053364,201.0,0.000118431748321768,289.0,0.335266821345708,,73.0,250.0,,,,,,,65.5,martial01,2007,0,0.10208816705336426,0.23317865429234338,0.3352668213457077,0.08468677494199536,0.09228538283062646,
96.0,St. Louis Blues,Cade Fairchild,US,D,18.0,2012.0,USA U-18 Development Team (USDP/NAHL),5.0,0.0,0.0,1.0,0.0,1.0,0.2,,-1.0,0.0,,,,,,,0.1,faircca01,2007,0,0.0,0.2,0.2,-0.2,0.0075,
110.0,Minnesota Wild,Justin Falk,CA,D,18.0,2019.0,Spokane Chiefs (WHL),279.0,3.0,0.010752688172043,30.0,3.85401009750645e-05,33.0,0.118279569892473,,-63.0,219.0,,,,,,,4.2,falkju01,2007,0,0.010752688172043012,0.10752688172043011,0.11827956989247312,-0.22580645161290322,0.006989247311827956,
116.0,Calgary Flames,Keith Aulie,CA,D,18.0,2015.0,Brandon Wheat Kings (WHL),167.0,4.0,0.0239520958083832,10.0,0.000143425723403492,14.0,0.0838323353293413,,-13.0,196.0,,,,,,,2.6,aulieke01,2007,0,0.023952095808383235,0.059880239520958084,0.08383233532934131,-0.07784431137724551,0.013173652694610776,
118.0,Pittsburgh Penguins,Alex Grant,CA,D,18.0,2016.0,Saint John Sea Dogs (QMJHL),7.0,2.0,0.285714285714286,0.0,0.0408163265306123,2.0,0.285714285714286,,1.0,9.0,,,,,,,0.6,grantal01,2007,0,0.2857142857142857,0.0,0.2857142857142857,0.14285714285714285,0.03,
120.0,Ottawa Senators,Ben Blood,US,D,18.0,,Shattuck-St. Mary's School (High-MN),,0.0,0.0,0.0,0.0,0.0,0.0,,0.0,,,,,,,,,bloodbe01,2007,0,0.0,0.0,0.0,0.0,,
123.0,Phoenix Coyotes,Maxim Goncharov,RU,D,18.0,,CSKA Moskva (Russia),,0.0,0.0,0.0,0.0,0.0,0.0,,0.0,,,,,,,,,gonchma01,2007,0,0.0,0.0,0.0,0.0,,
126.0,Chicago Blackhawks,Joe Lavin,US,D,18.0,,USA National Jr. Team (USDP/NAHL),,0.0,0.0,0.0,0.0,0.0,0.0,,0.0,,,,,,,,,lavinjo01,2007,0,0.0,0.0,0.0,0.0,,
130.0,Boston Bruins,Denis Reul,DE,D,18.0,,Jungadler Mannheim Jr. (Germany Jr.),,0.0,0.0,0.0,0.0,0.0,0.0,,0.0,,,,,,,,,reulde01,2007,0,0.0,0.0,0.0,0.0,,
131.0,Florida Panthers,John Lee,US,D,18.0,,Waterloo Black Hawks (USHL),,0.0,0.0,0.0,0.0,0.0,0.0,,0.0,,,,,,,,,leejo01,2007,0,0.0,0.0,0.0,0.0,,
133.0,Montreal Canadiens,Joe Stejskal,US,D,19.0,,Grand Rapids HS (High-MN),,0.0,0.0,0.0,0.0,0.0,0.0,,0.0,,,,,,,,,stejsjo01,2007,0,0.0,0.0,0.0,0.0,,
134.0,Toronto Maple Leafs,Juraj Mikus,SK,D,18.0,,HK Dukla Trencin (Slovakia),,0.0,0.0,0.0,0.0,0.0,0.0,,0.0,,,,,,,,,mikusju02,2007,0,0.0,0.0,0.0,0.0,,
141.0,Pittsburgh Penguins,Jake Muzzin,CA,D,18.0,2023.0,Soo Greyhounds (OHL),683.0,69.0,0.101024890190337,225.0,0.000147913455622748,294.0,0.430453879941435,,62.0,399.0,,,,,,,58.1,muzzija01,2007,0,0.10102489019033675,0.3294289897510981,0.43045387994143486,0.09077598828696926,0.11669106881405564,
155.0,Colorado Avalanche,Jens Hellgren,SE,D,18.0,,Frolunda HC Jr. (Sweden Jr.),,0.0,0.0,0.0,0.0,0.0,0.0,,0.0,,,,,,,,,hellgje01,2007,0,0.0,0.0,0.0,0.0,,
159.0,Boston Bruins,Alain Goulet,CA,D,18.0,,Aurora (OPJHL),,0.0,0.0,0.0,0.0,0.0,0.0,,0.0,,,,,,,,,gouleal01,2007,0,0.0,0.0,0.0,0.0,,
162.0,Carolina Hurricanes,Brett Bellemore,CA,D,19.0,2015.0,Plymouth Whalers (OHL),121.0,4.0,0.0330578512396694,16.0,0.000273205382146028,20.0,0.165289256198347,,-2.0,79.0,,,,,,,5.2,bellebr01,2007,0,0.03305785123966942,0.1322314049586777,0.1652892561983471,-0.01652892561983471,0.03966942148760331,
163.0,Montreal Canadiens,Nichlas Torp,SE,D,18.0,,HV71 Jr. (Sweden Jr.),,0.0,0.0,0.0,0.0,0.0,0.0,,0.0,,,,,,,,,torpni01,2007,0,0.0,0.0,0.0,0.0,,
166.0,New York Islanders,Blake Kessel,US,D,18.0,,Waterloo Black Hawks (USHL),,0.0,0.0,0.0,0.0,0.0,0.0,,0.0,,,,,,,,,kessebl01,2007,0,0.0,0.0,0.0,0.0,,
169.0,Boston Bruins,Radim Ostrcil,CZ,D,18.0,,Vsetinska hokejova (Czech),,0.0,0.0,0.0,0.0,0.0,0.0,,0.0,,,,,,,,,ostrcra01,2007,0,0.0,0.0,0.0,0.0,,
170.0,Minnesota Wild,Harri Ilvonen,FI,D,18.0,,Tappara Jr. (Finland Jr.),,0.0,0.0,0.0,0.0,0.0,0.0,,0.0,,,,,,,,,ilvonha01,2007,0,0.0,0.0,0.0,0.0,,
174.0,Nashville Predators,Robert Dietrich,DE,D,21.0,,DEG Metro Stars (DEL),,0.0,0.0,0.0,0.0,0.0,0.0,,0.0,,,,,,,,,dietrro01,2007,0,0.0,0.0,0.0,0.0,,
181.0,Florida Panthers,Corey Syvret,CA,D,18.0,,Guelph Storm (OHL),,0.0,0.0,0.0,0.0,0.0,0.0,,0.0,,,,,,,,,syvreco01,2007,0,0.0,0.0,0.0,0.0,,
184.0,Los Angeles Kings,Josh Kidd,CA,D,18.0,,Erie Otters (OHL),,0.0,0.0,0.0,0.0,0.0,0.0,,0.0,,,,,,,,,kiddjo01,2007,0,0.0,0.0,0.0,0.0,,
192.0,Montreal Canadiens,Scott Kishel,US,D,18.0,,Virginia HS (High-MN),,0.0,0.0,0.0,0.0,0.0,0.0,,0.0,,,,,,,,,kishesc01,2007,0,0.0,0.0,0.0,0.0,,
194.0,Toronto Maple Leafs,Carl Gunnarsson,SE,D,20.0,2021.0,Linkoping HC (Sweden),629.0,30.0,0.0476947535771065,108.0,7.58263172926971e-05,138.0,0.21939586645469,,55.0,179.0,,,,,,,32.7,gunnaca01,2007,0,0.04769475357710652,0.17170111287758347,0.21939586645468998,0.08744038155802862,0.06359300476947535,
196.0,New York Islanders,Simon Lacroix,CA,D,18.0,,Shawinigan Cataractes (QMJHL),,0.0,0.0,0.0,0.0,0.0,0.0,,0.0,,,,,,,,,lacrosi01,2007,0,0.0,0.0,0.0,0.0,,
197.0,Tampa Bay Lightning,Michael Ward,CA,D,18.0,,Lewiston MAINEiacs (QMJHL),,0.0,0.0,0.0,0.0,0.0,0.0,,0.0,,,,,,,,,wardmi01,2007,0,0.0,0.0,0.0,0.0,,
201.0,San Jose Sharks,Justin Braun,US,D,20.0,2023.0,Massachusetts (H-East),842.0,34.0,0.0403800475059382,165.0,4.79573010759361e-05,199.0,0.236342042755344,,23.0,317.0,,,,,,,42.0,braunju01,2007,0,0.040380047505938245,0.19596199524940616,0.23634204275534443,0.027315914489311165,0.06181710213776723,
205.0,Atlanta Thrashers,Paul Postma,CA,D,18.0,2018.0,Swift Current Broncos (WHL),205.0,10.0,0.048780487804878,25.0,0.000237953599048185,35.0,0.170731707317073,,-5.0,51.0,,,,,,,6.1,postmpa01,2007,0,0.04878048780487805,0.12195121951219512,0.17073170731707318,-0.024390243902439025,0.04024390243902439,
207.0,New Jersey Devils,Ryan Molle,CA,D,18.0,,Swift Current Broncos (WHL),,0.0,0.0,0.0,0.0,0.0,0.0,,0.0,,,,,,,,,mollery01,2007,0,0.0,0.0,0.0,0.0,,
208.0,Detroit Red Wings,Bryan Rufenach,CA,D,18.0,,Lindsay (OPJHL),,0.0,0.0,0.0,0.0,0.0,0.0,,0.0,,,,,,,,,rufenbr01,2007,0,0.0,0.0,0.0,0.0,,
209.0,Buffalo Sabres,Drew Mackenzie,US,D,18.0,,Taft School (High-CT),,0.0,0.0,0.0,0.0,0.0,0.0,,0.0,,,,,,,,,mackedr01,2007,0,0.0,0.0,0.0,0.0,,
1.0,St. Louis Blues,Erik Johnson,US,D,18.0,2025.0,USA U-18 Development Team (USDP/NAHL),1023.0,95.0,0.0928641251221896,253.0,9.07762708916809e-05,348.0,0.340175953079179,,-10.0,555.0,,,,,,,64.4,johnser01,2006,0,0.09286412512218964,0.24731182795698925,0.34017595307917886,-0.009775171065493646,0.08406647116324535,
16.0,San Jose Sharks,Ty Wishart,CA,D,18.0,2012.0,Prince George Cougars (WHL),26.0,1.0,0.0384615384615385,5.0,0.0014792899408284,6.0,0.230769230769231,,5.0,10.0,,,,,,,1.6,wishaty01,2006,0,0.038461538461538464,0.19230769230769232,0.23076923076923078,0.19230769230769232,0.07692307692307693,
19.0,Anaheim Ducks,Mark Mitera,US,D,18.0,,Michigan (CCHA),,0.0,0.0,0.0,0.0,0.0,0.0,,0.0,,,,,,,,,miterma01,2006,0,0.0,0.0,0.0,0.0,,
20.0,Montreal Canadiens,David Fischer,US,D,18.0,,Apple Valley HS (High-MN),,0.0,0.0,0.0,0.0,0.0,0.0,,0.0,,,,,,,,,fischda01,2006,0,0.0,0.0,0.0,0.0,,
21.0,New York Rangers,Bobby Sanguinetti,US,D,18.0,2013.0,Owen Sound Attack (OHL),45.0,2.0,0.0444444444444444,4.0,0.000987654320987653,6.0,0.133333333333333,,-6.0,8.0,,,,,,,0.8,sangubo01,2006,0,0.044444444444444446,0.08888888888888889,0.13333333333333333,-0.13333333333333333,0.019999999999999997,
24.0,Buffalo Sabres,Dennis Persson,SE,D,18.0,,VIK Vasteras HK (Sweden-2),,0.0,0.0,0.0,0.0,0.0,0.0,,0.0,,,,,,,,,perssde01,2006,0,0.0,0.0,0.0,0.0,,
27.0,Dallas Stars,Ivan Vishnevskiy,RU,D,18.0,2010.0,Rouyn-Noranda Huskies (QMJHL),5.0,0.0,0.0,2.0,0.0,2.0,0.4,,-1.0,2.0,,,,,,,0.2,vishniv01,2006,0,0.0,0.4,0.4,-0.2,0.02,
29.0,Phoenix Coyotes,Chris Summers,US,D,18.0,2016.0,USA U-18 Development Team (USDP/NAHL),70.0,2.0,0.0285714285714286,7.0,0.000408163265306123,9.0,0.128571428571429,,-24.0,51.0,,,,,,,0.1,summech01,2006,0,0.02857142857142857,0.1,0.12857142857142856,-0.34285714285714286,-0.0021428571428571477,
30.0,New Jersey Devils,Matthew Corrente,CA,D,18.0,2011.0,Saginaw Spirit (OHL),34.0,0.0,0.0,6.0,0.0,6.0,0.176470588235294,,-5.0,68.0,,,,,,,0.9,correma01,2006,0,0.0,0.17647058823529413,0.17647058823529413,-0.14705882352941177,0.029411764705882353,
32.0,Pittsburgh Penguins,Carl Sneep,US,D,18.0,2012.0,Brainerd HS (High-MN),1.0,0.0,0.0,1.0,0.0,1.0,1.0,,1.0,0.0,,,,,,,0.2,sneepca01,2006,0,0.0,1.0,1.0,1.0,0.017499999999999998,
37.0,Boston Bruins,Yury Alexandrov,RU,D,18.0,,Severstal Cherepovets (Russia),,0.0,0.0,0.0,0.0,0.0,0.0,,0.0,,,,,,,,,alexayu01,2006,0,0.0,0.0,0.0,0.0,,
42.0,Philadelphia Flyers,Mike Ratchuk,US,D,18.0,,USA U-18 Development Team (USDP/NAHL),,0.0,0.0,0.0,0.0,0.0,0.0,,0.0,,,,,,,,,ratchmi01,2006,0,0.0,0.0,0.0,0.0,,
45.0,Edmonton Oilers,Jeff Petry,US,D,18.0,2026.0,Des Moines Buccaneers (USHL),1006.0,96.0,0.095427435387674,294.0,9.48582856736322e-05,390.0,0.387673956262425,,-134.0,416.0,,,,,,,60.4,petryje01,2006,0,0.09542743538767395,0.2922465208747515,0.38767395626242546,-0.13320079522862824,0.08359840954274354,
48.0,Los Angeles Kings,Joe Ryan,US,D,18.0,,Quebec Remparts (QMJHL),,0.0,0.0,0.0,0.0,0.0,0.0,,0.0,,,,,,,,,ryanjo01,2006,0,0.0,0.0,0.0,0.0,,
51.0,Colorado Avalanche,Nigel Williams,US,D,18.0,,USA U-18 Development Team (USDP/NAHL),,0.0,0.0,0.0,0.0,0.0,0.0,,0.0,,,,,,,,,willini01,2006,0,0.0,0.0,0.0,0.0,,
52.0,Washington Capitals,Keith Seabrook,CA,D,18.0,,Burnaby (BCHL),,0.0,0.0,0.0,0.0,0.0,0.0,,0.0,,,,,,,,,seabrke01,2006,0,0.0,0.0,0.0,0.0,,
53.0,Montreal Canadiens,Mathieu Carle,CA,D,18.0,2010.0,Acadie-Bathurst Titan (QMJHL),3.0,0.0,0.0,0.0,0.0,0.0,0.0,,1.0,4.0,,,,,,,0.1,carlema02,2006,0,0.0,0.0,0.0,0.3333333333333333,0.005,
55.0,Philadelphia Flyers,Denis Bodrov,RU,D,20.0,,Lada Togliatti (Russia),,0.0,0.0,0.0,0.0,0.0,0.0,,0.0,,,,,,,,,bodrode01,2006,0,0.0,0.0,0.0,0.0,,
57.0,Buffalo Sabres,Mike Weber,US,D,18.0,2016.0,Windsor Spitfires (OHL),351.0,9.0,0.0256410256410256,44.0,7.3051355102637e-05,53.0,0.150997150997151,,-43.0,437.0,,,,,,,10.2,webermi01,2006,0,0.02564102564102564,0.12535612535612536,0.150997150997151,-0.1225071225071225,0.025498575498575496,
61.0,Chicago Blackhawks,Simon Danis-Pepin,CA,D,18.0,,Maine (H-East),,0.0,0.0,0.0,0.0,0.0,0.0,,0.0,,,,,,,,,danissi01,2006,0,0.0,0.0,0.0,0.0,,
63.0,Carolina Hurricanes,Jamie McBain,US,D,18.0,2017.0,USA U-18 Development Team (USDP/NAHL),348.0,30.0,0.0862068965517241,80.0,0.000247720967102655,110.0,0.316091954022989,,-17.0,72.0,,,,,,,21.3,mcbaija02,2006,0,0.08620689655172414,0.22988505747126436,0.3160919540229885,-0.04885057471264368,0.07413793103448275,
64.0,St. Louis Blues,Jonas Junland,SE,D,18.0,2010.0,Linkoping HC (Sweden),4.0,0.0,0.0,2.0,0.0,2.0,0.5,,-3.0,2.0,,,,,,,0.0,junlajo01,2006,0,0.0,0.5,0.5,-0.75,0.009999999999999998,
65.0,Pittsburgh Penguins,Brian Strait,US,D,18.0,2017.0,USA U-18 Development Team (USDP/NAHL),187.0,6.0,0.0320855614973262,23.0,0.00017158054276645,29.0,0.155080213903743,,-14.0,91.0,,,,,,,4.9,straibr01,2006,0,0.03208556149732621,0.12299465240641712,0.15508021390374332,-0.0748663101604278,0.03128342245989305,
67.0,New Jersey Devils,Kirill Tulupov,RU,D,18.0,,Neftyanik Leninogorsk (Russia-2),,0.0,0.0,0.0,0.0,0.0,0.0,,0.0,,,,,,,,,tulupki01,2006,0,0.0,0.0,0.0,0.0,,
68.0,Ottawa Senators,Eric Gryba,CA,D,18.0,2019.0,Green Bay Gamblers (USHL),289.0,7.0,0.0242214532871972,36.0,8.38112570491253e-05,43.0,0.14878892733564,,15.0,368.0,,,,,,,10.9,grybaer01,2006,0,0.02422145328719723,0.1245674740484429,0.14878892733564014,0.05190311418685121,0.04238754325259515,
75.0,Edmonton Oilers,Theo Peckham,CA,D,18.0,2013.0,Owen Sound Attack (OHL),160.0,4.0,0.025,13.0,0.00015625,17.0,0.10625,,-15.0,388.0,,,,,,,3.7,peckhth01,2006,0,0.025,0.08125,0.10625,-0.09375,0.0171875,
78.0,Tampa Bay Lightning,Kevin Quick,US,D,18.0,2009.0,Salisbury School (High-CT),6.0,0.0,0.0,1.0,0.0,1.0,0.166666666666667,,0.0,0.0,,,,,,,0.2,quickke01,2006,0,0.0,0.16666666666666666,0.16666666666666666,0.0,0.012499999999999999,
82.0,Vancouver Canucks,Daniel Rahimi,SE,D,19.0,,IF Bjorkloven Jr. (Sweden Jr.),,0.0,0.0,0.0,0.0,0.0,0.0,,0.0,,,,,,,,,rahimda01,2006,0,0.0,0.0,0.0,0.0,,
83.0,Anaheim Ducks,John de Gray,CA,D,18.0,,Brampton Battalion (OHL),,0.0,0.0,0.0,0.0,0.0,0.0,,0.0,,,,,,,,,degrajo01,2006,0,0.0,0.0,0.0,0.0,,
95.0,Chicago Blackhawks,Ben Shutron,CA,D,18.0,,Kingston Frontenacs (OHL),,0.0,0.0,0.0,0.0,0.0,0.0,,0.0,,,,,,,,,shutrbe01,2006,0,0.0,0.0,0.0,0.0,,
98.0,San Jose Sharks,James Delory,CA,D,18.0,,Oshawa Generals (OHL),,0.0,0.0,0.0,0.0,0.0,0.0,,0.0,,,,,,,,,delorja01,2006,0,0.0,0.0,0.0,0.0,,
101.0,Philadelphia Flyers,Joonas Lehtivuori,FI,D,18.0,,Ilves Jr. (Finland Jr.),,0.0,0.0,0.0,0.0,0.0,0.0,,0.0,,,,,,,,,lehtijo01,2006,0,0.0,0.0,0.0,0.0,,
102.0,Minnesota Wild,Kyle Medvec,US,D,18.0,,Apple Valley HS (High-MN),,0.0,0.0,0.0,0.0,0.0,0.0,,0.0,,,,,,,,,medveky01,2006,0,0.0,0.0,0.0,0.0,,
103.0,Florida Panthers,Michael Caruso,CA,D,18.0,2013.0,Guelph Storm (OHL),2.0,0.0,0.0,0.0,0.0,0.0,0.0,,-1.0,0.0,,,,,,,-0.1,carusmi01,2006,0,0.0,0.0,0.0,-0.5,-0.005000000000000001,
107.0,New Jersey Devils,Tyler Miller,US,D,20.0,,Penticton (BCHL),,0.0,0.0,0.0,0.0,0.0,0.0,,0.0,,,,,,,,,millety01,2006,0,0.0,0.0,0.0,0.0,,
110.0,Colorado Avalanche,Kevin Montgomery,US,D,18.0,,USA U-18 Development Team (USDP/NAHL),,0.0,0.0,0.0,0.0,0.0,0.0,,0.0,,,,,,,,,montgke01,2006,0,0.0,0.0,0.0,0.0,,
111.0,Toronto Maple Leafs,Korbinian Holzer,DE,D,18.0,2020.0,Tolzer Lowen (Germany-2),206.0,6.0,0.029126213592233,21.0,0.000141389386370063,27.0,0.131067961165049,,-13.0,139.0,,,,,,,5.8,holzeko01,2006,0,0.02912621359223301,0.10194174757281553,0.13106796116504854,-0.06310679611650485,0.02645631067961165,
113.0,Columbus Blue Jackets,Ben Wright,CA,D,18.0,,Lethbridge Hurricanes (WHL),,0.0,0.0,0.0,0.0,0.0,0.0,,0.0,,,,,,,,,wrighbe01,2006,0,0.0,0.0,0.0,0.0,,
114.0,Los Angeles Kings,Niclas Andersen,SE,D,18.0,,Leksands IF (Sweden),,0.0,0.0,0.0,0.0,0.0,0.0,,0.0,,,,,,,,,anderni02,2006,0,0.0,0.0,0.0,0.0,,
116.0,Florida Panthers,Derrick Lapoint,US,D,18.0,,Eau Claire North HS (High-WI),,0.0,0.0,0.0,0.0,0.0,0.0,,0.0,,,,,,,,,lapoide01,2006,0,0.0,0.0,0.0,0.0,,
121.0,Ottawa Senators,Pierre-Luc Lessard,CA,D,18.0,,Gatineau Olympiques (QMJHL),,0.0,0.0,0.0,0.0,0.0,0.0,,0.0,,,,,,,,,lessapi01,2006,0,0.0,0.0,0.0,0.0,,
126.0,New York Islanders,Shane Sims,US,D,18.0,2011.0,Des Moines Buccaneers (USHL),1.0,0.0,0.0,0.0,0.0,0.0,0.0,,0.0,0.0,,,,,,,0.0,simssh01,2006,0,0.0,0.0,0.0,0.0,0.0,
128.0,Boston Bruins,Andrew Bodnarchuk,CA,D,18.0,2016.0,Halifax Mooseheads (QMJHL),42.0,0.0,0.0,4.0,0.0,4.0,0.0952380952380952,,-9.0,16.0,,,,,,,0.1,bodnaan01,2006,0,0.0,0.09523809523809523,0.09523809523809523,-0.21428571428571427,0.0023809523809523794,
139.0,Montreal Canadiens,Pavel Valentenko,RU,D,18.0,,Neftekhimik Nishnekamsk (Russia),,0.0,0.0,0.0,0.0,0.0,0.0,,0.0,,,,,,,,,valenpa01,2006,0,0.0,0.0,0.0,0.0,,
140.0,Edmonton Oilers,Cody Wild,US,D,19.0,,Providence (H-East),,0.0,0.0,0.0,0.0,0.0,0.0,,0.0,,,,,,,,,wildco01,2006,0,0.0,0.0,0.0,0.0,,
142.0,Columbus Blue Jackets,Maxime Frechette,CA,D,18.0,,Drummondville Voltigeurs (QMJHL),,0.0,0.0,0.0,0.0,0.0,0.0,,0.0,,,,,,,,,frechma01,2006,0,0.0,0.0,0.0,0.0,,
144.0,Los Angeles Kings,Martin Nolet,CA,D,19.0,,College Champlain (QJAAAHL),,0.0,0.0,0.0,0.0,0.0,0.0,,0.0,,,,,,,,,noletma01,2006,0,0.0,0.0,0.0,0.0,,
147.0,Buffalo Sabres,Alex Biega,CA,D,18.0,2022.0,Salisbury School (High-CT),243.0,4.0,0.0164609053497942,38.0,6.7740351233721e-05,42.0,0.17283950617284,,-26.0,122.0,,,,,,,7.6,biegaal01,2006,0,0.01646090534979424,0.15637860082304528,0.1728395061728395,-0.10699588477366255,0.03251028806584362,
148.0,New Jersey Devils,Olivier Magnan,CA,D,20.0,2011.0,Rouyn-Noranda Huskies (QMJHL),18.0,0.0,0.0,0.0,0.0,0.0,0.0,,-4.0,4.0,,,,,,,0.2,magnaol01,2006,0,0.0,0.0,0.0,-0.2222222222222222,-0.02,
152.0,Phoenix Coyotes,Jordan Bendfeld,CA,D,18.0,,Medicine Hat Tigers (WHL),,0.0,0.0,0.0,0.0,0.0,0.0,,0.0,,,,,,,,,bendfjo01,2006,0,0.0,0.0,0.0,0.0,,
155.0,Florida Panthers,Peter Aston,CA,D,20.0,,Windsor Spitfires (OHL),,0.0,0.0,0.0,0.0,0.0,0.0,,0.0,,,,,,,,,astonpe01,2006,0,0.0,0.0,0.0,0.0,,
159.0,Columbus Blue Jackets,Jesse Dudas,CA,D,18.0,,Prince George Cougars (WHL),,0.0,0.0,0.0,0.0,0.0,0.0,,0.0,,,,,,,,,dudasje01,2006,0,0.0,0.0,0.0,0.0,,
160.0,New York Islanders,Andrew MacDonald,CA,D,20.0,2019.0,Moncton Wildcats (QMJHL),586.0,28.0,0.0477815699658703,133.0,8.153851530012e-05,161.0,0.274744027303754,,-11.0,276.0,,,,,,,31.3,macdoan01,2006,0,0.04778156996587031,0.22696245733788395,0.27474402730375425,-0.01877133105802048,0.06680887372013651,
164.0,Los Angeles Kings,Constantin Braun,DE,D,18.0,,Eisbaren Berlin (Germany),,0.0,0.0,0.0,0.0,0.0,0.0,,0.0,,,,,,,,,braunco01,2006,0,0.0,0.0,0.0,0.0,,
168.0,Tampa Bay Lightning,Dane Crowley,CA,D,19.0,,Swift Current Broncos (WHL),,0.0,0.0,0.0,0.0,0.0,0.0,,0.0,,,,,,,,,crowlda01,2006,0,0.0,0.0,0.0,0.0,,
181.0,Ottawa Senators,Kevin Koopman,CA,D,18.0,,Beaver Valley (KIJHL),,0.0,0.0,0.0,0.0,0.0,0.0,,0.0,,,,,,,,,koopmke01,2006,0,0.0,0.0,0.0,0.0,,
184.0,St. Louis Blues,Alexander Hellstrom,SE,D,19.0,,IF Bjorkloven (Sweden-2),,0.0,0.0,0.0,0.0,0.0,0.0,,0.0,,,,,,,,,hellsal01,2006,0,0.0,0.0,0.0,0.0,,
185.0,Pittsburgh Penguins,Timo Seppanen,FI,D,19.0,,HIFK (Finland),,0.0,0.0,0.0,0.0,0.0,0.0,,0.0,,,,,,,,,seppati01,2006,0,0.0,0.0,0.0,0.0,,
188.0,Phoenix Coyotes,Chris Frank,US,D,20.0,,Western Michigan (CCHA),,0.0,0.0,0.0,0.0,0.0,0.0,,0.0,,,,,,,,,frankch01,2006,0,0.0,0.0,0.0,0.0,,
199.0,Montreal Canadiens,Cameron Cepek,US,D,18.0,,Portland Winter Hawks (WHL),,0.0,0.0,0.0,0.0,0.0,0.0,,0.0,,,,,,,,,cepekca01,2006,0,0.0,0.0,0.0,0.0,,
200.0,Atlanta Thrashers,Arturs Kulda,LV,D,18.0,2012.0,CSKA Moskva 2 (Russia-3),15.0,0.0,0.0,2.0,0.0,2.0,0.133333333333333,,3.0,8.0,,,,,,,0.6,kuldaar01,2006,0,0.0,0.13333333333333333,0.13333333333333333,0.2,0.04,
208.0,New Jersey Devils,Kyell Henegan,CA,D,18.0,,Shawinigan Cataractes (QMJHL),,0.0,0.0,0.0,0.0,0.0,0.0,,0.0,,,,,,,,,henegky01,2006,0,0.0,0.0,0.0,0.0,,
209.0,Calgary Flames,Per Jonsson,SE,D,18.0,,Farjestad BK Jr. (Sweden Jr.),,0.0,0.0,0.0,0.0,0.0,0.0,,0.0,,,,,,,,,jonsspe01,2006,0,0.0,0.0,0.0,0.0,,
210.0,Atlanta Thrashers,Will O'Neill,US,D,18.0,2018.0,Tabor Academy (High-MA),1.0,0.0,0.0,0.0,0.0,0.0,0.0,,0.0,0.0,,,,,,,0.0,oneilwi01,2006,0,0.0,0.0,0.0,0.0,0.0,
212.0,Detroit Red Wings,Logan Pyett,CA,D,18.0,,Regina Pats (WHL),,0.0,0.0,0.0,0.0,0.0,0.0,,0.0,,,,,,,,,pyettlo01,2006,0,0.0,0.0,0.0,0.0,,
213.0,Carolina Hurricanes,Justin Krueger,DE,D,19.0,,Penticton (BCHL),,0.0,0.0,0.0,0.0,0.0,0.0,,0.0,,,,,,,,,kruegju01,2006,0,0.0,0.0,0.0,0.0,,
3.0,Carolina Hurricanes,Jack Johnson,US,D,18.0,2025.0,USA U-18 Development Team (USDP/NAHL),1228.0,77.0,0.0627035830618893,265.0,5.10615497246656e-05,342.0,0.278501628664495,,-127.0,639.0,,,,,,,58.7,johnsja02,2005,0,0.06270358306188925,0.21579804560260588,0.2785016286644951,-0.10342019543973942,0.05928338762214984,
9.0,Ottawa Senators,Brian Lee,US,D,18.0,2013.0,Moorhead HS (High-MN),209.0,5.0,0.0239234449760766,31.0,0.000114466243904673,36.0,0.172248803827751,,-37.0,124.0,,,,,,,4.8,leebr01,2005,0,0.023923444976076555,0.14832535885167464,0.1722488038277512,-0.17703349282296652,0.02535885167464115,
10.0,Vancouver Canucks,Luc Bourdon,CA,D,18.0,2008.0,Val-d'Or Foreurs (QMJHL),36.0,2.0,0.0555555555555556,0.0,0.00154320987654321,2.0,0.0555555555555556,,6.0,24.0,,,,,,,1.5,bourdlu01,2005,0,0.05555555555555555,0.0,0.05555555555555555,0.16666666666666666,0.030555555555555555,
12.0,New York Rangers,Marc Staal,CA,D,18.0,2024.0,Sudbury Wolves (OHL),1136.0,53.0,0.0466549295774648,181.0,4.10694802618528e-05,234.0,0.205985915492958,,52.0,537.0,,,,,,,56.6,staalma01,2005,0,0.04665492957746479,0.15933098591549297,0.20598591549295775,0.045774647887323945,0.05607394366197183,
14.0,Washington Capitals,Sasha Pokulok,CA,D,19.0,,Cornell (ECAC),,0.0,0.0,0.0,0.0,0.0,0.0,,0.0,,,,,,,,,pokulsa01,2005,0,0.0,0.0,0.0,0.0,,
18.0,Nashville Predators,Ryan Parent,CA,D,18.0,2011.0,Guelph Storm (OHL),106.0,1.0,0.00943396226415094,6.0,8.8999644001424e-05,7.0,0.0660377358490566,,-18.0,36.0,,,,,,,0.9,parenry01,2005,0,0.009433962264150943,0.05660377358490566,0.0660377358490566,-0.16981132075471697,-0.00047169811320754707,
19.0,Detroit Red Wings,Jakub Kindl,CZ,D,18.0,2017.0,Kitchener Rangers (OHL),331.0,16.0,0.0483383685800604,58.0,0.000146037367311361,74.0,0.223564954682779,,14.0,181.0,,,,,,,15.9,kindlja01,2005,0,0.04833836858006042,0.17522658610271905,0.22356495468277945,0.04229607250755287,0.06012084592145015,
22.0,Boston Bruins,Matt Lashoff,US,D,18.0,2011.0,Kitchener Rangers (OHL),74.0,1.0,0.0135135135135135,15.0,0.000182615047479912,16.0,0.216216216216216,,-15.0,59.0,,,,,,,1.6,lashoma01,2005,0,0.013513513513513514,0.20270270270270271,0.21621621621621623,-0.20270270270270271,0.033783783783783786,
27.0,Washington Capitals,Joe Finley,US,D,18.0,2013.0,Sioux Falls Stampede (USHL),21.0,0.0,0.0,1.0,0.0,1.0,0.0476190476190476,,-8.0,32.0,,,,,,,-0.4,finlejo01,2005,0,0.0,0.047619047619047616,0.047619047619047616,-0.38095238095238093,-0.026190476190476195,
28.0,Dallas Stars,Matt Niskanen,US,D,18.0,2020.0,Virginia HS (High-MN),949.0,72.0,0.0758693361433087,284.0,7.9946613428144e-05,356.0,0.375131717597471,,112.0,489.0,,,,,,,69.8,niskama01,2005,0,0.07586933614330875,0.2992623814541623,0.37513171759747105,0.11801896733403583,0.10558482613277133,
30.0,Tampa Bay Lightning,Vladimir Mihalik,SK,D,18.0,2010.0,PHK Presov (Slovakia-2),15.0,0.0,0.0,3.0,0.0,3.0,0.2,,-7.0,8.0,,,,,,,-0.1,mihalvl01,2005,0,0.0,0.2,0.2,-0.4666666666666667,0.0025000000000000005,
31.0,Anaheim Ducks,Brendan Mikkelson,CA,D,18.0,2013.0,Portland Winter Hawks (WHL),131.0,1.0,0.00763358778625954,9.0,5.82716624905308e-05,10.0,0.0763358778625954,,-14.0,59.0,,,,,,,1.2,mikkebr01,2005,0,0.007633587786259542,0.06870229007633588,0.07633587786259542,-0.10687022900763359,0.008396946564885497,
35.0,San Jose Sharks,Marc-Edouard Vlasic,CA,D,18.0,2025.0,Quebec Remparts (QMJHL),1323.0,84.0,0.0634920634920635,295.0,4.79909776961931e-05,379.0,0.286470143613001,,42.0,472.0,,,,,,,84.6,vlasima01,2005,0,0.06349206349206349,0.22297808012093726,0.28647014361300077,0.031746031746031744,0.07479213907785337,
36.0,Edmonton Oilers,Taylor Chorney,CA,D,18.0,2018.0,Shattuck-St. Mary's School (High-MN),166.0,4.0,0.0240963855421687,18.0,0.000145158949049209,22.0,0.132530120481928,,-6.0,56.0,,,,,,,4.3,chornta01,2005,0,0.024096385542168676,0.10843373493975904,0.13253012048192772,-0.03614457831325301,0.02951807228915663,
37.0,St. Louis Blues,Scott Jackson,CA,D,18.0,2010.0,Seattle Thunderbirds (WHL),1.0,0.0,0.0,0.0,0.0,0.0,0.0,,0.0,0.0,,,,,,,0.0,jackssc01,2005,0,0.0,0.0,0.0,0.0,0.0,
40.0,New York Rangers,Michael Sauer,US,D,18.0,2012.0,Portland Winter Hawks (WHL),98.0,4.0,0.0408163265306122,14.0,0.00041649312786339,18.0,0.183673469387755,,28.0,96.0,,,,,,,6.8,sauermi01,2005,0,0.04081632653061224,0.14285714285714285,0.1836734693877551,0.2857142857142857,0.07448979591836734,
46.0,New York Islanders,Dustin Kohn,CA,D,18.0,2010.0,Calgary Hitmen (WHL),22.0,0.0,0.0,4.0,0.0,4.0,0.181818181818182,,-2.0,4.0,,,,,,,0.5,kohndu01,2005,0,0.0,0.18181818181818182,0.18181818181818182,-0.09090909090909091,0.03636363636363636,
49.0,Atlanta Thrashers,Chad Denny,CA,D,18.0,,Lewiston MAINEiacs (QMJHL),,0.0,0.0,0.0,0.0,0.0,0.0,,0.0,,,,,,,,,dennych01,2005,0,0.0,0.0,0.0,0.0,,
55.0,Columbus Blue Jackets,Adam McQuaid,CA,D,18.0,2019.0,Sudbury Wolves (OHL),512.0,16.0,0.03125,57.0,6.103515625e-05,73.0,0.142578125,,62.0,694.0,,,,,,,21.3,mcquaad01,2005,0,0.03125,0.111328125,0.142578125,0.12109375,0.04775390625,
58.0,Carolina Hurricanes,Nate Hagemo,US,D,18.0,,Minnesota (WCHA),,0.0,0.0,0.0,0.0,0.0,0.0,,0.0,,,,,,,,,hagemna01,2005,0,0.0,0.0,0.0,0.0,,
60.0,Los Angeles Kings,T.J. Fast,CA,D,18.0,,Camrose (AJHL),,0.0,0.0,0.0,0.0,0.0,0.0,,0.0,,,,,,,,,fastt.01,2005,0,0.0,0.0,0.0,0.0,,
62.0,Pittsburgh Penguins,Kris Letang,CA,D,18.0,2026.0,Val-d'Or Foreurs (QMJHL),1186.0,177.0,0.149241146711636,606.0,0.000125835705490418,783.0,0.660202360876897,,87.0,815.0,,,,,,,129.1,letankr01,2005,0,0.14924114671163574,0.5109612141652614,0.6602023608768971,0.0733558178752108,0.17238617200674536,
67.0,Columbus Blue Jackets,Kris Russell,CA,D,18.0,2022.0,Medicine Hat Tigers (WHL),912.0,48.0,0.0526315789473684,206.0,5.77100646352724e-05,254.0,0.278508771929825,,2.0,271.0,,,,,,,49.1,russekr01,2005,0,0.05263157894736842,0.22587719298245615,0.27850877192982454,0.0021929824561403508,0.06984649122807018,
69.0,Calgary Flames,Gord Baldwin,CA,D,18.0,,Medicine Hat Tigers (WHL),,0.0,0.0,0.0,0.0,0.0,0.0,,0.0,,,,,,,,,baldwgo01,2005,0,0.0,0.0,0.0,0.0,,
70.0,Ottawa Senators,Vitali Anikeyenko,RU,D,18.0,,Lokomotiv Yaroslavl 2 (Russia-3),,0.0,0.0,0.0,0.0,0.0,0.0,,0.0,,,,,,,,,anikevi01,2005,0,0.0,0.0,0.0,0.0,,
77.0,New York Rangers,Dalyn Flatt,CA,D,18.0,,Saskatoon Blades (WHL),,0.0,0.0,0.0,0.0,0.0,0.0,,0.0,,,,,,,,,flattda01,2005,0,0.0,0.0,0.0,0.0,,
78.0,Nashville Predators,Teemu Laakso,FI,D,18.0,2012.0,HIFK Jr. (Finland Jr.),17.0,0.0,0.0,0.0,0.0,0.0,0.0,,-3.0,10.0,,,,,,,-0.1,laakste01,2005,0,0.0,0.0,0.0,-0.17647058823529413,-0.015000000000000003,
79.0,Nashville Predators,Cody Franson,CA,D,18.0,2018.0,Vancouver Giants (WHL),550.0,43.0,0.0781818181818182,169.0,0.000142148760330579,212.0,0.385454545454545,,-10.0,202.0,,,,,,,37.0,fransco01,2005,0,0.07818181818181819,0.30727272727272725,0.38545454545454544,-0.01818181818181818,0.09454545454545454,
81.0,Edmonton Oilers,Danny Syvret,CA,D,20.0,2011.0,London Knights (OHL),59.0,3.0,0.0508474576271186,4.0,0.000861821315713875,7.0,0.11864406779661,,-14.0,30.0,,,,,,,1.1,syvreda01,2005,0,0.05084745762711865,0.06779661016949153,0.11864406779661017,-0.23728813559322035,0.005932203389830509,
82.0,Toronto Maple Leafs,Phil Oreskovic,CA,D,18.0,2009.0,Brampton Battalion (OHL),10.0,1.0,0.1,1.0,0.01,2.0,0.2,,-2.0,21.0,,,,,,,0.2,oreskph01,2005,0,0.1,0.1,0.2,-0.2,0.015,
84.0,New Jersey Devils,Mark Fraser,CA,D,18.0,2015.0,Kitchener Rangers (OHL),219.0,4.0,0.0182648401826484,18.0,8.34010967244219e-05,22.0,0.100456621004566,,7.0,302.0,,,,,,,7.1,frasema01,2005,0,0.0182648401826484,0.0821917808219178,0.1004566210045662,0.0319634703196347,0.02831050228310502,
87.0,Buffalo Sabres,Marc-Andre Gragnani,CA,D,18.0,2016.0,Prince Edward Island Rocket (QMJHL),78.0,3.0,0.0384615384615385,15.0,0.000493096646942801,18.0,0.230769230769231,,4.0,36.0,,,,,,,0.7,gragnma01,2005,0,0.038461538461538464,0.19230769230769232,0.23076923076923078,0.05128205128205128,0.06282051282051282,
91.0,Philadelphia Flyers,Oskars Bartulis,LV,D,18.0,2011.0,Moncton Wildcats (QMJHL),66.0,1.0,0.0151515151515152,8.0,0.000229568411386594,9.0,0.136363636363636,,-16.0,32.0,,,,,,,0.7,bartuos01,2005,0,0.015151515151515152,0.12121212121212122,0.13636363636363635,-0.24242424242424243,0.009848484848484843,
94.0,Carolina Hurricanes,Jakub Vojta,CZ,D,18.0,,HC Sparta Praha Jr. (Czech Jr.),,0.0,0.0,0.0,0.0,0.0,0.0,,0.0,,,,,,,,,vojtaja01,2005,0,0.0,0.0,0.0,0.0,,
96.0,Buffalo Sabres,Chris Butler,US,D,18.0,2019.0,Sioux City Musketeers (USHL),407.0,14.0,0.0343980343980344,72.0,8.45160550320256e-05,86.0,0.211302211302211,,-27.0,187.0,,,,,,,17.0,butlech01,2005,0,0.0343980343980344,0.1769041769041769,0.2113022113022113,-0.06633906633906633,0.0461916461916462,
100.0,Boston Bruins,Jonathan Sigalet,CA,D,19.0,2007.0,Bowling Green (CCHA),1.0,0.0,0.0,0.0,0.0,0.0,0.0,,-2.0,4.0,,,,,,,-0.1,sigaljo02,2005,0,0.0,0.0,0.0,-2.0,-0.010000000000000002,
104.0,Florida Panthers,Matt Duffy,US,D,19.0,,New Hampshire (EJHL),,0.0,0.0,0.0,0.0,0.0,0.0,,0.0,,,,,,,,,duffyma01,2005,0,0.0,0.0,0.0,0.0,,
105.0,Phoenix Coyotes,Keith Yandle,US,D,19.0,2022.0,Cushing Academy (High-MA),1109.0,103.0,0.0928764652840397,516.0,8.37479398413343e-05,619.0,0.558160504959423,,-103.0,616.0,,,,,,,90.3,yandlke01,2005,0,0.09287646528403967,0.46528403967538323,0.5581605049594229,-0.09287646528403967,0.13025247971145176,
108.0,Chicago Blackhawks,Niklas Hjalmarsson,SE,D,18.0,2021.0,HV71 Jr. (Sweden Jr.),821.0,25.0,0.0304506699147381,147.0,3.70897319302535e-05,172.0,0.209500609013398,,106.0,332.0,,,,,,,44.8,hjalmni01,2005,0,0.030450669914738125,0.17904993909866018,0.2095006090133983,0.12911084043848964,0.06528623629719854,
109.0,Washington Capitals,Andrew Thomas,US,D,19.0,,Denver (WCHA),,0.0,0.0,0.0,0.0,0.0,0.0,,0.0,,,,,,,,,thomaan01,2005,0,0.0,0.0,0.0,0.0,,
118.0,Washington Capitals,Patrick McNeill,CA,D,18.0,,Saginaw Spirit (OHL),,0.0,0.0,0.0,0.0,0.0,0.0,,0.0,,,,,,,,,mcneipa01,2005,0,0.0,0.0,0.0,0.0,,
124.0,Colorado Avalanche,Ray Macias,US,D,18.0,2011.0,Kamloops Blazers (WHL),8.0,0.0,0.0,1.0,0.0,1.0,0.125,,-1.0,2.0,,,,,,,0.2,maciara01,2005,0,0.0,0.125,0.125,-0.125,0.0075,
125.0,Pittsburgh Penguins,Tommi Leinonen,FI,D,18.0,,Karpat Jr. (Finland Jr.),,0.0,0.0,0.0,0.0,0.0,0.0,,0.0,,,,,,,,,leinoto01,2005,0,0.0,0.0,0.0,0.0,,
129.0,Minnesota Wild,Anthony Aiello,US,D,19.0,,Thayer Academy (High-MA),,0.0,0.0,0.0,0.0,0.0,0.0,,0.0,,,,,,,,,aiellan01,2005,0,0.0,0.0,0.0,0.0,,
134.0,Chicago Blackhawks,Brennan Turner,CA,D,18.0,,Notre Dame (SJHL),,0.0,0.0,0.0,0.0,0.0,0.0,,0.0,,,,,,,,,turnebr02,2005,0,0.0,0.0,0.0,0.0,,
136.0,Ottawa Senators,Tomas Kudelka,CZ,D,18.0,,HC Ziln Jr. (Czech Jr.),,0.0,0.0,0.0,0.0,0.0,0.0,,0.0,,,,,,,,,kudelto01,2005,0,0.0,0.0,0.0,0.0,,
139.0,Los Angeles Kings,Patrik Hersley,SE,D,19.0,,Malmo Jr. (Sweden Jr.),,0.0,0.0,0.0,0.0,0.0,0.0,,0.0,,,,,,,,,herslpa01,2005,0,0.0,0.0,0.0,0.0,,
141.0,Anaheim Ducks,Brian Salcido,US,D,20.0,2009.0,Colorado College (WCHA),2.0,0.0,0.0,1.0,0.0,1.0,0.5,,2.0,0.0,,,,,,,0.3,salcibr01,2005,0,0.0,0.5,0.5,1.0,0.022500000000000003,
145.0,Carolina Hurricanes,Tim Kunes,US,D,18.0,,New England Jr. Falcons (EJHL),,0.0,0.0,0.0,0.0,0.0,0.0,,0.0,,,,,,,,,kunesti01,2005,0,0.0,0.0,0.0,0.0,,
147.0,New York Rangers,Trevor Koverko,CA,D,18.0,,Owen Sound Attack (OHL),,0.0,0.0,0.0,0.0,0.0,0.0,,0.0,,,,,,,,,kovertr01,2005,0,0.0,0.0,0.0,0.0,,
149.0,San Jose Sharks,Derek Joslin,CA,D,18.0,2013.0,Ottawa 67's (OHL),116.0,4.0,0.0344827586206897,12.0,0.000297265160523187,16.0,0.137931034482759,,-14.0,63.0,,,,,,,2.4,joslide01,2005,0,0.034482758620689655,0.10344827586206896,0.13793103448275862,-0.1206896551724138,0.022413793103448272,
151.0,Detroit Red Wings,Jeff May,CA,D,18.0,,Prince Albert Raiders (WHL),,0.0,0.0,0.0,0.0,0.0,0.0,,0.0,,,,,,,,,mayje01,2005,0,0.0,0.0,0.0,0.0,,
155.0,New Jersey Devils,Mark Fayne,US,D,18.0,2017.0,Noble & Greenough School (High-MA),389.0,17.0,0.0437017994858612,48.0,0.000112343957547201,65.0,0.167095115681234,,-19.0,131.0,,,,,,,17.0,faynema01,2005,0,0.043701799485861184,0.12339331619537275,0.16709511568123395,-0.04884318766066838,0.036889460154241646,
159.0,Carolina Hurricanes,Risto Korhonen,FI,D,18.0,,Karpat Jr. (Finland Jr.),,0.0,0.0,0.0,0.0,0.0,0.0,,0.0,,,,,,,,,korhori01,2005,0,0.0,0.0,0.0,0.0,,
164.0,Florida Panthers,Roman Derlyuk,RU,D,18.0,,Spartak St. Petersburg (Russia-2),,0.0,0.0,0.0,0.0,0.0,0.0,,0.0,,,,,,,,,derlyro01,2005,0,0.0,0.0,0.0,0.0,,
166.0,Colorado Avalanche,Jason Lynch,CA,D,18.0,,Spokane Chiefs (WHL),,0.0,0.0,0.0,0.0,0.0,0.0,,0.0,,,,,,,,,lynchja02,2005,0,0.0,0.0,0.0,0.0,,
169.0,St. Louis Blues,Mike Gauthier,CA,D,18.0,,Prince Albert Raiders (WHL),,0.0,0.0,0.0,0.0,0.0,0.0,,0.0,,,,,,,,,gauthmi01,2005,0,0.0,0.0,0.0,0.0,,
170.0,New Jersey Devils,Sean Zimmerman,US,D,18.0,,Spokane Chiefs (WHL),,0.0,0.0,0.0,0.0,0.0,0.0,,0.0,,,,,,,,,zimmese01,2005,0,0.0,0.0,0.0,0.0,,
174.0,Philadelphia Flyers,John Flatters,CA,D,18.0,,Red Deer Rebels (WHL),,0.0,0.0,0.0,0.0,0.0,0.0,,0.0,,,,,,,,,flattjo01,2005,0,0.0,0.0,0.0,0.0,,
175.0,Detroit Red Wings,Juho Mielonen,FI,D,18.0,,Ilves Jr. (Finland Jr.),,0.0,0.0,0.0,0.0,0.0,0.0,,0.0,,,,,,,,,mieloju01,2005,0,0.0,0.0,0.0,0.0,,
177.0,Columbus Blue Jackets,Derek Reinhart,CA,D,18.0,,Regina Pats (WHL),,0.0,0.0,0.0,0.0,0.0,0.0,,0.0,,,,,,,,,reinhde01,2005,0,0.0,0.0,0.0,0.0,,
180.0,New York Islanders,Tyrell Mason,CA,D,19.0,,Salmon Arm (BCHL),,0.0,0.0,0.0,0.0,0.0,0.0,,0.0,,,,,,,,,masonty01,2005,0,0.0,0.0,0.0,0.0,,
183.0,San Jose Sharks,Will Colbert,CA,D,20.0,,Ottawa 67's (OHL),,0.0,0.0,0.0,0.0,0.0,0.0,,0.0,,,,,,,,,colbewi01,2005,0,0.0,0.0,0.0,0.0,,
184.0,Los Angeles Kings,Ryan McGinnis,US,D,18.0,,Plymouth Whalers (OHL),,0.0,0.0,0.0,0.0,0.0,0.0,,0.0,,,,,,,,,mcginry01,2005,0,0.0,0.0,0.0,0.0,,
185.0,Vancouver Canucks,Kris Fredheim,CA,D,18.0,2012.0,Notre Dame (SJHL),3.0,0.0,0.0,0.0,0.0,0.0,0.0,,-2.0,2.0,,,,,,,-0.1,fredhkr01,2005,0,0.0,0.0,0.0,-0.6666666666666666,-0.01,
186.0,Ottawa Senators,Dmitri Megalinsky,RU,D,20.0,,Lokomotiv Yaroslavl 2 (Russia-3),,0.0,0.0,0.0,0.0,0.0,0.0,,0.0,,,,,,,,,megaldm01,2005,0,0.0,0.0,0.0,0.0,,
187.0,Atlanta Thrashers,Andrei Zubarev,RU,D,18.0,2011.0,Salavat Yulayev Ufa 2 (Russia-3),4.0,0.0,0.0,1.0,0.0,1.0,0.25,,-4.0,4.0,,,,,,,-0.2,zubaran01,2005,0,0.0,0.25,0.25,-1.0,-0.0075000000000000015,
188.0,Chicago Blackhawks,Joe Charlebois,US,D,19.0,,Sioux City Musketeers (USHL),,0.0,0.0,0.0,0.0,0.0,0.0,,0.0,,,,,,,,,charljo01,2005,0,0.0,0.0,0.0,0.0,,
191.0,Buffalo Sabres,Vyacheslav Buravchikov,RU,D,18.0,,Krylia Sovetov Moskva (Russia-2),,0.0,0.0,0.0,0.0,0.0,0.0,,0.0,,,,,,,,,buravvy01,2005,0,0.0,0.0,0.0,0.0,,
194.0,Pittsburgh Penguins,Jean-Philippe Paquet,CA,D,18.0,,Shawinigan Cataractes (QMJHL),,0.0,0.0,0.0,0.0,0.0,0.0,,0.0,,,,,,,,,paqueje01,2005,0,0.0,0.0,0.0,0.0,,
196.0,New York Islanders,Nick Tuzzolino,US,D,19.0,,Sarnia Sting (OHL),,0.0,0.0,0.0,0.0,0.0,0.0,,0.0,,,,,,,,,tuzzoni01,2005,0,0.0,0.0,0.0,0.0,,
198.0,Carolina Hurricanes,Kyle Lawson,US,D,18.0,,USA U-18 Development Team (USDP/NAHL),,0.0,0.0,0.0,0.0,0.0,0.0,,0.0,,,,,,,,,lawsoky01,2005,0,0.0,0.0,0.0,0.0,,
201.0,Columbus Blue Jackets,Trevor Hendrikx,CA,D,20.0,,Peterborough Petes (OHL),,0.0,0.0,0.0,0.0,0.0,0.0,,0.0,,,,,,,,,hendrtr01,2005,0,0.0,0.0,0.0,0.0,,
206.0,Los Angeles Kings,Josh Meyers,US,D,19.0,,Sioux City Musketeers (USHL),,0.0,0.0,0.0,0.0,0.0,0.0,,0.0,,,,,,,,,meyerjo01,2005,0,0.0,0.0,0.0,0.0,,
208.0,Buffalo Sabres,Matt Generous,US,D,20.0,,New England Jr. Falcons (EJHL),,0.0,0.0,0.0,0.0,0.0,0.0,,0.0,,,,,,,,,generma01,2005,0,0.0,0.0,0.0,0.0,,
209.0,Washington Capitals,Viktor Dovgan,RU,D,18.0,,CSKA Moskva 2 (Russia-3),,0.0,0.0,0.0,0.0,0.0,0.0,,0.0,,,,,,,,,dovgavi01,2005,0,0.0,0.0,0.0,0.0,,
213.0,Nashville Predators,Scott Todd,CA,D,18.0,,Windsor Spitfires (OHL),,0.0,0.0,0.0,0.0,0.0,0.0,,0.0,,,,,,,,,toddsc01,2005,0,0.0,0.0,0.0,0.0,,
214.0,Detroit Red Wings,Bretton Stamler,CA,D,18.0,,Seattle Thunderbirds (WHL),,0.0,0.0,0.0,0.0,0.0,0.0,,0.0,,,,,,,,,stamlbr01,2005,0,0.0,0.0,0.0,0.0,,
216.0,Toronto Maple Leafs,Anton Stralman,SE,D,19.0,2023.0,Skovde IK (Sweden-2),938.0,63.0,0.0671641791044776,230.0,7.16036024567991e-05,293.0,0.312366737739872,,46.0,287.0,,,,,,,56.5,stralan01,2005,0,0.06716417910447761,0.24520255863539445,0.31236673773987206,0.04904051172707889,0.0829957356076759,
221.0,Calgary Flames,Myles Rumsey,CA,D,18.0,,Swift Current Broncos (WHL),,0.0,0.0,0.0,0.0,0.0,0.0,,0.0,,,,,,,,,rumsemy01,2005,0,0.0,0.0,0.0,0.0,,
222.0,Colorado Avalanche,Kyle Cumiskey,CA,D,18.0,2015.0,Kelowna Rockets (WHL),139.0,9.0,0.0647482014388489,26.0,0.00046581439884064,35.0,0.251798561151079,,-9.0,48.0,,,,,,,5.7,cumisky01,2005,0,0.06474820143884892,0.18705035971223022,0.2517985611510791,-0.06474820143884892,0.056474820143884885,
225.0,Tampa Bay Lightning,John Wessbecker,US,D,19.0,,Blake School (High-MN),,0.0,0.0,0.0,0.0,0.0,0.0,,0.0,,,,,,,,,wessbjo01,2005,0,0.0,0.0,0.0,0.0,,
229.0,Montreal Canadiens,Philippe Paquet,CA,D,18.0,,Salisbury School (High-CT),,0.0,0.0,0.0,0.0,0.0,0.0,,0.0,,,,,,,,,paqueph01,2005,0,0.0,0.0,0.0,0.0,,
3.0,Chicago Blackhawks,Cam Barker,CA,D,18.0,2013.0,Medicine Hat Tigers (WHL),310.0,21.0,0.067741935483871,75.0,0.000218522372528616,96.0,0.309677419354839,,-29.0,290.0,,,,,,,15.1,barkeca01,2004,0,0.06774193548387097,0.24193548387096775,0.3096774193548387,-0.0935483870967742,0.06806451612903226,
9.0,Anaheim Ducks,Ladislav Smid,CZ,D,18.0,2016.0,Bili Tygri Liberec (Czech),583.0,12.0,0.0205831903945111,60.0,3.53056439013913e-05,72.0,0.123499142367067,,-68.0,472.0,,,,,,,15.1,smidla01,2004,0,0.02058319039451115,0.10291595197255575,0.1234991423670669,-0.11663807890222985,0.019210977701543744,
10.0,Atlanta Thrashers,Boris Valabik,SK,D,18.0,2010.0,Kitchener Rangers (OHL),80.0,0.0,0.0,7.0,0.0,7.0,0.0875,,-14.0,210.0,,,,,,,0.2,valabbo01,2004,0,0.0,0.0875,0.0875,-0.175,0.004375,
12.0,Minnesota Wild,A.J. Thelen,US,D,18.0,,Michigan State (CCHA),,0.0,0.0,0.0,0.0,0.0,0.0,,0.0,,,,,,,,,thelea.01,2004,0,0.0,0.0,0.0,0.0,,
23.0,Ottawa Senators,Andrej Meszaros,SK,D,18.0,2015.0,HK Dukla Trencin (Slovakia),645.0,63.0,0.0976744186046512,175.0,0.000151433207138994,238.0,0.368992248062016,,25.0,457.0,,,,,,,41.7,meszaan01,2004,0,0.09767441860465116,0.2713178294573643,0.3689922480620155,0.03875968992248062,0.09612403100775194,
27.0,Washington Capitals,Jeff Schultz,CA,D,18.0,2016.0,Calgary Hitmen (WHL),409.0,11.0,0.0268948655256724,65.0,6.57576174221819e-05,76.0,0.185819070904645,,78.0,137.0,,,,,,,20.0,schulje02,2004,0,0.02689486552567237,0.15892420537897312,0.18581907090464547,0.19070904645476772,0.06552567237163814,
28.0,Dallas Stars,Mark Fistric,CA,D,18.0,2015.0,Vancouver Giants (WHL),325.0,4.0,0.0123076923076923,30.0,3.78698224852071e-05,34.0,0.104615384615385,,28.0,284.0,,,,,,,10.2,fistrma01,2004,0,0.012307692307692308,0.09230769230769231,0.10461538461538461,0.08615384615384615,0.03476923076923077,
29.0,Washington Capitals,Mike Green,CA,D,18.0,2020.0,Saskatoon Blades (WHL),880.0,150.0,0.170454545454545,351.0,0.000193698347107438,501.0,0.569318181818182,,-17.0,592.0,,,,,,,84.8,greenmi03,2004,0,0.17045454545454544,0.39886363636363636,0.5693181818181818,-0.019318181818181818,0.14039772727272729,
30.0,Tampa Bay Lightning,Andy Rogers,CA,D,18.0,,Calgary Hitmen (WHL),,0.0,0.0,0.0,0.0,0.0,0.0,,0.0,,,,,,,,,rogeran01,2004,0,0.0,0.0,0.0,0.0,,
34.0,Dallas Stars,Johan Fransson,SE,D,19.0,,Lulea HF (Sweden),,0.0,0.0,0.0,0.0,0.0,0.0,,0.0,,,,,,,,,fransjo01,2004,0,0.0,0.0,0.0,0.0,,
35.0,Phoenix Coyotes,Logan Stephenson,CA,D,18.0,,Tri-City Americans (WHL),,0.0,0.0,0.0,0.0,0.0,0.0,,0.0,,,,,,,,,stephlo01,2004,0,0.0,0.0,0.0,0.0,,
39.0,Anaheim Ducks,Jordan Smith,CA,D,18.0,,Soo Greyhounds (OHL),,0.0,0.0,0.0,0.0,0.0,0.0,,0.0,,,,,,,,,smithjo01,2004,0,0.0,0.0,0.0,0.0,,
40.0,Atlanta Thrashers,Grant Lewis,US,D,19.0,2009.0,Dartmouth (ECAC),1.0,0.0,0.0,0.0,0.0,0.0,0.0,,0.0,0.0,,,,,,,0.0,lewisgr01,2004,0,0.0,0.0,0.0,0.0,0.0,
43.0,Buffalo Sabres,Michael Funk,CA,D,18.0,2008.0,Portland Winter Hawks (WHL),9.0,0.0,0.0,2.0,0.0,2.0,0.222222222222222,,-1.0,0.0,,,,,,,0.1,funkmi01,2004,0,0.0,0.2222222222222222,0.2222222222222222,-0.1111111111111111,0.019999999999999997,
44.0,Edmonton Oilers,Roman Tesliuk,RU,D,18.0,,Kamloops Blazers (WHL),,0.0,0.0,0.0,0.0,0.0,0.0,,0.0,,,,,,,,,tesliro01,2004,0,0.0,0.0,0.0,0.0,,
56.0,Dallas Stars,Nicklas Grossmann,SE,D,19.0,2017.0,Sodertalje SK Jr. (Sweden Jr.),592.0,13.0,0.0219594594594595,73.0,3.70936815193573e-05,86.0,0.14527027027027,,4.0,314.0,,,,,,,20.1,grossni01,2004,0,0.02195945945945946,0.12331081081081081,0.14527027027027026,0.006756756756756757,0.03699324324324324,
58.0,Ottawa Senators,Kirill Lyamin,RU,D,18.0,,CSKA Moskva (Russia),,0.0,0.0,0.0,0.0,0.0,0.0,,0.0,,,,,,,,,lyamiki01,2004,0,0.0,0.0,0.0,0.0,,
59.0,Columbus Blue Jackets,Kyle Wharton,CA,D,18.0,,Ottawa 67's (OHL),,0.0,0.0,0.0,0.0,0.0,0.0,,0.0,,,,,,,,,whartky01,2004,0,0.0,0.0,0.0,0.0,,
61.0,Pittsburgh Penguins,Alex Goligoski,US,D,19.0,2024.0,Sioux Falls Stampede (USHL),1078.0,87.0,0.0807050092764378,388.0,7.48655002564358e-05,475.0,0.440630797773655,,55.0,376.0,,,,,,,85.5,goligal01,2004,0,0.08070500927643785,0.35992578849721707,0.44063079777365494,0.05102040816326531,0.11525974025974027,
66.0,Washington Capitals,Sami Lepisto,FI,D,19.0,2012.0,Jokerit (Finland),176.0,6.0,0.0340909090909091,29.0,0.000193698347107438,35.0,0.198863636363636,,23.0,137.0,,,,,,,8.9,lepissa01,2004,0,0.03409090909090909,0.16477272727272727,0.19886363636363635,0.13068181818181818,0.0627840909090909,
69.0,Carolina Hurricanes,Casey Borer,US,D,19.0,2010.0,St. Cloud State (WCHA),16.0,1.0,0.0625,2.0,0.00390625,3.0,0.1875,,-4.0,9.0,,,,,,,0.3,borerca01,2004,0,0.0625,0.125,0.1875,-0.25,0.017499999999999998,
71.0,Buffalo Sabres,Andrej Sekera,SK,D,18.0,2022.0,HK Dukla Trencin Jr. (Slovakia Jr.),842.0,51.0,0.0605700712589074,202.0,7.19359516139043e-05,253.0,0.300475059382423,,12.0,212.0,,,,,,,52.0,sekeran01,2004,0,0.060570071258907364,0.23990498812351543,0.3004750593824228,0.014251781472684086,0.0765439429928741,
74.0,Anaheim Ducks,Kyle Klubertanz,US,D,18.0,,Green Bay Gamblers (USHL),,0.0,0.0,0.0,0.0,0.0,0.0,,0.0,,,,,,,,,klubeky01,2004,0,0.0,0.0,0.0,0.0,,
76.0,Atlanta Thrashers,Scott Lehman,CA,D,18.0,2009.0,Toronto St. Michael's Majors (OHL),1.0,0.0,0.0,0.0,0.0,0.0,0.0,,0.0,0.0,,,,,,,0.0,lehmasc01,2004,0,0.0,0.0,0.0,0.0,0.0,
79.0,Minnesota Wild,Clayton Stoner,CA,D,19.0,2017.0,Tri-City Americans (WHL),360.0,7.0,0.0194444444444444,41.0,5.40123456790122e-05,48.0,0.133333333333333,,5.0,459.0,,,,,,,13.4,stonecl01,2004,0,0.019444444444444445,0.11388888888888889,0.13333333333333333,0.013888888888888888,0.034722222222222224,
84.0,Montreal Canadiens,Alexei Emelin,RU,D,18.0,2018.0,CSK VVS Samara (Russia-2),456.0,15.0,0.0328947368421053,66.0,7.21375807940906e-05,81.0,0.177631578947368,,-9.0,363.0,,,,,,,18.2,emelial01,2004,0,0.03289473684210526,0.14473684210526316,0.17763157894736842,-0.019736842105263157,0.04243421052631579,
88.0,Washington Capitals,Clayton Barthel,DE,D,18.0,,Seattle Thunderbirds (WHL),,0.0,0.0,0.0,0.0,0.0,0.0,,0.0,,,,,,,,,barthcl01,2004,0,0.0,0.0,0.0,0.0,,
91.0,Vancouver Canucks,Alexander Edler,SE,D,18.0,2023.0,Jamtlands HF (Sweden-3),1030.0,104.0,0.100970873786408,335.0,9.80299745499107e-05,439.0,0.42621359223301,,-19.0,733.0,,,,,,,79.3,edleral01,2004,0,0.10097087378640776,0.32524271844660196,0.4262135922330097,-0.018446601941747572,0.10470873786407767,
95.0,Los Angeles Kings,Paul Baier,US,D,19.0,,Deerfield Academy (High-MA),,0.0,0.0,0.0,0.0,0.0,0.0,,0.0,,,,,,,,,baierpa01,2004,0,0.0,0.0,0.0,0.0,,
96.0,Columbus Blue Jackets,Andrey Plekhanov,RU,D,18.0,,Neftekhimik Nizhnekamsk 2 (Russia-3),,0.0,0.0,0.0,0.0,0.0,0.0,,0.0,,,,,,,,,plekhan01,2004,0,0.0,0.0,0.0,0.0,,
101.0,Philadelphia Flyers,R.J. Anderson,US,D,18.0,,Centennial HS (High-MN),,0.0,0.0,0.0,0.0,0.0,0.0,,0.0,,,,,,,,,anderr.01,2004,0,0.0,0.0,0.0,0.0,,
102.0,Tampa Bay Lightning,Mike Lundin,US,D,19.0,2013.0,Maine (H-East),252.0,4.0,0.0158730158730159,32.0,6.29881582262536e-05,36.0,0.142857142857143,,-11.0,54.0,,,,,,,8.2,lundimi01,2004,0,0.015873015873015872,0.12698412698412698,0.14285714285714285,-0.04365079365079365,0.03134920634920635,
105.0,Florida Panthers,Evan Schafer,CA,D,18.0,,Prince Albert Raiders (WHL),,0.0,0.0,0.0,0.0,0.0,0.0,,0.0,,,,,,,,,schafev01,2004,0,0.0,0.0,0.0,0.0,,
109.0,Carolina Hurricanes,Brett Carson,CA,D,18.0,2013.0,Calgary Hitmen (WHL),90.0,2.0,0.0222222222222222,11.0,0.000246913580246913,13.0,0.144444444444444,,8.0,20.0,,,,,,,3.6,carsobr01,2004,0,0.022222222222222223,0.12222222222222222,0.14444444444444443,0.08888888888888889,0.045,
115.0,New York Islanders,Wes O'Neill,CA,D,18.0,2010.0,Notre Dame (CCHA),5.0,0.0,0.0,0.0,0.0,0.0,0.0,,-1.0,6.0,,,,,,,0.0,oneilwe01,2004,0,0.0,0.0,0.0,-0.2,-0.005000000000000001,
120.0,Chicago Blackhawks,Mitch Maunu,CA,D,18.0,,Windsor Spitfires (OHL),,0.0,0.0,0.0,0.0,0.0,0.0,,0.0,,,,,,,,,maunumi01,2004,0,0.0,0.0,0.0,0.0,,
130.0,Pittsburgh Penguins,Michal Sersen,SI,D,18.0,,Rimouski Oceanic (QMJHL),,0.0,0.0,0.0,0.0,0.0,0.0,,0.0,,,,,,,,,sersemi01,2004,0,0.0,0.0,0.0,0.0,,
132.0,Washington Capitals,Oscar Hedman,SE,D,18.0,,MODO Hockey (Sweden),,0.0,0.0,0.0,0.0,0.0,0.0,,0.0,,,,,,,,,hedmaos01,2004,0,0.0,0.0,0.0,0.0,,
136.0,St. Louis Blues,Nikita Nikitin,RU,D,18.0,2016.0,Omskie Yastreby (Russia-3),259.0,17.0,0.0656370656370656,59.0,0.000253424963849674,76.0,0.293436293436293,,-15.0,85.0,,,,,,,14.4,nikitni01,2004,0,0.06563706563706563,0.2277992277992278,0.29343629343629346,-0.05791505791505792,0.06756756756756756,
144.0,Philadelphia Flyers,Chris Zarb,US,D,19.0,,Tri-City Storm (USHL),,0.0,0.0,0.0,0.0,0.0,0.0,,0.0,,,,,,,,,zarbch01,2004,0,0.0,0.0,0.0,0.0,,
146.0,Edmonton Oilers,Bryan Young,CA,D,18.0,2008.0,Peterborough Petes (OHL),17.0,0.0,0.0,0.0,0.0,0.0,0.0,,-9.0,10.0,,,,,,,-0.5,youngbr02,2004,0,0.0,0.0,0.0,-0.5294117647058824,-0.045000000000000005,
147.0,Nashville Predators,Janne Niskala,SE,D,22.0,2009.0,Lukko (Finland),6.0,1.0,0.166666666666667,2.0,0.0277777777777778,3.0,0.5,,0.0,6.0,,,,,,,0.5,niskaja01,2004,0,0.16666666666666666,0.3333333333333333,0.5,0.0,0.0375,
151.0,Detroit Red Wings,Sergei Kolosov,BY,D,18.0,,Dinamo Minsk (Belarus),,0.0,0.0,0.0,0.0,0.0,0.0,,0.0,,,,,,,,,kolosse01,2004,0,0.0,0.0,0.0,0.0,,
152.0,Florida Panthers,Bret Nasby,CA,D,18.0,,Oshawa Generals (OHL),,0.0,0.0,0.0,0.0,0.0,0.0,,0.0,,,,,,,,,nasbybr01,2004,0,0.0,0.0,0.0,0.0,,
154.0,Colorado Avalanche,Richard Demen-Willaume,SE,D,18.0,,Vastra Frolunda HC Jr. (Sweden Jr.),,0.0,0.0,0.0,0.0,0.0,0.0,,0.0,,,,,,,,,demenri01,2004,0,0.0,0.0,0.0,0.0,,
155.0,New Jersey Devils,Alexander Mikhailishin,RU,D,18.0,,Spartak Moskva 2 (Russia-3),,0.0,0.0,0.0,0.0,0.0,0.0,,0.0,,,,,,,,,mikhaal01,2004,0,0.0,0.0,0.0,0.0,,
157.0,Toronto Maple Leafs,Dmitri Vorobiev,RU,D,18.0,,Lada Togliatti (Russia),,0.0,0.0,0.0,0.0,0.0,0.0,,0.0,,,,,,,,,vorobdm01,2004,0,0.0,0.0,0.0,0.0,,
161.0,Minnesota Wild,Jean-Claude Sawyer,CA,D,18.0,,Cape Breton Screaming Eagles (QMJHL),,0.0,0.0,0.0,0.0,0.0,0.0,,0.0,,,,,,,,,sawyeje01,2004,0,0.0,0.0,0.0,0.0,,
167.0,Columbus Blue Jackets,Rob Page,US,D,19.0,,Blake School (High-MN),,0.0,0.0,0.0,0.0,0.0,0.0,,0.0,,,,,,,,,pagero01,2004,0,0.0,0.0,0.0,0.0,,
173.0,Calgary Flames,Adam Pardy,CA,D,20.0,2017.0,Cape Breton Screaming Eagles (QMJHL),342.0,4.0,0.0116959064327485,48.0,3.4198556820902e-05,52.0,0.152046783625731,,7.0,269.0,,,,,,,11.2,pardyad01,2004,0,0.011695906432748537,0.14035087719298245,0.15204678362573099,0.02046783625730994,0.04005847953216374,
177.0,Edmonton Oilers,Max Gordichuk,CA,D,18.0,,Kamloops Blazers (WHL),,0.0,0.0,0.0,0.0,0.0,0.0,,0.0,,,,,,,,,gordima01,2004,0,0.0,0.0,0.0,0.0,,
179.0,New York Islanders,Jaroslav Mrazek,CZ,D,18.0,,HC Sparta Praha Jr. (Czech Jr.),,0.0,0.0,0.0,0.0,0.0,0.0,,0.0,,,,,,,,,mrazeja01,2004,0,0.0,0.0,0.0,0.0,,
180.0,St. Louis Blues,Roman Polak,CZ,D,18.0,2020.0,HC Vitkovice Jr. (Czech Jr.),806.0,26.0,0.032258064516129,114.0,4.00224125510285e-05,140.0,0.173697270471464,,-8.0,643.0,,,,,,,34.2,polakro01,2004,0,0.03225806451612903,0.141439205955335,0.17369727047146402,-0.009925558312655087,0.0424317617866005,
183.0,Dallas Stars,Trevor Ludwig,US,D,19.0,,Texas Tornado (NAHL),,0.0,0.0,0.0,0.0,0.0,0.0,,0.0,,,,,,,,,ludwitr01,2004,0,0.0,0.0,0.0,0.0,,
184.0,Colorado Avalanche,Derek Peltier,US,D,19.0,2010.0,Cedar Rapids Roughriders (USHL),14.0,0.0,0.0,0.0,0.0,0.0,0.0,,-4.0,2.0,,,,,,,-0.1,peltide01,2004,0,0.0,0.0,0.0,-0.2857142857142857,-0.019999999999999997,
188.0,Tampa Bay Lightning,Jan Zapletal,CZ,D,18.0,,HC Vsetin Jr. (Czech Jr.),,0.0,0.0,0.0,0.0,0.0,0.0,,0.0,,,,,,,,,zapleja01,2004,0,0.0,0.0,0.0,0.0,,
193.0,Nashville Predators,Kevin Schaeffer,US,D,19.0,,Boston University (H-East),,0.0,0.0,0.0,0.0,0.0,0.0,,0.0,,,,,,,,,schaeke01,2004,0,0.0,0.0,0.0,0.0,,
194.0,Pittsburgh Penguins,Chris Peluso,US,D,18.0,,Brainerd HS (High-MN),,0.0,0.0,0.0,0.0,0.0,0.0,,0.0,,,,,,,,,pelusch01,2004,0,0.0,0.0,0.0,0.0,,
198.0,Columbus Blue Jackets,Justin Vienneau,CA,D,18.0,,Shawinigan Cataractes (QMJHL),,0.0,0.0,0.0,0.0,0.0,0.0,,0.0,,,,,,,,,viennju01,2004,0,0.0,0.0,0.0,0.0,,
201.0,San Jose Sharks,Mike Vernace,CA,D,18.0,2011.0,Brampton Battalion (OHL),22.0,0.0,0.0,1.0,0.0,1.0,0.0454545454545455,,-7.0,10.0,,,,,,,0.0,vernami01,2004,0,0.0,0.045454545454545456,0.045454545454545456,-0.3181818181818182,-0.020454545454545458,
202.0,Carolina Hurricanes,Ryan Pottruff,CA,D,18.0,,London Knights (OHL),,0.0,0.0,0.0,0.0,0.0,0.0,,0.0,,,,,,,,,pottrry01,2004,0,0.0,0.0,0.0,0.0,,
210.0,New York Islanders,Emil Axelsson,SE,D,18.0,,HC Orebro 90 (Sweden-2),,0.0,0.0,0.0,0.0,0.0,0.0,,0.0,,,,,,,,,axelsem01,2004,0,0.0,0.0,0.0,0.0,,
212.0,Montreal Canadiens,Jon Gleed,CA,D,20.0,,Cornell (ECAC),,0.0,0.0,0.0,0.0,0.0,0.0,,0.0,,,,,,,,,gleedjo01,2004,0,0.0,0.0,0.0,0.0,,
217.0,New Jersey Devils,Tyler Eckford,CA,D,19.0,2011.0,Surrey (BCHL),7.0,0.0,0.0,1.0,0.0,1.0,0.142857142857143,,-1.0,4.0,,,,,,,0.1,eckfoty01,2004,0,0.0,0.14285714285714285,0.14285714285714285,-0.14285714285714285,0.0075,
220.0,Toronto Maple Leafs,Maxim Semenov,KZ,D,20.0,,Lada Togliatti (Russia),,0.0,0.0,0.0,0.0,0.0,0.0,,0.0,,,,,,,,,semenma01,2004,0,0.0,0.0,0.0,0.0,,
224.0,Boston Bruins,Matt Hunwick,US,D,19.0,2019.0,Michigan (CCHA),535.0,25.0,0.0467289719626168,94.0,8.73438728273211e-05,119.0,0.222429906542056,,-19.0,207.0,,,,,,,22.6,hunwima01,2004,0,0.04672897196261682,0.17570093457943925,0.22242990654205608,-0.03551401869158879,0.05205607476635514,
225.0,San Jose Sharks,David MacDonald,CA,D,19.0,,New England Jr. Coyotes (EJHL),,0.0,0.0,0.0,0.0,0.0,0.0,,0.0,,,,,,,,,macdoda01,2004,0,0.0,0.0,0.0,0.0,,
227.0,New York Islanders,Chris Campoli,CA,D,20.0,2012.0,Erie Otters (OHL),440.0,35.0,0.0795454545454545,111.0,0.000180785123966942,146.0,0.331818181818182,,-42.0,200.0,,,,,,,24.8,campoch01,2004,0,0.07954545454545454,0.25227272727272726,0.33181818181818185,-0.09545454545454546,0.07340909090909091,
241.0,Buffalo Sabres,Mike Card,CA,D,18.0,2007.0,Kelowna Rockets (WHL),4.0,0.0,0.0,0.0,0.0,0.0,0.0,,0.0,0.0,,,,,,,0.0,cardmi01,2004,0,0.0,0.0,0.0,0.0,0.0,
243.0,Nashville Predators,Denis Kulyash,RU,D,21.0,,CSKA Moskva (Russia),,0.0,0.0,0.0,0.0,0.0,0.0,,0.0,,,,,,,,,kulyade01,2004,0,0.0,0.0,0.0,0.0,,
247.0,New York Rangers,Jonathan Paiement,CA,D,19.0,,Lewiston MAINEiacs (QMJHL),,0.0,0.0,0.0,0.0,0.0,0.0,,0.0,,,,,,,,,paiemjo01,2004,0,0.0,0.0,0.0,0.0,,
248.0,Dallas Stars,Lukas Vomela,CZ,D,18.0,,HC Ceske Budejovice (Czech),,0.0,0.0,0.0,0.0,0.0,0.0,,0.0,,,,,,,,,vomellu01,2004,0,0.0,0.0,0.0,0.0,,
253.0,Philadelphia Flyers,Travis Gawryletz,CA,D,18.0,,Trail (BCHL),,0.0,0.0,0.0,0.0,0.0,0.0,,0.0,,,,,,,,,gawrytr01,2004,0,0.0,0.0,0.0,0.0,,
254.0,Vancouver Canucks,David Schulz,CA,D,18.0,,Swift Current Broncos (WHL),,0.0,0.0,0.0,0.0,0.0,0.0,,0.0,,,,,,,,,schulda02,2004,0,0.0,0.0,0.0,0.0,,
262.0,Montreal Canadiens,Mark Streit,CH,D,26.0,2018.0,ZSC Lions (Swiss),786.0,96.0,0.122137404580153,338.0,0.000155391099974749,434.0,0.552162849872774,,-73.0,374.0,,,,,,,67.3,streima01,2004,0,0.12213740458015267,0.4300254452926209,0.5521628498727735,-0.09287531806615776,0.1287531806615776,
267.0,Florida Panthers,Spencer Dillon,US,D,19.0,,Salmon Arm (BCHL),,0.0,0.0,0.0,0.0,0.0,0.0,,0.0,,,,,,,,,dillosp01,2004,0,0.0,0.0,0.0,0.0,,
268.0,Carolina Hurricanes,Martin Vagner,CZ,D,20.0,,Gatineau Olympiques (QMJHL),,0.0,0.0,0.0,0.0,0.0,0.0,,0.0,,,,,,,,,vagnema01,2004,0,0.0,0.0,0.0,0.0,,
271.0,Columbus Blue Jackets,Grant Clitsome,CA,D,19.0,2015.0,Nepean (CJHL),205.0,15.0,0.0731707317073171,56.0,0.000356930398572279,71.0,0.346341463414634,,2.0,98.0,,,,,,,12.8,clitsgr01,2004,0,0.07317073170731707,0.2731707317073171,0.3463414634146341,0.00975609756097561,0.08756097560975609,
275.0,Nashville Predators,Craig Switzer,CA,D,19.0,,Salmon Arm (BCHL),,0.0,0.0,0.0,0.0,0.0,0.0,,0.0,,,,,,,,,switzcr01,2004,0,0.0,0.0,0.0,0.0,,
278.0,Montreal Canadiens,Alex Dulac-Lemelin,CA,D,18.0,,Baie-Comeau Drakkar (QMJHL),,0.0,0.0,0.0,0.0,0.0,0.0,,0.0,,,,,,,,,dulacal01,2004,0,0.0,0.0,0.0,0.0,,
281.0,Colorado Avalanche,Steve McClellan,US,D,19.0,,Catholic Memorial School (High-MA),,0.0,0.0,0.0,0.0,0.0,0.0,,0.0,,,,,,,,,mcclest01,2004,0,0.0,0.0,0.0,0.0,,
282.0,New Jersey Devils,Valeri Klimov,RU,D,18.0,,Spartak Moskva 2 (Russia-3),,0.0,0.0,0.0,0.0,0.0,0.0,,0.0,,,,,,,,,klimova01,2004,0,0.0,0.0,0.0,0.0,,
283.0,Florida Panthers,Luke Beaverson,US,D,19.0,,Green Bay Gamblers (USHL),,0.0,0.0,0.0,0.0,0.0,0.0,,0.0,,,,,,,,,beavelu01,2004,0,0.0,0.0,0.0,0.0,,
289.0,San Jose Sharks,Christian Jensen,US,D,18.0,,New Jersey (AtJHL),,0.0,0.0,0.0,0.0,0.0,0.0,,0.0,,,,,,,,,jensech02,2004,0,0.0,0.0,0.0,0.0,,
290.0,Detroit Red Wings,Nils Backstrom,SE,D,18.0,,Stocksunds IF Jr. (Sweden Jr.),,0.0,0.0,0.0,0.0,0.0,0.0,,0.0,,,,,,,,,backsni03,2004,0,0.0,0.0,0.0,0.0,,
7.0,Nashville Predators,Ryan Suter,US,D,18.0,2025.0,USA U-18 Development Team (USDP/NAHL),1526.0,107.0,0.0701179554390564,589.0,4.59488567752663e-05,696.0,0.456094364351245,,127.0,785.0,,,,,,,132.2,suterry01,2003,0,0.07011795543905636,0.3859764089121887,0.45609436435124506,0.08322411533420708,0.12234600262123198,
8.0,Atlanta Thrashers,Braydon Coburn,CA,D,18.0,2021.0,Portland Winter Hawks (WHL),983.0,49.0,0.0498474059003052,185.0,5.07094668365261e-05,234.0,0.238046795523906,,46.0,720.0,,,,,,,47.7,coburbr01,2003,0,0.04984740590030519,0.18819938962360122,0.2380467955239064,0.04679552390640895,0.0641912512716175,
9.0,Calgary Flames,Dion Phaneuf,CA,D,18.0,2019.0,Red Deer Rebels (WHL),1048.0,137.0,0.130725190839695,357.0,0.000124737777518793,494.0,0.471374045801527,,-57.0,1345.0,,,,,,,86.6,phanedi01,2003,0,0.13072519083969467,0.34064885496183206,0.4713740458015267,-0.05438931297709924,0.11240458015267175,
14.0,Chicago Blackhawks,Brent Seabrook,CA,D,18.0,2020.0,Lethbridge Hurricanes (WHL),1114.0,103.0,0.09245960502693,361.0,8.29978501139408e-05,464.0,0.416517055655296,,111.0,661.0,,,,,,,88.5,seabrbr01,2003,0,0.09245960502692999,0.3240574506283663,0.41651705565529623,0.09964093357271095,0.11409335727109517,
21.0,Boston Bruins,Mark Stuart,US,D,19.0,2017.0,Colorado College (WCHA),673.0,26.0,0.0386329866270431,67.0,5.74041406048189e-05,93.0,0.138187221396731,,43.0,722.0,,,,,,,25.0,stuarma01,2003,0,0.03863298662704309,0.09955423476968796,0.13818722139673106,0.0638930163447251,0.040936106983655275,
30.0,St. Louis Blues,Shawn Belle,CA,D,18.0,2011.0,Tri-City Americans (WHL),20.0,0.0,0.0,1.0,0.0,1.0,0.05,,1.0,2.0,,,,,,,0.5,bellesh01,2003,0,0.0,0.05,0.05,0.05,0.0175,
31.0,Carolina Hurricanes,Danny Richmond,US,D,19.0,2008.0,Michigan (CCHA),49.0,0.0,0.0,3.0,0.0,3.0,0.0612244897959184,,-12.0,75.0,,,,,,,-0.1,richmda01,2003,0,0.0,0.061224489795918366,0.061224489795918366,-0.24489795918367346,-0.009183673469387758,
34.0,Tampa Bay Lightning,Mike Egener,DE,D,18.0,,Calgary Hitmen (WHL),,0.0,0.0,0.0,0.0,0.0,0.0,,0.0,,,,,,,,,egenemi01,2003,0,0.0,0.0,0.0,0.0,,
37.0,Nashville Predators,Kevin Klein,CA,D,18.0,2017.0,Toronto St. Michael's Majors (OHL),627.0,38.0,0.0606060606060606,116.0,9.66603837417234e-05,154.0,0.245614035087719,,22.0,185.0,,,,,,,33.4,kleinke01,2003,0,0.06060606060606061,0.1850079744816587,0.24561403508771928,0.03508771929824561,0.0649122807017544,
39.0,Calgary Flames,Tim Ramholt,CA,D,18.0,2008.0,ZSC Lions (Swiss),1.0,0.0,0.0,0.0,0.0,0.0,0.0,,-1.0,0.0,,,,,,,-0.1,ramhoti01,2003,0,0.0,0.0,0.0,-1.0,-0.005000000000000001,
41.0,Tampa Bay Lightning,Matt Smaby,US,D,18.0,2011.0,Shattuck-St. Mary's School (High-MN),122.0,0.0,0.0,6.0,0.0,6.0,0.0491803278688525,,-19.0,106.0,,,,,,,0.5,smabyma01,2003,0,0.0,0.04918032786885246,0.04918032786885246,-0.1557377049180328,-0.003278688524590165,
47.0,San Jose Sharks,Matt Carle,US,D,18.0,2017.0,River City Lancers (USHL),730.0,45.0,0.0616438356164384,238.0,8.44436104334773e-05,283.0,0.387671232876712,,82.0,251.0,,,,,,,54.2,carlema01,2003,0,0.06164383561643835,0.32602739726027397,0.38767123287671235,0.11232876712328767,0.10815068493150685,
49.0,Nashville Predators,Shea Weber,CA,D,18.0,2021.0,Kelowna Rockets (WHL),1038.0,224.0,0.215799614643545,365.0,0.000207899436072779,589.0,0.567437379576108,,79.0,714.0,,,,,,,118.9,webersh01,2003,0,0.21579961464354527,0.3516377649325626,0.5674373795761078,0.07610789980732177,0.14947013487475913,
50.0,New York Rangers,Ivan Baranka,SK,D,18.0,2008.0,HK Dubnica Jr. (Slovakia Jr.),1.0,0.0,0.0,1.0,0.0,1.0,1.0,,1.0,0.0,,,,,,,0.2,baraniv01,2003,0,0.0,1.0,1.0,1.0,0.017499999999999998,
57.0,Toronto Maple Leafs,John Doherty,US,D,19.0,,Phillips Andover Academy (High-MA),,0.0,0.0,0.0,0.0,0.0,0.0,,0.0,,,,,,,,,doherjo01,2003,0,0.0,0.0,0.0,0.0,,
59.0,Chicago Blackhawks,Michal Barinka,CZ,D,19.0,2006.0,HC Ceske Budejovice (Czech),34.0,0.0,0.0,2.0,0.0,2.0,0.0588235294117647,,-12.0,26.0,,,,,,,-0.2,barinmi01,2003,0,0.0,0.058823529411764705,0.058823529411764705,-0.35294117647058826,-0.020588235294117654,
63.0,Colorado Avalanche,David Liffiton,CA,D,18.0,2011.0,Plymouth Whalers (OHL),7.0,1.0,0.142857142857143,0.0,0.0204081632653061,1.0,0.142857142857143,,4.0,26.0,,,,,,,0.6,liffida01,2003,0,0.14285714285714285,0.0,0.14285714285714285,0.5714285714285714,0.0325,
71.0,Columbus Blue Jackets,Dmitry Kosmachev,RU,D,18.0,,CSKA Moskva (Russia),,0.0,0.0,0.0,0.0,0.0,0.0,,0.0,,,,,,,,,kosmadm01,2003,0,0.0,0.0,0.0,0.0,,
76.0,Nashville Predators,Richard Stehlik,SK,D,19.0,,Sherbrooke Castors (QMJHL),,0.0,0.0,0.0,0.0,0.0,0.0,,0.0,,,,,,,,,stehlri01,2003,0,0.0,0.0,0.0,0.0,,
79.0,Montreal Canadiens,Ryan O'Byrne,CA,D,19.0,2013.0,Nanaimo (BCHL),308.0,5.0,0.0162337662337662,34.0,5.27070332265136e-05,39.0,0.126623376623377,,-19.0,369.0,,,,,,,8.4,obyrnry01,2003,0,0.016233766233766232,0.11038961038961038,0.1266233766233766,-0.06168831168831169,0.02548701298701298,
85.0,Philadelphia Flyers,Alexandre Picard,CA,D,18.0,2012.0,Halifax Mooseheads (QMJHL),253.0,19.0,0.075098814229249,50.0,0.000296833257823119,69.0,0.272727272727273,,-31.0,86.0,,,,,,,12.0,picaral01,2003,0,0.07509881422924901,0.1976284584980237,0.2727272727272727,-0.1225296442687747,0.05592885375494071,
88.0,St. Louis Blues,Zack Fitzgerald,US,D,18.0,2008.0,Seattle Thunderbirds (WHL),1.0,0.0,0.0,0.0,0.0,0.0,0.0,,0.0,0.0,,,,,,,0.0,fitzgza01,2003,0,0.0,0.0,0.0,0.0,0.0,
90.0,Anaheim Ducks,Juha Alen,FI,D,21.0,,Northern Michigan (CCHA),,0.0,0.0,0.0,0.0,0.0,0.0,,0.0,,,,,,,,,alenju01,2003,0,0.0,0.0,0.0,0.0,,
92.0,Nashville Predators,Alexander Sulzer,DE,D,19.0,2014.0,Hamburg (Germany),131.0,7.0,0.0534351145038168,15.0,0.000407901637433716,22.0,0.16793893129771,,4.0,44.0,,,,,,,6.2,sulzeal01,2003,0,0.05343511450381679,0.11450381679389313,0.16793893129770993,0.030534351145038167,0.0450381679389313,
99.0,Dallas Stars,Matt Nickerson,US,D,18.0,,Texas Tornado (NAHL),,0.0,0.0,0.0,0.0,0.0,0.0,,0.0,,,,,,,,,nickema01,2003,0,0.0,0.0,0.0,0.0,,
100.0,Ottawa Senators,Philippe Seydoux,CH,D,18.0,,Kloten (Swiss),,0.0,0.0,0.0,0.0,0.0,0.0,,0.0,,,,,,,,,seydoph01,2003,0,0.0,0.0,0.0,0.0,,
102.0,Carolina Hurricanes,Aaron Dawson,US,D,18.0,,Peterborough Petes (OHL),,0.0,0.0,0.0,0.0,0.0,0.0,,0.0,,,,,,,,,dawsoaa01,2003,0,0.0,0.0,0.0,0.0,,
105.0,Florida Panthers,Martin Lojek,CZ,D,18.0,2008.0,Brampton Battalion (OHL),5.0,0.0,0.0,1.0,0.0,1.0,0.2,,1.0,0.0,,,,,,,0.2,lojekma01,2003,0,0.0,0.2,0.2,0.2,0.0175,
106.0,Buffalo Sabres,Jan Hejda,CZ,D,25.0,2015.0,HC Slavia Praha (Czech),627.0,25.0,0.0398724082934609,110.0,6.3592357724818e-05,135.0,0.215311004784689,,-7.0,317.0,,,,,,,29.8,hejdaja01,2003,0,0.03987240829346093,0.17543859649122806,0.215311004784689,-0.011164274322169059,0.05271132376395535,
110.0,Atlanta Thrashers,Jim Sharrow,US,D,18.0,,Halifax Mooseheads (QMJHL),,0.0,0.0,0.0,0.0,0.0,0.0,,0.0,,,,,,,,,sharrji01,2003,0,0.0,0.0,0.0,0.0,,
114.0,Buffalo Sabres,Denis Ezhov,RU,D,18.0,,CSK VVS Samara (Russia-2),,0.0,0.0,0.0,0.0,0.0,0.0,,0.0,,,,,,,,,ezhovde01,2003,0,0.0,0.0,0.0,0.0,,
118.0,Boston Bruins,Frank Rediker,US,D,18.0,,Windsor Spitfires (OHL),,0.0,0.0,0.0,0.0,0.0,0.0,,0.0,,,,,,,,,redikfr01,2003,0,0.0,0.0,0.0,0.0,,
119.0,Anaheim Ducks,Nathan Saunders,CA,D,18.0,,Moncton Wildcats (QMJHL),,0.0,0.0,0.0,0.0,0.0,0.0,,0.0,,,,,,,,,saundna01,2003,0,0.0,0.0,0.0,0.0,,
122.0,New York Rangers,Corey Potter,US,D,19.0,2016.0,Michigan State (CCHA),130.0,8.0,0.0615384615384615,24.0,0.000473372781065088,32.0,0.246153846153846,,-11.0,53.0,,,,,,,5.9,potteco01,2003,0,0.06153846153846154,0.18461538461538463,0.24615384615384617,-0.08461538461538462,0.05307692307692308,
124.0,Florida Panthers,James Pemberton,US,D,19.0,,Providence (H-East),,0.0,0.0,0.0,0.0,0.0,0.0,,0.0,,,,,,,,,pembeja01,2003,0,0.0,0.0,0.0,0.0,,
132.0,Detroit Red Wings,Kyle Quincey,CA,D,18.0,2018.0,London Knights (OHL),586.0,36.0,0.0614334470989761,122.0,0.000104835233957297,158.0,0.26962457337884,,8.0,548.0,,,,,,,34.2,quincky01,2003,0,0.06143344709897611,0.20819112627986347,0.2696245733788396,0.013651877133105802,0.06877133105802048,
135.0,Ottawa Senators,Mattias Karlsson,SE,D,18.0,,Brynas IF Jr. (Sweden Jr.),,0.0,0.0,0.0,0.0,0.0,0.0,,0.0,,,,,,,,,karlsma01,2003,0,0.0,0.0,0.0,0.0,,
136.0,Atlanta Thrashers,Michael Vannelli,US,D,19.0,,Sioux Falls Stampede (USHL),,0.0,0.0,0.0,0.0,0.0,0.0,,0.0,,,,,,,,,vannemi01,2003,0,0.0,0.0,0.0,0.0,,
137.0,Carolina Hurricanes,Tyson Strachan,CA,D,18.0,2016.0,Vernon (BCHL),186.0,1.0,0.00537634408602151,19.0,2.89050757312984e-05,20.0,0.10752688172043,,-42.0,199.0,,,,,,,-0.8,stracty01,2003,0,0.005376344086021506,0.10215053763440861,0.10752688172043011,-0.22580645161290322,0.0043010752688172026,
142.0,Ottawa Senators,Tim Cook,US,D,19.0,,River City Lancers (USHL),,0.0,0.0,0.0,0.0,0.0,0.0,,0.0,,,,,,,,,cookti01,2003,0,0.0,0.0,0.0,0.0,,
150.0,Buffalo Sabres,Thomas Morrow,US,D,19.0,,Des Moines Buccaneers (USHL),,0.0,0.0,0.0,0.0,0.0,0.0,,0.0,,,,,,,,,morroth01,2003,0,0.0,0.0,0.0,0.0,,
151.0,Chicago Blackhawks,Lasse Kukkonen,FI,D,21.0,2009.0,Karpat (Finland),159.0,6.0,0.0377358490566038,16.0,0.000237332384003797,22.0,0.138364779874214,,3.0,90.0,,,,,,,5.7,kukkola01,2003,0,0.03773584905660377,0.10062893081761007,0.13836477987421383,0.018867924528301886,0.03647798742138365,
162.0,Florida Panthers,Martin Tuma,CZ,D,18.0,,HC Litvinov Jr. (Czech),,0.0,0.0,0.0,0.0,0.0,0.0,,0.0,,,,,,,,,tumama01,2003,0,0.0,0.0,0.0,0.0,,
166.0,Ottawa Senators,Sergei Gimayev,RU,D,19.0,,Severstal Cherepovets (Russia),,0.0,0.0,0.0,0.0,0.0,0.0,,0.0,,,,,,,,,gimayse01,2003,0,0.0,0.0,0.0,0.0,,
167.0,New Jersey Devils,Zach Tarkir,US,D,19.0,,Chilliwack (BCHL),,0.0,0.0,0.0,0.0,0.0,0.0,,0.0,,,,,,,,,tarkiza01,2003,0,0.0,0.0,0.0,0.0,,
168.0,Columbus Blue Jackets,Marc Methot,CA,D,18.0,2019.0,London Knights (OHL),624.0,22.0,0.0352564102564103,101.0,5.6500657462196e-05,123.0,0.197115384615385,,51.0,380.0,,,,,,,30.8,methoma01,2003,0,0.035256410256410256,0.16185897435897437,0.1971153846153846,0.08173076923076923,0.05745192307692308,
169.0,Pittsburgh Penguins,Lukas Bolf,CZ,D,18.0,,HC Slavia Praha Jr. (Czech Jr.),,0.0,0.0,0.0,0.0,0.0,0.0,,0.0,,,,,,,,,bolflu01,2003,0,0.0,0.0,0.0,0.0,,
172.0,Buffalo Sabres,Pavel Voroshnin,RU,D,19.0,,Mississagua IceDogs (OHL),,0.0,0.0,0.0,0.0,0.0,0.0,,0.0,,,,,,,,,vorospa01,2003,0,0.0,0.0,0.0,0.0,,
179.0,New York Rangers,Philippe Furrer,CH,D,18.0,,SC Bern (Swiss),,0.0,0.0,0.0,0.0,0.0,0.0,,0.0,,,,,,,,,furreph01,2003,0,0.0,0.0,0.0,0.0,,
182.0,New York Islanders,Bruno Gervais,CA,D,18.0,2013.0,Acadie-Bathurst Titan (QMJHL),418.0,16.0,0.0382775119617225,71.0,9.1572995123738e-05,87.0,0.208133971291866,,-81.0,182.0,,,,,,,11.4,gervabr01,2003,0,0.03827751196172249,0.16985645933014354,0.20813397129186603,-0.1937799043062201,0.03265550239234449,
188.0,Montreal Canadiens,Mark Flood,CA,D,18.0,2012.0,Peterborough Petes (OHL),39.0,3.0,0.0769230769230769,5.0,0.0019723865877712,8.0,0.205128205128205,,-5.0,10.0,,,,,,,1.2,floodma01,2003,0,0.07692307692307693,0.1282051282051282,0.20512820512820512,-0.1282051282051282,0.038461538461538464,
190.0,Vancouver Canucks,Chad Brownlee,CA,D,19.0,,Vernon (BCHL),,0.0,0.0,0.0,0.0,0.0,0.0,,0.0,,,,,,,,,brownch03,2003,0,0.0,0.0,0.0,0.0,,
192.0,Tampa Bay Lightning,Doug O'Brien,CA,D,19.0,2006.0,Hull Olympiques (QMJHL),5.0,0.0,0.0,0.0,0.0,0.0,0.0,,0.0,2.0,,,,,,,0.0,obriedo01,2003,0,0.0,0.0,0.0,0.0,0.0,
194.0,Detroit Red Wings,Stefan Blom,SE,D,18.0,,Hammarby IF Jr. (Sweden Jr.),,0.0,0.0,0.0,0.0,0.0,0.0,,0.0,,,,,,,,,blomst01,2003,0,0.0,0.0,0.0,0.0,,
195.0,Dallas Stars,Drew Bagnall,CA,D,19.0,2011.0,Battlefords (SJHL),2.0,0.0,0.0,0.0,0.0,0.0,0.0,,-2.0,4.0,,,,,,,-0.1,bagnadr01,2003,0,0.0,0.0,0.0,-1.0,-0.010000000000000002,
196.0,Dallas Stars,Elias Granath,SE,D,18.0,,Leksands IF Jr. (Sweden Jr.),,0.0,0.0,0.0,0.0,0.0,0.0,,0.0,,,,,,,,,granael01,2003,0,0.0,0.0,0.0,0.0,,
200.0,Columbus Blue Jackets,Alexander Guskov,RU,D,26.0,,Lokomotiv Yaroslavl (Russia),,0.0,0.0,0.0,0.0,0.0,0.0,,0.0,,,,,,,,,guskoal01,2003,0,0.0,0.0,0.0,0.0,,
202.0,Buffalo Sabres,Nathan Paetsch,CA,D,20.0,2010.0,Moose Jaw Warriors (WHL),167.0,7.0,0.0419161676646707,35.0,0.000250995015956112,42.0,0.251497005988024,,12.0,114.0,,,,,,,7.0,paetsna01,2003,0,0.041916167664670656,0.20958083832335328,0.25149700598802394,0.0718562874251497,0.07005988023952095,
207.0,Minnesota Wild,Georgy Misharin,RU,D,18.0,,Dynamo-Energiya Yekaterinberg (Russia-2),,0.0,0.0,0.0,0.0,0.0,0.0,,0.0,,,,,,,,,mishage01,2003,0,0.0,0.0,0.0,0.0,,
209.0,New York Rangers,Dylan Reese,US,D,19.0,2015.0,Pittsburgh Forge (NAHL),78.0,3.0,0.0384615384615385,14.0,0.000493096646942801,17.0,0.217948717948718,,-9.0,40.0,,,,,,,2.7,reesedy01,2003,0,0.038461538461538464,0.1794871794871795,0.21794871794871795,-0.11538461538461539,0.04294871794871795,
210.0,Nashville Predators,Andrei Mukhachev,RU,D,23.0,,CSKA Moskva (Russia),,0.0,0.0,0.0,0.0,0.0,0.0,,0.0,,,,,,,,,mukhaan01,2003,0,0.0,0.0,0.0,0.0,,
212.0,New York Islanders,Denis Rehak,SK,D,18.0,,HK Dukla Trencin Jr. (Slovakia Jr.),,0.0,0.0,0.0,0.0,0.0,0.0,,0.0,,,,,,,,,rehakde01,2003,0,0.0,0.0,0.0,0.0,,
215.0,Edmonton Oilers,Mathieu Roy,CA,D,20.0,2013.0,Val-d'Or Foreurs (QMJHL),66.0,2.0,0.0303030303030303,11.0,0.000459136822773186,13.0,0.196969696969697,,-13.0,76.0,,,,,,,1.7,royma01,2003,0,0.030303030303030304,0.16666666666666666,0.19696969696969696,-0.19696969696969696,0.02954545454545454,
217.0,Montreal Canadiens,Oskari Korpikari,FI,D,19.0,,Karpat (Finland),,0.0,0.0,0.0,0.0,0.0,0.0,,0.0,,,,,,,,,korpios01,2003,0,0.0,0.0,0.0,0.0,,
228.0,Ottawa Senators,Will Colbert,CA,D,18.0,,Ottawa 67's (OHL),,0.0,0.0,0.0,0.0,0.0,0.0,,0.0,,,,,,,,,colbewi01,2003,0,0.0,0.0,0.0,0.0,,
234.0,Florida Panthers,Petr Kadlec,CZ,D,26.0,,HC Slavia Praha (Czech),,0.0,0.0,0.0,0.0,0.0,0.0,,0.0,,,,,,,,,kadlepe01,2003,0,0.0,0.0,0.0,0.0,,
238.0,New York Islanders,Cody Blanshan,US,D,19.0,,Nebraska-Omaha (CCHA),,0.0,0.0,0.0,0.0,0.0,0.0,,0.0,,,,,,,,,blansco01,2003,0,0.0,0.0,0.0,0.0,,
239.0,Atlanta Thrashers,Toby Enstrom,SE,D,18.0,2018.0,MODO Hockey (Sweden),719.0,54.0,0.0751043115438108,254.0,0.000104456622453144,308.0,0.428372739916551,,5.0,422.0,,,,,,,50.9,enstrto01,2003,0,0.07510431154381085,0.3532684283727399,0.4283727399165508,0.006954102920723227,0.10778859527121001,
245.0,Chicago Blackhawks,Dustin Byfuglien,US,D,18.0,2019.0,Prince George Cougars (WHL),869.0,177.0,0.203682393555811,348.0,0.000234387104206917,525.0,0.604142692750288,,-8.0,1094.0,,,,,,,85.6,byfugdu01,2003,0,0.20368239355581128,0.4004602991944764,0.6041426927502876,-0.009205983889528193,0.1501150747986191,
248.0,Edmonton Oilers,Josef Hrabal,CZ,D,18.0,,HC Vsetin Jr. (Czech Jr.),,0.0,0.0,0.0,0.0,0.0,0.0,,0.0,,,,,,,,,hrabajo01,2003,0,0.0,0.0,0.0,0.0,,
250.0,Anaheim Ducks,Shane O'Brien,CA,D,20.0,2015.0,Toronto St. Michael's Majors (OHL),537.0,13.0,0.0242085661080074,79.0,4.50811286927512e-05,92.0,0.171322160148976,,6.0,916.0,,,,,,,21.0,obriesh01,2003,0,0.024208566108007448,0.14711359404096835,0.1713221601489758,0.0111731843575419,0.04394785847299814,
253.0,St. Louis Blues,Andrei Pervyshin,RU,D,18.0,,Lokomotiv Yaroslavl 2 (Russia-3),,0.0,0.0,0.0,0.0,0.0,0.0,,0.0,,,,,,,,,pervyan01,2003,0,0.0,0.0,0.0,0.0,,
254.0,Vancouver Canucks,Nathan McIver,CA,D,18.0,2009.0,Toronto St. Michael's Majors (OHL),36.0,0.0,0.0,1.0,0.0,1.0,0.0277777777777778,,-9.0,95.0,,,,,,,-0.3,mcivena01,2003,0,0.0,0.027777777777777776,0.027777777777777776,-0.25,-0.018055555555555557,
256.0,Tampa Bay Lightning,Brady Greco,US,D,20.0,,Chicago Steel (USHL),,0.0,0.0,0.0,0.0,0.0,0.0,,0.0,,,,,,,,,grecobr01,2003,0,0.0,0.0,0.0,0.0,,
257.0,Colorado Avalanche,Darryl Yacboski,CA,D,18.0,,Regina Pats (WHL),,0.0,0.0,0.0,0.0,0.0,0.0,,0.0,,,,,,,,,yacboda01,2003,0,0.0,0.0,0.0,0.0,,
259.0,Dallas Stars,Niko Vainio,FI,D,18.0,,Jokerit Jr. (Finland Jr.),,0.0,0.0,0.0,0.0,0.0,0.0,,0.0,,,,,,,,,vainini01,2003,0,0.0,0.0,0.0,0.0,,
267.0,San Jose Sharks,Brian O'Hanley,US,D,18.0,,Boston College HS (High-MA),,0.0,0.0,0.0,0.0,0.0,0.0,,0.0,,,,,,,,,ohanlbr01,2003,0,0.0,0.0,0.0,0.0,,
272.0,Phoenix Coyotes,Sean Sullivan,US,D,19.0,,St. Sebastian's School (High-MA),,0.0,0.0,0.0,0.0,0.0,0.0,,0.0,,,,,,,,,sullise01,2003,0,0.0,0.0,0.0,0.0,,
275.0,Chicago Blackhawks,Michael Grenzy,US,D,19.0,,Chicago Steel (USHL),,0.0,0.0,0.0,0.0,0.0,0.0,,0.0,,,,,,,,,grenzmi01,2003,0,0.0,0.0,0.0,0.0,,
280.0,Anaheim Ducks,Ville Mantymaa,FI,D,18.0,,Tappara Jr. (Finland Jr.),,0.0,0.0,0.0,0.0,0.0,0.0,,0.0,,,,,,,,,mantyvi01,2003,0,0.0,0.0,0.0,0.0,,
281.0,Minnesota Wild,Jean-Michel Bolduc,US,D,18.0,,Quebec Remparts (QMJHL),,0.0,0.0,0.0,0.0,0.0,0.0,,0.0,,,,,,,,,bolduje01,2003,0,0.0,0.0,0.0,0.0,,
283.0,Columbus Blue Jackets,Trevor Hendrikx,CA,D,18.0,,Peterborough Petes (OHL),,0.0,0.0,0.0,0.0,0.0,0.0,,0.0,,,,,,,,,hendrtr01,2003,0,0.0,0.0,0.0,0.0,,
285.0,Vancouver Canucks,Matthew Hansen,CA,D,18.0,,Seattle Thunderbirds (WHL),,0.0,0.0,0.0,0.0,0.0,0.0,,0.0,,,,,,,,,hansema01,2003,0,0.0,0.0,0.0,0.0,,
3.0,Florida Panthers,Jay Bouwmeester,CA,D,18.0,2020.0,Medicine Hat Tigers (WHL),1240.0,88.0,0.0709677419354839,336.0,5.72320499479709e-05,424.0,0.341935483870968,,-17.0,635.0,,,,,,,83.0,bouwmja01,2002,0,0.07096774193548387,0.2709677419354839,0.3419354838709677,-0.013709677419354839,0.08411290322580645,
4.0,Philadelphia Flyers,Joni Pitkanen,FI,D,18.0,2013.0,Karpat (Finland),535.0,57.0,0.106542056074766,225.0,0.000199144030046292,282.0,0.527102803738318,,-8.0,484.0,,,,,,,47.4,pitkajo01,2002,0,0.10654205607476636,0.4205607476635514,0.5271028037383177,-0.014953271028037384,0.1302803738317757,
5.0,Pittsburgh Penguins,Ryan Whitney,US,D,19.0,2014.0,Boston University (H-East),481.0,50.0,0.103950103950104,209.0,0.000216112482224748,259.0,0.538461538461538,,-30.0,383.0,,,,,,,39.3,whitnry01,2002,0,0.10395010395010396,0.43451143451143454,0.5384615384615384,-0.062370062370062374,0.12837837837837837,
11.0,Buffalo Sabres,Keith Ballard,US,D,19.0,2015.0,Minnesota (WCHA),604.0,38.0,0.0629139072847682,137.0,0.00010416209815359,175.0,0.289735099337748,,-13.0,612.0,,,,,,,33.0,ballake01,2002,0,0.06291390728476821,0.22682119205298013,0.2897350993377483,-0.02152317880794702,0.07028145695364238,
12.0,Washington Capitals,Steve Eminger,CA,D,18.0,2013.0,Kitchener Rangers (OHL),488.0,19.0,0.0389344262295082,80.0,7.97836603063693e-05,99.0,0.202868852459016,,-42.0,359.0,,,,,,,16.0,emingst01,2002,0,0.0389344262295082,0.16393442622950818,0.2028688524590164,-0.0860655737704918,0.04211065573770492,
18.0,Los Angeles Kings,Denis Grebeshkov,RU,D,18.0,2014.0,Lokomotiv Yaroslavl (Russia),234.0,17.0,0.0726495726495726,68.0,0.000310468259186208,85.0,0.363247863247863,,-18.0,114.0,,,,,,,13.4,grebede01,2002,0,0.07264957264957266,0.2905982905982906,0.36324786324786323,-0.07692307692307693,0.08311965811965812,
21.0,Chicago Blackhawks,Anton Babchuk,UA,D,18.0,2013.0,Elemash Elektrostal (Russia-2),289.0,36.0,0.124567474048443,71.0,0.000431029321966931,107.0,0.370242214532872,,14.0,108.0,,,,,,,21.1,babchan01,2002,0,0.1245674740484429,0.24567474048442905,0.370242214532872,0.04844290657439446,0.09740484429065745,
26.0,Dallas Stars,Martin Vagner,CZ,D,18.0,,Hull Olympiques (QMJHL),,0.0,0.0,0.0,0.0,0.0,0.0,,0.0,,,,,,,,,vagnema01,2002,0,0.0,0.0,0.0,0.0,,
35.0,Pittsburgh Penguins,Ondrej Nemec,CZ,D,18.0,,HC Vsetin (Czech),,0.0,0.0,0.0,0.0,0.0,0.0,,0.0,,,,,,,,,nemecon01,2002,0,0.0,0.0,0.0,0.0,,
43.0,Dallas Stars,Trevor Daley,CA,D,18.0,2020.0,Soo Greyhounds (OHL),1058.0,89.0,0.0841209829867675,220.0,7.95094357152812e-05,309.0,0.292060491493384,,-8.0,648.0,,,,,,,62.3,daleytr01,2002,0,0.08412098298676748,0.20793950850661624,0.29206049149338376,-0.007561436672967864,0.07225897920604915,
44.0,Edmonton Oilers,Matt Greene,US,D,19.0,2017.0,Green Bay Gamblers (USHL),615.0,17.0,0.0276422764227642,63.0,4.49467909313239e-05,80.0,0.130081300813008,,-10.0,663.0,,,,,,,24.3,greenma01,2002,0,0.027642276422764227,0.1024390243902439,0.13008130081300814,-0.016260162601626018,0.030894308943089435,
45.0,Montreal Canadiens,Tomas Linhart,CZ,D,18.0,,HC Pardubice Jr. (Czech Jr.),,0.0,0.0,0.0,0.0,0.0,0.0,,0.0,,,,,,,,,linhato01,2002,0,0.0,0.0,0.0,0.0,,
49.0,Vancouver Canucks,Kirill Koltsov,RU,D,19.0,,Avangard Omsk (Russia),,0.0,0.0,0.0,0.0,0.0,0.0,,0.0,,,,,,,,,koltski01,2002,0,0.0,0.0,0.0,0.0,,
51.0,New Jersey Devils,Anton Kadeykin,RU,D,18.0,,Elemash Elektrostal (Russia-2),,0.0,0.0,0.0,0.0,0.0,0.0,,0.0,,,,,,,,,kadeyan01,2002,0,0.0,0.0,0.0,0.0,,
52.0,San Jose Sharks,Dan Spang,US,D,19.0,,Winchester (High-MA),,0.0,0.0,0.0,0.0,0.0,0.0,,0.0,,,,,,,,,spangda01,2002,0,0.0,0.0,0.0,0.0,,
54.0,Chicago Blackhawks,Duncan Keith,CA,D,19.0,2022.0,Michigan State (CCHA),1256.0,106.0,0.0843949044585987,540.0,6.7193395269585e-05,646.0,0.514331210191083,,159.0,675.0,,,,,,,117.0,keithdu01,2002,0,0.08439490445859872,0.4299363057324841,0.5143312101910829,0.1265923566878981,0.14124203821656053,
55.0,Vancouver Canucks,Denis Grot,BY,D,18.0,,Elemash Elektrostal (Russia-2),,0.0,0.0,0.0,0.0,0.0,0.0,,0.0,,,,,,,,,grotde01,2002,0,0.0,0.0,0.0,0.0,,
61.0,Colorado Avalanche,Johnny Boychuk,CA,D,18.0,2020.0,Calgary Hitmen (WHL),725.0,54.0,0.0744827586206897,152.0,0.000102734839476813,206.0,0.284137931034483,,123.0,331.0,,,,,,,49.0,boychjo01,2002,0,0.07448275862068965,0.2096551724137931,0.28413793103448276,0.1696551724137931,0.088,
65.0,Columbus Blue Jackets,Ole-Kristian Tollefsen,NO,D,18.0,2010.0,Lillehammer (Norway),163.0,4.0,0.0245398773006135,8.0,0.000150551394482291,12.0,0.0736196319018405,,-6.0,296.0,,,,,,,3.9,tolleol01,2002,0,0.024539877300613498,0.049079754601226995,0.0736196319018405,-0.03680981595092025,0.0147239263803681,
68.0,Vancouver Canucks,Brett Skinner,CA,D,19.0,2009.0,Des Moines Buccaneers (USHL),11.0,0.0,0.0,0.0,0.0,0.0,0.0,,3.0,4.0,,,,,,,0.4,skinnbr01,2002,0,0.0,0.0,0.0,0.2727272727272727,0.015000000000000001,
70.0,Phoenix Coyotes,Joe Callahan,US,D,19.0,2011.0,Yale (ECAC),46.0,0.0,0.0,4.0,0.0,4.0,0.0869565217391304,,5.0,16.0,,,,,,,1.7,callajo02,2002,0,0.0,0.08695652173913043,0.08695652173913043,0.10869565217391304,0.03260869565217391,
71.0,Anaheim Ducks,Brian Lee,US,D,,,Erie Otters (OHL),,0.0,0.0,0.0,0.0,0.0,0.0,,0.0,,,,,,,,,-9999,2002,0,0.0,0.0,0.0,0.0,,
77.0,Washington Capitals,Patrick Wellar,CA,D,18.0,,Portland Winter Hawks (WHL),,0.0,0.0,0.0,0.0,0.0,0.0,,0.0,,,,,,,,,wellapa01,2002,0,0.0,0.0,0.0,0.0,,
78.0,Dallas Stars,Geoff Waugh,CA,D,19.0,,Kindersley (SJHL),,0.0,0.0,0.0,0.0,0.0,0.0,,0.0,,,,,,,,,waughge01,2002,0,0.0,0.0,0.0,0.0,,
80.0,Phoenix Coyotes,Matt Jones,US,D,19.0,2008.0,North Dakota (WCHA),106.0,1.0,0.00943396226415094,10.0,8.8999644001424e-05,11.0,0.10377358490566,,-27.0,63.0,,,,,,,0.7,jonesma01,2002,0,0.009433962264150943,0.09433962264150944,0.10377358490566038,-0.25471698113207547,0.00047169811320754707,
82.0,Buffalo Sabres,John Adams,US,D,19.0,,Boston College (H-East),,0.0,0.0,0.0,0.0,0.0,0.0,,0.0,,,,,,,,,adamsjo03,2002,0,0.0,0.0,0.0,0.0,,
84.0,New Jersey Devils,Marek Chvatal,CZ,D,18.0,,HC Ocelari Trinec Jr. (Czech Jr.),,0.0,0.0,0.0,0.0,0.0,0.0,,0.0,,,,,,,,,chvatma01,2002,0,0.0,0.0,0.0,0.0,,
88.0,Toronto Maple Leafs,Dominic D'Amour,CA,D,18.0,,Hull Olympiques (QMJHL),,0.0,0.0,0.0,0.0,0.0,0.0,,0.0,,,,,,,,,damoudo01,2002,0,0.0,0.0,0.0,0.0,,
91.0,Carolina Hurricanes,Jesse Lane,US,D,19.0,,Hull Olympiques (QMJHL),,0.0,0.0,0.0,0.0,0.0,0.0,,0.0,,,,,,,,,laneje01,2002,0,0.0,0.0,0.0,0.0,,
94.0,Colorado Avalanche,Eric Lundberg,US,D,19.0,,Providence (H-East),,0.0,0.0,0.0,0.0,0.0,0.0,,0.0,,,,,,,,,lundber01,2002,0,0.0,0.0,0.0,0.0,,
101.0,Pittsburgh Penguins,Daniel Fernholm,SE,D,18.0,,Djurgardens IF Jr. (Sweden Jr.),,0.0,0.0,0.0,0.0,0.0,0.0,,0.0,,,,,,,,,fernhda01,2002,0,0.0,0.0,0.0,0.0,,
104.0,Los Angeles Kings,Aaron Rome,CA,D,18.0,2014.0,Swift Current Broncos (WHL),226.0,6.0,0.0265486725663717,22.0,0.000117472002506069,28.0,0.123893805309735,,-17.0,185.0,,,,,,,5.2,romeaa01,2002,0,0.02654867256637168,0.09734513274336283,0.12389380530973451,-0.0752212389380531,0.023451327433628318,
105.0,Philadelphia Flyers,Rosario Ruggeri,CA,D,18.0,,Chicoutimi Sagueneens (QMJHL),,0.0,0.0,0.0,0.0,0.0,0.0,,0.0,,,,,,,,,ruggero01,2002,0,0.0,0.0,0.0,0.0,,
106.0,Edmonton Oilers,Ivan Koltsov,RU,D,18.0,,Severstal Cherepovets 2 (Russia-3),,0.0,0.0,0.0,0.0,0.0,0.0,,0.0,,,,,,,,,koltsiv01,2002,0,0.0,0.0,0.0,0.0,,
107.0,Colorado Avalanche,Mikko Kalteva,FI,D,18.0,,Jokerit Jr. (Finland Jr.),,0.0,0.0,0.0,0.0,0.0,0.0,,0.0,,,,,,,,,kaltemi01,2002,0,0.0,0.0,0.0,0.0,,
119.0,Columbus Blue Jackets,Jekabs Redlihs,LV,D,20.0,,New York (EJHL),,0.0,0.0,0.0,0.0,0.0,0.0,,0.0,,,,,,,,,redlije01,2002,0,0.0,0.0,0.0,0.0,,
120.0,St. Louis Blues,Robin Jonsson,SE,D,18.0,,Bofors IK (Sweden-2),,0.0,0.0,0.0,0.0,0.0,0.0,,0.0,,,,,,,,,jonssro01,2002,0,0.0,0.0,0.0,0.0,,
122.0,Toronto Maple Leafs,David Turon,CZ,D,18.0,,HC Havirov Panthers (Czech),,0.0,0.0,0.0,0.0,0.0,0.0,,0.0,,,,,,,,,turonda01,2002,0,0.0,0.0,0.0,0.0,,
124.0,Atlanta Thrashers,Lane Manson,CA,D,18.0,,Moose Jaw Warriors (WHL),,0.0,0.0,0.0,0.0,0.0,0.0,,0.0,,,,,,,,,mansola01,2002,0,0.0,0.0,0.0,0.0,,
125.0,Ottawa Senators,Johan Bjork,SE,D,18.0,,MIF Jr. (Sweden Jr.),,0.0,0.0,0.0,0.0,0.0,0.0,,0.0,,,,,,,,,bjorkjo01,2002,0,0.0,0.0,0.0,0.0,,
127.0,New York Rangers,Nate Guenin,US,D,19.0,2016.0,Green Bay Gamblers (USHL),205.0,5.0,0.024390243902439,23.0,0.000118976799524093,28.0,0.136585365853659,,7.0,94.0,,,,,,,6.7,guenina01,2002,0,0.024390243902439025,0.11219512195121951,0.13658536585365855,0.03414634146341464,0.0375609756097561,
129.0,Colorado Avalanche,Tom Gilbert,US,D,19.0,2017.0,Chicago Steel (USHL),655.0,45.0,0.0687022900763359,178.0,0.000104888992482956,223.0,0.340458015267176,,-40.0,198.0,,,,,,,40.0,gilbeto01,2002,0,0.06870229007633588,0.2717557251908397,0.34045801526717556,-0.061068702290076333,0.07900763358778626,
131.0,Detroit Red Wings,Johan Berggren,SE,D,18.0,,Sunne IK (Sweden-3),,0.0,0.0,0.0,0.0,0.0,0.0,,0.0,,,,,,,,,berggjo01,2002,0,0.0,0.0,0.0,0.0,,
134.0,Florida Panthers,Topi Jaakola,FI,D,18.0,,Karpat (Finland),,0.0,0.0,0.0,0.0,0.0,0.0,,0.0,,,,,,,,,jaakoto01,2002,0,0.0,0.0,0.0,0.0,,
144.0,Atlanta Thrashers,Paul Flache,CA,D,20.0,,Brampton Battalion (OHL),,0.0,0.0,0.0,0.0,0.0,0.0,,0.0,,,,,,,,,flachpa01,2002,0,0.0,0.0,0.0,0.0,,
154.0,New Jersey Devils,Krisjanis Redlihs,LV,D,21.0,,Metalurgs Liepaja (EEHL),,0.0,0.0,0.0,0.0,0.0,0.0,,0.0,,,,,,,,,redlikr01,2002,0,0.0,0.0,0.0,0.0,,
156.0,Chicago Blackhawks,James Wisniewski,US,D,18.0,2016.0,Plymouth Whalers (OHL),552.0,53.0,0.0960144927536232,221.0,0.000173939298466709,274.0,0.496376811594203,,-22.0,459.0,,,,,,,44.8,wisnija01,2002,0,0.09601449275362318,0.4003623188405797,0.4963768115942029,-0.03985507246376811,0.12010869565217391,
157.0,Los Angeles Kings,Joel Andresen,CA,D,19.0,,St. Albert (AJHL),,0.0,0.0,0.0,0.0,0.0,0.0,,0.0,,,,,,,,,andrejo01,2002,0,0.0,0.0,0.0,0.0,,
162.0,Tampa Bay Lightning,Gerard Dicaire,YU,D,20.0,,Kootenay Ice (WHL),,0.0,0.0,0.0,0.0,0.0,0.0,,0.0,,,,,,,,,dicaige01,2002,0,0.0,0.0,0.0,0.0,,
163.0,San Jose Sharks,Tom Walsh,US,D,19.0,,Deerfield Academy (High-MA),,0.0,0.0,0.0,0.0,0.0,0.0,,0.0,,,,,,,,,walshto01,2002,0,0.0,0.0,0.0,0.0,,
169.0,Florida Panthers,Jeremy Swanson,CA,D,18.0,,Barrie Colts (OHL),,0.0,0.0,0.0,0.0,0.0,0.0,,0.0,,,,,,,,,swansje01,2002,0,0.0,0.0,0.0,0.0,,
170.0,Tampa Bay Lightning,P.J. Atherton,US,D,20.0,,Cedar Rapids Roughriders (USHL),,0.0,0.0,0.0,0.0,0.0,0.0,,0.0,,,,,,,,,atherp.01,2002,0,0.0,0.0,0.0,0.0,,
173.0,Anaheim Ducks,Luke Fritshaw,CA,D,18.0,,Prince Albert Raiders (WHL),,0.0,0.0,0.0,0.0,0.0,0.0,,0.0,,,,,,,,,fritslu01,2002,0,0.0,0.0,0.0,0.0,,
177.0,New York Rangers,Jake Taylor,US,D,19.0,,Green Bay Gamblers (USHL),,0.0,0.0,0.0,0.0,0.0,0.0,,0.0,,,,,,,,,tayloja01,2002,0,0.0,0.0,0.0,0.0,,
181.0,Edmonton Oilers,Mikko Luoma,FI,D,26.0,2004.0,Tappara (Finland),3.0,0.0,0.0,1.0,0.0,1.0,0.333333333333333,,0.0,0.0,,,,,,,0.1,luomami01,2002,0,0.0,0.3333333333333333,0.3333333333333333,0.0,0.012499999999999999,
183.0,Tampa Bay Lightning,Paul Ranger,CA,D,18.0,2014.0,Oshawa Generals (OHL),323.0,24.0,0.0743034055727554,82.0,0.000230041503321224,106.0,0.328173374613003,,-11.0,254.0,,,,,,,19.4,rangepa01,2002,0,0.07430340557275542,0.25386996904024767,0.3281733746130031,-0.034055727554179564,0.07863777089783282,
188.0,Chicago Blackhawks,Kevin Kantee,US,D,18.0,,Jokerit Jr. (Finland Jr.),,0.0,0.0,0.0,0.0,0.0,0.0,,0.0,,,,,,,,,kanteke01,2002,0,0.0,0.0,0.0,0.0,,
189.0,New York Islanders,Alexei Stonkus,RU,D,18.0,,Elemash Elektrostal (Russia-2),,0.0,0.0,0.0,0.0,0.0,0.0,,0.0,,,,,,,,,stonkal01,2002,0,0.0,0.0,0.0,0.0,,
191.0,Toronto Maple Leafs,Ian White,CA,D,18.0,2013.0,Swift Current Broncos (WHL),503.0,45.0,0.0894632206759443,134.0,0.00017785928563806,179.0,0.355864811133201,,46.0,254.0,,,,,,,35.2,whiteia01,2002,0,0.08946322067594434,0.2664015904572565,0.3558648111332008,0.09145129224652088,0.09811133200795229,
192.0,Philadelphia Flyers,Nikita Korovkin,RU,D,18.0,,Kamloops Blazers (WHL),,0.0,0.0,0.0,0.0,0.0,0.0,,0.0,,,,,,,,,korovni01,2002,0,0.0,0.0,0.0,0.0,,
193.0,Philadelphia Flyers,Joey Mormina,CA,D,20.0,2008.0,Colgate (ECAC),1.0,0.0,0.0,0.0,0.0,0.0,0.0,,0.0,0.0,,,,,,,0.0,mormijo01,2002,0,0.0,0.0,0.0,0.0,0.0,
195.0,Colorado Avalanche,Taylor Christie,CA,D,19.0,,Bowling Green (CCHA),,0.0,0.0,0.0,0.0,0.0,0.0,,0.0,,,,,,,,,christa01,2002,0,0.0,0.0,0.0,0.0,,
198.0,Atlanta Thrashers,Nathan Oystrick,CA,D,19.0,2011.0,South Surrey (BCHL),65.0,5.0,0.0769230769230769,10.0,0.00118343195266272,15.0,0.230769230769231,,-2.0,61.0,,,,,,,2.4,oystrna01,2002,0,0.07692307692307693,0.15384615384615385,0.23076923076923078,-0.03076923076923077,0.05461538461538462,
203.0,Nashville Predators,Josh Morrow,CA,D,19.0,,Tri-City Americans (WHL),,0.0,0.0,0.0,0.0,0.0,0.0,,0.0,,,,,,,,,morrojo01,2002,0,0.0,0.0,0.0,0.0,,
207.0,Calgary Flames,Pierre Johnsson,SE,D,18.0,,Farjestad BK Jr. (Sweden Jr.),,0.0,0.0,0.0,0.0,0.0,0.0,,0.0,,,,,,,,,johnspi01,2002,0,0.0,0.0,0.0,0.0,,
208.0,Buffalo Sabres,Radoslav Hecl,SK,D,27.0,2003.0,HC Slovan Bratislava (Slovakia),14.0,0.0,0.0,0.0,0.0,0.0,0.0,,0.0,2.0,,,,,,,0.2,heclra01,2002,0,0.0,0.0,0.0,0.0,0.0,
210.0,Dallas Stars,Bryan Hamm,CA,D,18.0,,Peterborough Petes (OHL),,0.0,0.0,0.0,0.0,0.0,0.0,,0.0,,,,,,,,,hammbr01,2002,0,0.0,0.0,0.0,0.0,,
215.0,Los Angeles Kings,Mikhail Lyubushin,RU,D,19.0,,Krylja Sovetov Moskva 2 (Russia-3),,0.0,0.0,0.0,0.0,0.0,0.0,,0.0,,,,,,,,,lyubumi01,2002,0,0.0,0.0,0.0,0.0,,
217.0,San Jose Sharks,Tim Conboy,US,D,20.0,2010.0,Topeka Scarecrows (USHL),59.0,0.0,0.0,6.0,0.0,6.0,0.101694915254237,,-5.0,121.0,,,,,,,0.1,conboti01,2002,0,0.0,0.1016949152542373,0.1016949152542373,-0.0847457627118644,0.016949152542372885,
229.0,Detroit Red Wings,Derek Meech,CA,D,18.0,2013.0,Red Deer Rebels (WHL),144.0,4.0,0.0277777777777778,13.0,0.000192901234567901,17.0,0.118055555555556,,-27.0,45.0,,,,,,,1.6,meechde01,2002,0,0.027777777777777776,0.09027777777777778,0.11805555555555555,-0.1875,0.010763888888888885,
232.0,Florida Panthers,Peter Hafner,US,D,19.0,,Taft School (High-CT),,0.0,0.0,0.0,0.0,0.0,0.0,,0.0,,,,,,,,,hafnepe01,2002,0,0.0,0.0,0.0,0.0,,
236.0,Atlanta Thrashers,Tyler Boldt,CA,D,18.0,,Kamloops Blazers (WHL),,0.0,0.0,0.0,0.0,0.0,0.0,,0.0,,,,,,,,,boldtty01,2002,0,0.0,0.0,0.0,0.0,,
238.0,Calgary Flames,Jyri Marttinen,FI,D,20.0,,JYP (Finland),,0.0,0.0,0.0,0.0,0.0,0.0,,0.0,,,,,,,,,marttjy01,2002,0,0.0,0.0,0.0,0.0,,
239.0,Pittsburgh Penguins,Ryan Lannon,US,D,19.0,,Harvard (ECAC),,0.0,0.0,0.0,0.0,0.0,0.0,,0.0,,,,,,,,,lannory01,2002,0,0.0,0.0,0.0,0.0,,
241.0,Buffalo Sabres,Dennis Wideman,CA,D,19.0,2017.0,London Knights (OHL),815.0,99.0,0.121472392638037,288.0,0.000149045880537469,387.0,0.474846625766871,,-72.0,503.0,,,,,,,66.3,widemde01,2002,0,0.12147239263803682,0.35337423312883437,0.47484662576687114,-0.08834355828220859,0.10987730061349694,
249.0,Phoenix Coyotes,Marcus Smith,US,D,19.0,,Kitchener Rangers (OHL),,0.0,0.0,0.0,0.0,0.0,0.0,,0.0,,,,,,,,,smithma02,2002,0,0.0,0.0,0.0,0.0,,
250.0,New Jersey Devils,Dan Glover,CA,D,19.0,,Camrose (AJHL),,0.0,0.0,0.0,0.0,0.0,0.0,,0.0,,,,,,,,,gloveda01,2002,0,0.0,0.0,0.0,0.0,,
253.0,St. Louis Blues,Tom Koivisto,FI,D,28.0,2003.0,Jokerit (Finland),22.0,2.0,0.0909090909090909,4.0,0.00413223140495868,6.0,0.272727272727273,,1.0,10.0,,,,,,,1.2,koivito01,2002,0,0.09090909090909091,0.18181818181818182,0.2727272727272727,0.045454545454545456,0.07272727272727272,
257.0,Atlanta Thrashers,Pauli Levokari,FI,D,24.0,,HIFK (Finland),,0.0,0.0,0.0,0.0,0.0,0.0,,0.0,,,,,,,,,levokpa01,2002,0,0.0,0.0,0.0,0.0,,
260.0,Detroit Red Wings,Pierre-Olivier Beaulieu,CA,D,18.0,,Quebec Remparts (QMJHL),,0.0,0.0,0.0,0.0,0.0,0.0,,0.0,,,,,,,,,beaulpi01,2002,0,0.0,0.0,0.0,0.0,,
261.0,Anaheim Ducks,Francois Caron,CA,D,18.0,,Moncton Wildcats (QMJHL),,0.0,0.0,0.0,0.0,0.0,0.0,,0.0,,,,,,,,,caronfr01,2002,0,0.0,0.0,0.0,0.0,,
266.0,Nashville Predators,Steven Spencer,CA,D,20.0,,Swift Current Broncos (WHL),,0.0,0.0,0.0,0.0,0.0,0.0,,0.0,,,,,,,,,spencst01,2002,0,0.0,0.0,0.0,0.0,,
267.0,Anaheim Ducks,Chris Petrow,CA,D,18.0,,Oshawa Generals (OHL),,0.0,0.0,0.0,0.0,0.0,0.0,,0.0,,,,,,,,,petroch01,2002,0,0.0,0.0,0.0,0.0,,
268.0,Minnesota Wild,Mikhail Tyulyapkin,RU,D,18.0,,Torpedo Nidhny Novgorod 2 (Russia-3),,0.0,0.0,0.0,0.0,0.0,0.0,,0.0,,,,,,,,,tyulymi01,2002,0,0.0,0.0,0.0,0.0,,
271.0,Buffalo Sabres,Martin Cizek,CZ,D,18.0,,HC Slavia Praha Jr. (Czech Jr.),,0.0,0.0,0.0,0.0,0.0,0.0,,0.0,,,,,,,,,cizekma01,2002,0,0.0,0.0,0.0,0.0,,
275.0,Montreal Canadiens,Konstantin Korneev,RU,D,18.0,,Krylja Sovetov Moskva 2 (Russia-3),,0.0,0.0,0.0,0.0,0.0,0.0,,0.0,,,,,,,,,korneko01,2002,0,0.0,0.0,0.0,0.0,,
276.0,Ottawa Senators,Vitali Atyushov,RU,D,23.0,,Molot Prikamie Perm (Russia),,0.0,0.0,0.0,0.0,0.0,0.0,,0.0,,,,,,,,,atyusvi01,2002,0,0.0,0.0,0.0,0.0,,
278.0,Vancouver Canucks,Matt Gens,US,D,19.0,,St. Cloud State (WCHA),,0.0,0.0,0.0,0.0,0.0,0.0,,0.0,,,,,,,,,gensma01,2002,0,0.0,0.0,0.0,0.0,,
283.0,New York Islanders,Per Braxenholm,SE,D,18.0,,Morrums GoIS (Sweden-2),,0.0,0.0,0.0,0.0,0.0,0.0,,0.0,,,,,,,,,braxepe01,2002,0,0.0,0.0,0.0,0.0,,
285.0,Toronto Maple Leafs,Staffan Kronwall,SE,D,20.0,2010.0,Huddinge IK (Sweden-2),66.0,1.0,0.0151515151515152,3.0,0.000229568411386594,4.0,0.0606060606060606,,-7.0,23.0,,,,,,,0.7,kronwst01,2002,0,0.015151515151515152,0.045454545454545456,0.06060606060606061,-0.10606060606060606,0.004545454545454545,
288.0,San Jose Sharks,Michael Hutchins,US,D,19.0,,Des Moines Buccaneers (USHL),,0.0,0.0,0.0,0.0,0.0,0.0,,0.0,,,,,,,,,hutchmi02,2002,0,0.0,0.0,0.0,0.0,,
291.0,Detroit Red Wings,Jonathan Ericsson,SE,D,18.0,2020.0,Hasten Hockey Jr. (Sweden Jr.),680.0,27.0,0.0397058823529412,98.0,5.83910034602076e-05,125.0,0.183823529411765,,-21.0,535.0,,,,,,,27.3,ericsjo01,2002,0,0.039705882352941174,0.14411764705882352,0.18382352941176472,-0.030882352941176472,0.04286764705882353,
7.0,Montreal Canadiens,Mike Komisarek,US,D,19.0,2014.0,Michigan (CCHA),551.0,14.0,0.0254083484573503,67.0,,81.0,0.147005444646098,,-19.0,679.0,,,,,,,17.6,komismi01,2001,0,0.025408348457350273,0.12159709618874773,0.147005444646098,-0.034482758620689655,0.03330308529945553,
12.0,Nashville Predators,Dan Hamhuis,CA,D,18.0,2020.0,Prince George Cougars (WHL),1148.0,59.0,0.0513937282229965,297.0,,356.0,0.310104529616725,,72.0,684.0,,,,,,,74.5,hamhuda01,2001,0,0.05139372822299652,0.2587108013937282,0.31010452961672474,0.0627177700348432,0.0837979094076655,
15.0,Carolina Hurricanes,Igor Knyazev,RU,D,18.0,,Spartak Moskva (Russia-2),,0.0,0.0,0.0,,0.0,0.0,,0.0,,,,,,,,,knyazig01,2001,0,0.0,0.0,0.0,0.0,,
17.0,Toronto Maple Leafs,Carlo Colaiacovo,CA,D,18.0,2016.0,Erie Otters (OHL),470.0,34.0,0.0723404255319149,123.0,,157.0,0.334042553191489,,-6.0,231.0,,,,,,,28.4,colaica01,2001,0,0.07234042553191489,0.26170212765957446,0.33404255319148934,-0.01276595744680851,0.08223404255319149,
19.0,Boston Bruins,Shaone Morrisonn,CA,D,18.0,2011.0,Kamloops Blazers (WHL),480.0,11.0,0.0229166666666667,64.0,,75.0,0.15625,,34.0,455.0,,,,,,,16.3,morrish01,2001,0,0.022916666666666665,0.13333333333333333,0.15625,0.07083333333333333,0.04614583333333333,
23.0,Ottawa Senators,Tim Gleason,US,D,18.0,2015.0,Windsor Spitfires (OHL),727.0,17.0,0.0233837689133425,125.0,,142.0,0.195323246217331,,-37.0,701.0,,,,,,,26.7,gleasti01,2001,0,0.023383768913342505,0.171939477303989,0.1953232462173315,-0.05089408528198074,0.0437414030261348,
24.0,Florida Panthers,Lukas Krajicek,CZ,D,18.0,2010.0,Peterborough Petes (OHL),328.0,11.0,0.0335365853658537,61.0,,72.0,0.219512195121951,,-30.0,245.0,,,,,,,12.4,krajilu01,2001,0,0.03353658536585366,0.18597560975609756,0.21951219512195122,-0.09146341463414634,0.04573170731707318,
27.0,Philadelphia Flyers,Jeff Woywitka,CA,D,18.0,2012.0,Red Deer Rebels (WHL),278.0,9.0,0.0323741007194245,46.0,,55.0,0.197841726618705,,3.0,149.0,,,,,,,11.8,woywije01,2001,0,0.03237410071942446,0.16546762589928057,0.19784172661870503,0.01079136690647482,0.05053956834532374,
31.0,Phoenix Coyotes,Matthew Spiller,CA,D,18.0,2008.0,Seattle Thunderbirds (WHL),68.0,0.0,0.0,2.0,,2.0,0.0294117647058824,,-14.0,74.0,,,,,,,-0.2,spillma01,2001,0,0.0,0.029411764705882353,0.029411764705882353,-0.20588235294117646,-0.013235294117647059,
35.0,Anaheim Ducks,Mark Popovic,CA,D,18.0,2010.0,Toronto St. Michael's Majors (OHL),81.0,2.0,0.0246913580246914,5.0,,7.0,0.0864197530864198,,-8.0,20.0,,,,,,,1.2,popovma01,2001,0,0.024691358024691357,0.06172839506172839,0.08641975308641975,-0.09876543209876543,0.011728395061728394,
39.0,Toronto Maple Leafs,Karel Pilar,CZ,D,23.0,2004.0,HC Chemopetrol (Czech),90.0,6.0,0.0666666666666667,24.0,,30.0,0.333333333333333,,-2.0,42.0,,,,,,,5.0,pilarka01,2001,0,0.06666666666666667,0.26666666666666666,0.3333333333333333,-0.022222222222222223,0.0811111111111111,
40.0,New York Rangers,Fedor Tyutin,RU,D,18.0,2017.0,SKA St. Petersburg (Russia),872.0,55.0,0.0630733944954128,209.0,,264.0,0.302752293577982,,-53.0,548.0,,,,,,,49.2,tyutife01,2001,0,0.06307339449541284,0.2396788990825688,0.30275229357798167,-0.06077981651376147,0.06961009174311927,
42.0,Nashville Predators,Tomas Slovak,SK,D,18.0,,HC Kosice (Slovakia),,0.0,0.0,0.0,,0.0,0.0,,0.0,,,,,,,,,slovato01,2001,0,0.0,0.0,0.0,0.0,,
43.0,Edmonton Oilers,Doug Lynch,CA,D,18.0,2004.0,Red Deer Rebels (WHL),2.0,0.0,0.0,0.0,,0.0,0.0,,0.0,0.0,,,,,,,0.0,lynchdo01,2001,0,0.0,0.0,0.0,0.0,0.0,
54.0,Pittsburgh Penguins,Noah Welch,US,D,19.0,2011.0,St. Sebastian's School (High-MA),75.0,4.0,0.0533333333333333,5.0,,9.0,0.12,,-5.0,58.0,,,,,,,1.6,welchno01,2001,0,0.05333333333333334,0.06666666666666667,0.12,-0.06666666666666667,0.02333333333333333,
58.0,Washington Capitals,Nathan Paetsch,CA,D,18.0,2010.0,Moose Jaw Warriors (WHL),167.0,7.0,0.0419161676646707,35.0,,42.0,0.251497005988024,,12.0,114.0,,,,,,,7.0,paetsna01,2001,0,0.041916167664670656,0.20958083832335328,0.25149700598802394,0.0718562874251497,0.07005988023952095,
60.0,New Jersey Devils,Victor Uchevatov,RU,D,18.0,,Lokomotiv Yaroslavl 2 (Russia-3),,0.0,0.0,0.0,,0.0,0.0,,0.0,,,,,,,,,uchevvi01,2001,0,0.0,0.0,0.0,0.0,,
61.0,Tampa Bay Lightning,Andreas Holmqvist,SE,D,20.0,,Hammarby IF (Sweden-2),,0.0,0.0,0.0,,0.0,0.0,,0.0,,,,,,,,,holmqan01,2001,0,0.0,0.0,0.0,0.0,,
64.0,Florida Panthers,Tomas Malec,SK,D,19.0,2007.0,Rimouski Oceanic (QMJHL),46.0,0.0,0.0,2.0,,2.0,0.0434782608695652,,-2.0,47.0,,,,,,,0.8,malecto01,2001,0,0.0,0.043478260869565216,0.043478260869565216,-0.043478260869565216,0.006521739130434782,
65.0,Toronto Maple Leafs,Brendan Bell,CA,D,18.0,2012.0,Ottawa 67's (OHL),102.0,7.0,0.0686274509803922,21.0,,28.0,0.274509803921569,,-19.0,51.0,,,,,,,3.9,bellbr02,2001,0,0.06862745098039216,0.20588235294117646,0.27450980392156865,-0.18627450980392157,0.05,
68.0,Florida Panthers,Grant McNeill,CA,D,18.0,2004.0,Prince Albert Raiders (WHL),3.0,0.0,0.0,0.0,,0.0,0.0,,0.0,5.0,,,,,,,0.0,mcneigr01,2001,0,0.0,0.0,0.0,0.0,0.0,
74.0,Minnesota Wild,Chris Heid,CA,D,18.0,,Spokane Chiefs (WHL),,0.0,0.0,0.0,,0.0,0.0,,0.0,,,,,,,,,heidch01,2001,0,0.0,0.0,0.0,0.0,,
78.0,Phoenix Coyotes,Beat Forster,CH,D,18.0,,HC Davos (Swiss),,0.0,0.0,0.0,,0.0,0.0,,0.0,,,,,,,,,forstbe01,2001,0,0.0,0.0,0.0,0.0,,
81.0,Ottawa Senators,Neil Komadoski,US,D,19.0,,Notre Dame (CCHA),,0.0,0.0,0.0,,0.0,0.0,,0.0,,,,,,,,,komadne02,2001,0,0.0,0.0,0.0,0.0,,
82.0,Toronto Maple Leafs,Jay Harrison,CA,D,18.0,2015.0,Brampton Battalion (OHL),372.0,23.0,0.0618279569892473,52.0,,75.0,0.201612903225806,,-27.0,360.0,,,,,,,14.8,harrija01,2001,0,0.06182795698924731,0.13978494623655913,0.20161290322580644,-0.07258064516129033,0.04314516129032257,
84.0,Edmonton Oilers,Kenny Smith,US,D,19.0,,Harvard (ECAC),,0.0,0.0,0.0,,0.0,0.0,,0.0,,,,,,,,,smithke02,2001,0,0.0,0.0,0.0,0.0,,
85.0,Columbus Blue Jackets,Aaron Johnson,CA,D,18.0,2013.0,Rimouski Oceanic (QMJHL),291.0,17.0,0.0584192439862543,45.0,,62.0,0.213058419243986,,1.0,227.0,,,,,,,13.3,johnsaa01,2001,0,0.058419243986254296,0.15463917525773196,0.21305841924398625,0.003436426116838488,0.05360824742268041,
86.0,Pittsburgh Penguins,Drew Fata,CA,D,18.0,2008.0,Toronto St. Michael's Majors (OHL),8.0,1.0,0.125,1.0,,2.0,0.25,,-3.0,9.0,,,,,,,0.2,fatadr01,2001,0,0.125,0.125,0.25,-0.375,0.009999999999999998,
96.0,Pittsburgh Penguins,Alexandre Rouleau,CA,D,18.0,,Val-d'Or Foreurs (QMJHL),,0.0,0.0,0.0,,0.0,0.0,,0.0,,,,,,,,,rouleal01,2001,0,0.0,0.0,0.0,0.0,,
100.0,Atlanta Thrashers,Brian Sipotz,US,D,19.0,,Miami (Ohio) (CCHA),,0.0,0.0,0.0,,0.0,0.0,,0.0,,,,,,,,,sipotbr01,2001,0,0.0,0.0,0.0,0.0,,
104.0,Chicago Blackhawks,Brent MacLellan,CA,D,18.0,,Rimouski Oceanic (QMJHL),,0.0,0.0,0.0,,0.0,0.0,,0.0,,,,,,,,,maclebr03,2001,0,0.0,0.0,0.0,0.0,,
105.0,Anaheim Ducks,Vladimir Korsunov,RU,D,18.0,,Spartak Moskva (Russia-2),,0.0,0.0,0.0,,0.0,0.0,,0.0,,,,,,,,,korsuvl01,2001,0,0.0,0.0,0.0,0.0,,
106.0,San Jose Sharks,Christian Ehrhoff,DE,D,19.0,2016.0,Krefeld (Germany),789.0,74.0,0.0937896070975919,265.0,,339.0,0.429657794676806,,48.0,517.0,,,,,,,67.7,ehrhoch01,2001,0,0.09378960709759189,0.3358681875792142,0.4296577946768061,0.060836501901140684,0.1134980988593156,
109.0,Montreal Canadiens,Martti Jarventie,FI,D,25.0,2002.0,TPS (Finland),1.0,0.0,0.0,0.0,,0.0,0.0,,2.0,0.0,,,,,,,0.2,jarvema01,2001,0,0.0,0.0,0.0,2.0,0.010000000000000002,
113.0,New York Rangers,Bryce Lampman,US,D,19.0,2007.0,Omaha Lancers (USHL),10.0,0.0,0.0,0.0,,0.0,0.0,,-5.0,2.0,,,,,,,-0.3,lampmbr01,2001,0,0.0,0.0,0.0,-0.5,-0.025,
115.0,Chicago Blackhawks,Vladimir Gusev,RU,D,18.0,,Sibir Novosibirsk 2 (Russia-3),,0.0,0.0,0.0,,0.0,0.0,,0.0,,,,,,,,,gusevvl01,2001,0,0.0,0.0,0.0,0.0,,
116.0,Los Angeles Kings,Richard Petiot,CA,D,19.0,2011.0,Camrose (AJHL),15.0,0.0,0.0,3.0,,3.0,0.2,,4.0,25.0,,,,,,,0.8,petiori01,2001,0,0.0,0.2,0.2,0.26666666666666666,0.05750000000000001,
118.0,Anaheim Ducks,Brandon Rogers,US,D,19.0,,Hotchkiss School (High-CT),,0.0,0.0,0.0,,0.0,0.0,,0.0,,,,,,,,,rogerbr01,2001,0,0.0,0.0,0.0,0.0,,
127.0,Ottawa Senators,Christoph Schubert,DE,D,19.0,2010.0,Munchen (Germany),315.0,25.0,0.0793650793650794,47.0,,72.0,0.228571428571429,,27.0,263.0,,,,,,,12.9,schubch01,2001,0,0.07936507936507936,0.1492063492063492,0.22857142857142856,0.08571428571428572,0.06571428571428571,
129.0,Detroit Red Wings,Miroslav Blatak,CZ,D,19.0,,HC Ziln Jr. (Czech Jr.),,0.0,0.0,0.0,,0.0,0.0,,0.0,,,,,,,,,blatami01,2001,0,0.0,0.0,0.0,0.0,,
138.0,Tampa Bay Lightning,Paul Lynch,US,D,19.0,,Valley (EJHL),,0.0,0.0,0.0,,0.0,0.0,,0.0,,,,,,,,,lynchpa01,2001,0,0.0,0.0,0.0,0.0,,
145.0,Calgary Flames,James Hakewill,US,D,19.0,,Westminster School (High-CT),,0.0,0.0,0.0,,0.0,0.0,,0.0,,,,,,,,,hakewja01,2001,0,0.0,0.0,0.0,0.0,,
146.0,Philadelphia Flyers,Jussi Timonen,FI,D,18.0,2007.0,KalPa Jr. (Finland Jr.),14.0,0.0,0.0,4.0,,4.0,0.285714285714286,,-10.0,6.0,,,,,,,-0.2,timonju01,2001,0,0.0,0.2857142857142857,0.2857142857142857,-0.7142857142857143,-9.714451465470119e-18,
149.0,Colorado Avalanche,Mikko Viitanen,FI,D,19.0,,Ahmat Hyvinkaa (Finland-2),,0.0,0.0,0.0,,0.0,0.0,,0.0,,,,,,,,,viitami01,2001,0,0.0,0.0,0.0,0.0,,
151.0,Vancouver Canucks,Kevin Bieksa,CA,D,20.0,2018.0,Bowling Green (CCHA),808.0,63.0,0.077970297029703,215.0,,278.0,0.344059405940594,,2.0,1124.0,,,,,,,55.3,biekske01,2001,0,0.07797029702970297,0.2660891089108911,0.34405940594059403,0.0024752475247524753,0.08626237623762376,
153.0,Los Angeles Kings,Tuukka Mantyla,FI,D,20.0,,Tappara (Finland),,0.0,0.0,0.0,,0.0,0.0,,0.0,,,,,,,,,mantytu01,2001,0,0.0,0.0,0.0,0.0,,
156.0,Pittsburgh Penguins,Andy Schneider,US,D,20.0,,Lincoln Stars (USHL),,0.0,0.0,0.0,,0.0,0.0,,0.0,,,,,,,,,schnean02,2001,0,0.0,0.0,0.0,0.0,,
160.0,Washington Capitals,Artem Ternavsky,RU,D,18.0,,Sherbrooke Castors (QMJHL),,0.0,0.0,0.0,,0.0,0.0,,0.0,,,,,,,,,ternaar01,2001,0,0.0,0.0,0.0,0.0,,
162.0,Ottawa Senators,Stefan Schauer,DE,D,18.0,,SC Riessersee (Germany-2),,0.0,0.0,0.0,,0.0,0.0,,0.0,,,,,,,,,schaust01,2001,0,0.0,0.0,0.0,0.0,,
167.0,Dallas Stars,Michal Blazek,CZ,D,19.0,,HC Vsetin Jr. (Czech Jr.),,0.0,0.0,0.0,,0.0,0.0,,0.0,,,,,,,,,blazemi01,2001,0,0.0,0.0,0.0,0.0,,
168.0,Toronto Maple Leafs,Maxim Kondratiev,RU,D,18.0,2008.0,Lada Togliatti 2 (Russia-3),40.0,1.0,0.025,2.0,,3.0,0.075,,-4.0,24.0,,,,,,,0.7,kondrma01,2001,0,0.025,0.05,0.075,-0.1,0.00875,
170.0,Anaheim Ducks,Jan Tabacek,SK,D,21.0,,MHC Martin (Slovakia),,0.0,0.0,0.0,,0.0,0.0,,0.0,,,,,,,,,tabacja01,2001,0,0.0,0.0,0.0,0.0,,
172.0,Philadelphia Flyers,Dennis Seidenberg,DE,D,20.0,2018.0,Adler Mannheim (Germany),859.0,44.0,0.0512223515715949,207.0,,251.0,0.292200232828871,,39.0,359.0,,,,,,,49.1,seidede01,2001,0,0.051222351571594875,0.2409778812572759,0.29220023282887075,0.04540162980209546,0.07759022118742723,
176.0,New York Rangers,Marek Zidlicky,CZ,D,24.0,2016.0,HIFK (Finland),836.0,89.0,0.106459330143541,328.0,,417.0,0.498803827751196,,-64.0,680.0,,,,,,,70.7,zidlima01,2001,0,0.10645933014354067,0.3923444976076555,0.4988038277511962,-0.07655502392344497,0.11704545454545455,
178.0,Nashville Predators,Anton Lavrentiev,RU,D,18.0,,Ak Bars Kazan 2 (Russia-3),,0.0,0.0,0.0,,0.0,0.0,,0.0,,,,,,,,,lavrean01,2001,0,0.0,0.0,0.0,0.0,,
179.0,Boston Bruins,Andrew Alberts,US,D,20.0,2014.0,Waterloo Black Hawks (USHL),459.0,8.0,0.0174291938997821,47.0,,55.0,0.119825708061002,,2.0,492.0,,,,,,,13.4,alberan01,2001,0,0.017429193899782137,0.10239651416122005,0.11982570806100218,0.004357298474945534,0.030392156862745098,
185.0,Edmonton Oilers,Mikael Svensk,SE,D,18.0,,Vastra Frolunda HC Jr. (Sweden Jr.),,0.0,0.0,0.0,,0.0,0.0,,0.0,,,,,,,,,svensmi01,2001,0,0.0,0.0,0.0,0.0,,
186.0,Chicago Blackhawks,Petr Puncochar,CZ,D,18.0,,HC Slavia Karlovy Vary Jr. (Czech Jr.),,0.0,0.0,0.0,,0.0,0.0,,0.0,,,,,,,,,puncope01,2001,0,0.0,0.0,0.0,0.0,,
188.0,Tampa Bay Lightning,Art Femenella,US,D,19.0,,Sioux City Musketeers (USHL),,0.0,0.0,0.0,,0.0,0.0,,0.0,,,,,,,,,femenar01,2001,0,0.0,0.0,0.0,0.0,,
190.0,St. Louis Blues,Brett Scheffelmaier,CA,D,20.0,,Medicine Hat Tigers (WHL),,0.0,0.0,0.0,,0.0,0.0,,0.0,,,,,,,,,schefbr01,2001,0,0.0,0.0,0.0,0.0,,
197.0,New York Islanders,Jan Holub,CZ,D,18.0,,Bili Tygri Liberec Jr. (Czech Jr.),,0.0,0.0,0.0,,0.0,0.0,,0.0,,,,,,,,,holubja01,2001,0,0.0,0.0,0.0,0.0,,
199.0,Atlanta Thrashers,Matt Suderman,CA,D,18.0,,Saskatoon Blades (WHL),,0.0,0.0,0.0,,0.0,0.0,,0.0,,,,,,,,,suderma01,2001,0,0.0,0.0,0.0,0.0,,
203.0,Montreal Canadiens,Andrew Archer,CA,D,18.0,,Guelph Storm (OHL),,0.0,0.0,0.0,0.000233065212031558,0.0,0.0,,0.0,,,,,,,,,archean01,2001,0,0.0,0.0,0.0,0.0,,
205.0,Chicago Blackhawks,Teemu Jaaskelainen,FI,D,18.0,,Ilves Jr. (Finland Jr.),,0.0,0.0,0.0,0.000291140374451313,0.0,0.0,,0.0,,,,,,,,,jaaskte01,2001,0,0.0,0.0,0.0,0.0,,
208.0,Philadelphia Flyers,Thierry Douville,CA,D,18.0,,Baie-Comeau Drakkar (QMJHL),,0.0,0.0,0.0,4.61131550950096e-05,0.0,0.0,,0.0,,,,,,,,,douvith01,2001,0,0.0,0.0,0.0,0.0,,
211.0,Carolina Hurricanes,Sean Curry,US,D,19.0,,Tri-City Americans (WHL),,0.0,0.0,0.0,0.0,0.0,0.0,,0.0,,,,,,,,,curryse01,2001,0,0.0,0.0,0.0,0.0,,
218.0,Ottawa Senators,Jan Platil,CZ,D,18.0,,Barrie Colts (OHL),,0.0,0.0,0.0,0.000153915799004074,0.0,0.0,,0.0,,,,,,,,,platija01,2001,0,0.0,0.0,0.0,0.0,,
221.0,Washington Capitals,Johnny Oduya,SE,D,19.0,2018.0,Victoriaville Tigres (QMJHL),850.0,41.0,0.0482352941176471,149.0,0.000185415925002967,190.0,0.223529411764706,,63.0,372.0,,,,,,,44.8,oduyajo01,2001,0,0.04823529411764706,0.17529411764705882,0.2235294117647059,0.07411764705882352,0.06329411764705882,
222.0,Tampa Bay Lightning,Jeremy Van Hoof,CA,D,20.0,,Ottawa 67's (OHL),,0.0,0.0,0.0,0.000392804180495727,0.0,0.0,,0.0,,,,,,,,,vanhoje01,2001,0,0.0,0.0,0.0,0.0,,
225.0,Philadelphia Flyers,David Printz,SE,D,21.0,2007.0,Great Falls (AWHL),13.0,0.0,0.0,0.0,0.000102245687091017,0.0,0.0,,-3.0,4.0,,,,,,,-0.1,printda01,2001,0,0.0,0.0,0.0,-0.23076923076923078,-0.015000000000000001,
230.0,New York Rangers,Leonid Zhvachkin,RU,D,18.0,,Vityaz Podolsk 2 (Russia-3),,0.0,0.0,0.0,0.0,0.0,0.0,,0.0,,,,,,,,,zhvacle01,2001,0,0.0,0.0,0.0,0.0,,
233.0,Calgary Flames,Joe Campbell,US,D,19.0,,Des Moines Buccaneers (USHL),,0.0,0.0,0.0,0.000347015665278604,0.0,0.0,,0.0,,,,,,,,,campbjo01,2001,0,0.0,0.0,0.0,0.0,,
234.0,Buffalo Sabres,Calle Aslund,SE,D,18.0,,Huddinge IK Jr. (Sweden Jr.),,0.0,0.0,0.0,0.00520833333333333,0.0,0.0,,0.0,,,,,,,,,aslunca01,2001,0,0.0,0.0,0.0,0.0,,
235.0,Ottawa Senators,Neil Petruic,CA,D,19.0,,Kindersley (SJHL),,0.0,0.0,0.0,0.0,0.0,0.0,,0.0,,,,,,,,,petrune01,2001,0,0.0,0.0,0.0,0.0,,
237.0,Los Angeles Kings,Mike Gabinet,CA,D,19.0,,Nebraska-Omaha (CCHA),,0.0,0.0,0.0,0.00106666666666667,0.0,0.0,,0.0,,,,,,,,,gabinmi01,2001,0,0.0,0.0,0.0,0.0,,
241.0,Boston Bruins,Milan Jurcina,SK,D,18.0,2012.0,Halifax Mooseheads (QMJHL),430.0,22.0,0.0511627906976744,59.0,7.2331874421345e-05,81.0,0.188372093023256,,-28.0,280.0,,,,,,,14.3,jurcimi01,2001,0,0.05116279069767442,0.1372093023255814,0.1883720930232558,-0.06511627906976744,0.04058139534883721,
244.0,Carolina Hurricanes,Carter Trevisani,CA,D,19.0,,Ottawa 67's (OHL),,0.0,0.0,0.0,0.0,0.0,0.0,,0.0,,,,,,,,,trevica01,2001,0,0.0,0.0,0.0,0.0,,
246.0,Toronto Maple Leafs,Tomas Mojzis,CZ,D,19.0,2009.0,Moose Jaw Warriors (WHL),17.0,1.0,0.0588235294117647,2.0,0.0,3.0,0.176470588235294,,1.0,14.0,,,,,,,0.7,mojzito01,2001,0,0.058823529411764705,0.11764705882352941,0.17647058823529413,0.058823529411764705,0.042499999999999996,
248.0,Edmonton Oilers,Kari Haakana,FI,D,27.0,2003.0,Jokerit (Finland),13.0,0.0,0.0,0.0,0.0,0.0,0.0,,-2.0,4.0,,,,,,,-0.1,haakaka01,2001,0,0.0,0.0,0.0,-0.15384615384615385,-0.01,
249.0,Washington Capitals,Matt Maglione,US,D,19.0,,Princeton (ECAC),,0.0,0.0,0.0,0.00444444444444445,0.0,0.0,,0.0,,,,,,,,,maglima01,2001,0,0.0,0.0,0.0,0.0,,
257.0,New Jersey Devils,Yevgeny Gamalei,RU,D,19.0,,Dynamo Moskva 2 (Russia-2),,0.0,0.0,0.0,0.0,0.0,0.0,,0.0,,,,,,,,,gamalye01,2001,0,0.0,0.0,0.0,0.0,,
258.0,Detroit Red Wings,Dmitri Bykov,RU,D,24.0,2003.0,Ak Bars Kazan (Russia),71.0,2.0,0.028169014084507,10.0,0.000109644313845884,12.0,0.169014084507042,,1.0,43.0,,,,,,,2.3,bykovdm01,2001,0,0.028169014084507043,0.14084507042253522,0.16901408450704225,0.014084507042253521,0.04366197183098591,
262.0,Atlanta Thrashers,Mario Cartelli,CZ,D,21.0,,HC Ocelari Trinec (Czech),,0.0,0.0,0.0,0.0,0.0,0.0,,0.0,,,,,,,,,cartema01,2001,0,0.0,0.0,0.0,0.0,,
263.0,Florida Panthers,Jan Blanar,SK,D,18.0,,HK Dukla Trencin Jr. (Slovakia Jr.),,0.0,0.0,0.0,0.0,0.0,0.0,,0.0,,,,,,,,,blanaja01,2001,0,0.0,0.0,0.0,0.0,,
267.0,Florida Panthers,Ivan Majesky,SK,D,25.0,2006.0,Ilves (Finland),202.0,8.0,0.0396039603960396,23.0,0.0,31.0,0.153465346534653,,-27.0,234.0,,,,,,,5.6,majesiv01,2001,0,0.039603960396039604,0.11386138613861387,0.15346534653465346,-0.13366336633663367,0.024999999999999998,
271.0,Nashville Predators,Mikko Lehtonen,FI,D,23.0,2007.0,Karpat (Finland),15.0,1.0,0.0666666666666667,2.0,0.0,3.0,0.2,,0.0,8.0,,,,,,,0.6,lehtomi01,2001,0,0.06666666666666667,0.13333333333333333,0.2,0.0,0.037500000000000006,
272.0,Edmonton Oilers,Ales Pisa,CZ,D,24.0,2003.0,HC Pardubice (Czech),53.0,1.0,0.0188679245283019,3.0,0.000232534698069164,4.0,0.0754716981132075,,12.0,26.0,,,,,,,2.1,pisaal01,2001,0,0.018867924528301886,0.05660377358490566,0.07547169811320754,0.22641509433962265,0.041509433962264156,
273.0,Phoenix Coyotes,Severin Blindenbacher,CH,D,18.0,,Kloten (Swiss),,0.0,0.0,0.0,0.0,0.0,0.0,,0.0,,,,,,,,,blindse01,2001,0,0.0,0.0,0.0,0.0,,
274.0,Carolina Hurricanes,Peter Reynolds,CA,D,20.0,,North Bay Centennials (OHL),,0.0,0.0,0.0,0.0,0.0,0.0,,0.0,,,,,,,,,reynope01,2001,0,0.0,0.0,0.0,0.0,,
279.0,Buffalo Sabres,Ryan Jorde,CA,D,19.0,,Tri-City Americans (WHL),,0.0,0.0,0.0,0.0,0.0,0.0,,0.0,,,,,,,,,jordery01,2001,0,0.0,0.0,0.0,0.0,,
280.0,New York Islanders,Roman Kuhtinov,RU,D,25.0,,Metallurg Novokuznetsk (Russia),,0.0,0.0,0.0,0.000594530321046373,0.0,0.0,,0.0,,,,,,,,,kuhtiro01,2001,0,0.0,0.0,0.0,0.0,,
283.0,St. Louis Blues,Simon Skoog,SE,D,18.0,,Morrums GoIS (Sweden-2),,0.0,0.0,0.0,0.000166204185454966,0.0,0.0,,0.0,,,,,,,,,skoogsi01,2001,0,0.0,0.0,0.0,0.0,,
288.0,Detroit Red Wings,Francois Senez,CA,D,19.0,,RPI (ECAC),,0.0,0.0,0.0,0.0,0.0,0.0,,0.0,,,,,,,,,senezfr01,2001,0,0.0,0.0,0.0,0.0,,
289.0,Tampa Bay Lightning,Henrik Bergfors,SE,D,19.0,,Sodertalje SK Jr. (Sweden Jr.),,0.0,0.0,0.0,0.0,0.0,0.0,,0.0,,,,,,,,,bergfhe01,2001,0,0.0,0.0,0.0,0.0,,
4.0,Columbus Blue Jackets,Rostislav Klesla,CZ,D,18.0,2014.0,Brampton Battalion (OHL),659.0,48.0,0.0728376327769347,111.0,0.000110527515594742,159.0,0.241274658573596,,-46.0,620.0,,,,,,,34.5,kleslro01,2000,0,0.07283763277693475,0.16843702579666162,0.24127465857359637,-0.06980273141122914,0.05333839150227618,
7.0,Boston Bruins,Lars Jonsson,SE,D,18.0,2007.0,Leksands IF Jr. (Sweden Jr.),8.0,0.0,0.0,2.0,0.0,2.0,0.25,,-4.0,6.0,,,,,,,0.0,jonssla01,2000,0,0.0,0.25,0.25,-0.5,0.004999999999999999,
13.0,Montreal Canadiens,Ron Hainsey,US,D,19.0,2020.0,Massachusetts-Lowell (H-East),1132.0,59.0,0.0521201413427562,252.0,4.60425276879472e-05,311.0,0.274734982332155,,-21.0,443.0,,,,,,,60.2,hainsro01,2000,0,0.052120141342756186,0.2226148409893993,0.2747349823321555,-0.018551236749116608,0.06682862190812722,
18.0,Pittsburgh Penguins,Brooks Orpik,US,D,19.0,2019.0,Boston College (H-East),1035.0,18.0,0.0173913043478261,176.0,1.68031926065953e-05,194.0,0.18743961352657,,79.0,972.0,,,,,,,43.8,orpikbr01,2000,0,0.017391304347826087,0.17004830917874397,0.18743961352657004,0.07632850241545894,0.05449275362318841,
21.0,Ottawa Senators,Anton Volchenkov,RU,D,18.0,2015.0,HK CSKA Moskva (Russia-2),696.0,19.0,0.0272988505747126,114.0,3.92224864579204e-05,133.0,0.191091954022989,,73.0,438.0,,,,,,,34.0,volchan01,2000,0,0.027298850574712645,0.16379310344827586,0.1910919540229885,0.10488505747126436,0.058261494252873566,
22.0,New Jersey Devils,David Hale,US,D,19.0,2011.0,Sioux City Musketeers (USHL),327.0,4.0,0.0122324159021407,25.0,3.74079997007361e-05,29.0,0.0886850152905199,,11.0,242.0,,,,,,,9.9,haleda01,2000,0,0.012232415902140673,0.0764525993883792,0.08868501529051988,0.03363914373088685,0.02553516819571865,
29.0,Detroit Red Wings,Niklas Kronwall,SE,D,19.0,2019.0,Djurgardens IF (Sweden),953.0,83.0,0.087093389296957,349.0,9.13886561353169e-05,432.0,0.453305351521511,,-5.0,564.0,,,,,,,74.3,kronwni01,2000,0,0.08709338929695698,0.36621196222455404,0.453305351521511,-0.005246589716684155,0.11280167890870933,
31.0,Atlanta Thrashers,Ilja Nikulin,RU,D,,,THK Tver (Russia-2),,0.0,0.0,0.0,0.0,0.0,0.0,,0.0,,,,,,,,,-9999,2000,0,0.0,0.0,0.0,0.0,,
33.0,Minnesota Wild,Nick Schultz,CA,D,18.0,2017.0,Prince Albert Raiders (WHL),1069.0,30.0,0.0280636108512629,145.0,2.62522084670373e-05,175.0,0.163704396632367,,-18.0,483.0,,,,,,,48.2,schulni01,2000,0,0.02806361085126286,0.13564078578110383,0.1637043966323667,-0.01683816651075772,0.0392422825070159,
40.0,Calgary Flames,Kurtis Foster,CA,D,18.0,2013.0,Peterborough Petes (OHL),405.0,42.0,0.103703703703704,118.0,0.000256058527663467,160.0,0.395061728395062,,-31.0,308.0,,,,,,,27.9,fosteku01,2000,0,0.1037037037037037,0.291358024691358,0.3950617283950617,-0.07654320987654321,0.0911111111111111,
41.0,San Jose Sharks,Tero Maatta,FI,D,,,Jokerit Jr. (Finland Jr.),,0.0,0.0,0.0,0.0,0.0,0.0,,0.0,,,,,,,,,-9999,2000,0,0.0,0.0,0.0,0.0,,
42.0,Atlanta Thrashers,Libor Ustrnul,CZ,D,,,Plymouth Whalers (OHL),,0.0,0.0,0.0,0.0,0.0,0.0,,0.0,,,,,,,,,-9999,2000,0,0.0,0.0,0.0,0.0,,
48.0,Buffalo Sabres,Gerard Dicaire,YU,D,18.0,,Seattle Thunderbirds (WHL),,0.0,0.0,0.0,0.0,0.0,0.0,,0.0,,,,,,,,,dicaige01,2000,0,0.0,0.0,0.0,0.0,,
54.0,Los Angeles Kings,Andreas Lilja,SE,D,25.0,2013.0,MIF (Sweden),580.0,16.0,0.0275862068965517,71.0,4.75624256837098e-05,87.0,0.15,,32.0,563.0,,,,,,,23.6,liljaan01,2000,0,0.027586206896551724,0.12241379310344827,0.15,0.05517241379310345,0.043017241379310345,
57.0,New Jersey Devils,Matt DeMarchi,US,D,,,Minnesota (WCHA),,0.0,0.0,0.0,0.0,0.0,0.0,,0.0,,,,,,,,,-9999,2000,0,0.0,0.0,0.0,0.0,,
58.0,Florida Panthers,Vladimir Sapozhnikov,RU,D,,,Kristall Saratov (Russia-2),,0.0,0.0,0.0,0.0,0.0,0.0,,0.0,,,,,,,,,-9999,2000,0,0.0,0.0,0.0,0.0,,
61.0,Washington Capitals,Jakub Cutta,CZ,D,18.0,2004.0,Swift Current Broncos (WHL),8.0,0.0,0.0,0.0,0.0,0.0,0.0,,-5.0,0.0,,,,,,,-0.3,cuttaja01,2000,0,0.0,0.0,0.0,-0.625,-0.025,
62.0,New Jersey Devils,Paul Martin,US,D,19.0,2018.0,Elk River HS (High-MN),870.0,50.0,0.0574712643678161,270.0,6.60589245607082e-05,320.0,0.367816091954023,,126.0,238.0,,,,,,,72.2,martipa01,2000,0,0.05747126436781609,0.3103448275862069,0.367816091954023,0.14482758620689656,0.1064367816091954,
63.0,Colorado Avalanche,Agris Saviels,LV,D,,,Owen Sound Attack (OHL),,0.0,0.0,0.0,0.0,0.0,0.0,,0.0,,,,,,,,,-9999,2000,0,0.0,0.0,0.0,0.0,,
64.0,New York Rangers,Filip Novak,CZ,D,18.0,2007.0,Regina Pats (WHL),17.0,0.0,0.0,0.0,0.0,0.0,0.0,,-1.0,6.0,,,,,,,0.1,novakfi01,2000,0,0.0,0.0,0.0,-0.058823529411764705,-0.005,
66.0,Boston Bruins,Tuukka Makela,FI,D,,,HIFK Jr. (Finland Jr.),,0.0,0.0,0.0,0.0,0.0,0.0,,0.0,,,,,,,,,-9999,2000,0,0.0,0.0,0.0,0.0,,
72.0,Nashville Predators,Mattias Nilsson,SE,D,,,MoDo Hockey Jr. (Sweden Jr.),,0.0,0.0,0.0,0.0,0.0,0.0,,0.0,,,,,,,,,-9999,2000,0,0.0,0.0,0.0,0.0,,
79.0,Montreal Canadiens,Tyler Hanchuck,CA,D,,,Brampton Battalion (OHL),,0.0,0.0,0.0,0.0,0.0,0.0,,0.0,,,,,,,,,-9999,2000,0,0.0,0.0,0.0,0.0,,
83.0,Edmonton Oilers,Alexander Liubimov,RU,D,,,CSK VVS Samara (Russia),,0.0,0.0,0.0,0.0,0.0,0.0,,0.0,,,,,,,,,-9999,2000,0,0.0,0.0,0.0,0.0,,
88.0,Colorado Avalanche,Kurt Sauer,US,D,19.0,2010.0,Spokane Chiefs (WHL),357.0,5.0,0.0140056022408964,28.0,3.92313788260403e-05,33.0,0.092436974789916,,-15.0,250.0,,,,,,,10.1,sauerku01,2000,0,0.014005602240896359,0.0784313725490196,0.09243697478991597,-0.04201680672268908,0.018907563025210086,
93.0,Vancouver Canucks,Tim Branham,US,D,,,Barrie Colts (OHL),,0.0,0.0,0.0,0.0,0.0,0.0,,0.0,,,,,,,,,-9999,2000,0,0.0,0.0,0.0,0.0,,
96.0,St. Louis Blues,Antoine Bergeron,CA,D,,,Val-d'Or Foreurs (QMJHL),,0.0,0.0,0.0,0.0,0.0,0.0,,0.0,,,,,,,,,-9999,2000,0,0.0,0.0,0.0,0.0,,
97.0,Carolina Hurricanes,Niclas Wallin,SE,D,25.0,2011.0,Brynas IF (Sweden),614.0,21.0,0.0342019543973941,58.0,5.57035087905441e-05,79.0,0.128664495114007,,-61.0,460.0,,,,,,,16.2,wallini01,2000,0,0.03420195439739414,0.09446254071661238,0.12866449511400652,-0.0993485342019544,0.022231270358306188,
101.0,New York Islanders,Arto Tukio,FI,D,,,Ilves (Finland),,0.0,0.0,0.0,0.0,0.0,0.0,,0.0,,,,,,,,,-9999,2000,0,0.0,0.0,0.0,0.0,,
106.0,Chicago Blackhawks,Scott Balan,CA,D,,,Regina Pats (WHL),,0.0,0.0,0.0,0.0,0.0,0.0,,0.0,,,,,,,,,-9999,2000,0,0.0,0.0,0.0,0.0,,
110.0,Carolina Hurricanes,Jared Newman,US,D,,,Plymouth Whalers (OHL),,0.0,0.0,0.0,0.0,0.0,0.0,,0.0,,,,,,,,,-9999,2000,0,0.0,0.0,0.0,0.0,,
112.0,New York Rangers,Premysl Duben,CZ,D,,,HC Dukla Jihlava (Czech-2),,0.0,0.0,0.0,0.0,0.0,0.0,,0.0,,,,,,,,,-9999,2000,0,0.0,0.0,0.0,0.0,,
115.0,Florida Panthers,Chris Eade,CA,D,,,North Bay Centennials (OHL),,0.0,0.0,0.0,0.0,0.0,0.0,,0.0,,,,,,,,,-9999,2000,0,0.0,0.0,0.0,0.0,,
117.0,Chicago Blackhawks,Olli Malmivaara,FI,D,18.0,2008.0,Jokerit Jr. (Finland Jr.),2.0,0.0,0.0,0.0,0.0,0.0,0.0,,2.0,0.0,,,,,,,0.2,malmiol01,2000,0,0.0,0.0,0.0,1.0,0.010000000000000002,
118.0,Los Angeles Kings,Lubomir Visnovsky,SK,D,24.0,2015.0,HC Slovan Bratislava (Slovakia),883.0,128.0,0.144960362400906,367.0,0.000164168020839078,495.0,0.560588901472254,,40.0,373.0,,,,,,,87.0,visnolu01,2000,0,0.144960362400906,0.41562853907134767,0.5605889014722537,0.045300113250283124,0.14467723669309174,
119.0,Colorado Avalanche,Brian Fahey,US,D,19.0,2011.0,Wisconsin (WCHA),7.0,0.0,0.0,1.0,0.0,1.0,0.142857142857143,,-1.0,2.0,,,,,,,0.1,faheybr01,2000,0,0.0,0.14285714285714285,0.14285714285714285,-0.14285714285714285,0.0075,
121.0,Washington Capitals,Ryan Vanbuskirk,CA,D,,,Sarnia Sting (OHL),,0.0,0.0,0.0,0.0,0.0,0.0,,0.0,,,,,,,,,-9999,2000,0,0.0,0.0,0.0,0.0,,
122.0,Ottawa Senators,Derrick Byfuglien,US,D,,,Fargo-Moorhead Ice Sharks (USHL),,0.0,0.0,0.0,0.0,0.0,0.0,,0.0,,,,,,,,,-9999,2000,0,0.0,0.0,0.0,0.0,,
123.0,Dallas Stars,Vadim Khomitski,RU,D,,,HK CSKA Moskva (Russia-2),,0.0,0.0,0.0,0.0,0.0,0.0,,0.0,,,,,,,,,-9999,2000,0,0.0,0.0,0.0,0.0,,
125.0,New Jersey Devils,Phil Cole,CA,D,,,Lethbridge Hurricanes (WHL),,0.0,0.0,0.0,0.0,0.0,0.0,,0.0,,,,,,,,,-9999,2000,0,0.0,0.0,0.0,0.0,,
128.0,Detroit Red Wings,Alexander Seluyanov,RU,D,,,Salavat Yulaev Ufa (Russia),,0.0,0.0,0.0,0.0,0.0,0.0,,0.0,,,,,,,,,-9999,2000,0,0.0,0.0,0.0,0.0,,
133.0,Columbus Blue Jackets,Petteri Nummelin,FI,D,27.0,2008.0,HC Davos (Swiss),139.0,9.0,0.0647482014388489,36.0,0.00046581439884064,45.0,0.323741007194245,,-28.0,34.0,,,,,,,7.0,nummepe01,2000,0,0.06474820143884892,0.2589928057553957,0.3237410071942446,-0.2014388489208633,0.06079136690647481,
134.0,Anaheim Ducks,Peter Podhradsky,SK,D,,,HC Slovan Bratislava (Slovakia),,0.0,0.0,0.0,0.0,0.0,0.0,,0.0,,,,,,,,,-9999,2000,0,0.0,0.0,0.0,0.0,,
137.0,Nashville Predators,Mike Stuart,US,D,20.0,2006.0,Colorado College (WCHA),3.0,0.0,0.0,0.0,0.0,0.0,0.0,,0.0,0.0,,,,,,,0.0,stuarmi01,2000,0,0.0,0.0,0.0,0.0,0.0,
138.0,Columbus Blue Jackets,Scott Heffernan,CA,D,,,Sarnia Sting (OHL),,0.0,0.0,0.0,0.0,0.0,0.0,,0.0,,,,,,,,,-9999,2000,0,0.0,0.0,0.0,0.0,,
141.0,Calgary Flames,Wade Davis,CA,D,,,Calgary Hitmen (WHL),,0.0,0.0,0.0,0.0,0.0,0.0,,0.0,,,,,,,,,-9999,2000,0,0.0,0.0,0.0,0.0,,
145.0,Montreal Canadiens,Ryan Glenn,CA,D,,,Walpole (EJHL),,0.0,0.0,0.0,0.0,0.0,0.0,,0.0,,,,,,,,,-9999,2000,0,0.0,0.0,0.0,0.0,,
151.0,Chicago Blackhawks,Alexander Barkunov,RU,D,,,Torpedo Yaroslavl 2 (Russia-3),,0.0,0.0,0.0,0.0,0.0,0.0,,0.0,,,,,,,,,-9999,2000,0,0.0,0.0,0.0,0.0,,
152.0,Edmonton Oilers,Paul Flache,CA,D,18.0,,Brampton Battalion (OHL),,0.0,0.0,0.0,0.0,0.0,0.0,,0.0,,,,,,,,,flachpa01,2000,0,0.0,0.0,0.0,0.0,,
153.0,Anaheim Ducks,Bill Cass,US,D,,,Boston College (H-East),,0.0,0.0,0.0,0.0,0.0,0.0,,0.0,,,,,,,,,-9999,2000,0,0.0,0.0,0.0,0.0,,
156.0,Ottawa Senators,Greg Zanon,CA,D,20.0,2013.0,Nebraska-Omaha (CCHA),493.0,12.0,0.0243407707910751,50.0,4.93727602253045e-05,62.0,0.125760649087221,,-9.0,230.0,,,,,,,18.1,zanongr01,2000,0,0.02434077079107505,0.10141987829614604,0.1257606490872211,-0.018255578093306288,0.029614604462474645,
158.0,Ottawa Senators,Sean Connolly,US,D,,,Northern Michigan (CCHA),,0.0,0.0,0.0,0.0,0.0,0.0,,0.0,,,,,,,,,-9999,2000,0,0.0,0.0,0.0,0.0,,
159.0,Colorado Avalanche,John-Michael Liles,US,D,19.0,2017.0,Michigan State (CCHA),836.0,87.0,0.104066985645933,283.0,0.000124482040246331,370.0,0.442583732057416,,-44.0,286.0,,,,,,,61.1,lilesjo01,2000,0,0.10406698564593302,0.33851674641148327,0.44258373205741625,-0.05263157894736842,0.10538277511961723,
160.0,Phoenix Coyotes,Nate Kiser,US,D,,,Plymouth Whalers (OHL),,0.0,0.0,0.0,0.0,0.0,0.0,,0.0,,,,,,,,,-9999,2000,0,0.0,0.0,0.0,0.0,,
170.0,Minnesota Wild,Erik Reitz,US,D,18.0,2009.0,Barrie Colts (OHL),48.0,1.0,0.0208333333333333,1.0,0.000434027777777777,2.0,0.0416666666666667,,-7.0,69.0,,,,,,,0.6,reitzer01,2000,0,0.020833333333333332,0.020833333333333332,0.041666666666666664,-0.14583333333333334,-0.004166666666666669,
173.0,Nashville Predators,Tomas Harant,SK,D,,,MsHK Zilina (Slovakia-2),,0.0,0.0,0.0,0.0,0.0,0.0,,0.0,,,,,,,,,-9999,2000,0,0.0,0.0,0.0,0.0,,
174.0,Boston Bruins,Jarno Kultanen,FI,D,27.0,2003.0,HIFK (Finland),102.0,2.0,0.0196078431372549,11.0,0.000192233756247597,13.0,0.127450980392157,,-3.0,59.0,,,,,,,3.0,kultaja01,2000,0,0.0196078431372549,0.10784313725490197,0.12745098039215685,-0.029411764705882353,0.028921568627450978,
178.0,Atlanta Thrashers,Jeff Dwyer,US,D,,,Choate-Rosemary Hall (High-CT),,0.0,0.0,0.0,0.0,0.0,0.0,,0.0,,,,,,,,,-9999,2000,0,0.0,0.0,0.0,0.0,,
181.0,Carolina Hurricanes,J.D. Forrest,US,D,,,USA National Jr. Team (NAHL),,0.0,0.0,0.0,0.0,0.0,0.0,,0.0,,,,,,,,,-9999,2000,0,0.0,0.0,0.0,0.0,,
182.0,Montreal Canadiens,Petr Chvojka,CZ,D,,,HC Plzen Jr. (Czech Jr.),,0.0,0.0,0.0,0.0,0.0,0.0,,0.0,,,,,,,,,-9999,2000,0,0.0,0.0,0.0,0.0,,
188.0,Ottawa Senators,Jason Maleyko,CA,D,,,Brampton Battalion (OHL),,0.0,0.0,0.0,0.0,0.0,0.0,,0.0,,,,,,,,,-9999,2000,0,0.0,0.0,0.0,0.0,,
189.0,Colorado Avalanche,Chris Bahen,CA,D,,,Clarkson (ECAC),,0.0,0.0,0.0,0.0,0.0,0.0,,0.0,,,,,,,,,-9999,2000,0,0.0,0.0,0.0,0.0,,
191.0,Tampa Bay Lightning,Aaron Gionet,CA,D,,,Kamloops Blazers (WHL),,0.0,0.0,0.0,0.0,0.0,0.0,,0.0,,,,,,,,,-9999,2000,0,0.0,0.0,0.0,0.0,,
193.0,Chicago Blackhawks,Joey Martin,US,D,,,Omaha Lancers (USHL),,0.0,0.0,0.0,0.0,0.0,0.0,,0.0,,,,,,,,,-9999,2000,0,0.0,0.0,0.0,0.0,,
194.0,New Jersey Devils,Deryk Engelland,CA,D,18.0,2020.0,Moose Jaw Warriors (WHL),671.0,30.0,0.0447093889716841,97.0,6.66309820740449e-05,127.0,0.189269746646796,,4.0,579.0,,,,,,,25.8,engelde01,2000,0,0.044709388971684055,0.14456035767511177,0.18926974664679583,0.005961251862891207,0.047913561847988076,
196.0,Detroit Red Wings,Paul Ballantyne,CA,D,,,Soo Greyhounds (OHL),,0.0,0.0,0.0,0.0,0.0,0.0,,0.0,,,,,,,,,-9999,2000,0,0.0,0.0,0.0,0.0,,
202.0,New York Islanders,Ryan Caldwell,CA,D,19.0,2008.0,Thunder Bay Flyers (USHL),4.0,0.0,0.0,0.0,0.0,0.0,0.0,,-2.0,4.0,,,,,,,-0.1,caldwry01,2000,0,0.0,0.0,0.0,-0.5,-0.010000000000000002,
207.0,Chicago Blackhawks,Cliff Loya,US,D,,,Maine (H-East),,0.0,0.0,0.0,0.0,0.0,0.0,,0.0,,,,,,,,,-9999,2000,0,0.0,0.0,0.0,0.0,,
209.0,Toronto Maple Leafs,Markus Seikola,FI,D,,,TPS Jr. (Finland Jr.),,0.0,0.0,0.0,0.0,0.0,0.0,,0.0,,,,,,,,,-9999,2000,0,0.0,0.0,0.0,0.0,,
217.0,Phoenix Coyotes,Igor Samoilov,RU,D,,,Torpedo Yaroslavl 2 (Russia-3),,0.0,0.0,0.0,0.0,0.0,0.0,,0.0,,,,,,,,,-9999,2000,0,0.0,0.0,0.0,0.0,,
218.0,Los Angeles Kings,Craig Olynick,CA,D,,,Seattle Thunderbirds (WHL),,0.0,0.0,0.0,0.0,0.0,0.0,,0.0,,,,,,,,,-9999,2000,0,0.0,0.0,0.0,0.0,,
222.0,Tampa Bay Lightning,Marek Priechodsky,SK,D,,,HC Slovan Bratislava (Slovakia),,0.0,0.0,0.0,0.0,0.0,0.0,,0.0,,,,,,,,,-9999,2000,0,0.0,0.0,0.0,0.0,,
223.0,Toronto Maple Leafs,Lubos Velebny,SK,D,,,HKM Zvolen Jr. (Slovakia Jr.),,0.0,0.0,0.0,0.0,0.0,0.0,,0.0,,,,,,,,,-9999,2000,0,0.0,0.0,0.0,0.0,,
232.0,Minnesota Wild,Lubomir Sekeras,SK,D,31.0,2004.0,HC Ocelari Trinec (Czech),213.0,18.0,0.0845070422535211,53.0,0.000396746677246578,71.0,0.333333333333333,,-27.0,122.0,,,,,,,14.1,sekerlu01,2000,0,0.08450704225352113,0.24882629107981222,0.3333333333333333,-0.1267605633802817,0.07065727699530518,
236.0,Nashville Predators,Mats Christeen,SE,D,,,Sodertalje SK Jr. (Sweden Jr.),,0.0,0.0,0.0,0.0,0.0,0.0,,0.0,,,,,,,,,-9999,2000,0,0.0,0.0,0.0,0.0,,
237.0,Boston Bruins,Zdenek Kutlak,CZ,D,20.0,2004.0,HC Ceske Budejovice (Czech),16.0,1.0,0.0625,2.0,0.00390625,3.0,0.1875,,-4.0,4.0,,,,,,,0.3,kutlazd01,2000,0,0.0625,0.125,0.1875,-0.25,0.017499999999999998,
238.0,New York Rangers,Danny Eberly,US,D,,,RPI (ECAC),,0.0,0.0,0.0,0.0,0.0,0.0,,0.0,,,,,,,,,-9999,2000,0,0.0,0.0,0.0,0.0,,
239.0,Calgary Flames,David Hajek,CZ,D,,,KLH Chomutov (Czech-2),,0.0,0.0,0.0,0.0,0.0,0.0,,0.0,,,,,,,,,-9999,2000,0,0.0,0.0,0.0,0.0,,
242.0,Atlanta Thrashers,Evan Nielsen,US,D,,,Notre Dame (CCHA),,0.0,0.0,0.0,0.0,0.0,0.0,,0.0,,,,,,,,,-9999,2000,0,0.0,0.0,0.0,0.0,,
247.0,Edmonton Oilers,Jason Platt,US,D,,,Omaha Lancers (USHL),,0.0,0.0,0.0,0.0,0.0,0.0,,0.0,,,,,,,,,-9999,2000,0,0.0,0.0,0.0,0.0,,
256.0,San Jose Sharks,Pasi Saarinen,FI,D,,,Ilves (Finland),,0.0,0.0,0.0,0.0,0.0,0.0,,0.0,,,,,,,,,-9999,2000,0,0.0,0.0,0.0,0.0,,
259.0,Philadelphia Flyers,Regan Kelly,CA,D,,,Nipawin (SJHL),,0.0,0.0,0.0,0.0,0.0,0.0,,0.0,,,,,,,,,-9999,2000,0,0.0,0.0,0.0,0.0,,
265.0,Toronto Maple Leafs,Jean-Philippe Cote,CA,D,18.0,2014.0,Cape Breton Screaming Eagles (QMJHL),27.0,0.0,0.0,4.0,0.0,4.0,0.148148148148148,,2.0,26.0,,,,,,,0.8,coteje01,2000,0,0.0,0.14814814814814814,0.14814814814814814,0.07407407407407407,0.04444444444444444,
267.0,New York Islanders,Tomi Pettinen,FI,D,23.0,2006.0,Ilves (Finland),24.0,0.0,0.0,0.0,0.0,0.0,0.0,,-3.0,18.0,,,,,,,0.1,pettito01,2000,0,0.0,0.0,0.0,-0.125,-0.0125,
268.0,Boston Bruins,Pavel Kolarik,CZ,D,27.0,2002.0,HC Slavia Praha (Czech),23.0,0.0,0.0,0.0,0.0,0.0,0.0,,-2.0,10.0,,,,,,,0.0,kolarpa01,2000,0,0.0,0.0,0.0,-0.08695652173913043,-0.008695652173913044,
269.0,New York Rangers,Martin Richter,CZ,D,,,SaiPa (Finland),,0.0,0.0,0.0,0.0,0.0,0.0,,0.0,,,,,,,,,-9999,2000,0,0.0,0.0,0.0,0.0,,
270.0,Calgary Flames,Micki DuPont,CA,D,20.0,2008.0,Kamloops Blazers (WHL),23.0,1.0,0.0434782608695652,3.0,0.00189035916824197,4.0,0.173913043478261,,-7.0,12.0,,,,,,,0.4,duponmi01,2000,0,0.043478260869565216,0.13043478260869565,0.17391304347826086,-0.30434782608695654,0.01304347826086956,
275.0,Montreal Canadiens,Jonathan Gauthier,CA,D,,,Rouyn-Noranda Huskies (QMJHL),,0.0,0.0,0.0,0.0,0.0,0.0,,0.0,,,,,,,,,-9999,2000,0,0.0,0.0,0.0,0.0,,
283.0,Ottawa Senators,James Demone,CA,D,,,Portland Winter Hawks (WHL),,0.0,0.0,0.0,0.0,0.0,0.0,,0.0,,,,,,,,,-9999,2000,0,0.0,0.0,0.0,0.0,,
284.0,Nashville Predators,Martin Hohener,CH,D,,,EHC Kloten (Swiss),,0.0,0.0,0.0,0.0,0.0,0.0,,0.0,,,,,,,,,-9999,2000,0,0.0,0.0,0.0,0.0,,
288.0,Atlanta Thrashers,Mark McRae,CA,D,,,Cornell (ECAC),,0.0,0.0,0.0,0.0,0.0,0.0,,0.0,,,,,,,,,-9999,2000,0,0.0,0.0,0.0,0.0,,
289.0,Washington Capitals,Bjorn Nord,SE,D,,,Djurgardens IF (Sweden),,0.0,0.0,0.0,0.0,0.0,0.0,,0.0,,,,,,,,,-9999,2000,0,0.0,0.0,0.0,0.0,,
291.0,Chicago Blackhawks,Arne Ramholt,CH,D,,,EHC Kloten (Swiss),,0.0,0.0,0.0,0.0,0.0,0.0,,0.0,,,,,,,,,-9999,2000,0,0.0,0.0,0.0,0.0,,
292.0,Columbus Blue Jackets,Louis Mandeville,CA,D,,,Rouyn-Noranda Huskies (QMJHL),,0.0,0.0,0.0,0.0,0.0,0.0,,0.0,,,,,,,,,-9999,2000,0,0.0,0.0,0.0,0.0,,
293.0,St. Louis Blues,Lauri Kinos,FI,D,,,Montreal Rocket (QMJHL),,0.0,0.0,0.0,0.0,0.0,0.0,,0.0,,,,,,,,,-9999,2000,0,0.0,0.0,0.0,0.0,,
