Overall,Team,Player,Nat.,Pos,Age,To,Amateur Team,GP,G,G/PG,A,A/PG,PTS,P/PG,P/82,+/-,PIM,GP.1,W,L,T/O,SV%,GAA,PS,,Draft Year,PointShares,GPG,APG,PPG,PlusMinusPG,WeightedScore,Overall▲
1.0,New York Rangers,Alexis Lafreniere,CA,LW,18.0,2026.0,Rimouski Oceanic (QMJHL),408.0,98.0,0.240196078431373,109.0,0.267156862745098,207.0,0.507352941176471,41.6029411764706,-11.0,162.0,,,,,,,19.0,lafreal01,2020,0,0.24019607843137256,0.26715686274509803,0.5073529411764706,-0.02696078431372549,0.16354166666666667,
2.0,Los Angeles Kings,Quinton Byfield,CA,C,18.0,2026.0,Sudbury Wolves (OHL),286.0,55.0,0.192307692307692,106.0,0.370629370629371,161.0,0.562937062937063,46.1608391608392,42.0,152.0,,,,,,,15.5,byfiequ01,2020,0,0.19230769230769232,0.3706293706293706,0.5629370629370629,0.14685314685314685,0.1902972027972028,
3.0,Ottawa Senators,Tim Stützle,DE,LW,18.0,2026.0,Adler Mannheim (Germany),393.0,126.0,0.320610687022901,224.0,0.569974554707379,350.0,0.89058524173028,73.027989821883,-60.0,191.0,,,,,,,33.0,stuetti02,2020,0,0.32061068702290074,0.5699745547073791,0.8905852417302799,-0.15267175572519084,0.28180661577608146,
4.0,Detroit Red Wings,Lucas Raymond,SE,LW,18.0,2026.0,Frolunda HC (Sweden),345.0,107.0,0.310144927536232,176.0,0.510144927536232,283.0,0.820289855072464,67.263768115942,-70.0,92.0,,,,,,,26.0,raymolu01,2020,0,0.3101449275362319,0.5101449275362319,0.8202898550724638,-0.2028985507246377,0.2564492753623189,
7.0,New Jersey Devils,Alexander Holtz,SE,RW,18.0,2026.0,Djurgardens IF (Sweden),171.0,23.0,0.134502923976608,23.0,0.134502923976608,46.0,0.269005847953216,22.0584795321637,-31.0,40.0,,,,,,,2.5,holtzal01,2020,0,0.13450292397660818,0.13450292397660818,0.26900584795321636,-0.18128654970760233,0.0783625730994152,
8.0,Buffalo Sabres,Jack Quinn,CA,RW,18.0,2026.0,Ottawa 67's (OHL),204.0,45.0,0.220588235294118,66.0,0.323529411764706,111.0,0.544117647058824,44.6176470588236,-32.0,43.0,,,,,,,9.0,quinnja01,2020,0,0.22058823529411764,0.3235294117647059,0.5441176470588235,-0.1568627450980392,0.1689950980392157,
9.0,Minnesota Wild,Marco Rossi,AT,C,18.0,2026.0,Ottawa 67's (OHL),202.0,49.0,0.242574257425743,65.0,0.321782178217822,114.0,0.564356435643564,46.2772277227722,-15.0,87.0,,,,,,,10.2,rossima01,2020,0,0.24257425742574257,0.3217821782178218,0.5643564356435643,-0.07425742574257425,0.1797029702970297,
10.0,Winnipeg Jets,Cole Perfetti,CA,C,18.0,2026.0,Saginaw Spirit (OHL),233.0,49.0,0.210300429184549,80.0,0.343347639484979,129.0,0.553648068669528,45.3991416309013,31.0,52.0,,,,,,,13.0,perfeco01,2020,0,0.21030042918454936,0.34334763948497854,0.5536480686695279,0.13304721030042918,0.18658798283261804,
12.0,Florida Panthers,Anton Lundell,FI,C,18.0,2026.0,HIFK (Finland),320.0,66.0,0.20625,111.0,0.346875,177.0,0.553125,45.35625,63.0,153.0,,,,,,,17.1,lundean01,2020,0,0.20625,0.346875,0.553125,0.196875,0.18960937500000002,
13.0,Carolina Hurricanes,Seth Jarvis,CA,C,18.0,2026.0,Portland Winterhawks (WHL),329.0,111.0,0.337386018237082,124.0,0.376899696048632,235.0,0.714285714285714,58.5714285714285,59.0,66.0,,,,,,,27.2,jarvise01,2020,0,0.3373860182370821,0.3768996960486322,0.7142857142857143,0.17933130699088146,0.24110942249240122,
14.0,Edmonton Oilers,Dylan Holloway,CA,C,18.0,2026.0,Wisconsin (Big Ten),193.0,42.0,0.217616580310881,52.0,0.269430051813472,94.0,0.487046632124352,39.9378238341969,11.0,70.0,,,,,,,9.2,hollody01,2020,0,0.21761658031088082,0.2694300518134715,0.48704663212435234,0.05699481865284974,0.161139896373057,
15.0,Toronto Maple Leafs,Rodion Amirov,RU,LW,18.0,,Salavat Yulaev Ufa (Russia),,0.0,0.0,0.0,0.0,0.0,0.0,0.0,0.0,,,,,,,,,amiroro01,2020,0,0.0,0.0,0.0,0.0,,
17.0,Chicago Blackhawks,Lukas Reichel,DE,LW,18.0,2026.0,Eisbaren Berlin (Germany),188.0,22.0,0.117021276595745,37.0,0.196808510638298,59.0,0.313829787234043,25.7340425531915,-65.0,36.0,,,,,,,2.2,reichlu01,2020,0,0.11702127659574468,0.19680851063829788,0.31382978723404253,-0.34574468085106386,0.08470744680851063,
18.0,New Jersey Devils,Dawson Mercer,CA,C,18.0,2026.0,Chicoutimi Sagueneens (QMJHL),354.0,93.0,0.26271186440678,95.0,0.268361581920904,188.0,0.531073446327684,43.5480225988701,-16.0,95.0,,,,,,,17.5,merceda01,2020,0,0.2627118644067797,0.268361581920904,0.5310734463276836,-0.04519774011299435,0.17033898305084746,
21.0,Columbus Blue Jackets,Yegor Chinakhov,RU,RW,19.0,2026.0,Omskie Yastreby (Russia Jr.),195.0,36.0,0.184615384615385,39.0,0.2,75.0,0.384615384615385,31.5384615384616,-48.0,40.0,,,,,,,4.5,chinaye01,2020,0,0.18461538461538463,0.2,0.38461538461538464,-0.24615384615384617,0.11269230769230769,
22.0,Washington Capitals,Hendrix Lapierre,CA,C,18.0,2026.0,Chicoutimi Sagueneens (QMJHL),110.0,9.0,0.0818181818181818,27.0,0.245454545454545,36.0,0.327272727272727,26.8363636363636,-1.0,14.0,,,,,,,2.5,lapiehe01,2020,0,0.08181818181818182,0.24545454545454545,0.32727272727272727,-0.00909090909090909,0.10590909090909091,
23.0,Philadelphia Flyers,Tyson Foerster,CA,RW,18.0,2026.0,Barrie Colts (OHL),187.0,58.0,0.310160427807487,38.0,0.203208556149733,96.0,0.513368983957219,42.096256684492,0.0,107.0,,,,,,,10.4,foersty01,2020,0,0.31016042780748665,0.20320855614973263,0.5133689839572193,0.0,0.16684491978609628,
24.0,Calgary Flames,Connor Zary,CA,C,18.0,2026.0,Kamloops Blazers (WHL),143.0,29.0,0.202797202797203,36.0,0.251748251748252,65.0,0.454545454545455,37.2727272727273,0.0,46.0,,,,,,,6.0,zaryco01,2020,0,0.20279720279720279,0.2517482517482518,0.45454545454545453,0.0,0.14772727272727273,
26.0,St. Louis Blues,Jake Neighbours,CA,LW,18.0,2026.0,Edmonton Oil Kings (WHL),226.0,62.0,0.274336283185841,44.0,0.194690265486726,106.0,0.469026548672566,38.4601769911504,-44.0,107.0,,,,,,,9.5,neighja01,2020,0,0.2743362831858407,0.19469026548672566,0.4690265486725664,-0.19469026548672566,0.14269911504424782,
27.0,Anaheim Ducks,Jacob Perreault,CA,RW,18.0,2022.0,Sarnia Sting (OHL),1.0,0.0,0.0,0.0,0.0,0.0,0.0,0.0,-1.0,0.0,,,,,,,-0.1,perreja01,2020,0,0.0,0.0,0.0,-1.0,-0.0025000000000000005,
28.0,Ottawa Senators,Ridly Greig,CA,C,18.0,2026.0,Brandon Wheat Kings (WHL),191.0,30.0,0.157068062827225,47.0,0.246073298429319,77.0,0.403141361256545,33.0575916230367,-3.0,160.0,,,,,,,5.7,greigri01,2020,0,0.15706806282722513,0.24607329842931938,0.4031413612565445,-0.015706806282722512,0.13023560209424084,
29.0,Vegas Golden Knights,Brendan Brisson,US,C,18.0,2025.0,Chicago Steel (USHL),24.0,2.0,0.0833333333333333,6.0,0.25,8.0,0.333333333333333,27.3333333333333,-8.0,2.0,,,,,,,0.2,brissbr01,2020,0,0.08333333333333333,0.25,0.3333333333333333,-0.3333333333333333,0.09166666666666667,
30.0,Dallas Stars,Mavrik Bourque,CA,C,18.0,2026.0,Shawinigan Cataractes (QMJHL),101.0,15.0,0.148514851485149,19.0,0.188118811881188,34.0,0.336633663366337,27.6039603960396,2.0,12.0,,,,,,,2.6,bourqma01,2020,0,0.1485148514851485,0.18811881188118812,0.33663366336633666,0.019801980198019802,0.11039603960396041,
31.0,San Jose Sharks,Ozzy Wiesblatt,CA,RW,18.0,2026.0,Prince Albert Raiders (WHL),28.0,1.0,0.0357142857142857,4.0,0.142857142857143,5.0,0.178571428571429,14.6428571428572,-5.0,30.0,,,,,,,0.0,wiesboz01,2020,0,0.03571428571428571,0.14285714285714285,0.17857142857142858,-0.17857142857142858,0.049107142857142856,
33.0,Ottawa Senators,Roby Jarventie,FI,LW,18.0,2024.0,KOOVEE (Finland-2),7.0,0.0,0.0,1.0,0.142857142857143,1.0,0.142857142857143,11.7142857142857,-5.0,4.0,,,,,,,-0.2,jarvero01,2020,0,0.0,0.14285714285714285,0.14285714285714285,-0.7142857142857143,0.0037499999999999986,
34.0,Buffalo Sabres,John-Jason Peterka,DE,RW,18.0,2026.0,EHC Munchen (Germany),265.0,77.0,0.290566037735849,90.0,0.339622641509434,167.0,0.630188679245283,51.6754716981132,-4.0,98.0,,,,,,,16.9,peterjo01,2020,0,0.29056603773584905,0.33962264150943394,0.630188679245283,-0.01509433962264151,0.2040566037735849,
36.0,Anaheim Ducks,Sam Colangelo,US,RW,18.0,2026.0,Chicago Steel (USHL),42.0,12.0,0.285714285714286,2.0,0.0476190476190476,14.0,0.333333333333333,27.3333333333333,-7.0,8.0,,,,,,,1.4,colansa01,2020,0,0.2857142857142857,0.047619047619047616,0.3333333333333333,-0.16666666666666666,0.1,
37.0,Minnesota Wild,Marat Khusnutdinov,RU,C,18.0,2026.0,SKA 1946 St. Petersburg (Russia Jr.),114.0,10.0,0.087719298245614,13.0,0.114035087719298,23.0,0.201754385964912,16.5438596491228,-16.0,34.0,,,,,,,0.5,khusnma01,2020,0,0.08771929824561403,0.11403508771929824,0.20175438596491227,-0.14035087719298245,0.05855263157894736,
38.0,San Jose Sharks,Thomas Bordeleau,US,C,18.0,2025.0,USA U-18 Development Team (USDP/USHL),44.0,6.0,0.136363636363636,12.0,0.272727272727273,18.0,0.409090909090909,33.5454545454545,-22.0,18.0,,,,,,,0.7,bordeth01,2020,0,0.13636363636363635,0.2727272727272727,0.4090909090909091,-0.5,0.10795454545454547,
40.0,Winnipeg Jets,Daniel Torgersson,SE,LW,18.0,,Frolunda HC Jr. (Sweden Jr.),,0.0,0.0,0.0,0.0,0.0,0.0,0.0,0.0,,,,,,,,,torgeda01,2020,0,0.0,0.0,0.0,0.0,,
41.0,Carolina Hurricanes,Noel Gunler,SE,RW,18.0,,Lulea HF (Sweden),,0.0,0.0,0.0,0.0,0.0,0.0,0.0,0.0,,,,,,,,,gunleno01,2020,0,0.0,0.0,0.0,0.0,,
42.0,Nashville Predators,Luke Evangelista,CA,RW,18.0,2026.0,London Knights (OHL),197.0,37.0,0.187817258883249,67.0,0.34010152284264,104.0,0.527918781725888,43.2893401015228,9.0,54.0,,,,,,,9.9,evanglu01,2020,0,0.18781725888324874,0.3401015228426396,0.5279187817258884,0.04568527918781726,0.17385786802030456,
43.0,Florida Panthers,Emil Heineman,SE,LW,18.0,2026.0,Leksands IF Jr. (Sweden Jr.),93.0,20.0,0.21505376344086,14.0,0.150537634408602,34.0,0.365591397849462,29.9784946236559,1.0,32.0,,,,,,,3.7,heineem01,2020,0,0.21505376344086022,0.15053763440860216,0.3655913978494624,0.010752688172043012,0.11935483870967742,
47.0,Montreal Canadiens,Luke Tuch,US,LW,18.0,,USA U-18 Development Team (USDP/USHL),,0.0,0.0,0.0,0.0,0.0,0.0,0.0,0.0,,,,,,,,,tuchlu01,2020,0,0.0,0.0,0.0,0.0,,
48.0,Montreal Canadiens,Jan Mysak,CZ,C,18.0,,Hamilton Bulldogs (OHL),,0.0,0.0,0.0,0.0,0.0,0.0,0.0,0.0,,,,,,,,,mysakja01,2020,0,0.0,0.0,0.0,0.0,,
51.0,Detroit Red Wings,Theodor Niederbach,SE,C,18.0,,Frolunda HC Jr. (Sweden Jr.),,0.0,0.0,0.0,0.0,0.0,0.0,0.0,0.0,,,,,,,,,niedeth01,2020,0,0.0,0.0,0.0,0.0,,
53.0,Carolina Hurricanes,Vasiliy Ponomarev,RU,C,18.0,2025.0,Shawinigan Cataractes (QMJHL),9.0,1.0,0.111111111111111,1.0,0.111111111111111,2.0,0.222222222222222,18.2222222222222,0.0,2.0,,,,,,,0.2,ponomva01,2020,0,0.1111111111111111,0.1111111111111111,0.2222222222222222,0.0,0.0325,
55.0,Detroit Red Wings,Cross Hanas,US,LW,18.0,,Portland Winterhawks (WHL),,0.0,0.0,0.0,0.0,0.0,0.0,0.0,0.0,,,,,,,,,hanascr02,2020,0,0.0,0.0,0.0,0.0,,
56.0,San Jose Sharks,Tristen Robins,GB,RW,18.0,2023.0,Saskatoon Blades (WHL),3.0,0.0,0.0,0.0,0.0,0.0,0.0,0.0,-1.0,0.0,,,,,,,-0.1,robintr01,2020,0,0.0,0.0,0.0,-0.3333333333333333,-0.0025,
57.0,Tampa Bay Lightning,Jack Finley,US,C,18.0,2026.0,Spokane Chiefs (WHL),10.0,1.0,0.1,1.0,0.1,2.0,0.2,16.4,2.0,4.0,,,,,,,0.2,finleja01,2020,0,0.1,0.1,0.2,0.2,0.037500000000000006,
59.0,Toronto Maple Leafs,Roni Hirvonen,FI,C,18.0,,Assat (Finland),,0.0,0.0,0.0,0.0,0.0,0.0,0.0,0.0,,,,,,,,,hirvoro01,2020,0,0.0,0.0,0.0,0.0,,
60.0,New York Rangers,William Cuylle,CA,LW,18.0,2026.0,Windsor Spitfires (OHL),195.0,41.0,0.21025641025641,41.0,0.21025641025641,82.0,0.420512820512821,34.4820512820513,2.0,126.0,,,,,,,7.9,cuyllwi01,2020,0,0.21025641025641026,0.21025641025641026,0.4205128205128205,0.010256410256410256,0.1371794871794872,
61.0,Ottawa Senators,Egor Sokolov,RU,LW,20.0,2023.0,Cape Breton Eagles (QMJHL),13.0,1.0,0.0769230769230769,1.0,0.0769230769230769,2.0,0.153846153846154,12.6153846153846,-4.0,4.0,,,,,,,0.0,sokoleg01,2020,0,0.07692307692307693,0.07692307692307693,0.15384615384615385,-0.3076923076923077,0.022500000000000003,
62.0,Tampa Bay Lightning,Gage Goncalves,CA,C,19.0,2026.0,Everett Silvertips (WHL),88.0,10.0,0.113636363636364,16.0,0.181818181818182,26.0,0.295454545454545,24.2272727272727,9.0,26.0,,,,,,,2.0,goncaga01,2020,0,0.11363636363636363,0.18181818181818182,0.29545454545454547,0.10227272727272728,0.10113636363636365,
66.0,Los Angeles Kings,Kasper Simontaival,FI,RW,18.0,,Tappara Jr. (Finland Jr.),,0.0,0.0,0.0,0.0,0.0,0.0,0.0,0.0,,,,,,,,,simonka01,2020,0,0.0,0.0,0.0,0.0,,
74.0,Florida Panthers,Ty Smilanic,US,C,18.0,,USA U-18 Development Team (USDP/USHL),,0.0,0.0,0.0,0.0,0.0,0.0,0.0,0.0,,,,,,,,,smilaty01,2020,0,0.0,0.0,0.0,0.0,,
75.0,Colorado Avalanche,Jean-Luc Foudy,CA,C,18.0,2024.0,Windsor Spitfires (OHL),13.0,1.0,0.0769230769230769,0.0,0.0,1.0,0.0769230769230769,6.30769230769231,-2.0,6.0,,,,,,,-0.1,foudyje01,2020,0,0.07692307692307693,0.0,0.07692307692307693,-0.15384615384615385,0.011250000000000001,
76.0,San Jose Sharks,Danil Gushchin,RU,LW,18.0,2025.0,Muskegon Lumberjacks (USHL),18.0,2.0,0.111111111111111,3.0,0.166666666666667,5.0,0.277777777777778,22.7777777777778,-6.0,6.0,,,,,,,0.1,gushcda01,2020,0,0.1111111111111111,0.16666666666666666,0.2777777777777778,-0.3333333333333333,0.06625,
79.0,Chicago Blackhawks,Landon Slaggert,US,LW,18.0,2026.0,USA U-18 Development Team (USDP/USHL),59.0,4.0,0.0677966101694915,7.0,0.11864406779661,11.0,0.186440677966102,15.2881355932204,-6.0,39.0,,,,,,,0.3,slaggla01,2020,0,0.06779661016949153,0.11864406779661017,0.1864406779661017,-0.1016949152542373,0.055508474576271186,
83.0,Los Angeles Kings,Alex Laferriere,US,RW,18.0,2026.0,Des Moines Buccaneers (USHL),184.0,37.0,0.201086956521739,39.0,0.21195652173913,76.0,0.41304347826087,33.8695652173913,6.0,70.0,,,,,,,7.2,laferal01,2020,0,0.20108695652173914,0.21195652173913043,0.41304347826086957,0.03260869565217391,0.1358695652173913,
85.0,Tampa Bay Lightning,Maxim Groshev,RU,RW,18.0,,Neftekhimik Nizhnekamsk (Russia),,0.0,0.0,0.0,0.0,0.0,0.0,0.0,0.0,,,,,,,,,groshma01,2020,0,0.0,0.0,0.0,0.0,,
86.0,St. Louis Blues,Dylan Peterson,US,C,18.0,,USA U-18 Development Team (USDP/USHL),,0.0,0.0,0.0,0.0,0.0,0.0,0.0,0.0,,,,,,,,,peterdy01,2020,0,0.0,0.0,0.0,0.0,,
87.0,Florida Panthers,Justin Sourdif,CA,RW,18.0,2026.0,Vancouver Giants (WHL),31.0,4.0,0.129032258064516,3.0,0.0967741935483871,7.0,0.225806451612903,18.516129032258,7.0,10.0,,,,,,,0.7,sourdju01,2020,0,0.12903225806451613,0.0967741935483871,0.22580645161290322,0.22580645161290322,0.08467741935483872,
89.0,Boston Bruins,Trevor Kuntar,US,C,19.0,,Youngstown Phantoms (USHL),,0.0,0.0,0.0,0.0,0.0,0.0,0.0,0.0,,,,,,,,,kuntatr01,2020,0,0.0,0.0,0.0,0.0,,
90.0,New York Islanders,Alexander Ljungkrantz,SE,RW,18.0,,Brynas IF Jr. (Sweden Jr.),,0.0,0.0,0.0,0.0,0.0,0.0,0.0,0.0,,,,,,,,,ljungal01,2020,0,0.0,0.0,0.0,0.0,,
91.0,Vegas Golden Knights,Jackson Hallum,US,LW,18.0,,St. Thomas Academy (High-MN),,0.0,0.0,0.0,0.0,0.0,0.0,0.0,0.0,,,,,,,,,halluja01,2020,0,0.0,0.0,0.0,0.0,,
92.0,New York Rangers,Oliver Tarnstrom,SE,C,18.0,,AIK Jr. (Sweden Jr.),,0.0,0.0,0.0,0.0,0.0,0.0,0.0,0.0,,,,,,,,,tarnsol01,2020,0,0.0,0.0,0.0,0.0,,
94.0,Philadelphia Flyers,Zayde Wisdom,CA,RW,18.0,,Kingston Frontenacs (OHL),,0.0,0.0,0.0,0.0,0.0,0.0,0.0,0.0,,,,,,,,,wisdoza01,2020,0,0.0,0.0,0.0,0.0,,
97.0,Detroit Red Wings,Sam Stange,US,RW,19.0,,Sioux Falls Stampede (USHL),,0.0,0.0,0.0,0.0,0.0,0.0,0.0,0.0,,,,,,,,,stangsa01,2020,0,0.0,0.0,0.0,0.0,,
98.0,San Jose Sharks,Brandon Coe,CA,RW,18.0,,North Bay Battalion (OHL),,0.0,0.0,0.0,0.0,0.0,0.0,0.0,0.0,,,,,,,,,coebr01,2020,0,0.0,0.0,0.0,0.0,,
99.0,New Jersey Devils,Jaromir Pytlik,CZ,C,18.0,,Soo Greyhounds (OHL),,0.0,0.0,0.0,0.0,0.0,0.0,0.0,0.0,,,,,,,,,pytlija01,2020,0,0.0,0.0,0.0,0.0,,
100.0,Edmonton Oilers,Carter Savoie,CA,LW,18.0,,Sherwood Park (AJHL),,0.0,0.0,0.0,0.0,0.0,0.0,0.0,0.0,,,,,,,,,savoica01,2020,0,0.0,0.0,0.0,0.0,,
102.0,Montreal Canadiens,Jack Smith,US,C,18.0,,St. Cloud Cathedral HS (High-MN),,0.0,0.0,0.0,0.0,0.0,0.0,0.0,0.0,,,,,,,,,smithja03,2020,0,0.0,0.0,0.0,0.0,,
108.0,Pittsburgh Penguins,Lukas Svejkovsky,US,C,18.0,,Medicine Hat Tigers (WHL),,0.0,0.0,0.0,0.0,0.0,0.0,0.0,0.0,,,,,,,,,svejklu01,2020,0,0.0,0.0,0.0,0.0,,
109.0,Montreal Canadiens,Blake Biondi,US,C,18.0,,Hermantown HS (High-MN),,0.0,0.0,0.0,0.0,0.0,0.0,0.0,0.0,,,,,,,,,biondbl01,2020,0,0.0,0.0,0.0,0.0,,
113.0,Vancouver Canucks,Jackson Kunz,US,LW,18.0,,Shattuck-St. Mary's School (High-MN),,0.0,0.0,0.0,0.0,0.0,0.0,0.0,0.0,,,,,,,,,kunzja01,2020,0,0.0,0.0,0.0,0.0,,
114.0,Columbus Blue Jackets,Mikael Pyyhtia,FI,LW,18.0,2025.0,TPS Jr. (Finland Jr.),66.0,4.0,0.0606060606060606,6.0,0.0909090909090909,10.0,0.151515151515152,12.4242424242425,-18.0,8.0,,,,,,,-0.8,pyyhtmi01,2020,0,0.06060606060606061,0.09090909090909091,0.15151515151515152,-0.2727272727272727,0.035606060606060606,
115.0,Carolina Hurricanes,Zion Nybeck,SE,LW,18.0,,HV71 Jr. (Sweden Jr.),,0.0,0.0,0.0,0.0,0.0,0.0,0.0,0.0,,,,,,,,,nybeczi01,2020,0,0.0,0.0,0.0,0.0,,
117.0,Washington Capitals,Bogdan Trineyev,RU,RW,18.0,,MHK Dynamo Moskva (Russia Jr.),,0.0,0.0,0.0,0.0,0.0,0.0,0.0,0.0,,,,,,,,,trinebo01,2020,0,0.0,0.0,0.0,0.0,,
118.0,Colorado Avalanche,Colby Ambrosio,CA,C,18.0,,Tri-City Storm (USHL),,0.0,0.0,0.0,0.0,0.0,0.0,0.0,0.0,,,,,,,,,ambroco01,2020,0,0.0,0.0,0.0,0.0,,
119.0,St. Louis Blues,Tanner Dickinson,US,C,18.0,,Soo Greyhounds (OHL),,0.0,0.0,0.0,0.0,0.0,0.0,0.0,0.0,,,,,,,,,dickita01,2020,0,0.0,0.0,0.0,0.0,,
121.0,New York Islanders,Alex Jefferies,US,LW,18.0,,The Gunnery (High-CT),,0.0,0.0,0.0,0.0,0.0,0.0,0.0,0.0,,,,,,,,,jeffeal01,2020,0,0.0,0.0,0.0,0.0,,
123.0,Dallas Stars,Antonio Stranges,US,LW,18.0,,London Knights (OHL),,0.0,0.0,0.0,0.0,0.0,0.0,0.0,0.0,,,,,,,,,stranan01,2020,0,0.0,0.0,0.0,0.0,,
124.0,Montreal Canadiens,Sean Farrell,US,C,18.0,2023.0,Chicago Steel (USHL),6.0,1.0,0.166666666666667,0.0,0.0,1.0,0.166666666666667,13.6666666666667,-2.0,0.0,,,,,,,0.0,farrese01,2020,0,0.16666666666666666,0.0,0.16666666666666666,-0.3333333333333333,0.011250000000000001,
126.0,Edmonton Oilers,Tyler Tullio,US,RW,18.0,,Oshawa Generals (OHL),,0.0,0.0,0.0,0.0,0.0,0.0,0.0,0.0,,,,,,,,,tullity01,2020,0,0.0,0.0,0.0,0.0,,
127.0,New York Rangers,Evan Vierling,CA,C,18.0,,Barrie Colts (OHL),,0.0,0.0,0.0,0.0,0.0,0.0,0.0,0.0,,,,,,,,,vierlev01,2020,0,0.0,0.0,0.0,0.0,,
128.0,Los Angeles Kings,Martin Chromiak,SK,RW,18.0,,Kingston Frontenacs (OHL),,0.0,0.0,0.0,0.0,0.0,0.0,0.0,0.0,,,,,,,,,chromma01,2020,0,0.0,0.0,0.0,0.0,,
129.0,Anaheim Ducks,Artyom Galimov,RU,LW,21.0,,Ak Bars Kazan (Russia),,0.0,0.0,0.0,0.0,0.0,0.0,0.0,0.0,,,,,,,,,galimar01,2020,0,0.0,0.0,0.0,0.0,,
130.0,New Jersey Devils,Artem Shlaine,RU,C,18.0,,Shattuck-St. Mary's School (High-MN),,0.0,0.0,0.0,0.0,0.0,0.0,0.0,0.0,,,,,,,,,shlaiar01,2020,0,0.0,0.0,0.0,0.0,,
131.0,Buffalo Sabres,Matteo Costantini,CA,C,18.0,,Buffalo (OJHL),,0.0,0.0,0.0,0.0,0.0,0.0,0.0,0.0,,,,,,,,,costama01,2020,0,0.0,0.0,0.0,0.0,,
134.0,New York Rangers,Brett Berard,US,LW,18.0,2026.0,USA U-18 Development Team (USDP/USHL),40.0,6.0,0.15,4.0,0.1,10.0,0.25,20.5,-7.0,14.0,,,,,,,0.6,berarbr02,2020,0,0.15,0.1,0.25,-0.175,0.07250000000000001,
135.0,Philadelphia Flyers,Elliot Desnoyers,CA,LW,,2023.0,Moncton Wildcats (QMJHL),4.0,0.0,0.0,0.0,0.0,0.0,0.0,0.0,-2.0,0.0,,,,,,,-0.2,desnoel02,2020,0,0.0,0.0,0.0,-0.5,-0.005000000000000001,
137.0,Toronto Maple Leafs,Dmitry Ovchinnikov,RU,C,18.0,,Sibirskie Snaipery Novosibirsk (Russia Jr.),,0.0,0.0,0.0,0.0,0.0,0.0,0.0,0.0,,,,,,,,,ovchidm01,2020,0,0.0,0.0,0.0,0.0,,
138.0,Edmonton Oilers,Maksim Berezkin,RU,LW,18.0,,Loko Yaroslavl (Russia Jr.),,0.0,0.0,0.0,0.0,0.0,0.0,0.0,0.0,,,,,,,,,berezma01,2020,0,0.0,0.0,0.0,0.0,,
139.0,Colorado Avalanche,Ryder Rolston,US,RW,18.0,,Waterloo Black Hawks (USHL),,0.0,0.0,0.0,0.0,0.0,0.0,0.0,0.0,,,,,,,,,rolstry01,2020,0,0.0,0.0,0.0,0.0,,
142.0,Arizona Coyotes,Carson Bantle,US,LW,18.0,,Madison Capitols (USHL),,0.0,0.0,0.0,0.0,0.0,0.0,0.0,0.0,,,,,,,,,bantlca01,2020,0,0.0,0.0,0.0,0.0,,
143.0,Calgary Flames,Ryan Francis,CA,RW,18.0,,Cape Breton Eagles (QMJHL),,0.0,0.0,0.0,0.0,0.0,0.0,0.0,0.0,,,,,,,,,francry01,2020,0,0.0,0.0,0.0,0.0,,
146.0,Minnesota Wild,Pavel Novak,CZ,RW,18.0,,Kelowna Rockets (WHL),,0.0,0.0,0.0,0.0,0.0,0.0,0.0,0.0,,,,,,,,,novakpa01,2020,0,0.0,0.0,0.0,0.0,,
147.0,Tampa Bay Lightning,Jaydon Dureau,CA,LW,19.0,,Portland Winterhawks (WHL),,0.0,0.0,0.0,0.0,0.0,0.0,0.0,0.0,,,,,,,,,dureaja01,2020,0,0.0,0.0,0.0,0.0,,
148.0,Washington Capitals,Bear Hughes,US,C,19.0,,Spokane Chiefs (WHL),,0.0,0.0,0.0,0.0,0.0,0.0,0.0,0.0,,,,,,,,,hughebe01,2020,0,0.0,0.0,0.0,0.0,,
149.0,Pittsburgh Penguins,Raivis Ansons,LV,RW,18.0,,Baie-Comeau Drakkar (QMJHL),,0.0,0.0,0.0,0.0,0.0,0.0,0.0,0.0,,,,,,,,,ansonra01,2020,0,0.0,0.0,0.0,0.0,,
152.0,New York Islanders,William Dufour,CA,RW,18.0,2023.0,Drummondville Voltigeurs (QMJHL),1.0,0.0,0.0,0.0,0.0,0.0,0.0,0.0,-2.0,0.0,,,,,,,-0.1,dufouwi01,2020,0,0.0,0.0,0.0,-2.0,-0.005000000000000001,
154.0,Dallas Stars,Daniel Ljungman,SE,C,18.0,,Linkoping HC Jr. (Sweden Jr.),,0.0,0.0,0.0,0.0,0.0,0.0,0.0,0.0,,,,,,,,,ljungda01,2020,0,0.0,0.0,0.0,0.0,,
155.0,Ottawa Senators,Eric Engstrand,SE,LW,20.0,,Malmo Jr. (Sweden Jr.),,0.0,0.0,0.0,0.0,0.0,0.0,0.0,0.0,,,,,,,,,engster01,2020,0,0.0,0.0,0.0,0.0,,
157.0,Tampa Bay Lightning,Nick Capone,US,RW,18.0,,Tri-City Storm (USHL),,0.0,0.0,0.0,0.0,0.0,0.0,0.0,0.0,,,,,,,,,caponni01,2020,0,0.0,0.0,0.0,0.0,,
158.0,Ottawa Senators,Philippe Daoust,CA,C,18.0,,Moncton Wildcats (QMJHL),,0.0,0.0,0.0,0.0,0.0,0.0,0.0,0.0,,,,,,,,,daousph01,2020,0,0.0,0.0,0.0,0.0,,
159.0,Carolina Hurricanes,Lucas Mercuri,CA,C,18.0,,Salisbury School (High-CT),,0.0,0.0,0.0,0.0,0.0,0.0,0.0,0.0,,,,,,,,,merculu01,2020,0,0.0,0.0,0.0,0.0,,
160.0,Anaheim Ducks,Albin Sundsvik,SE,C,19.0,,Skelleftea AIK (Sweden),,0.0,0.0,0.0,0.0,0.0,0.0,0.0,0.0,,,,,,,,,sundsal02,2020,0,0.0,0.0,0.0,0.0,,
161.0,New Jersey Devils,Benjamin Baumgartner,AT,C,20.0,,HC Davos (Swiss),,0.0,0.0,0.0,0.0,0.0,0.0,0.0,0.0,,,,,,,,,baumgbe01,2020,0,0.0,0.0,0.0,0.0,,
162.0,Dallas Stars,Yevgeni Oksentyuk,BY,LW,19.0,,Flint Firebirds (OHL),,0.0,0.0,0.0,0.0,0.0,0.0,0.0,0.0,,,,,,,,,oksenye01,2020,0,0.0,0.0,0.0,0.0,,
165.0,New York Rangers,Matt Rempe,CA,C,18.0,2026.0,Seattle Thunderbirds (WHL),68.0,5.0,0.0735294117647059,6.0,0.0882352941176471,11.0,0.161764705882353,13.2647058823529,9.0,145.0,,,,,,,1.0,rempema01,2020,0,0.07352941176470588,0.08823529411764706,0.16176470588235295,0.1323529411764706,0.05919117647058825,
167.0,Colorado Avalanche,Nils Aman,SE,C,20.0,2026.0,Leksands IF Jr. (Sweden Jr.),132.0,8.0,0.0606060606060606,21.0,0.159090909090909,29.0,0.21969696969697,18.0151515151515,-17.0,28.0,,,,,,,0.3,amanni01,2020,0,0.06060606060606061,0.1590909090909091,0.2196969696969697,-0.12878787878787878,0.06496212121212122,
168.0,Toronto Maple Leafs,Veeti Miettinen,FI,RW,18.0,,Kiekko-Espoo Jr. (Finland Jr.),,0.0,0.0,0.0,0.0,0.0,0.0,0.0,0.0,,,,,,,,,miettve01,2020,0,0.0,0.0,0.0,0.0,,
169.0,Edmonton Oilers,Filip Engaras,SE,C,21.0,,New Hampshire (H-East),,0.0,0.0,0.0,0.0,0.0,0.0,0.0,0.0,,,,,,,,,engarfi01,2020,0,0.0,0.0,0.0,0.0,,
170.0,Pittsburgh Penguins,Chase Yoder,US,C,18.0,,USA U-18 Development Team (USDP/USHL),,0.0,0.0,0.0,0.0,0.0,0.0,0.0,0.0,,,,,,,,,yoderch01,2020,0,0.0,0.0,0.0,0.0,,
171.0,Montreal Canadiens,Alexander Gordin,RU,RW,19.0,,SKA 1946 St. Petersburg (Russia Jr.),,0.0,0.0,0.0,0.0,0.0,0.0,0.0,0.0,,,,,,,,,gordial01,2020,0,0.0,0.0,0.0,0.0,,
172.0,Chicago Blackhawks,Chad Yetman,CA,C,20.0,,Erie Otters (OHL),,0.0,0.0,0.0,0.0,0.0,0.0,0.0,0.0,,,,,,,,,yetmach01,2020,0,0.0,0.0,0.0,0.0,,
173.0,Arizona Coyotes,Filip Barklund,SE,C,18.0,,Orebro HK Jr. (Sweden Jr.),,0.0,0.0,0.0,0.0,0.0,0.0,0.0,0.0,,,,,,,,,barklfi01,2020,0,0.0,0.0,0.0,0.0,,
174.0,Calgary Flames,Rory Kerins,CA,C,18.0,2026.0,Soo Greyhounds (OHL),7.0,0.0,0.0,4.0,0.571428571428571,4.0,0.571428571428571,46.8571428571428,2.0,0.0,,,,,,,0.4,kerinro01,2020,0,0.0,0.5714285714285714,0.5714285714285714,0.2857142857142857,0.06999999999999999,
175.0,Vancouver Canucks,Dmitry Zlodeyev,RU,C,18.0,,MHK Dynamo Moskva (Russia Jr.),,0.0,0.0,0.0,0.0,0.0,0.0,0.0,0.0,,,,,,,,,zlodedm01,2020,0,0.0,0.0,0.0,0.0,,
178.0,Philadelphia Flyers,Connor McClennon,CA,RW,18.0,,Winnipeg Ice (WHL),,0.0,0.0,0.0,0.0,0.0,0.0,0.0,0.0,,,,,,,,,mccleco01,2020,0,0.0,0.0,0.0,0.0,,
180.0,Toronto Maple Leafs,Joe Miller,US,C,18.0,,Blake School (High-MN),,0.0,0.0,0.0,0.0,0.0,0.0,0.0,0.0,,,,,,,,,millejo02,2020,0,0.0,0.0,0.0,0.0,,
181.0,Ottawa Senators,Cole Reinhardt,CA,LW,20.0,2026.0,Brandon Wheat Kings (WHL),36.0,2.0,0.0555555555555556,4.0,0.111111111111111,6.0,0.166666666666667,13.6666666666667,-6.0,25.0,,,,,,,0.1,reinhco01,2020,0,0.05555555555555555,0.1111111111111111,0.16666666666666666,-0.16666666666666666,0.04583333333333333,
182.0,Boston Bruins,Riley Duran,US,C,18.0,2025.0,Lawrence Academy (High-MA),2.0,0.0,0.0,0.0,0.0,0.0,0.0,0.0,-1.0,2.0,,,,,,,-0.1,duranri01,2020,0,0.0,0.0,0.0,-0.5,-0.0025000000000000005,
187.0,Detroit Red Wings,Kienan Draper,US,RW,18.0,,St. Andrew's College (High-ON),,0.0,0.0,0.0,0.0,0.0,0.0,0.0,0.0,,,,,,,,,drapeki01,2020,0,0.0,0.0,0.0,0.0,,
190.0,Los Angeles Kings,Aatu Jamsen,FI,RW,18.0,,Pelicans Jr. (Finland Jr.),,0.0,0.0,0.0,0.0,0.0,0.0,0.0,0.0,,,,,,,,,jamseaa01,2020,0,0.0,0.0,0.0,0.0,,
192.0,Arizona Coyotes,Elliot Ekefjard,SE,RW,18.0,,IF Bjorkloven Jr. (Sweden Jr.),,0.0,0.0,0.0,0.0,0.0,0.0,0.0,0.0,,,,,,,,,ekefjel01,2020,0,0.0,0.0,0.0,0.0,,
195.0,Toronto Maple Leafs,Wyatt Schingoethe,US,C,18.0,,Waterloo Black Hawks (USHL),,0.0,0.0,0.0,0.0,0.0,0.0,0.0,0.0,,,,,,,,,schinwy01,2020,0,0.0,0.0,0.0,0.0,,
196.0,San Jose Sharks,Alex Young,CA,C,19.0,,Canmore (AJHL),,0.0,0.0,0.0,0.0,0.0,0.0,0.0,0.0,,,,,,,,,youngal01,2020,0,0.0,0.0,0.0,0.0,,
198.0,Florida Panthers,Elliot Ekmark,SE,C,18.0,,Linkoping HC Jr. (Sweden Jr.),,0.0,0.0,0.0,0.0,0.0,0.0,0.0,0.0,,,,,,,,,ekmarel01,2020,0,0.0,0.0,0.0,0.0,,
199.0,Carolina Hurricanes,Alexander Pashin,RU,RW,18.0,,Tolpar Ufa (Russia Jr.),,0.0,0.0,0.0,0.0,0.0,0.0,0.0,0.0,,,,,,,,,pashial01,2020,0,0.0,0.0,0.0,0.0,,
200.0,Edmonton Oilers,Jeremias Lindewall,SE,RW,18.0,,MODO Hockey Jr. (Sweden Jr.),,0.0,0.0,0.0,0.0,0.0,0.0,0.0,0.0,,,,,,,,,lindeje01,2020,0,0.0,0.0,0.0,0.0,,
201.0,San Jose Sharks,Adam Raska,CZ,RW,18.0,2024.0,Rimouski Oceanic (QMJHL),13.0,0.0,0.0,0.0,0.0,0.0,0.0,0.0,1.0,7.0,,,,,,,-0.1,raskaad01,2020,0,0.0,0.0,0.0,0.07692307692307693,0.0025,
202.0,Nashville Predators,Gunnarwolfe Fontaine,US,LW,19.0,,Chicago Steel (USHL),,0.0,0.0,0.0,0.0,0.0,0.0,0.0,0.0,,,,,,,,,fontagu01,2020,0,0.0,0.0,0.0,0.0,,
203.0,Detroit Red Wings,Chase Bradley,US,LW,18.0,2025.0,Omaha Lancers (USHL),2.0,0.0,0.0,0.0,0.0,0.0,0.0,0.0,0.0,0.0,,,,,,,0.0,bradlch01,2020,0,0.0,0.0,0.0,0.0,0.0,
204.0,Arizona Coyotes,Ben McCartney,CA,LW,19.0,2022.0,Brandon Wheat Kings (WHL),2.0,0.0,0.0,0.0,0.0,0.0,0.0,0.0,0.0,4.0,,,,,,,0.0,mccarbe02,2020,0,0.0,0.0,0.0,0.0,0.0,
206.0,San Jose Sharks,Linus Oberg,SE,C,20.0,,Orebro HK (Sweden),,0.0,0.0,0.0,0.0,0.0,0.0,0.0,0.0,,,,,,,,,obergli01,2020,0,0.0,0.0,0.0,0.0,,
207.0,Anaheim Ducks,Ethan Bowen,CA,C,18.0,,Chilliwack (BCHL),,0.0,0.0,0.0,0.0,0.0,0.0,0.0,0.0,,,,,,,,,bowenet01,2020,0,0.0,0.0,0.0,0.0,,
209.0,Nashville Predators,Chase McLane,US,C,20.0,,Tri-City Storm (USHL),,0.0,0.0,0.0,0.0,0.0,0.0,0.0,0.0,,,,,,,,,mclanch01,2020,0,0.0,0.0,0.0,0.0,,
210.0,San Jose Sharks,Timofey Spitserov,RU,RW,18.0,,Culver Military Academy (High-IN),,0.0,0.0,0.0,0.0,0.0,0.0,0.0,0.0,,,,,,,,,spitsti01,2020,0,0.0,0.0,0.0,0.0,,
211.0,Washington Capitals,Oskar Magnusson,SE,LW,18.0,,Malmo Jr. (Sweden Jr.),,0.0,0.0,0.0,0.0,0.0,0.0,0.0,0.0,,,,,,,,,magnuos01,2020,0,0.0,0.0,0.0,0.0,,
213.0,Toronto Maple Leafs,Ryan Tverberg,CA,C,18.0,,Toronto (OJHL),,0.0,0.0,0.0,0.0,0.0,0.0,0.0,0.0,,,,,,,,,tverbry01,2020,0,0.0,0.0,0.0,0.0,,
215.0,Vegas Golden Knights,Maxim Marushev,RU,C,21.0,,Bars Kazan (Russia-2),,0.0,0.0,0.0,0.0,0.0,0.0,0.0,0.0,,,,,,,,,marusma01,2020,0,0.0,0.0,0.0,0.0,,
216.0,Buffalo Sabres,Jakub Konecny,CZ,C,18.0,,HC Sparta Praha Jr. (Czech Jr.),,0.0,0.0,0.0,0.0,0.0,0.0,0.0,0.0,,,,,,,,,konecja01,2020,0,0.0,0.0,0.0,0.0,,
217.0,Tampa Bay Lightning,Declan McDonnell,US,RW,18.0,,Kitchener Rangers (OHL),,0.0,0.0,0.0,0.0,0.0,0.0,0.0,0.0,,,,,,,,,mcdonde01,2020,0,0.0,0.0,0.0,0.0,,
1.0,New Jersey Devils,Jack Hughes,US,C,18.0,2026.0,USA U-18 Development Team (USDP/USHL),385.0,151.0,0.392207792207792,220.0,0.571428571428571,371.0,0.963636363636364,,-32.0,62.0,,,,,,,38.5,hugheja03,2019,0,0.3922077922077922,0.5714285714285714,0.9636363636363636,-0.08311688311688312,0.3090259740259741,
2.0,New York Rangers,Kaapo Kakko,FI,RW,18.0,2026.0,TPS (Finland),387.0,72.0,0.186046511627907,90.0,0.232558139534884,162.0,0.418604651162791,,1.0,108.0,,,,,,,13.5,kakkoka01,2019,0,0.18604651162790697,0.23255813953488372,0.4186046511627907,0.002583979328165375,0.13617571059431524,
3.0,Chicago Blackhawks,Kirby Dach,CA,C,18.0,2026.0,Saskatoon Blades (WHL),284.0,48.0,0.169014084507042,80.0,0.28169014084507,128.0,0.450704225352113,,-53.0,170.0,,,,,,,7.8,dachki01,2019,0,0.16901408450704225,0.28169014084507044,0.4507042253521127,-0.18661971830985916,0.13714788732394367,
5.0,Los Angeles Kings,Alex Turcotte,US,C,18.0,2026.0,USA U-18 Development Team (USDP/USHL),125.0,11.0,0.088,22.0,0.176,33.0,0.264,,6.0,48.0,,,,,,,2.5,turcoal02,2019,0,0.088,0.176,0.264,0.048,0.08820000000000001,
7.0,Buffalo Sabres,Dylan Cozens,CA,C,18.0,2026.0,Lethbridge Hurricanes (WHL),388.0,90.0,0.231958762886598,139.0,0.358247422680412,229.0,0.59020618556701,,-68.0,242.0,,,,,,,18.4,cozendy01,2019,0,0.23195876288659795,0.3582474226804124,0.5902061855670103,-0.17525773195876287,0.18305412371134022,
9.0,Anaheim Ducks,Trevor Zegras,US,C,18.0,2026.0,USA U-18 Development Team (USDP/USHL),293.0,76.0,0.25938566552901,135.0,0.460750853242321,211.0,0.720136518771331,,-47.0,223.0,,,,,,,18.0,zegratr01,2019,0,0.2593856655290102,0.46075085324232085,0.7201365187713311,-0.16040955631399317,0.22602389078498297,
10.0,Vancouver Canucks,Vasily Podkolzin,RU,RW,18.0,2026.0,SKA Neva St. Petersburg (Russia-2),246.0,30.0,0.121951219512195,39.0,0.158536585365854,69.0,0.280487804878049,,5.0,100.0,,,,,,,4.7,podkova01,2019,0,0.12195121951219512,0.15853658536585366,0.2804878048780488,0.02032520325203252,0.0921747967479675,
12.0,Minnesota Wild,Matthew Boldy,US,LW,18.0,2026.0,USA U-18 Development Team (USDP/USHL),312.0,117.0,0.375,156.0,0.5,273.0,0.875,,29.0,166.0,,,,,,,30.0,boldyma01,2019,0,0.375,0.5,0.875,0.09294871794871795,0.2890224358974359,
15.0,Montreal Canadiens,Cole Caufield,US,RW,18.0,2026.0,USA U-18 Development Team (USDP/USHL),312.0,132.0,0.423076923076923,115.0,0.368589743589744,247.0,0.791666666666667,,-22.0,52.0,,,,,,,27.2,caufico01,2019,0,0.4230769230769231,0.3685897435897436,0.7916666666666666,-0.07051282051282051,0.2537660256410257,
16.0,Colorado Avalanche,Alex Newhook,CA,C,18.0,2026.0,Victoria (BCHL),313.0,63.0,0.201277955271565,75.0,0.23961661341853,138.0,0.440894568690096,,-9.0,86.0,,,,,,,11.4,newhoal01,2019,0,0.2012779552715655,0.23961661341853036,0.44089456869009586,-0.02875399361022364,0.14185303514376998,
17.0,Vegas Golden Knights,Peyton Krebs,CA,C,18.0,2026.0,Kootenay Ice (WHL),322.0,30.0,0.093167701863354,71.0,0.220496894409938,101.0,0.313664596273292,,-38.0,233.0,,,,,,,4.1,krebspe01,2019,0,0.09316770186335403,0.2204968944099379,0.3136645962732919,-0.11801242236024845,0.09604037267080745,
21.0,Pittsburgh Penguins,Samuel Poulin,CA,RW,18.0,2026.0,Sherbrooke Phoenix (QMJHL),15.0,0.0,0.0,2.0,0.133333333333333,2.0,0.133333333333333,,-5.0,6.0,,,,,,,-0.2,poulisa01,2019,0,0.0,0.13333333333333333,0.13333333333333333,-0.3333333333333333,0.02,
23.0,New York Islanders,Simon Holmström,SE,RW,18.0,2026.0,HV71 Jr. (Sweden Jr.),226.0,45.0,0.199115044247788,43.0,0.190265486725664,88.0,0.389380530973451,,-3.0,30.0,,,,,,,8.0,holmssi01,2019,0,0.19911504424778761,0.1902654867256637,0.3893805309734513,-0.01327433628318584,0.12588495575221237,
24.0,Nashville Predators,Philip Tomasino,CA,C,18.0,2026.0,Niagara IceDogs (OHL),218.0,34.0,0.155963302752294,61.0,0.279816513761468,95.0,0.435779816513761,,-11.0,49.0,,,,,,,7.7,tomasph01,2019,0,0.1559633027522936,0.2798165137614679,0.43577981651376146,-0.05045871559633028,0.13910550458715595,
25.0,Washington Capitals,Connor McMichael,CA,C,18.0,2026.0,London Knights (OHL),264.0,57.0,0.215909090909091,66.0,0.25,123.0,0.465909090909091,,2.0,108.0,,,,,,,11.4,mcmicco01,2019,0,0.2159090909090909,0.25,0.4659090909090909,0.007575757575757576,0.15179924242424242,
26.0,Calgary Flames,Jakob Pelletier,CA,LW,18.0,2026.0,Moncton Wildcats (QMJHL),87.0,11.0,0.126436781609195,18.0,0.206896551724138,29.0,0.333333333333333,,3.0,14.0,,,,,,,2.4,pelleja01,2019,0,0.12643678160919541,0.20689655172413793,0.3333333333333333,0.034482758620689655,0.11005747126436782,
27.0,Tampa Bay Lightning,Nolan Foote,US,LW,18.0,2025.0,Kelowna Rockets (WHL),30.0,6.0,0.2,3.0,0.1,9.0,0.3,,3.0,0.0,,,,,,,1.1,footeno01,2019,0,0.2,0.1,0.3,0.1,0.1025,
28.0,Carolina Hurricanes,Ryan Suzuki,CA,C,18.0,2025.0,Barrie Colts (OHL),2.0,0.0,0.0,0.0,0.0,0.0,0.0,,1.0,0.0,,,,,,,0.0,suzukry01,2019,0,0.0,0.0,0.0,0.5,0.0025000000000000005,
29.0,Anaheim Ducks,Brayden Tracey,CA,LW,18.0,2022.0,Moose Jaw Warriors (WHL),1.0,0.0,0.0,0.0,0.0,0.0,0.0,,-1.0,0.0,,,,,,,-0.1,tracebr01,2019,0,0.0,0.0,0.0,-1.0,-0.0025000000000000005,
30.0,Boston Bruins,John Beecher,US,C,18.0,2026.0,USA U-18 Development Team (USDP/USHL),143.0,11.0,0.0769230769230769,12.0,0.0839160839160839,23.0,0.160839160839161,,-20.0,52.0,,,,,,,0.2,beechjo01,2019,0,0.07692307692307693,0.08391608391608392,0.16083916083916083,-0.13986013986013987,0.04527972027972028,
32.0,Ottawa Senators,Shane Pinto,US,C,18.0,2026.0,Tri-City Storm (USHL),236.0,63.0,0.266949152542373,62.0,0.26271186440678,125.0,0.529661016949153,,8.0,86.0,,,,,,,12.7,pintosh01,2019,0,0.2669491525423729,0.2627118644067797,0.5296610169491526,0.03389830508474576,0.17383474576271188,
33.0,Los Angeles Kings,Arthur Kaliyev,UZ,RW,18.0,2026.0,Hamilton Bulldogs (OHL),204.0,38.0,0.186274509803922,38.0,0.186274509803922,76.0,0.372549019607843,,-10.0,65.0,,,,,,,6.8,kaliyar01,2019,0,0.18627450980392157,0.18627450980392157,0.37254901960784315,-0.049019607843137254,0.11862745098039215,
34.0,Philadelphia Flyers,Bobby Brink,US,RW,18.0,2026.0,Sioux City Musketeers (USHL),171.0,29.0,0.169590643274854,49.0,0.286549707602339,78.0,0.456140350877193,,-22.0,46.0,,,,,,,5.9,brinkbo01,2019,0,0.1695906432748538,0.28654970760233917,0.45614035087719296,-0.1286549707602339,0.141812865497076,
38.0,Edmonton Oilers,Raphael Lavoie,CA,C,18.0,2025.0,Halifax Mooseheads (QMJHL),16.0,0.0,0.0,0.0,0.0,0.0,0.0,,-6.0,4.0,,,,,,,-0.5,lavoira01,2019,0,0.0,0.0,0.0,-0.375,-0.015000000000000003,
40.0,Vancouver Canucks,Nils Hoglander,SE,LW,18.0,2025.0,Rogle BK (Sweden),293.0,58.0,0.197952218430034,57.0,0.194539249146758,115.0,0.392491467576792,,14.0,127.0,,,,,,,11.5,hoglani01,2019,0,0.19795221843003413,0.1945392491467577,0.3924914675767918,0.04778156996587031,0.12994880546075085,
42.0,Minnesota Wild,Vladislav Firstov,RU,LW,18.0,,Waterloo Black Hawks (USHL),,0.0,0.0,0.0,0.0,0.0,0.0,,0.0,,,,,,,,,firstvl01,2019,0,0.0,0.0,0.0,0.0,,
44.0,Carolina Hurricanes,Jamieson Rees,CA,C,18.0,,Sarnia Sting (OHL),,0.0,0.0,0.0,0.0,0.0,0.0,,0.0,,,,,,,,,reesja01,2019,0,0.0,0.0,0.0,0.0,,
45.0,Nashville Predators,Egor Afanasyev,RU,LW,18.0,2024.0,Muskegon Lumberjacks (USHL),19.0,1.0,0.0526315789473684,0.0,0.0,1.0,0.0526315789473684,,-8.0,2.0,,,,,,,-0.4,afanaeg01,2019,0,0.05263157894736842,0.0,0.05263157894736842,-0.42105263157894735,-0.0037500000000000016,
50.0,Los Angeles Kings,Samuel Fagemo,SE,LW,19.0,2024.0,Frolunda HC (Sweden),21.0,3.0,0.142857142857143,1.0,0.0476190476190476,4.0,0.19047619047619,,-7.0,0.0,,,,,,,0.1,fagemsa01,2019,0,0.14285714285714285,0.047619047619047616,0.19047619047619047,-0.3333333333333333,0.045238095238095244,
53.0,Toronto Maple Leafs,Nicholas Robertson,US,LW,18.0,2026.0,Peterborough Petes (OHL),181.0,38.0,0.209944751381215,30.0,0.165745856353591,68.0,0.375690607734807,,-1.0,24.0,,,,,,,6.6,roberni01,2019,0,0.20994475138121546,0.16574585635359115,0.3756906077348066,-0.0055248618784530384,0.1218232044198895,
54.0,Detroit Red Wings,Robert Mastrosimone,US,LW,18.0,,Chicago Steel (USHL),,0.0,0.0,0.0,0.0,0.0,0.0,,0.0,,,,,,,,,mastrro01,2019,0,0.0,0.0,0.0,0.0,,
55.0,San Jose Sharks,Dillon Hamaliuk,CA,LW,18.0,,Seattle Thunderbirds (WHL),,0.0,0.0,0.0,0.0,0.0,0.0,,0.0,,,,,,,,,hamaldi01,2019,0,0.0,0.0,0.0,0.0,,
56.0,Washington Capitals,Brett Leason,CA,RW,20.0,2025.0,Prince Albert Raiders (WHL),220.0,25.0,0.113636363636364,29.0,0.131818181818182,54.0,0.245454545454545,,-29.0,54.0,,,,,,,2.2,leasobr01,2019,0,0.11363636363636363,0.1318181818181818,0.24545454545454545,-0.1318181818181818,0.07318181818181818,
58.0,New York Rangers,Karl Henriksson,SE,C,18.0,,Frolunda HC Jr. (Sweden Jr.),,0.0,0.0,0.0,0.0,0.0,0.0,,0.0,,,,,,,,,henrika01,2019,0,0.0,0.0,0.0,0.0,,
62.0,St. Louis Blues,Nikita Alexandrov,DE,C,18.0,2024.0,Charlottetown Islanders (QMJHL),51.0,3.0,0.0588235294117647,6.0,0.117647058823529,9.0,0.176470588235294,,-4.0,12.0,,,,,,,0.3,alexani01,2019,0,0.058823529411764705,0.11764705882352941,0.17647058823529413,-0.0784313725490196,0.05343137254901961,
63.0,Colorado Avalanche,Matthew Stienburg,CA,C,18.0,2025.0,St. Andrew's College (High-ON),8.0,0.0,0.0,0.0,0.0,0.0,0.0,,0.0,22.0,,,,,,,-0.1,stienma01,2019,0,0.0,0.0,0.0,0.0,0.0,
65.0,Nashville Predators,Alexander Campbell,CA,LW,18.0,,Victoria (BCHL),,0.0,0.0,0.0,0.0,0.0,0.0,,0.0,,,,,,,,,campbal01,2019,0,0.0,0.0,0.0,0.0,,
66.0,Detroit Red Wings,Albin Grewe,SE,RW,18.0,,Djurgardens IF Jr. (Sweden Jr.),,0.0,0.0,0.0,0.0,0.0,0.0,,0.0,,,,,,,,,greweal01,2019,0,0.0,0.0,0.0,0.0,,
73.0,Carolina Hurricanes,Patrick Puistola,FI,RW,18.0,,Tappara Jr. (Finland Jr.),,0.0,0.0,0.0,0.0,0.0,0.0,,0.0,,,,,,,,,puistpa01,2019,0,0.0,0.0,0.0,0.0,,
74.0,Pittsburgh Penguins,Nathan Legare,CA,RW,18.0,2026.0,Baie-Comeau Drakkar (QMJHL),4.0,0.0,0.0,0.0,0.0,0.0,0.0,,-1.0,0.0,,,,,,,-0.1,legarna01,2019,0,0.0,0.0,0.0,-0.25,-0.0025000000000000005,
75.0,Minnesota Wild,Adam Beckman,CA,LW,18.0,2024.0,Spokane Chiefs (WHL),23.0,0.0,0.0,3.0,0.130434782608696,3.0,0.130434782608696,,-5.0,14.0,,,,,,,-0.3,beckmad01,2019,0,0.0,0.13043478260869565,0.13043478260869565,-0.21739130434782608,0.03152173913043479,
76.0,Arizona Coyotes,John Farinacci,US,C,18.0,2025.0,Dexter Southfield School (High-MA),1.0,1.0,1.0,0.0,0.0,1.0,1.0,,1.0,0.0,,,,,,,0.2,farinjo01,2019,0,1.0,0.0,1.0,1.0,0.018750000000000003,
78.0,Colorado Avalanche,Alex Beaucage,CA,RW,18.0,,Rouyn-Noranda Huskies (QMJHL),,0.0,0.0,0.0,0.0,0.0,0.0,,0.0,,,,,,,,,beaucal01,2019,0,0.0,0.0,0.0,0.0,,
79.0,Vegas Golden Knights,Pavel Dorofeyev,RU,LW,18.0,2026.0,Metallurg Magnitogorsk (Russia),175.0,66.0,0.377142857142857,36.0,0.205714285714286,102.0,0.582857142857143,,7.0,56.0,,,,,,,12.3,dorofpa01,2019,0,0.37714285714285717,0.2057142857142857,0.5828571428571429,0.04,0.19142857142857145,
80.0,New Jersey Devils,Graeme Clarke,US,RW,18.0,2024.0,Ottawa 67's (OHL),3.0,0.0,0.0,0.0,0.0,0.0,0.0,,-2.0,2.0,,,,,,,-0.1,clarkgr01,2019,0,0.0,0.0,0.0,-0.6666666666666666,-0.005,
81.0,Florida Panthers,Cole Schwindt,CA,RW,18.0,2026.0,Mississauga Steelheads (OHL),59.0,3.0,0.0508474576271186,7.0,0.11864406779661,10.0,0.169491525423729,,-2.0,2.0,,,,,,,0.3,schwico01,2019,0,0.05084745762711865,0.11864406779661017,0.1694915254237288,-0.03389830508474576,0.05338983050847458,
88.0,Calgary Flames,Ilya Nikolaev,RU,C,18.0,,Loko Yaroslavl (Russia Jr.),,0.0,0.0,0.0,0.0,0.0,0.0,,0.0,,,,,,,,,nikolil01,2019,0,0.0,0.0,0.0,0.0,,
89.0,Tampa Bay Lightning,Maxim Cajkovic,SK,RW,18.0,,Saint John Sea Dogs (QMJHL),,0.0,0.0,0.0,0.0,0.0,0.0,,0.0,,,,,,,,,cajkoma01,2019,0,0.0,0.0,0.0,0.0,,
91.0,Washington Capitals,Aliaksei Protas,BY,C,18.0,2026.0,Prince Albert Raiders (WHL),272.0,51.0,0.1875,85.0,0.3125,136.0,0.5,,53.0,42.0,,,,,,,14.1,protaal01,2019,0,0.1875,0.3125,0.5,0.1948529411764706,0.17224264705882353,
92.0,Boston Bruins,Quinn Olson,CA,LW,18.0,,Okotoks (AJHL),,0.0,0.0,0.0,0.0,0.0,0.0,,0.0,,,,,,,,,olsonqu01,2019,0,0.0,0.0,0.0,0.0,,
94.0,Ottawa Senators,Viktor Lodin,SE,C,20.0,2022.0,Orebro HK (Sweden),1.0,0.0,0.0,0.0,0.0,0.0,0.0,,0.0,0.0,,,,,,,0.0,lodinvi01,2019,0,0.0,0.0,0.0,0.0,0.0,
96.0,New Jersey Devils,Tyce Thompson,US,RW,20.0,2023.0,Providence (H-East),11.0,0.0,0.0,1.0,0.0909090909090909,1.0,0.0909090909090909,,-4.0,0.0,,,,,,,-0.2,thompty01,2019,0,0.0,0.09090909090909091,0.09090909090909091,-0.36363636363636365,0.00625,
97.0,Detroit Red Wings,Ethan Phillips,CA,C,18.0,,Sioux Falls Stampede (USHL),,0.0,0.0,0.0,0.0,0.0,0.0,,0.0,,,,,,,,,phillet01,2019,0,0.0,0.0,0.0,0.0,,
98.0,Arizona Coyotes,Matias Maccelli,FI,LW,18.0,2026.0,Dubuque Fighting Saints (USHL),246.0,41.0,0.166666666666667,98.0,0.398373983739837,139.0,0.565040650406504,,-25.0,42.0,,,,,,,10.3,maccema01,2019,0,0.16666666666666666,0.3983739837398374,0.5650406504065041,-0.1016260162601626,0.17855691056910572,
100.0,Edmonton Oilers,Matej Blumel,CZ,RW,19.0,2026.0,Waterloo Black Hawks (USHL),17.0,2.0,0.117647058823529,0.0,0.0,2.0,0.117647058823529,,-6.0,0.0,,,,,,,-0.1,blumema01,2019,0,0.11764705882352941,0.0,0.11764705882352941,-0.35294117647058826,0.017499999999999998,
102.0,Buffalo Sabres,Aaron Huglen,US,RW,18.0,,Roseau HS (High-MN),,0.0,0.0,0.0,0.0,0.0,0.0,,0.0,,,,,,,,,hugleaa01,2019,0,0.0,0.0,0.0,0.0,,
105.0,Chicago Blackhawks,Michael Teply,CZ,LW,18.0,,HC Benatky nad Jizerou (Czech-2),,0.0,0.0,0.0,0.0,0.0,0.0,,0.0,,,,,,,,,teplymi01,2019,0,0.0,0.0,0.0,0.0,,
107.0,Arizona Coyotes,Alexandr Darin,RU,RW,19.0,,Loko Yaroslavl (Russia Jr.),,0.0,0.0,0.0,0.0,0.0,0.0,,0.0,,,,,,,,,darinal01,2019,0,0.0,0.0,0.0,0.0,,
108.0,San Jose Sharks,Yegor Spiridonov,RU,C,18.0,,Stalnye Lisy Magnitogorsk (Russia Jr.),,0.0,0.0,0.0,0.0,0.0,0.0,,0.0,,,,,,,,,spiriye01,2019,0,0.0,0.0,0.0,0.0,,
110.0,Vegas Golden Knights,Ryder Donovan,US,C,18.0,,Duluth East HS (High-MN),,0.0,0.0,0.0,0.0,0.0,0.0,,0.0,,,,,,,,,donovry01,2019,0,0.0,0.0,0.0,0.0,,
113.0,Winnipeg Jets,Henri Nikkanen,FI,C,18.0,,Jukurit Jr. (Finland Jr.),,0.0,0.0,0.0,0.0,0.0,0.0,,0.0,,,,,,,,,nikkahe01,2019,0,0.0,0.0,0.0,0.0,,
114.0,Columbus Blue Jackets,Dimitri Voronkov,RU,LW,19.0,2026.0,Bars Kazan (Russia-2),174.0,50.0,0.28735632183908,49.0,0.281609195402299,99.0,0.568965517241379,,17.0,141.0,,,,,,,10.7,vorondi01,2019,0,0.28735632183908044,0.28160919540229884,0.5689655172413793,0.09770114942528736,0.18979885057471263,
115.0,Toronto Maple Leafs,Mikhail Abramov,RU,C,18.0,,Victoriaville Tigres (QMJHL),,0.0,0.0,0.0,0.0,0.0,0.0,,0.0,,,,,,,,,abrammi01,2019,0,0.0,0.0,0.0,0.0,,
116.0,Calgary Flames,Lucas Feuk,SE,LW,18.0,,Sodertalje SK Jr. (Sweden Jr.),,0.0,0.0,0.0,0.0,0.0,0.0,,0.0,,,,,,,,,feuklu01,2019,0,0.0,0.0,0.0,0.0,,
121.0,Carolina Hurricanes,Tuukka Tieksola,FI,RW,18.0,,Karpat Jr. (Finland Jr.),,0.0,0.0,0.0,0.0,0.0,0.0,,0.0,,,,,,,,,tiekstu01,2019,0,0.0,0.0,0.0,0.0,,
122.0,Vancouver Canucks,Ethan Keppen,CA,LW,18.0,,Flint Firebirds (OHL),,0.0,0.0,0.0,0.0,0.0,0.0,,0.0,,,,,,,,,keppeet01,2019,0,0.0,0.0,0.0,0.0,,
123.0,Chicago Blackhawks,Antti Saarela,FI,C,18.0,,Lukko (Finland),,0.0,0.0,0.0,0.0,0.0,0.0,,0.0,,,,,,,,,saarean01,2019,0,0.0,0.0,0.0,0.0,,
124.0,Toronto Maple Leafs,Nicholas Abruzzese,US,C,20.0,2023.0,Chicago Steel (USHL),11.0,1.0,0.0909090909090909,2.0,0.181818181818182,3.0,0.272727272727273,,0.0,2.0,,,,,,,0.2,abruzni01,2019,0,0.09090909090909091,0.18181818181818182,0.2727272727272727,0.0,0.048749999999999995,
125.0,Ottawa Senators,Mark Kastelic,US,C,20.0,2026.0,Calgary Hitmen (WHL),233.0,23.0,0.0987124463519313,24.0,0.103004291845494,47.0,0.201716738197425,,-11.0,335.0,,,,,,,3.1,kastema01,2019,0,0.09871244635193133,0.10300429184549356,0.2017167381974249,-0.04721030042918455,0.06319742489270386,
129.0,New Jersey Devils,Arseny Gritsyuk,RU,RW,18.0,2026.0,Omskie Yastreby (Russia Jr.),26.0,6.0,0.230769230769231,7.0,0.269230769230769,13.0,0.5,,-3.0,12.0,,,,,,,1.2,gritsar01,2019,0,0.23076923076923078,0.2692307692307692,0.5,-0.11538461538461539,0.15673076923076923,
130.0,New York Rangers,Leevi Aaltonen,FI,RW,18.0,,KalPa Jr. (Finland Jr.),,0.0,0.0,0.0,0.0,0.0,0.0,,0.0,,,,,,,,,aaltole01,2019,0,0.0,0.0,0.0,0.0,,
131.0,Montreal Canadiens,Rhett Pitlick,US,LW,18.0,,Chaska HS (High-MN),,0.0,0.0,0.0,0.0,0.0,0.0,,0.0,,,,,,,,,pitlirh01,2019,0,0.0,0.0,0.0,0.0,,
132.0,Anaheim Ducks,Trevor Janicke,US,C,18.0,,Central Illinois Flying Aces (USHL),,0.0,0.0,0.0,0.0,0.0,0.0,,0.0,,,,,,,,,janictr01,2019,0,0.0,0.0,0.0,0.0,,
133.0,Vancouver Canucks,Carson Focht,CA,C,19.0,,Calgary Hitmen (WHL),,0.0,0.0,0.0,0.0,0.0,0.0,,0.0,,,,,,,,,fochtca01,2019,0,0.0,0.0,0.0,0.0,,
134.0,Winnipeg Jets,Harrison Blaisdell,GB,C,18.0,,Chilliwack (BCHL),,0.0,0.0,0.0,0.0,0.0,0.0,,0.0,,,,,,,,,blaisha01,2019,0,0.0,0.0,0.0,0.0,,
136.0,Florida Panthers,Henrik Rybinski,CA,RW,18.0,,Seattle Thunderbirds (WHL),,0.0,0.0,0.0,0.0,0.0,0.0,,0.0,,,,,,,,,rybinhe01,2019,0,0.0,0.0,0.0,0.0,,
137.0,Florida Panthers,Owen Lindmark,US,C,18.0,,USA U-18 Development Team (USDP/USHL),,0.0,0.0,0.0,0.0,0.0,0.0,,0.0,,,,,,,,,lindmow01,2019,0,0.0,0.0,0.0,0.0,,
139.0,Vegas Golden Knights,Marcus Kallionkieli,FI,LW,18.0,,Sioux City Musketeers (USHL),,0.0,0.0,0.0,0.0,0.0,0.0,,0.0,,,,,,,,,kallima01,2019,0,0.0,0.0,0.0,0.0,,
140.0,Colorado Avalanche,Sasha Mutala,CA,RW,18.0,,Tri-City Americans (WHL),,0.0,0.0,0.0,0.0,0.0,0.0,,0.0,,,,,,,,,mutalsa01,2019,0,0.0,0.0,0.0,0.0,,
141.0,Vegas Golden Knights,Mason Primeau,CA,C,18.0,,North Bay Battalion (OHL),,0.0,0.0,0.0,0.0,0.0,0.0,,0.0,,,,,,,,,primema01,2019,0,0.0,0.0,0.0,0.0,,
142.0,Dallas Stars,Nicholas Porco,CA,LW,18.0,,Saginaw Spirit (OHL),,0.0,0.0,0.0,0.0,0.0,0.0,,0.0,,,,,,,,,porconi01,2019,0,0.0,0.0,0.0,0.0,,
143.0,Buffalo Sabres,Filip Cederqvist,SE,LW,19.0,,Vaxjo Lakers HC (Sweden),,0.0,0.0,0.0,0.0,0.0,0.0,,0.0,,,,,,,,,cederfi01,2019,0,0.0,0.0,0.0,0.0,,
145.0,Pittsburgh Penguins,Judd Caulfield,US,RW,18.0,,USA U-18 Development Team (USDP/USHL),,0.0,0.0,0.0,0.0,0.0,0.0,,0.0,,,,,,,,,caulfju01,2019,0,0.0,0.0,0.0,0.0,,
147.0,New York Islanders,Reece Newkirk,CA,C,18.0,,Portland Winterhawks (WHL),,0.0,0.0,0.0,0.0,0.0,0.0,,0.0,,,,,,,,,newkire01,2019,0,0.0,0.0,0.0,0.0,,
149.0,Minnesota Wild,Matvey Guskov,RU,C,18.0,,London Knights (OHL),,0.0,0.0,0.0,0.0,0.0,0.0,,0.0,,,,,,,,,guskoma01,2019,0,0.0,0.0,0.0,0.0,,
150.0,Calgary Flames,Joshua Nodler,US,C,18.0,,Fargo Force (USHL),,0.0,0.0,0.0,0.0,0.0,0.0,,0.0,,,,,,,,,nodlejo01,2019,0,0.0,0.0,0.0,0.0,,
151.0,Arizona Coyotes,Aku Raty,FI,RW,18.0,2024.0,Karpat Jr. (Finland Jr.),1.0,0.0,0.0,1.0,1.0,1.0,1.0,,0.0,0.0,,,,,,,0.1,ratyak01,2019,0,0.0,1.0,1.0,0.0,0.01625,
152.0,Carolina Hurricanes,Kirill Slepets,RU,RW,20.0,,Loko Yaroslavl (Russia Jr.),,0.0,0.0,0.0,0.0,0.0,0.0,,0.0,,,,,,,,,slepeki01,2019,0,0.0,0.0,0.0,0.0,,
155.0,St. Louis Blues,Keean Washkurak,CA,C,18.0,,Mississauga Steelheads (OHL),,0.0,0.0,0.0,0.0,0.0,0.0,,0.0,,,,,,,,,washkke01,2019,0,0.0,0.0,0.0,0.0,,
158.0,New Jersey Devils,Patrick Moynihan,US,RW,18.0,,USA U-18 Development Team (USDP/USHL),,0.0,0.0,0.0,0.0,0.0,0.0,,0.0,,,,,,,,,moynipa01,2019,0,0.0,0.0,0.0,0.0,,
159.0,Detroit Red Wings,Elmer Soderblom,SE,RW,18.0,2026.0,Frolunda HC Jr. (Sweden Jr.),61.0,10.0,0.163934426229508,10.0,0.163934426229508,20.0,0.327868852459016,,-1.0,16.0,,,,,,,1.8,soderel01,2019,0,0.16393442622950818,0.16393442622950818,0.32786885245901637,-0.01639344262295082,0.10573770491803278,
160.0,Buffalo Sabres,Lukas Rousek,CZ,RW,20.0,2024.0,HC Sparta Praha (Czech),17.0,1.0,0.0588235294117647,3.0,0.176470588235294,4.0,0.235294117647059,,1.0,0.0,,,,,,,0.2,rouselu01,2019,0,0.058823529411764705,0.17647058823529413,0.23529411764705882,0.058823529411764705,0.0675,
161.0,New York Rangers,Adam Edstrom,SE,C,18.0,2026.0,Mora IK Jr. (Sweden Jr.),86.0,9.0,0.104651162790698,6.0,0.0697674418604651,15.0,0.174418604651163,,2.0,31.0,,,,,,,1.2,edstrad01,2019,0,0.10465116279069768,0.06976744186046512,0.1744186046511628,0.023255813953488372,0.057848837209302326,
162.0,Edmonton Oilers,Tomas Mazura,CZ,C,18.0,,Kimball Union Academy (High-NH),,0.0,0.0,0.0,0.0,0.0,0.0,,0.0,,,,,,,,,mazurto01,2019,0,0.0,0.0,0.0,0.0,,
164.0,San Jose Sharks,Timur Ibragimov,RU,LW,18.0,,SKA 1946 St. Petersburg (Russia Jr.),,0.0,0.0,0.0,0.0,0.0,0.0,,0.0,,,,,,,,,ibragti01,2019,0,0.0,0.0,0.0,0.0,,
165.0,Philadelphia Flyers,Egor Serdyuk,RU,RW,18.0,,Victoriaville Tigres (QMJHL),,0.0,0.0,0.0,0.0,0.0,0.0,,0.0,,,,,,,,,serdyeg01,2019,0,0.0,0.0,0.0,0.0,,
168.0,Florida Panthers,Greg Meireles,CA,C,20.0,,Kitchener Rangers (OHL),,0.0,0.0,0.0,0.0,0.0,0.0,,0.0,,,,,,,,,meiregr01,2019,0,0.0,0.0,0.0,0.0,,
170.0,Montreal Canadiens,Arsen Khisamutdinov,RU,C,21.0,,Reaktor Nizhnekamsk (Russia Jr.),,0.0,0.0,0.0,0.0,0.0,0.0,,0.0,,,,,,,,,khisaar01,2019,0,0.0,0.0,0.0,0.0,,
171.0,Colorado Avalanche,Luka Burzan,CA,RW,19.0,,Brandon Wheat Kings (WHL),,0.0,0.0,0.0,0.0,0.0,0.0,,0.0,,,,,,,,,burzalu01,2019,0,0.0,0.0,0.0,0.0,,
172.0,Minnesota Wild,Nikita Nesterenko,US,C,18.0,2026.0,Lawrenceville School (High-NJ),55.0,7.0,0.127272727272727,9.0,0.163636363636364,16.0,0.290909090909091,,-6.0,10.0,,,,,,,0.9,nesteni02,2019,0,0.12727272727272726,0.16363636363636364,0.2909090909090909,-0.10909090909090909,0.08909090909090908,
174.0,Arizona Coyotes,Danil Savunov,RU,LW,18.0,,Dizel Penza (Russia-2),,0.0,0.0,0.0,0.0,0.0,0.0,,0.0,,,,,,,,,savunda01,2019,0,0.0,0.0,0.0,0.0,,
175.0,Vancouver Canucks,Karel Plasek,CZ,RW,19.0,,HC Kometa Brno (Czech),,0.0,0.0,0.0,0.0,0.0,0.0,,0.0,,,,,,,,,plaseka01,2019,0,0.0,0.0,0.0,0.0,,
176.0,Arizona Coyotes,Anthony Romano,CA,C,18.0,,Sioux Falls Stampede (USHL),,0.0,0.0,0.0,0.0,0.0,0.0,,0.0,,,,,,,,,romanan01,2019,0,0.0,0.0,0.0,0.0,,
178.0,New York Islanders,Felix Bibeau,CA,C,20.0,,Rouyn-Noranda Huskies (QMJHL),,0.0,0.0,0.0,0.0,0.0,0.0,,0.0,,,,,,,,,bibeafe01,2019,0,0.0,0.0,0.0,0.0,,
179.0,Nashville Predators,Isak Walther,SE,RW,18.0,,Sodertalje SK Jr. (Sweden Jr.),,0.0,0.0,0.0,0.0,0.0,0.0,,0.0,,,,,,,,,walthis01,2019,0,0.0,0.0,0.0,0.0,,
180.0,Vancouver Canucks,Jack Malone,US,RW,18.0,,Youngstown Phantoms (USHL),,0.0,0.0,0.0,0.0,0.0,0.0,,0.0,,,,,,,,,malonja01,2019,0,0.0,0.0,0.0,0.0,,
181.0,Carolina Hurricanes,Kevin Wall,US,RW,19.0,,Chilliwack (BCHL),,0.0,0.0,0.0,0.0,0.0,0.0,,0.0,,,,,,,,,wallke01,2019,0,0.0,0.0,0.0,0.0,,
183.0,Carolina Hurricanes,Blake Murray,CA,C,18.0,,Sudbury Wolves (OHL),,0.0,0.0,0.0,0.0,0.0,0.0,,0.0,,,,,,,,,murrabl01,2019,0,0.0,0.0,0.0,0.0,,
185.0,Boston Bruins,Matias Mantykivi,FI,C,18.0,,SaiPa Jr. (Finland Jr.),,0.0,0.0,0.0,0.0,0.0,0.0,,0.0,,,,,,,,,mantyma01,2019,0,0.0,0.0,0.0,0.0,,
188.0,Los Angeles Kings,Andre Lee,SE,LW,19.0,2025.0,Sioux Falls Stampede (USHL),19.0,1.0,0.0526315789473684,2.0,0.105263157894737,3.0,0.157894736842105,,-5.0,11.0,,,,,,,-0.1,leean02,2019,0,0.05263157894736842,0.10526315789473684,0.15789473684210525,-0.2631578947368421,0.03625,
189.0,New Jersey Devils,Nikola Pasic,SE,RW,18.0,,Linkoping HC Jr. (Sweden Jr.),,0.0,0.0,0.0,0.0,0.0,0.0,,0.0,,,,,,,,,pasicni01,2019,0,0.0,0.0,0.0,0.0,,
190.0,Detroit Red Wings,Kirill Tyutyayev,RU,LW,19.0,,Avto Yekaterinburg (Russia Jr.),,0.0,0.0,0.0,0.0,0.0,0.0,,0.0,,,,,,,,,tyutyki01,2019,0,0.0,0.0,0.0,0.0,,
192.0,Boston Bruins,Jake Schmaltz,US,LW,18.0,,Chicago Steel (USHL),,0.0,0.0,0.0,0.0,0.0,0.0,,0.0,,,,,,,,,schmaja01,2019,0,0.0,0.0,0.0,0.0,,
193.0,Edmonton Oilers,Maxim Denezhkin,RU,C,18.0,,Loko Yaroslavl (Russia Jr.),,0.0,0.0,0.0,0.0,0.0,0.0,,0.0,,,,,,,,,denezma01,2019,0,0.0,0.0,0.0,0.0,,
195.0,Vancouver Canucks,Aidan McDonough,US,LW,19.0,2023.0,Cedar Rapids RoughRiders (USHL),6.0,1.0,0.166666666666667,0.0,0.0,1.0,0.166666666666667,,-2.0,2.0,,,,,,,0.0,mcdonai01,2019,0,0.16666666666666666,0.0,0.16666666666666666,-0.3333333333333333,0.011250000000000001,
196.0,Philadelphia Flyers,Bryce Brodzinski,US,RW,19.0,,Blaine HS (High-MN),,0.0,0.0,0.0,0.0,0.0,0.0,,0.0,,,,,,,,,brodzbr01,2019,0,0.0,0.0,0.0,0.0,,
198.0,Tampa Bay Lightning,Mikhail Shalagin,RU,LW,20.0,,MHK Spartak Moskva (Russia Jr.),,0.0,0.0,0.0,0.0,0.0,0.0,,0.0,,,,,,,,,shalami01,2019,0,0.0,0.0,0.0,0.0,,
199.0,Florida Panthers,Matthew Wedman,CA,C,20.0,,Seattle Thunderbirds (WHL),,0.0,0.0,0.0,0.0,0.0,0.0,,0.0,,,,,,,,,wedmama01,2019,0,0.0,0.0,0.0,0.0,,
201.0,Montreal Canadiens,Rafael Harvey-Pinard,CA,LW,20.0,2025.0,Rouyn-Noranda Huskies (QMJHL),84.0,17.0,0.202380952380952,14.0,0.166666666666667,31.0,0.369047619047619,,3.0,16.0,,,,,,,2.7,harvera01,2019,0,0.20238095238095238,0.16666666666666666,0.36904761904761907,0.03571428571428571,0.12172619047619047,
203.0,Pittsburgh Penguins,Valtteri Puustinen,FI,RW,20.0,2025.0,HPK (Finland),66.0,7.0,0.106060606060606,17.0,0.257575757575758,24.0,0.363636363636364,,2.0,10.0,,,,,,,1.8,puustva01,2019,0,0.10606060606060606,0.25757575757575757,0.36363636363636365,0.030303030303030304,0.1196969696969697,
205.0,New York Rangers,Eric Ciccolini,CA,RW,18.0,,Toronto (OJHL),,0.0,0.0,0.0,0.0,0.0,0.0,,0.0,,,,,,,,,ciccoer01,2019,0,0.0,0.0,0.0,0.0,,
207.0,Arizona Coyotes,Valentin Nussbaumer,CH,C,18.0,,Shawinigan Cataractes (QMJHL),,0.0,0.0,0.0,0.0,0.0,0.0,,0.0,,,,,,,,,nussbva01,2019,0,0.0,0.0,0.0,0.0,,
209.0,New York Islanders,Cole Coskey,US,RW,20.0,,Saginaw Spirit (OHL),,0.0,0.0,0.0,0.0,0.0,0.0,,0.0,,,,,,,,,coskeco01,2019,0,0.0,0.0,0.0,0.0,,
210.0,Nashville Predators,Juuso Parssinen,FI,C,18.0,2026.0,TPS Jr. (Finland Jr.),151.0,22.0,0.145695364238411,34.0,0.225165562913907,56.0,0.370860927152318,,-9.0,48.0,,,,,,,4.3,parssju01,2019,0,0.1456953642384106,0.2251655629139073,0.3708609271523179,-0.059602649006622516,0.11754966887417219,
212.0,Columbus Blue Jackets,Tyler Angle,CA,C,18.0,2024.0,Windsor Spitfires (OHL),4.0,1.0,0.25,0.0,0.0,1.0,0.25,,-3.0,0.0,,,,,,,0.0,anglety01,2019,0,0.25,0.0,0.25,-0.75,0.008749999999999999,
213.0,Tampa Bay Lightning,Mckade Webster,US,LW,19.0,,Green Bay Gamblers (USHL),,0.0,0.0,0.0,0.0,0.0,0.0,,0.0,,,,,,,,,webstmc01,2019,0,0.0,0.0,0.0,0.0,,
215.0,Vancouver Canucks,Arvid Costmar,SE,C,18.0,,Linkoping HC Jr. (Sweden Jr.),,0.0,0.0,0.0,0.0,0.0,0.0,,0.0,,,,,,,,,costmar01,2019,0,0.0,0.0,0.0,0.0,,
216.0,Carolina Hurricanes,Massimo Rizzo,CA,C,18.0,,Penticton (BCHL),,0.0,0.0,0.0,0.0,0.0,0.0,,0.0,,,,,,,,,rizzoma01,2019,0,0.0,0.0,0.0,0.0,,
217.0,St. Louis Blues,Jeremy Michel,CA,LW,18.0,,Val-d'Or Foreurs (QMJHL),,0.0,0.0,0.0,0.0,0.0,0.0,,0.0,,,,,,,,,micheje01,2019,0,0.0,0.0,0.0,0.0,,
2.0,Carolina Hurricanes,Andrei Svechnikov,RU,RW,18.0,2026.0,Barrie Colts (OHL),503.0,158.0,0.314115308151093,220.0,0.000624483714018078,378.0,0.751491053677932,,40.0,439.0,,,,,,,41.0,svechan01,2018,0,0.31411530815109345,0.43737574552683894,0.7514910536779325,0.07952286282306163,0.24821073558648113,
3.0,Montreal Canadiens,Jesperi Kotkaniemi,FI,C,18.0,2026.0,Assat (Finland),491.0,78.0,0.158859470468432,121.0,0.000323542709711674,199.0,0.405295315682281,,10.0,234.0,,,,,,,17.0,kotkaje01,2018,0,0.15885947046843177,0.24643584521384929,0.40529531568228105,0.020366598778004074,0.13273930753564153,
4.0,Ottawa Senators,Brady Tkachuk,US,LW,18.0,2026.0,Boston University (H-East),518.0,192.0,0.370656370656371,218.0,0.000715552839104963,410.0,0.791505791505792,,-55.0,754.0,,,,,,,42.9,tkachbr01,2018,0,0.37065637065637064,0.42084942084942084,0.7915057915057915,-0.10617760617760617,0.2519305019305019,
5.0,Arizona Coyotes,Barrett Hayton,CA,C,18.0,2026.0,Soo Greyhounds (OHL),315.0,58.0,0.184126984126984,77.0,0.000584530108339632,135.0,0.428571428571429,,-30.0,165.0,,,,,,,9.5,haytoba01,2018,0,0.18412698412698414,0.24444444444444444,0.42857142857142855,-0.09523809523809523,0.13452380952380952,
6.0,Detroit Red Wings,Filip Zadina,CZ,RW,18.0,2024.0,Halifax Mooseheads (QMJHL),262.0,41.0,0.156488549618321,50.0,0.000597284540527943,91.0,0.347328244274809,,-95.0,40.0,,,,,,,4.1,zadinfi01,2018,0,0.15648854961832062,0.19083969465648856,0.3473282442748092,-0.36259541984732824,0.09475190839694657,
9.0,New York Rangers,Vitali Kravtsov,RU,RW,18.0,2023.0,Traktor Chelyabinsk (Russia),64.0,6.0,0.09375,6.0,0.00146484375,12.0,0.1875,,-3.0,14.0,,,,,,,0.4,kravtvi01,2018,0,0.09375,0.09375,0.1875,-0.046875,0.05859375000000001,
11.0,New York Islanders,Oliver Wahlstrom,US,RW,18.0,2025.0,USA U-18 Development Team (USDP/USHL),236.0,37.0,0.156779661016949,36.0,0.000664320597529445,73.0,0.309322033898305,,-13.0,176.0,,,,,,,6.5,wahlsol01,2018,0,0.15677966101694915,0.15254237288135594,0.3093220338983051,-0.05508474576271186,0.09777542372881357,
13.0,Dallas Stars,Ty Dellandrea,CA,C,18.0,2026.0,Flint Firebirds (OHL),246.0,17.0,0.0691056910569106,41.0,0.000280917443320775,58.0,0.235772357723577,,-42.0,169.0,,,,,,,0.6,dellaty01,2018,0,0.06910569105691057,0.16666666666666666,0.23577235772357724,-0.17073170731707318,0.06808943089430894,
14.0,Philadelphia Flyers,Joel Farabee,US,LW,18.0,2026.0,USA U-18 Development Team (USDP/USHL),443.0,100.0,0.225733634311512,120.0,0.000509556736594835,220.0,0.496613995485327,,-43.0,238.0,,,,,,,19.2,farabjo01,2018,0,0.22573363431151242,0.2708803611738149,0.4966139954853273,-0.09706546275395034,0.15654627539503388,
15.0,Florida Panthers,Grigori Denisenko,RU,LW,18.0,2025.0,Loko Yaroslavl (Russia Jr.),33.0,0.0,0.0,7.0,0.0,7.0,0.212121212121212,,-7.0,12.0,,,,,,,-0.2,denisgr01,2018,0,0.0,0.21212121212121213,0.21212121212121213,-0.21212121212121213,0.058333333333333334,
16.0,Colorado Avalanche,Martin Kaut,CZ,RW,18.0,2023.0,HC Dynamo Pardubice (Czech),56.0,6.0,0.107142857142857,5.0,0.00191326530612245,11.0,0.196428571428571,,-4.0,10.0,,,,,,,0.6,kautma01,2018,0,0.10714285714285714,0.08928571428571429,0.19642857142857142,-0.07142857142857142,0.06026785714285714,
18.0,Columbus Blue Jackets,Liam Foudy,CA,C,18.0,2025.0,London Knights (OHL),104.0,7.0,0.0673076923076923,15.0,0.000647189349112426,22.0,0.211538461538462,,-29.0,16.0,,,,,,,-0.1,foudyli01,2018,0,0.0673076923076923,0.14423076923076922,0.21153846153846154,-0.27884615384615385,0.054807692307692314,
19.0,Philadelphia Flyers,Jay O'Brien,US,C,18.0,,Thayer Academy (High-MA),,0.0,0.0,0.0,0.0,0.0,0.0,,0.0,,,,,,,,,obrieja01,2018,0,0.0,0.0,0.0,0.0,,
20.0,Los Angeles Kings,Rasmus Kupari,FI,C,18.0,2025.0,Karpat (Finland),217.0,14.0,0.0645161290322581,24.0,0.00029730935037907,38.0,0.175115207373272,,-21.0,52.0,,,,,,,0.6,kuparra01,2018,0,0.06451612903225806,0.11059907834101383,0.17511520737327188,-0.0967741935483871,0.05207373271889401,
23.0,Anaheim Ducks,Isac Lundestrom,SE,C,18.0,2026.0,Lulea HF (Sweden),362.0,35.0,0.0966850828729282,52.0,0.000267085864289857,87.0,0.240331491712707,,-42.0,42.0,,,,,,,2.2,lundeis01,2018,0,0.09668508287292818,0.143646408839779,0.24033149171270718,-0.11602209944751381,0.07230662983425414,
25.0,St. Louis Blues,Dominik Bokk,DE,RW,18.0,,Vaxjo Lakers HC Jr. (Sweden Jr.),,0.0,0.0,0.0,0.0,0.0,0.0,,0.0,,,,,,,,,bokkdo01,2018,0,0.0,0.0,0.0,0.0,,
30.0,Detroit Red Wings,Joseph Veleno,CA,C,18.0,2026.0,Drummondville Voltigeurs (QMJHL),326.0,39.0,0.119631901840491,43.0,0.000366969024050586,82.0,0.251533742331288,,-75.0,111.0,,,,,,,2.3,velenjo01,2018,0,0.1196319018404908,0.13190184049079753,0.25153374233128833,-0.23006134969325154,0.07024539877300613,
33.0,Detroit Red Wings,Jonatan Berggren,SE,RW,18.0,2026.0,Skelleftea AIK Jr. (Sweden Jr.),168.0,31.0,0.18452380952381,33.0,0.0010983560090703,64.0,0.380952380952381,,-31.0,38.0,,,,,,,4.9,berggjo02,2018,0,0.18452380952380953,0.19642857142857142,0.38095238095238093,-0.18452380952380953,0.11458333333333334,
34.0,Florida Panthers,Serron Noel,CA,RW,18.0,,Oshawa Generals (OHL),,0.0,0.0,0.0,0.0,0.0,0.0,,0.0,,,,,,,,,noelse01,2018,0,0.0,0.0,0.0,0.0,,
35.0,Montreal Canadiens,Jesse Ylonen,US,RW,18.0,2024.0,Espoo United (Finland-2),111.0,12.0,0.108108108108108,17.0,0.000973946919892865,29.0,0.261261261261261,,-7.0,14.0,,,,,,,1.6,yloneje01,2018,0,0.10810810810810811,0.15315315315315314,0.26126126126126126,-0.06306306306306306,0.08175675675675675,
40.0,Edmonton Oilers,Ryan McLeod,CA,C,18.0,2026.0,Mississauga Steelheads (OHL),324.0,57.0,0.175925925925926,85.0,0.000542981252857796,142.0,0.438271604938272,,21.0,56.0,,,,,,,11.8,mcleory01,2018,0,0.17592592592592593,0.2623456790123457,0.4382716049382716,0.06481481481481481,0.145679012345679,
42.0,Carolina Hurricanes,Jack Drury,US,C,18.0,2026.0,Waterloo Black Hawks (USHL),212.0,24.0,0.113207547169811,40.0,0.000533997864008542,64.0,0.30188679245283,,17.0,83.0,,,,,,,4.9,druryja01,2018,0,0.11320754716981132,0.18867924528301888,0.3018867924528302,0.08018867924528301,0.10212264150943397,
43.0,New York Islanders,Ruslan Iskhakov,RU,C,18.0,2024.0,Krasnaya Armiya Moskva (Russia Jr.),1.0,0.0,0.0,1.0,0.0,1.0,1.0,,0.0,0.0,,,,,,,0.1,iskharu01,2018,0,0.0,1.0,1.0,0.0,0.01625,
44.0,Dallas Stars,Albin Eriksson,SE,RW,18.0,,Skelleftea AIK Jr. (Sweden Jr.),,0.0,0.0,0.0,0.0,0.0,0.0,,0.0,,,,,,,,,eriksal01,2018,0,0.0,0.0,0.0,0.0,,
47.0,Washington Capitals,Kody Clark,US,RW,18.0,,Ottawa 67's (OHL),,0.0,0.0,0.0,0.0,0.0,0.0,,0.0,,,,,,,,,clarkko01,2018,0,0.0,0.0,0.0,0.0,,
49.0,Columbus Blue Jackets,Kirill Marchenko,RU,RW,18.0,2026.0,Mamonty Yugry (Russia Jr.),238.0,83.0,0.348739495798319,80.0,0.0014652919991526,163.0,0.684873949579832,,9.0,58.0,,,,,,,17.7,marchki01,2018,0,0.3487394957983193,0.33613445378151263,0.6848739495798319,0.037815126050420166,0.22447478991596642,
51.0,Los Angeles Kings,Akil Thomas,CA,C,18.0,2025.0,Niagara IceDogs (OHL),32.0,4.0,0.125,3.0,0.00390625,7.0,0.21875,,-4.0,9.0,,,,,,,0.4,thomaak01,2018,0,0.125,0.09375,0.21875,-0.125,0.06484375,
54.0,Anaheim Ducks,Benoit-Olivier Groulx,CA,C,18.0,2024.0,Halifax Mooseheads (QMJHL),65.0,1.0,0.0153846153846154,4.0,0.000236686390532545,5.0,0.0769230769230769,,-9.0,24.0,,,,,,,-1.0,groulbe01,2018,0,0.015384615384615385,0.06153846153846154,0.07692307692307693,-0.13846153846153847,0.018076923076923077,
56.0,Montreal Canadiens,Jacob Olofsson,SE,C,18.0,,Timra IK (Sweden-2),,0.0,0.0,0.0,0.0,0.0,0.0,,0.0,,,,,,,,,olofsja01,2018,0,0.0,0.0,0.0,0.0,,
58.0,Pittsburgh Penguins,Filip Hallander,SE,C,18.0,2026.0,Timra IK (Sweden-2),16.0,1.0,0.0625,3.0,0.00390625,4.0,0.25,,4.0,2.0,,,,,,,0.4,hallafi01,2018,0,0.0625,0.1875,0.25,0.25,0.07500000000000001,
59.0,Tampa Bay Lightning,Gabriel Fortier,CA,LW,18.0,2023.0,Baie-Comeau Drakkar (QMJHL),11.0,1.0,0.0909090909090909,0.0,0.00826446280991735,1.0,0.0909090909090909,,-2.0,4.0,,,,,,,-0.1,fortiga01,2018,0,0.09090909090909091,0.0,0.09090909090909091,-0.18181818181818182,0.011250000000000001,
60.0,Winnipeg Jets,David Gustafsson,SE,C,18.0,2025.0,HV71 (Sweden),149.0,6.0,0.0402684563758389,14.0,0.00027025809648214,20.0,0.134228187919463,,10.0,13.0,,,,,,,0.8,gustada01,2018,0,0.040268456375838924,0.09395973154362416,0.1342281879194631,0.06711409395973154,0.04697986577181209,
61.0,Vegas Golden Knights,Ivan Morozov,RU,C,18.0,,Mamonty Yugry (Russia Jr.),,0.0,0.0,0.0,0.0,0.0,0.0,,0.0,,,,,,,,,moroziv01,2018,0,0.0,0.0,0.0,0.0,,
63.0,Minnesota Wild,Jack McBain,CA,C,18.0,2026.0,Toronto (OJHL),268.0,37.0,0.138059701492537,50.0,0.000515148139897526,87.0,0.324626865671642,,3.0,230.0,,,,,,,6.3,mcbaija03,2018,0,0.13805970149253732,0.1865671641791045,0.3246268656716418,0.011194029850746268,0.1060634328358209,
65.0,Arizona Coyotes,Jan Jenik,CZ,RW,18.0,2025.0,HC Benatky nad Jizerou (Czech-2),24.0,4.0,0.166666666666667,2.0,0.00694444444444446,6.0,0.25,,-5.0,20.0,,,,,,,0.4,jenikja01,2018,0,0.16666666666666666,0.08333333333333333,0.25,-0.20833333333333334,0.07083333333333333,
66.0,Montreal Canadiens,Cameron Hillis,CA,C,18.0,2022.0,Guelph Storm (OHL),1.0,0.0,0.0,0.0,0.0,0.0,0.0,,0.0,0.0,,,,,,,0.0,hillica01,2018,0,0.0,0.0,0.0,0.0,0.0,
68.0,Vancouver Canucks,Tyler Madden,US,C,18.0,,Tri-City Storm (USHL),,0.0,0.0,0.0,0.0,0.0,0.0,,0.0,,,,,,,,,maddety01,2018,0,0.0,0.0,0.0,0.0,,
69.0,Chicago Blackhawks,Jake Wise,US,C,18.0,,USA U-18 Development Team (USDP/USHL),,0.0,0.0,0.0,0.0,0.0,0.0,,0.0,,,,,,,,,wiseja01,2018,0,0.0,0.0,0.0,0.0,,
74.0,Chicago Blackhawks,Niklas Nordgren,FI,RW,18.0,,HIFK Jr. (Finland Jr.),,0.0,0.0,0.0,0.0,0.0,0.0,,0.0,,,,,,,,,nordgni02,2018,0,0.0,0.0,0.0,0.0,,
75.0,Dallas Stars,Oskar Back,SE,C,18.0,2026.0,Farjestad BK Jr. (Sweden Jr.),90.0,5.0,0.0555555555555556,15.0,0.000617283950617284,20.0,0.222222222222222,,3.0,10.0,,,,,,,0.7,backos01,2018,0,0.05555555555555555,0.16666666666666666,0.2222222222222222,0.03333333333333333,0.07388888888888888,
76.0,Toronto Maple Leafs,Semyon Der-Arguchintsev,RU,C,18.0,2023.0,Peterborough Petes (OHL),1.0,0.0,0.0,0.0,0.0,0.0,0.0,,1.0,0.0,,,,,,,0.0,derarse01,2018,0,0.0,0.0,0.0,1.0,0.0025000000000000005,
77.0,Boston Bruins,Jakub Lauko,CZ,C,18.0,2025.0,Pirati Chomutov (Czech),139.0,11.0,0.079136690647482,17.0,0.000569328709694115,28.0,0.201438848920863,,-14.0,90.0,,,,,,,1.1,laukoja01,2018,0,0.07913669064748201,0.1223021582733813,0.2014388489208633,-0.10071942446043165,0.060431654676259,
78.0,Colorado Avalanche,Sampo Ranta,FI,LW,18.0,2023.0,Sioux City Musketeers (USHL),16.0,0.0,0.0,0.0,0.0,0.0,0.0,,-4.0,6.0,,,,,,,-0.4,rantasa01,2018,0,0.0,0.0,0.0,-0.25,-0.010000000000000002,
79.0,Anaheim Ducks,Blake McLaughlin,US,LW,18.0,,Chicago Steel (USHL),,0.0,0.0,0.0,0.0,0.0,0.0,,0.0,,,,,,,,,mclaubl01,2018,0,0.0,0.0,0.0,0.0,,
80.0,Columbus Blue Jackets,Marcus Karlberg,SE,LW,18.0,,Leksands IF Jr. (Sweden Jr.),,0.0,0.0,0.0,0.0,0.0,0.0,,0.0,,,,,,,,,karlbma01,2018,0,0.0,0.0,0.0,0.0,,
82.0,Los Angeles Kings,Bulat Shafigullin,RU,LW,18.0,,Reaktor Nizhnekamsk (Russia Jr.),,0.0,0.0,0.0,0.0,0.0,0.0,,0.0,,,,,,,,,shafibu01,2018,0,0.0,0.0,0.0,0.0,,
83.0,Toronto Maple Leafs,Riley Stotts,CA,C,18.0,,Calgary Hitmen (WHL),,0.0,0.0,0.0,0.0,0.0,0.0,,0.0,,,,,,,,,stottri01,2018,0,0.0,0.0,0.0,0.0,,
86.0,Minnesota Wild,Alexander Khovanov,RU,C,18.0,,Moncton Wildcats (QMJHL),,0.0,0.0,0.0,0.0,0.0,0.0,,0.0,,,,,,,,,khovaal01,2018,0,0.0,0.0,0.0,0.0,,
87.0,San Jose Sharks,Linus Karlsson,SE,C,18.0,2026.0,Karlskrona HK Jr. (Sweden Jr.),51.0,8.0,0.156862745098039,7.0,0.00307574009996155,15.0,0.294117647058824,,2.0,22.0,,,,,,,1.6,karlsli01,2018,0,0.1568627450980392,0.13725490196078433,0.29411764705882354,0.0392156862745098,0.09754901960784312,
89.0,Florida Panthers,Logan Hutsko,US,RW,19.0,,Boston College (H-East),,0.0,0.0,0.0,0.0,0.0,0.0,,0.0,,,,,,,,,hutsklo01,2018,0,0.0,0.0,0.0,0.0,,
91.0,Winnipeg Jets,Nathan Smith,US,C,19.0,2023.0,Cedar Rapids RoughRiders (USHL),14.0,2.0,0.142857142857143,2.0,0.0102040816326531,4.0,0.285714285714286,,-2.0,6.0,,,,,,,0.2,smithna03,2018,0,0.14285714285714285,0.14285714285714285,0.2857142857142857,-0.14285714285714285,0.06,
92.0,Minnesota Wild,Connor Dewar,CA,C,19.0,2026.0,Everett Silvertips (WHL),263.0,28.0,0.106463878326996,33.0,0.000404805621015194,61.0,0.231939163498099,,-21.0,123.0,,,,,,,3.0,dewarco01,2018,0,0.10646387832699619,0.12547528517110265,0.23193916349809887,-0.07984790874524715,0.07138783269961976,
93.0,Washington Capitals,Riley Sutter,CA,RW,18.0,,Everett Silvertips (WHL),,0.0,0.0,0.0,0.0,0.0,0.0,,0.0,,,,,,,,,sutteri02,2018,0,0.0,0.0,0.0,0.0,,
94.0,Buffalo Sabres,Matej Pekar,CZ,C,18.0,,Muskegon Lumberjacks (USHL),,0.0,0.0,0.0,0.0,0.0,0.0,,0.0,,,,,,,,,pekarma01,2018,0,0.0,0.0,0.0,0.0,,
95.0,Ottawa Senators,Jonathan Gruden,CA,C,18.0,2024.0,USA U-18 Development Team (USDP/USHL),16.0,1.0,0.0625,0.0,0.00390625,1.0,0.0625,,-2.0,5.0,,,,,,,-0.1,grudejo02,2018,0,0.0625,0.0,0.0625,-0.125,0.011250000000000001,
96.0,Carolina Hurricanes,Luke Henman,CA,C,18.0,,Blainville-Boisbriand Armada (QMJHL),,0.0,0.0,0.0,0.0,0.0,0.0,,0.0,,,,,,,,,henmalu01,2018,0,0.0,0.0,0.0,0.0,,
97.0,Montreal Canadiens,Allan McShane,CA,C,18.0,,Oshawa Generals (OHL),,0.0,0.0,0.0,0.0,0.0,0.0,,0.0,,,,,,,,,mcshaal01,2018,0,0.0,0.0,0.0,0.0,,
98.0,Detroit Red Wings,Ryan O'Reilly,US,RW,18.0,,Madison Capitols (USHL),,0.0,0.0,0.0,0.0,0.0,0.0,,0.0,,,,,,,,,oreilry02,2018,0,0.0,0.0,0.0,0.0,,
100.0,Dallas Stars,Adam Mascherin,CA,LW,20.0,,Kitchener Rangers (OHL),,0.0,0.0,0.0,0.0,0.0,0.0,,0.0,,,,,,,,,maschad01,2018,0,0.0,0.0,0.0,0.0,,
102.0,San Jose Sharks,Jasper Weatherby,US,C,20.0,2022.0,Wenatchee (BCHL),50.0,5.0,0.1,6.0,0.002,11.0,0.22,,-14.0,18.0,,,,,,,0.3,weathja01,2018,0,0.1,0.12,0.22,-0.28,0.05750000000000001,
103.0,New York Islanders,Jacob Pivonka,US,C,18.0,,USA U-18 Development Team (USDP/USHL),,0.0,0.0,0.0,0.0,0.0,0.0,,0.0,,,,,,,,,pivonja01,2018,0,0.0,0.0,0.0,0.0,,
104.0,Carolina Hurricanes,Lenni Killinen,FI,RW,18.0,,Blues Jr. (Finland Jr.),,0.0,0.0,0.0,0.0,0.0,0.0,,0.0,,,,,,,,,killile01,2018,0,0.0,0.0,0.0,0.0,,
105.0,Calgary Flames,Martin Pospisil,SK,C,18.0,2025.0,Sioux City Musketeers (USHL),144.0,12.0,0.0833333333333333,37.0,0.000578703703703703,49.0,0.340277777777778,,17.0,193.0,,,,,,,3.7,pospima01,2018,0,0.08333333333333333,0.2569444444444444,0.3402777777777778,0.11805555555555555,0.11649305555555556,
106.0,Dallas Stars,Curtis Douglas,CA,C,18.0,2026.0,Windsor Spitfires (OHL),20.0,0.0,0.0,2.0,0.0,2.0,0.1,,1.0,51.0,,,,,,,0.0,douglcu01,2018,0,0.0,0.1,0.1,0.05,0.035,
108.0,Calgary Flames,Demetrios Koumontzis,US,LW,18.0,,Edina HS (High-MN),,0.0,0.0,0.0,0.0,0.0,0.0,,0.0,,,,,,,,,koumode01,2018,0,0.0,0.0,0.0,0.0,,
109.0,Colorado Avalanche,Tyler Weiss,US,LW,18.0,,USA U-18 Development Team (USDP/USHL),,0.0,0.0,0.0,0.0,0.0,0.0,,0.0,,,,,,,,,weissty01,2018,0,0.0,0.0,0.0,0.0,,
111.0,Nashville Predators,Jachym Kondelik,DE,C,18.0,,Muskegon Lumberjacks (USHL),,0.0,0.0,0.0,0.0,0.0,0.0,,0.0,,,,,,,,,kondeja01,2018,0,0.0,0.0,0.0,0.0,,
113.0,Los Angeles Kings,Aidan Dudas,CA,C,18.0,,Owen Sound Attack (OHL),,0.0,0.0,0.0,0.0,0.0,0.0,,0.0,,,,,,,,,dudasai01,2018,0,0.0,0.0,0.0,0.0,,
115.0,Vegas Golden Knights,Paul Cotter,US,C,18.0,2026.0,Lincoln Stars (USHL),243.0,40.0,0.164609053497942,33.0,0.00067740351233721,73.0,0.300411522633745,,-38.0,135.0,,,,,,,4.9,cottepa01,2018,0,0.1646090534979424,0.13580246913580246,0.3004115226337449,-0.15637860082304528,0.08981481481481483,
116.0,Anaheim Ducks,Jackson Perbix,US,RW,18.0,,Elk River HS (High-MN),,0.0,0.0,0.0,0.0,0.0,0.0,,0.0,,,,,,,,,perbija01,2018,0,0.0,0.0,0.0,0.0,,
119.0,Boston Bruins,Curtis Hall,US,C,18.0,,Youngstown Phantoms (USHL),,0.0,0.0,0.0,0.0,0.0,0.0,,0.0,,,,,,,,,hallcu01,2018,0,0.0,0.0,0.0,0.0,,
120.0,Chicago Blackhawks,Philipp Kurashev,CH,C,18.0,2026.0,Quebec Remparts (QMJHL),342.0,54.0,0.157894736842105,90.0,0.000461680517082178,144.0,0.421052631578947,,-128.0,83.0,,,,,,,7.4,kurasph01,2018,0,0.15789473684210525,0.2631578947368421,0.42105263157894735,-0.3742690058479532,0.11812865497076022,
122.0,Calgary Flames,Milos Roman,SK,C,18.0,,Vancouver Giants (WHL),,0.0,0.0,0.0,0.0,0.0,0.0,,0.0,,,,,,,,,romanmi01,2018,0,0.0,0.0,0.0,0.0,,
123.0,Montreal Canadiens,Jack Gorniak,US,LW,19.0,,West Salem HS (High-WI),,0.0,0.0,0.0,0.0,0.0,0.0,,0.0,,,,,,,,,gornija01,2018,0,0.0,0.0,0.0,0.0,,
126.0,Ottawa Senators,Angus Crookshank,CA,LW,18.0,2025.0,Langley (BCHL),21.0,2.0,0.0952380952380952,2.0,0.00453514739229025,4.0,0.19047619047619,,-4.0,4.0,,,,,,,0.1,crookan01,2018,0,0.09523809523809523,0.09523809523809523,0.19047619047619047,-0.19047619047619047,0.05238095238095238,
128.0,Montreal Canadiens,Cole Fonstad,CA,C,18.0,,Prince Albert Raiders (WHL),,0.0,0.0,0.0,0.0,0.0,0.0,,0.0,,,,,,,,,fonstco01,2018,0,0.0,0.0,0.0,0.0,,
129.0,Pittsburgh Penguins,Justin Almeida,CA,C,19.0,,Moose Jaw Warriors (WHL),,0.0,0.0,0.0,0.0,0.0,0.0,,0.0,,,,,,,,,almeiju01,2018,0,0.0,0.0,0.0,0.0,,
132.0,New York Rangers,Lauri Pajuniemi,FI,RW,19.0,,TPS (Finland),,0.0,0.0,0.0,0.0,0.0,0.0,,0.0,,,,,,,,,pajunla01,2018,0,0.0,0.0,0.0,0.0,,
133.0,Montreal Canadiens,Samuel Houde,CA,C,18.0,,Chicoutimi Sagueneens (QMJHL),,0.0,0.0,0.0,0.0,0.0,0.0,,0.0,,,,,,,,,houdesa01,2018,0,0.0,0.0,0.0,0.0,,
134.0,New York Islanders,Blade Jenkins,US,LW,18.0,,Saginaw Spirit (OHL),,0.0,0.0,0.0,0.0,0.0,0.0,,0.0,,,,,,,,,jenkibl01,2018,0,0.0,0.0,0.0,0.0,,
135.0,Vegas Golden Knights,Brandon Kruse,US,LW,19.0,,Bowling Green (WCHA),,0.0,0.0,0.0,0.0,0.0,0.0,,0.0,,,,,,,,,krusebr01,2018,0,0.0,0.0,0.0,0.0,,
137.0,Dallas Stars,Riley Damiani,CA,C,18.0,2022.0,Kitchener Rangers (OHL),7.0,1.0,0.142857142857143,1.0,0.0204081632653061,2.0,0.285714285714286,,0.0,2.0,,,,,,,0.2,damiari01,2018,0,0.14285714285714285,0.14285714285714285,0.2857142857142857,0.0,0.0325,
138.0,St. Louis Blues,Hugh McGing,US,LW,20.0,2024.0,Western Michigan (NCHC),6.0,0.0,0.0,0.0,0.0,0.0,0.0,,-5.0,0.0,,,,,,,-0.3,mcginhu01,2018,0,0.0,0.0,0.0,-0.8333333333333334,-0.0125,
139.0,Chicago Blackhawks,Mikael Hakkarainen,FI,C,20.0,,Muskegon Lumberjacks (USHL),,0.0,0.0,0.0,0.0,0.0,0.0,,0.0,,,,,,,,,hakkami01,2018,0,0.0,0.0,0.0,0.0,,
140.0,Colorado Avalanche,Brandon Saigeon,CA,C,20.0,,Hamilton Bulldogs (OHL),,0.0,0.0,0.0,0.0,0.0,0.0,,0.0,,,,,,,,,saigebr01,2018,0,0.0,0.0,0.0,0.0,,
141.0,New Jersey Devils,Yegor Sharangovich,BY,C,20.0,2026.0,Dinamo Minsk (Russia),384.0,104.0,0.270833333333333,100.0,0.000705295138888888,204.0,0.53125,,-68.0,61.0,,,,,,,17.8,sharaye01,2018,0,0.2708333333333333,0.2604166666666667,0.53125,-0.17708333333333334,0.16380208333333335,
155.0,Minnesota Wild,Damien Giroux,CA,C,18.0,2023.0,Saginaw Spirit (OHL),1.0,0.0,0.0,1.0,0.0,1.0,1.0,,0.0,2.0,,,,,,,0.1,girouda01,2018,0,0.0,1.0,1.0,0.0,0.01625,
156.0,Toronto Maple Leafs,Pontus Holmberg,SE,RW,19.0,2026.0,VIK Vasteras HK (Sweden-3),178.0,20.0,0.112359550561798,35.0,0.000631233430122461,55.0,0.308988764044944,,19.0,73.0,,,,,,,4.4,holmbpo01,2018,0,0.11235955056179775,0.19662921348314608,0.3089887640449438,0.10674157303370786,0.10575842696629213,
165.0,Los Angeles Kings,Johan Sodergran,SE,RW,18.0,,Linkoping HC Jr. (Sweden Jr.),,0.0,0.0,0.0,0.0,0.0,0.0,,0.0,,,,,,,,,soderjo01,2018,0,0.0,0.0,0.0,0.0,,
167.0,Calgary Flames,Mathias Emilio Pettersen,NO,C,18.0,,Muskegon Lumberjacks (USHL),,0.0,0.0,0.0,0.0,0.0,0.0,,0.0,,,,,,,,,emilima01,2018,0,0.0,0.0,0.0,0.0,,
169.0,St. Louis Blues,Mathias Laferriere,CA,RW,18.0,,Cape Breton Screaming Eagles (QMJHL),,0.0,0.0,0.0,0.0,0.0,0.0,,0.0,,,,,,,,,laferma01,2018,0,0.0,0.0,0.0,0.0,,
170.0,Florida Panthers,Justin Schutz,DE,LW,18.0,,RB Hockey Akademie Jr. (Czech Jr.),,0.0,0.0,0.0,0.0,0.0,0.0,,0.0,,,,,,,,,schutju01,2018,0,0.0,0.0,0.0,0.0,,
171.0,Colorado Avalanche,Nikolai Kovalenko,US,RW,18.0,2025.0,Loko Yaroslavl (Russia Jr.),57.0,7.0,0.12280701754386,13.0,0.00215450907971684,20.0,0.350877192982456,,-9.0,16.0,,,,,,,1.2,kovalni01,2018,0,0.12280701754385964,0.22807017543859648,0.3508771929824561,-0.15789473684210525,0.10614035087719298,
172.0,New Jersey Devils,Mitchell Hoelscher,CA,C,18.0,,Ottawa 67's (OHL),,0.0,0.0,0.0,0.0,0.0,0.0,,0.0,,,,,,,,,hoelsmi01,2018,0,0.0,0.0,0.0,0.0,,
174.0,Philadelphia Flyers,Gavin Hain,US,C,18.0,,USA U-18 Development Team (USDP/USHL),,0.0,0.0,0.0,0.0,0.0,0.0,,0.0,,,,,,,,,hainga01,2018,0,0.0,0.0,0.0,0.0,,
177.0,Pittsburgh Penguins,Liam Gorman,US,C,18.0,,St. Sebastian's School (High-MA),,0.0,0.0,0.0,0.0,0.0,0.0,,0.0,,,,,,,,,gormali01,2018,0,0.0,0.0,0.0,0.0,,
179.0,Minnesota Wild,Shawn Boudrias,CA,RW,19.0,,Gatineau Olympiques (QMJHL),,0.0,0.0,0.0,0.0,0.0,0.0,,0.0,,,,,,,,,boudrsh01,2018,0,0.0,0.0,0.0,0.0,,
182.0,San Jose Sharks,John Leonard,US,LW,20.0,2024.0,Massachusetts (H-East),70.0,6.0,0.0857142857142857,11.0,0.00122448979591837,17.0,0.242857142857143,,-13.0,4.0,,,,,,,0.7,leonajo01,2018,0,0.08571428571428572,0.15714285714285714,0.24285714285714285,-0.18571428571428572,0.06964285714285715,
183.0,Tampa Bay Lightning,Cole Koepke,US,LW,20.0,2026.0,Sioux City Musketeers (USHL),115.0,11.0,0.0956521739130435,11.0,0.000831758034026465,22.0,0.191304347826087,,-9.0,31.0,,,,,,,1.1,koepkco01,2018,0,0.09565217391304348,0.09565217391304348,0.19130434782608696,-0.0782608695652174,0.058260869565217394,
186.0,Vancouver Canucks,Artyom Manukyan,RU,RW,20.0,,Avangard Omsk (Russia),,0.0,0.0,0.0,0.0,0.0,0.0,,0.0,,,,,,,,,manukar01,2018,0,0.0,0.0,0.0,0.0,,
188.0,Ottawa Senators,Jakov Novak,CA,LW,19.0,,Janesville Jets (NAHL),,0.0,0.0,0.0,0.0,0.0,0.0,,0.0,,,,,,,,,novakja01,2018,0,0.0,0.0,0.0,0.0,,
189.0,Arizona Coyotes,Liam Kirk,GB,LW,18.0,,Sheffield (England),,0.0,0.0,0.0,0.0,0.0,0.0,,0.0,,,,,,,,,kirkli01,2018,0,0.0,0.0,0.0,0.0,,
190.0,Montreal Canadiens,Brett Stapley,CA,C,19.0,,Vernon (BCHL),,0.0,0.0,0.0,0.0,0.0,0.0,,0.0,,,,,,,,,staplbr02,2018,0,0.0,0.0,0.0,0.0,,
191.0,Detroit Red Wings,Otto Kivenmaki,FI,C,18.0,,Assat Jr. (Finland Jr.),,0.0,0.0,0.0,0.0,0.0,0.0,,0.0,,,,,,,,,kivenot01,2018,0,0.0,0.0,0.0,0.0,,
193.0,Chicago Blackhawks,Josiah Slavin,US,LW,19.0,2022.0,Lincoln Stars (USHL),15.0,0.0,0.0,1.0,0.0,1.0,0.0666666666666667,,0.0,4.0,,,,,,,-0.2,slavijo01,2018,0,0.0,0.06666666666666667,0.06666666666666667,0.0,0.01625,
194.0,Ottawa Senators,Luke Loheit,US,RW,18.0,,Minnetonka HS (High-MN),,0.0,0.0,0.0,0.0,0.0,0.0,,0.0,,,,,,,,,loheilu01,2018,0,0.0,0.0,0.0,0.0,,
195.0,Edmonton Oilers,Patrik Siikanen,FI,C,18.0,,Blues Jr. (Finland Jr.),,0.0,0.0,0.0,0.0,0.0,0.0,,0.0,,,,,,,,,siikapa01,2018,0,0.0,0.0,0.0,0.0,,
198.0,Calgary Flames,Dmitry Zavgorodniy,RU,LW,18.0,,Rimouski Oceanic (QMJHL),,0.0,0.0,0.0,0.0,0.0,0.0,,0.0,,,,,,,,,zavgodm01,2018,0,0.0,0.0,0.0,0.0,,
199.0,Dallas Stars,Jermaine Loewen,JM,LW,20.0,,Kamloops Blazers (WHL),,0.0,0.0,0.0,0.0,0.0,0.0,,0.0,,,,,,,,,loeweje01,2018,0,0.0,0.0,0.0,0.0,,
203.0,New Jersey Devils,Eetu Pakkila,FI,LW,18.0,,Karpat Jr. (Finland Jr.),,0.0,0.0,0.0,0.0,0.0,0.0,,0.0,,,,,,,,,pakkiee01,2018,0,0.0,0.0,0.0,0.0,,
204.0,Columbus Blue Jackets,Trey Fix-Wolansky,CA,RW,19.0,2024.0,Edmonton Oil Kings (WHL),26.0,4.0,0.153846153846154,2.0,0.00591715976331362,6.0,0.230769230769231,,-6.0,2.0,,,,,,,0.3,fixwotr01,2018,0,0.15384615384615385,0.07692307692307693,0.23076923076923078,-0.23076923076923078,0.06346153846153847,
205.0,Philadelphia Flyers,Marcus Westfalt,SE,C,18.0,,Brynas IF (Sweden),,0.0,0.0,0.0,0.0,0.0,0.0,,0.0,,,,,,,,,westfma01,2018,0,0.0,0.0,0.0,0.0,,
210.0,Minnesota Wild,Sam Hentges,US,C,19.0,,Des Moines Buccaneers (USHL),,0.0,0.0,0.0,0.0,0.0,0.0,,0.0,,,,,,,,,hentgsa01,2018,0,0.0,0.0,0.0,0.0,,
211.0,Toronto Maple Leafs,Semyon Kizimov,RU,RW,18.0,,Ladia Togliatti (Russia Jr.),,0.0,0.0,0.0,0.0,0.0,0.0,,0.0,,,,,,,,,kizimse01,2018,0,0.0,0.0,0.0,0.0,,
212.0,Boston Bruins,Pavel Shen,RU,C,19.0,,Mamonty Yugry (Russia Jr.),,0.0,0.0,0.0,0.0,0.0,0.0,,0.0,,,,,,,,,shenpa01,2018,0,0.0,0.0,0.0,0.0,,
215.0,Winnipeg Jets,Austin Wong,CA,C,18.0,,Okotoks (AJHL),,0.0,0.0,0.0,0.0,0.0,0.0,,0.0,,,,,,,,,wongau01,2018,0,0.0,0.0,0.0,0.0,,
216.0,New York Rangers,Riley Hughes,US,RW,18.0,,St. Sebastian's School (High-MA),,0.0,0.0,0.0,0.0,0.0,0.0,,0.0,,,,,,,,,hugheri01,2018,0,0.0,0.0,0.0,0.0,,
217.0,Washington Capitals,Eric Florchuk,CA,C,18.0,,Saskatoon Blades (WHL),,0.0,0.0,0.0,0.0,0.0,0.0,,0.0,,,,,,,,,florcer01,2018,0,0.0,0.0,0.0,0.0,,
1.0,New Jersey Devils,Nico Hischier,CH,C,18.0,2026.0,Halifax Mooseheads (QMJHL),553.0,181.0,0.327305605786618,266.0,0.00059187270485826,447.0,0.808318264014467,,26.0,131.0,,,,,,,47.6,hischni01,2017,0,0.32730560578661844,0.4810126582278481,0.8083182640144665,0.04701627486437613,0.26505424954792045,
2.0,Philadelphia Flyers,Nolan Patrick,CA,C,18.0,2022.0,Brandon Wheat Kings (WHL),222.0,32.0,0.144144144144144,45.0,0.000649297946595243,77.0,0.346846846846847,,-36.0,83.0,,,,,,,4.1,patrino01,2017,0,0.14414414414414414,0.20270270270270271,0.34684684684684686,-0.16216216216216217,0.10461711711711712,
5.0,Vancouver Canucks,Elias Pettersson,SE,C,18.0,2026.0,Timra IK (Sweden-2),498.0,193.0,0.387550200803213,286.0,0.000778213254624926,479.0,0.961847389558233,,41.0,98.0,,,,,,,51.8,petteel01,2017,0,0.38755020080321284,0.5742971887550201,0.9618473895582329,0.0823293172690763,0.31671686746987954,
6.0,Vegas Golden Knights,Cody Glass,CA,C,18.0,2026.0,Portland Winterhawks (WHL),267.0,39.0,0.146067415730337,58.0,0.000547068972772798,97.0,0.363295880149813,,-6.0,80.0,,,,,,,7.4,glassco01,2017,0,0.14606741573033707,0.21722846441947566,0.36329588014981273,-0.02247191011235955,0.11694756554307116,
7.0,New York Rangers,Lias Andersson,SE,C,18.0,2023.0,HV71 (Sweden),110.0,7.0,0.0636363636363636,10.0,0.000578512396694215,17.0,0.154545454545455,,-32.0,57.0,,,,,,,-0.6,anderli01,2017,0,0.06363636363636363,0.09090909090909091,0.15454545454545454,-0.2909090909090909,0.03568181818181819,
8.0,Buffalo Sabres,Casey Mittelstadt,US,C,18.0,2026.0,Eden Priarie HS (High-MN),456.0,86.0,0.18859649122807,161.0,0.000413588796552785,247.0,0.541666666666667,,-77.0,106.0,,,,,,,18.7,mitteca01,2017,0,0.18859649122807018,0.3530701754385965,0.5416666666666666,-0.16885964912280702,0.16759868421052632,
9.0,Detroit Red Wings,Michael Rasmussen,CA,C,18.0,2026.0,Tri-City Americans (WHL),412.0,64.0,0.155339805825243,84.0,0.000377038363653502,148.0,0.359223300970874,,-42.0,239.0,,,,,,,10.2,rasmumi01,2017,0,0.1553398058252427,0.20388349514563106,0.3592233009708738,-0.10194174757281553,0.11165048543689321,
10.0,Florida Panthers,Owen Tippett,CA,RW,18.0,2026.0,Mississauga Steelheads (OHL),372.0,101.0,0.271505376344086,101.0,0.000729853162215285,202.0,0.543010752688172,,-46.0,82.0,,,,,,,19.0,tippeow01,2017,0,0.271505376344086,0.271505376344086,0.543010752688172,-0.12365591397849462,0.17029569892473115,
11.0,Los Angeles Kings,Gabriel Vilardi,CA,C,18.0,2026.0,Windsor Spitfires (OHL),295.0,101.0,0.342372881355932,95.0,0.00116058603849468,196.0,0.664406779661017,,15.0,74.0,,,,,,,22.2,vilarga01,2017,0,0.3423728813559322,0.3220338983050847,0.6644067796610169,0.05084745762711865,0.2184745762711864,
12.0,Carolina Hurricanes,Martin Necas,CZ,C,18.0,2026.0,HC Kometa Brno (Czech),467.0,137.0,0.293361884368308,222.0,0.000628183906570253,359.0,0.768736616702355,,50.0,172.0,,,,,,,37.9,necasma01,2017,0,0.29336188436830835,0.4753747323340471,0.7687366167023555,0.10706638115631692,0.2551927194860814,
13.0,Vegas Golden Knights,Nick Suzuki,CA,C,18.0,2026.0,Owen Sound Attack (OHL),480.0,146.0,0.304166666666667,259.0,0.000633680555555556,405.0,0.84375,,-44.0,143.0,,,,,,,37.5,suzukni01,2017,0,0.30416666666666664,0.5395833333333333,0.84375,-0.09166666666666666,0.2696354166666667,
19.0,San Jose Sharks,Joshua Norris,US,C,18.0,2026.0,USA U-18 Development Team (USDP/USHL),241.0,93.0,0.385892116182573,68.0,0.00160121210034263,161.0,0.66804979253112,,-29.0,101.0,,,,,,,17.7,norrijo01,2017,0,0.38589211618257263,0.2821576763485477,0.6680497925311203,-0.12033195020746888,0.21109958506224066,
20.0,St. Louis Blues,Robert Thomas,CA,C,18.0,2026.0,London Knights (OHL),489.0,111.0,0.226993865030675,302.0,0.000464200132987065,413.0,0.844580777096115,,46.0,152.0,,,,,,,38.7,thomaro01,2017,0,0.22699386503067484,0.6175869120654397,0.8445807770961146,0.09406952965235174,0.2791922290388548,
21.0,New York Rangers,Filip Chytil,CZ,C,18.0,2026.0,HC Ziln (Czech),399.0,80.0,0.200501253132832,93.0,0.00050250940634795,173.0,0.433583959899749,,-18.0,104.0,,,,,,,14.9,chytifi01,2017,0,0.20050125313283207,0.23308270676691728,0.43358395989974935,-0.045112781954887216,0.13865914786967418,
22.0,Edmonton Oilers,Kailer Yamamoto,US,RW,18.0,2026.0,Spokane Chiefs (WHL),334.0,63.0,0.188622754491018,80.0,0.000564738785901251,143.0,0.42814371257485,,21.0,134.0,,,,,,,12.6,yamamka01,2017,0,0.18862275449101795,0.23952095808383234,0.4281437125748503,0.06287425149700598,0.14229041916167665,
25.0,Montreal Canadiens,Ryan Poehling,US,C,18.0,2026.0,St. Cloud State (NCHC),302.0,44.0,0.145695364238411,57.0,0.000482434980921891,101.0,0.334437086092715,,-42.0,44.0,,,,,,,6.4,poehlry01,2017,0,0.1456953642384106,0.18874172185430463,0.3344370860927152,-0.1390728476821192,0.10173841059602648,
27.0,Philadelphia Flyers,Morgan Frost,CA,C,18.0,2026.0,Soo Greyhounds (OHL),338.0,60.0,0.177514792899408,102.0,0.000525191694968663,162.0,0.479289940828402,,-44.0,100.0,,,,,,,12.5,frostmo01,2017,0,0.17751479289940827,0.30177514792899407,0.47928994082840237,-0.1301775147928994,0.1492603550295858,
28.0,Ottawa Senators,Shane Bowers,CA,C,18.0,2025.0,Waterloo Black Hawks (USHL),13.0,0.0,0.0,0.0,0.0,0.0,0.0,,0.0,0.0,,,,,,,-0.2,bowersh01,2017,0,0.0,0.0,0.0,0.0,0.0,
30.0,Nashville Predators,Eeli Tolvanen,FI,RW,18.0,2026.0,Sioux City Musketeers (USHL),369.0,83.0,0.224932249322493,82.0,0.00060957249138887,165.0,0.447154471544715,,-22.0,87.0,,,,,,,15.2,tolvaee01,2017,0,0.22493224932249323,0.2222222222222222,0.44715447154471544,-0.05962059620596206,0.14234417344173442,
33.0,Vancouver Canucks,Kole Lind,CA,RW,18.0,2024.0,Kelowna Rockets (WHL),31.0,2.0,0.0645161290322581,6.0,0.00208116545265349,8.0,0.258064516129032,,-5.0,12.0,,,,,,,0.2,lindko01,2017,0,0.06451612903225806,0.1935483870967742,0.25806451612903225,-0.16129032258064516,0.07580645161290323,
35.0,Philadelphia Flyers,Isaac Ratcliffe,CA,LW,18.0,2022.0,Guelph Storm (OHL),10.0,1.0,0.1,3.0,0.01,4.0,0.4,,-1.0,10.0,,,,,,,0.3,ratclis01,2017,0,0.1,0.3,0.4,-0.1,0.0625,
36.0,New Jersey Devils,Jesper Boqvist,SE,C,18.0,2026.0,Brynas IF (Sweden),339.0,49.0,0.144542772861357,49.0,0.000426379860947956,98.0,0.289085545722714,,-7.0,50.0,,,,,,,7.6,boqvije01,2017,0,0.14454277286135694,0.14454277286135694,0.2890855457227139,-0.02064896755162242,0.09292035398230089,
37.0,Buffalo Sabres,Marcus Davidsson,SE,C,18.0,,Djurgardens IF (Sweden),,0.0,0.0,0.0,0.0,0.0,0.0,,0.0,,,,,,,,,davidma02,2017,0,0.0,0.0,0.0,0.0,,
39.0,Dallas Stars,Jason Robertson,US,LW,18.0,2026.0,Kingston Frontenacs (OHL),401.0,184.0,0.458852867830424,245.0,0.00114427149084894,429.0,1.06982543640898,,108.0,100.0,,,,,,,51.7,roberja01,2017,0,0.45885286783042395,0.6109725685785536,1.0698254364089776,0.26932668329177056,0.3611596009975062,
40.0,Florida Panthers,Aleksi Heponiemi,FI,C,18.0,2023.0,Swift Current Broncos (WHL),25.0,2.0,0.08,4.0,0.0032,6.0,0.24,,-6.0,6.0,,,,,,,0.0,heponal01,2017,0,0.08,0.16,0.24,-0.24,0.066,
41.0,Los Angeles Kings,Jaret Anderson-Dolan,CA,C,18.0,2025.0,Spokane Chiefs (WHL),134.0,15.0,0.111940298507463,14.0,0.000835375361995993,29.0,0.216417910447761,,-28.0,22.0,,,,,,,1.0,anderja01,2017,0,0.11194029850746269,0.1044776119402985,0.21641791044776118,-0.208955223880597,0.05988805970149254,
42.0,Carolina Hurricanes,Eetu Luostarinen,FI,C,19.0,2026.0,KalPa (Finland),392.0,53.0,0.135204081632653,86.0,0.00034490837151187,139.0,0.354591836734694,,23.0,114.0,,,,,,,9.4,luostee01,2017,0,0.13520408163265307,0.2193877551020408,0.35459183673469385,0.058673469387755105,0.11817602040816327,
45.0,Columbus Blue Jackets,Alexandre Texier,FR,C,18.0,2026.0,Grenoble (France),243.0,40.0,0.164609053497942,52.0,0.00067740351233721,92.0,0.378600823045267,,-18.0,94.0,,,,,,,6.7,texieal01,2017,0,0.1646090534979424,0.2139917695473251,0.3786008230452675,-0.07407407407407407,0.11934156378600824,
47.0,Ottawa Senators,Alex Formenton,CA,LW,18.0,2022.0,London Knights (OHL),109.0,23.0,0.211009174311927,16.0,0.00193586398451309,39.0,0.357798165137615,,-9.0,71.0,,,,,,,3.5,formeal01,2017,0,0.21100917431192662,0.14678899082568808,0.3577981651376147,-0.08256880733944955,0.1121559633027523,
48.0,Tampa Bay Lightning,Alexander Volkov,RU,RW,20.0,2021.0,SKA Neva St. Petersburg (Russia-2),46.0,7.0,0.152173913043478,7.0,0.00330812854442343,14.0,0.304347826086957,,-5.0,12.0,,,,,,,1.2,volkoal01,2017,0,0.15217391304347827,0.15217391304347827,0.30434782608695654,-0.10869565217391304,0.09347826086956523,
50.0,Anaheim Ducks,Maxime Comtois,CA,LW,18.0,2024.0,Victoriaville Tigres (QMJHL),211.0,38.0,0.180094786729858,49.0,0.000853529794928237,87.0,0.412322274881517,,-35.0,193.0,,,,,,,6.7,comtoma01,2017,0,0.18009478672985782,0.23222748815165878,0.41232227488151657,-0.16587677725118483,0.12571090047393366,
53.0,Boston Bruins,Jack Studnicka,CA,C,18.0,2026.0,Oshawa Generals (OHL),108.0,6.0,0.0555555555555556,10.0,0.00051440329218107,16.0,0.148148148148148,,-30.0,28.0,,,,,,,-0.9,studnja01,2017,0,0.05555555555555555,0.09259259259259259,0.14814814814814814,-0.2777777777777778,0.03425925925925926,
55.0,Vancouver Canucks,Jonah Gadjovich,CA,LW,18.0,2026.0,Owen Sound Attack (OHL),170.0,10.0,0.0588235294117647,11.0,0.000346020761245675,21.0,0.123529411764706,,-18.0,319.0,,,,,,,0.3,gadjojo01,2017,0,0.058823529411764705,0.06470588235294118,0.12352941176470589,-0.10588235294117647,0.03485294117647059,
58.0,Montreal Canadiens,Joni Ikonen,FI,C,18.0,,Frolunda HC Jr. (Sweden Jr.),,0.0,0.0,0.0,0.0,0.0,0.0,,0.0,,,,,,,,,ikonejo01,2017,0,0.0,0.0,0.0,0.0,,
60.0,Anaheim Ducks,Antoine Morand,CA,C,18.0,,Acadie-Bathurst Titan (QMJHL),,0.0,0.0,0.0,0.0,0.0,0.0,,0.0,,,,,,,,,moranan01,2017,0,0.0,0.0,0.0,0.0,,
61.0,Nashville Predators,Grant Mismash,US,LW,18.0,,USA U-18 Development Team (USDP/USHL),,0.0,0.0,0.0,0.0,0.0,0.0,,0.0,,,,,,,,,mismagr01,2017,0,0.0,0.0,0.0,0.0,,
62.0,Vegas Golden Knights,Jake Leschyshyn,US,C,18.0,2024.0,Regina Pats (WHL),77.0,2.0,0.025974025974026,4.0,0.000337325012649688,6.0,0.0779220779220779,,-13.0,16.0,,,,,,,-1.0,leschja01,2017,0,0.025974025974025976,0.05194805194805195,0.07792207792207792,-0.16883116883116883,0.016883116883116882,
65.0,Vegas Golden Knights,Jonas Rondbjerg,DK,RW,18.0,2025.0,Vaxjo Lakers HC Jr. (Sweden Jr.),76.0,3.0,0.0394736842105263,7.0,0.000519390581717451,10.0,0.131578947368421,,-7.0,8.0,,,,,,,-0.3,rondbjo01,2017,0,0.039473684210526314,0.09210526315789473,0.13157894736842105,-0.09210526315789473,0.038157894736842106,
67.0,Carolina Hurricanes,Morgan Geekie,CA,C,19.0,2026.0,Tri-City Americans (WHL),361.0,92.0,0.254847645429363,95.0,0.000705949156314025,187.0,0.518005540166205,,5.0,114.0,,,,,,,20.0,geekimo01,2017,0,0.2548476454293629,0.2631578947368421,0.518005540166205,0.013850415512465374,0.1690443213296399,
69.0,Arizona Coyotes,Mackenzie Entwistle,CA,RW,18.0,2024.0,Hamilton Bulldogs (OHL),193.0,15.0,0.077720207253886,20.0,0.000402695374372466,35.0,0.181347150259067,,-55.0,86.0,,,,,,,0.0,entwima01,2017,0,0.07772020725388601,0.10362694300518134,0.18134715025906736,-0.2849740932642487,0.044689119170984455,
70.0,Chicago Blackhawks,Andrel Altybarmakyan,RU,RW,19.0,,Serebryanye Lvy St. Petersburg (Russia Jr.),,0.0,0.0,0.0,0.0,0.0,0.0,,0.0,,,,,,,,,altyban01,2017,0,0.0,0.0,0.0,0.0,,
73.0,Carolina Hurricanes,Stelio Mattheos,CA,RW,18.0,,Brandon Wheat Kings (WHL),,0.0,0.0,0.0,0.0,0.0,0.0,,0.0,,,,,,,,,matthst01,2017,0,0.0,0.0,0.0,0.0,,
75.0,Arizona Coyotes,Nate Schnarr,CA,C,18.0,,Guelph Storm (OHL),,0.0,0.0,0.0,0.0,0.0,0.0,,0.0,,,,,,,,,schnana01,2017,0,0.0,0.0,0.0,0.0,,
76.0,Tampa Bay Lightning,Alexei Lipanov,RU,C,18.0,,Dynamo Balashikha (Russia-2),,0.0,0.0,0.0,0.0,0.0,0.0,,0.0,,,,,,,,,lipanal01,2017,0,0.0,0.0,0.0,0.0,,
79.0,Detroit Red Wings,Lane Zablocki,CA,RW,18.0,,Red Deer Rebels (WHL),,0.0,0.0,0.0,0.0,0.0,0.0,,0.0,,,,,,,,,zablola01,2017,0,0.0,0.0,0.0,0.0,,
83.0,Detroit Red Wings,Zach Gallant,CA,C,18.0,,Peterborough Petes (OHL),,0.0,0.0,0.0,0.0,0.0,0.0,,0.0,,,,,,,,,gallaza01,2017,0,0.0,0.0,0.0,0.0,,
85.0,Minnesota Wild,Ivan Lodnia,US,RW,18.0,,Erie Otters (OHL),,0.0,0.0,0.0,0.0,0.0,0.0,,0.0,,,,,,,,,lodniiv01,2017,0,0.0,0.0,0.0,0.0,,
90.0,Chicago Blackhawks,Evan Barratt,US,C,18.0,,USA U-18 Development Team (USDP/USHL),,0.0,0.0,0.0,0.0,0.0,0.0,,0.0,,,,,,,,,barraev01,2017,0,0.0,0.0,0.0,0.0,,
91.0,Anaheim Ducks,Jack Badini,US,C,19.0,,Chicago Steel (USHL),,0.0,0.0,0.0,0.0,0.0,0.0,,0.0,,,,,,,,,badinja01,2017,0,0.0,0.0,0.0,0.0,,
94.0,Colorado Avalanche,Nick Henry,CA,RW,18.0,,Regina Pats (WHL),,0.0,0.0,0.0,0.0,0.0,0.0,,0.0,,,,,,,,,henryni01,2017,0,0.0,0.0,0.0,0.0,,
97.0,Minnesota Wild,Mason Shaw,CA,C,18.0,2024.0,Medicine Hat Tigers (WHL),82.0,8.0,0.0975609756097561,12.0,0.00118976799524093,20.0,0.24390243902439,,-3.0,118.0,,,,,,,1.3,shawma01,2017,0,0.0975609756097561,0.14634146341463414,0.24390243902439024,-0.036585365853658534,0.0774390243902439,
98.0,New Jersey Devils,Nikita Popugaev,RU,LW,18.0,,Prince George Cougars (WHL),,0.0,0.0,0.0,0.0,0.0,0.0,,0.0,,,,,,,,,popugni01,2017,0,0.0,0.0,0.0,0.0,,
101.0,Dallas Stars,Liam Hawel,CA,C,18.0,,Guelph Storm (OHL),,0.0,0.0,0.0,0.0,0.0,0.0,,0.0,,,,,,,,,hawelli01,2017,0,0.0,0.0,0.0,0.0,,
102.0,San Jose Sharks,Scott Reedy,US,C,18.0,2022.0,USA U-18 Development Team (USDP/USHL),35.0,7.0,0.2,2.0,0.00571428571428571,9.0,0.257142857142857,,-8.0,10.0,,,,,,,0.8,reedysc01,2017,0,0.2,0.05714285714285714,0.2571428571428571,-0.22857142857142856,0.07214285714285715,
105.0,Winnipeg Jets,Santeri Virtanen,FI,C,18.0,,TPS Jr. (Finland Jr.),,0.0,0.0,0.0,0.0,0.0,0.0,,0.0,,,,,,,,,virtasa01,2017,0,0.0,0.0,0.0,0.0,,
106.0,Philadelphia Flyers,Matthew Strome,CA,LW,18.0,,Hamilton Bulldogs (OHL),,0.0,0.0,0.0,0.0,0.0,0.0,,0.0,,,,,,,,,stromma01,2017,0,0.0,0.0,0.0,0.0,,
107.0,Philadelphia Flyers,Maksim Sushko,BY,RW,18.0,2021.0,Owen Sound Attack (OHL),2.0,0.0,0.0,0.0,0.0,0.0,0.0,,-1.0,0.0,,,,,,,-0.1,sushkma01,2017,0,0.0,0.0,0.0,-0.5,-0.0025000000000000005,
109.0,Calgary Flames,Adam Ruzicka,SK,C,18.0,2024.0,Sarnia Sting (OHL),117.0,14.0,0.11965811965812,26.0,0.00102271897143692,40.0,0.341880341880342,,0.0,32.0,,,,,,,3.1,ruzicad01,2017,0,0.11965811965811966,0.2222222222222222,0.3418803418803419,0.0,0.11111111111111112,
113.0,St. Louis Blues,Alexey Toropchenko,RU,RW,18.0,2026.0,HK MVD Balashikha (Russia Jr.),276.0,31.0,0.11231884057971,31.0,0.000406952320940978,62.0,0.22463768115942,,-12.0,97.0,,,,,,,3.2,toropal01,2017,0,0.11231884057971014,0.11231884057971014,0.2246376811594203,-0.043478260869565216,0.07083333333333333,
115.0,Edmonton Oilers,Ostap Safin,CZ,RW,18.0,,HC Sparta Praha Jr. (Czech Jr.),,0.0,0.0,0.0,0.0,0.0,0.0,,0.0,,,,,,,,,safinos01,2017,0,0.0,0.0,0.0,0.0,,
116.0,Minnesota Wild,Bryce Misley,CA,C,18.0,,Oakville (OJHL),,0.0,0.0,0.0,0.0,0.0,0.0,,0.0,,,,,,,,,mislebr01,2017,0,0.0,0.0,0.0,0.0,,
117.0,Columbus Blue Jackets,Emil Bemstrom,SE,C,18.0,2025.0,Leksands IF Jr. (Sweden Jr.),242.0,34.0,0.140495867768595,41.0,0.00058056143706031,75.0,0.309917355371901,,-25.0,30.0,,,,,,,5.5,bemstem01,2017,0,0.14049586776859505,0.16942148760330578,0.30991735537190085,-0.10330578512396695,0.09555785123966944,
121.0,Ottawa Senators,Drake Batherson,US,C,19.0,2026.0,Cape Breton Screaming Eagles (QMJHL),414.0,125.0,0.301932367149758,190.0,0.000729305234661251,315.0,0.760869565217391,,-76.0,172.0,,,,,,,29.4,bathedr01,2017,0,0.30193236714975846,0.45893719806763283,0.7608695652173914,-0.18357487922705315,0.23810386473429954,
122.0,Anaheim Ducks,Kyle Olson,CA,RW,18.0,,Tri-City Americans (WHL),,0.0,0.0,0.0,0.0,0.0,0.0,,0.0,,,,,,,,,olsonky01,2017,0,0.0,0.0,0.0,0.0,,
124.0,Toronto Maple Leafs,Vladislav Kara,RU,LW,19.0,,Bars Kazan (Russia-2),,0.0,0.0,0.0,0.0,0.0,0.0,,0.0,,,,,,,,,karavl01,2017,0,0.0,0.0,0.0,0.0,,
125.0,Colorado Avalanche,Igor Shvyrev,RU,C,19.0,,Stalnye Lisy Magnitogorsk (Russia Jr.),,0.0,0.0,0.0,0.0,0.0,0.0,,0.0,,,,,,,,,shvyrig01,2017,0,0.0,0.0,0.0,0.0,,
128.0,Arizona Coyotes,Tyler Steenbergen,CA,C,19.0,,Swift Current Broncos (WHL),,0.0,0.0,0.0,0.0,0.0,0.0,,0.0,,,,,,,,,steenty01,2017,0,0.0,0.0,0.0,0.0,,
132.0,Dallas Stars,Jacob Peterson,SE,C,18.0,2024.0,Frolunda HC Jr. (Sweden Jr.),83.0,14.0,0.168674698795181,11.0,0.00203222528668893,25.0,0.301204819277108,,-16.0,18.0,,,,,,,1.7,peterja01,2017,0,0.1686746987951807,0.13253012048192772,0.30120481927710846,-0.1927710843373494,0.08825301204819277,
137.0,Philadelphia Flyers,Noah Cates,US,LW,18.0,2026.0,Stillwater HS (High-MN),260.0,45.0,0.173076923076923,70.0,0.000665680473372781,115.0,0.442307692307692,,10.0,38.0,,,,,,,9.7,catesno01,2017,0,0.17307692307692307,0.2692307692307692,0.4423076923076923,0.038461538461538464,0.1456730769230769,
138.0,Los Angeles Kings,Drake Rymsha,US,C,19.0,2021.0,Sarnia Sting (OHL),1.0,0.0,0.0,0.0,0.0,0.0,0.0,,1.0,0.0,,,,,,,0.0,rymshdr01,2017,0,0.0,0.0,0.0,1.0,0.0025000000000000005,
140.0,Calgary Flames,Zach Fischer,CA,RW,20.0,,Medicine Hat Tigers (WHL),,0.0,0.0,0.0,0.0,0.0,0.0,,0.0,,,,,,,,,fischza01,2017,0,0.0,0.0,0.0,0.0,,
142.0,Vegas Golden Knights,Jonathan Dugan,US,LW,19.0,,Northwood School (High-NY),,0.0,0.0,0.0,0.0,0.0,0.0,,0.0,,,,,,,,,duganjo01,2017,0,0.0,0.0,0.0,0.0,,
143.0,New Jersey Devils,Marian Studenic,SK,RW,18.0,2024.0,Hamilton Bulldogs (OHL),46.0,3.0,0.0652173913043478,3.0,0.00141776937618147,6.0,0.130434782608696,,-11.0,12.0,,,,,,,-0.3,studema01,2017,0,0.06521739130434782,0.06521739130434782,0.13043478260869565,-0.2391304347826087,0.030434782608695657,
144.0,Chicago Blackhawks,Parker Foo,CA,LW,19.0,,Brooks (AJHL),,0.0,0.0,0.0,0.0,0.0,0.0,,0.0,,,,,,,,,foopa01,2017,0,0.0,0.0,0.0,0.0,,
146.0,Edmonton Oilers,Kirill Maksimov,RU,RW,18.0,,Niagara IceDogs (OHL),,0.0,0.0,0.0,0.0,0.0,0.0,,0.0,,,,,,,,,maksiki01,2017,0,0.0,0.0,0.0,0.0,,
148.0,Columbus Blue Jackets,Kale Howarth,CA,LW,20.0,,Trail (BCHL),,0.0,0.0,0.0,0.0,0.0,0.0,,0.0,,,,,,,,,howarka01,2017,0,0.0,0.0,0.0,0.0,,
152.0,Pittsburgh Penguins,Jan Drozg,SI,LW,18.0,,Leksands IF Jr. (Sweden Jr.),,0.0,0.0,0.0,0.0,0.0,0.0,,0.0,,,,,,,,,drozgja01,2017,0,0.0,0.0,0.0,0.0,,
155.0,Pittsburgh Penguins,Linus Olund,SE,C,20.0,,Brynas IF (Sweden),,0.0,0.0,0.0,0.0,0.0,0.0,,0.0,,,,,,,,,olundli01,2017,0,0.0,0.0,0.0,0.0,,
156.0,Colorado Avalanche,Denis Smirnov,RU,RW,20.0,,Penn State (Big Ten),,0.0,0.0,0.0,0.0,0.0,0.0,,0.0,,,,,,,,,smirnde01,2017,0,0.0,0.0,0.0,0.0,,
157.0,New York Rangers,Dominik Lakatos,CZ,C,20.0,,Bili Tygri Liberec (Czech),,0.0,0.0,0.0,0.0,0.0,0.0,,0.0,,,,,,,,,lakatdo01,2017,0,0.0,0.0,0.0,0.0,,
158.0,Vegas Golden Knights,Nick Campoli,CA,C,18.0,,North York (OJHL),,0.0,0.0,0.0,0.0,0.0,0.0,,0.0,,,,,,,,,camponi01,2017,0,0.0,0.0,0.0,0.0,,
159.0,San Jose Sharks,Jacob McGrew,US,RW,18.0,,Spokane Chiefs (WHL),,0.0,0.0,0.0,0.0,0.0,0.0,,0.0,,,,,,,,,mcgreja01,2017,0,0.0,0.0,0.0,0.0,,
160.0,New Jersey Devils,Aarne Talvitie,FI,C,18.0,,Blues Jr. (Finland Jr.),,0.0,0.0,0.0,0.0,0.0,0.0,,0.0,,,,,,,,,talviaa01,2017,0,0.0,0.0,0.0,0.0,,
162.0,Detroit Red Wings,Johan Adams,US,RW,20.0,,Fargo Force (USHL),,0.0,0.0,0.0,0.0,0.0,0.0,,0.0,,,,,,,,,adamsjo04,2017,0,0.0,0.0,0.0,0.0,,
163.0,Dallas Stars,Brett Davis,CA,RW,18.0,,Kootenay Ice (WHL),,0.0,0.0,0.0,0.0,0.0,0.0,,0.0,,,,,,,,,davisbr01,2017,0,0.0,0.0,0.0,0.0,,
165.0,New York Islanders,Arnaud Durandeau,CA,LW,18.0,2023.0,Halifax Mooseheads (QMJHL),4.0,0.0,0.0,0.0,0.0,0.0,0.0,,1.0,2.0,,,,,,,0.0,duranar01,2017,0,0.0,0.0,0.0,0.25,0.0025000000000000005,
168.0,Philadelphia Flyers,Olle Lycksell,SE,RW,18.0,2026.0,Linkoping HC Jr. (Sweden Jr.),51.0,2.0,0.0392156862745098,10.0,0.000768935024990388,12.0,0.235294117647059,,-8.0,16.0,,,,,,,0.2,lycksol01,2017,0,0.0392156862745098,0.19607843137254902,0.23529411764705882,-0.1568627450980392,0.06862745098039215,
170.0,Columbus Blue Jackets,Jonathan Davidsson,SE,RW,20.0,2020.0,Djurgardens IF (Sweden),6.0,0.0,0.0,1.0,0.0,1.0,0.166666666666667,,0.0,0.0,,,,,,,0.0,davidjo03,2017,0,0.0,0.16666666666666666,0.16666666666666666,0.0,0.01625,
171.0,Calgary Flames,D'Artagnan Joly,CA,RW,18.0,,Baie-Comeau Drakkar (QMJHL),,0.0,0.0,0.0,0.0,0.0,0.0,,0.0,,,,,,,,,jolyda01,2017,0,0.0,0.0,0.0,0.0,,
172.0,Toronto Maple Leafs,Ryan Mcgregor,CA,C,18.0,,Sarnia Sting (OHL),,0.0,0.0,0.0,0.0,0.0,0.0,,0.0,,,,,,,,,mcgrery01,2017,0,0.0,0.0,0.0,0.0,,
173.0,Boston Bruins,Cedric Pare,CA,C,18.0,,Saint John Sea Dogs (QMJHL),,0.0,0.0,0.0,0.0,0.0,0.0,,0.0,,,,,,,,,parece01,2017,0,0.0,0.0,0.0,0.0,,
174.0,New York Rangers,Morgan Barron,CA,C,18.0,2026.0,St. Andrew's College (High-ON),275.0,33.0,0.12,33.0,0.000436363636363636,66.0,0.24,,15.0,88.0,,,,,,,5.2,barromo01,2017,0,0.12,0.12,0.24,0.05454545454545454,0.08072727272727273,
176.0,Nashville Predators,Pavel Koltygin,RU,C,18.0,,Drummondville Voltigeurs (QMJHL),,0.0,0.0,0.0,0.0,0.0,0.0,,0.0,,,,,,,,,koltypa01,2017,0,0.0,0.0,0.0,0.0,,
177.0,Edmonton Oilers,Skyler Brind'Amour,US,C,18.0,2025.0,Selects Academy (USMAAA),2.0,1.0,0.5,0.0,0.25,1.0,0.5,,-3.0,2.0,,,,,,,0.0,brindsk01,2017,0,0.5,0.0,0.5,-1.5,0.008749999999999999,
178.0,Minnesota Wild,Andrei Svetlakov,RU,C,21.0,,CSKA Moskva (Russia),,0.0,0.0,0.0,0.0,0.0,0.0,,0.0,,,,,,,,,svetlan01,2017,0,0.0,0.0,0.0,0.0,,
179.0,Columbus Blue Jackets,Carson Meyer,US,RW,20.0,2024.0,Miami (Ohio) (NCHC),41.0,2.0,0.048780487804878,4.0,0.00118976799524093,6.0,0.146341463414634,,-4.0,14.0,,,,,,,0.0,meyerca01,2017,0,0.04878048780487805,0.0975609756097561,0.14634146341463414,-0.0975609756097561,0.04268292682926829,
180.0,Tampa Bay Lightning,Cole Guttman,US,C,18.0,2024.0,Dubuque Fighting Saints (USHL),41.0,8.0,0.195121951219512,6.0,0.00475907198096371,14.0,0.341463414634146,,-16.0,9.0,,,,,,,0.9,guttmco01,2017,0,0.1951219512195122,0.14634146341463414,0.34146341463414637,-0.3902439024390244,0.09146341463414634,
181.0,Vancouver Canucks,Petrus Palmu,FI,RW,20.0,,Owen Sound Attack (OHL),,0.0,0.0,0.0,0.0,0.0,0.0,,0.0,,,,,,,,,palmupe01,2017,0,0.0,0.0,0.0,0.0,,
184.0,Florida Panthers,Sebastian Repo,FI,RW,21.0,,Tappara (Finland),,0.0,0.0,0.0,0.0,0.0,0.0,,0.0,,,,,,,,,repose02,2017,0,0.0,0.0,0.0,0.0,,
185.0,San Jose Sharks,Alexander Chmelevski,US,C,18.0,2022.0,Ottawa 67's (OHL),24.0,0.0,0.0,10.0,0.0,10.0,0.416666666666667,,0.0,6.0,,,,,,,0.6,chmelal01,2017,0,0.0,0.4166666666666667,0.4166666666666667,0.0,0.13541666666666669,
189.0,Vegas Golden Knights,Ben Jones,CA,C,18.0,2026.0,Niagara IceDogs (OHL),42.0,0.0,0.0,0.0,0.0,0.0,0.0,,-8.0,12.0,,,,,,,-0.8,jonesbe01,2017,0,0.0,0.0,0.0,-0.19047619047619047,-0.009523809523809525,
190.0,Arizona Coyotes,Erik Walli Walterholm,SE,RW,18.0,,Djurgardens IF Jr. (Sweden Jr.),,0.0,0.0,0.0,0.0,0.0,0.0,,0.0,,,,,,,,,wallier01,2017,0,0.0,0.0,0.0,0.0,,
192.0,Buffalo Sabres,Linus Weissbach,SE,LW,19.0,,Tri-City Storm (USHL),,0.0,0.0,0.0,0.0,0.0,0.0,,0.0,,,,,,,,,weissli01,2017,0,0.0,0.0,0.0,0.0,,
193.0,Detroit Red Wings,Brady Gilmour,CA,C,18.0,,Saginaw Spirit (OHL),,0.0,0.0,0.0,0.0,0.0,0.0,,0.0,,,,,,,,,gilmobr01,2017,0,0.0,0.0,0.0,0.0,,
198.0,Winnipeg Jets,Skyler Mckenzie,CA,LW,19.0,,Portland Winterhawks (WHL),,0.0,0.0,0.0,0.0,0.0,0.0,,0.0,,,,,,,,,mckensk01,2017,0,0.0,0.0,0.0,0.0,,
200.0,Tampa Bay Lightning,Samuel Walker,US,C,18.0,2024.0,Edina HS (High-MN),13.0,1.0,0.0769230769230769,1.0,0.00591715976331361,2.0,0.153846153846154,,-4.0,0.0,,,,,,,-0.1,walkesa01,2017,0,0.07692307692307693,0.07692307692307693,0.15384615384615385,-0.3076923076923077,0.022500000000000003,
201.0,New York Islanders,Logan Cockerill,US,LW,18.0,,USA U-18 Development Team (USDP/USHL),,0.0,0.0,0.0,0.0,0.0,0.0,,0.0,,,,,,,,,cockelo01,2017,0,0.0,0.0,0.0,0.0,,
202.0,Calgary Flames,Filip Sveningsson,SE,LW,18.0,,HV71 Jr. (Sweden Jr.),,0.0,0.0,0.0,0.0,0.0,0.0,,0.0,,,,,,,,,svenifi01,2017,0,0.0,0.0,0.0,0.0,,
207.0,New York Rangers,Patrik Virta,FI,C,21.0,,TPS (Finland),,0.0,0.0,0.0,0.0,0.0,0.0,,0.0,,,,,,,,,virtapa01,2017,0,0.0,0.0,0.0,0.0,,
209.0,Minnesota Wild,Nick Swaney,US,RW,20.0,2023.0,Waterloo Black Hawks (USHL),1.0,0.0,0.0,0.0,0.0,0.0,0.0,,0.0,0.0,,,,,,,0.0,swaneni01,2017,0,0.0,0.0,0.0,0.0,0.0,
212.0,San Jose Sharks,Ivan Chekhovich,RU,LW,18.0,2021.0,Baie-Comeau Drakkar (QMJHL),4.0,0.0,0.0,1.0,0.0,1.0,0.25,,-3.0,0.0,,,,,,,-0.1,chekhiv01,2017,0,0.0,0.25,0.25,-0.75,0.008749999999999999,
213.0,Washington Capitals,Kristian Roykas Marthinsen,NO,LW,18.0,,Almtuna IS Jr. (Sweden Jr.),,0.0,0.0,0.0,0.0,0.0,0.0,,0.0,,,,,,,,,roykakr01,2017,0,0.0,0.0,0.0,0.0,,
1.0,Toronto Maple Leafs,Auston Matthews,US,C,18.0,2026.0,ZSC Lions (Swiss),650.0,411.0,0.632307692307692,334.0,0.000972781065088757,745.0,1.14615384615385,,160.0,142.0,,,,,,,98.3,matthau01,2016,0,0.6323076923076923,0.5138461538461538,1.146153846153846,0.24615384615384617,0.38480769230769235,
2.0,Winnipeg Jets,Patrik Laine,FI,RW,18.0,2026.0,Tappara (Finland),537.0,224.0,0.417132216014898,198.0,0.000776782525167408,422.0,0.78584729981378,,-75.0,201.0,,,,,,,46.7,lainepa01,2016,0,0.4171322160148976,0.3687150837988827,0.7858472998137802,-0.13966480446927373,0.2484171322160149,
3.0,Columbus Blue Jackets,Pierre-Luc Dubois,CA,LW,18.0,2026.0,Cape Breton Screaming Eagles (QMJHL),604.0,165.0,0.27317880794702,243.0,0.000452282794614272,408.0,0.675496688741722,,31.0,531.0,,,,,,,41.3,duboipi01,2016,0,0.2731788079470199,0.402317880794702,0.6754966887417219,0.05132450331125828,0.2221026490066225,
4.0,Edmonton Oilers,Jesse Puljujarvi,SE,RW,18.0,2025.0,Karpat (Finland),387.0,58.0,0.149870801033592,70.0,0.000387263051766388,128.0,0.330749354005168,,6.0,139.0,,,,,,,10.1,puljuje01,2016,0,0.14987080103359174,0.18087855297157623,0.330749354005168,0.015503875968992248,0.10826873385012922,
6.0,Calgary Flames,Matthew Tkachuk,US,LW,18.0,2025.0,London Knights (OHL),642.0,240.0,0.373831775700935,396.0,0.000582292485515475,636.0,0.990654205607477,,130.0,690.0,,,,,,,72.8,tkachma01,2016,0,0.37383177570093457,0.616822429906542,0.9906542056074766,0.20249221183800623,0.3320872274143303,
7.0,Arizona Coyotes,Clayton Keller,US,C,18.0,2026.0,USA U-18 Development Team (USDP/USHL),628.0,204.0,0.32484076433121,326.0,0.000517262363584729,530.0,0.843949044585987,,-74.0,239.0,,,,,,,52.2,kellecl01,2016,0,0.3248407643312102,0.5191082802547771,0.8439490445859873,-0.1178343949044586,0.2683917197452229,
8.0,Buffalo Sabres,Alexander Nylander,CA,LW,18.0,2025.0,Mississauga Steelheads (OHL),126.0,25.0,0.198412698412698,24.0,0.00157470395565633,49.0,0.388888888888889,,-12.0,30.0,,,,,,,4.2,nylanal01,2016,0,0.1984126984126984,0.19047619047619047,0.3888888888888889,-0.09523809523809523,0.12162698412698413,
10.0,Colorado Avalanche,Tyson Jost,CA,C,18.0,2026.0,Penticton (BCHL),515.0,62.0,0.120388349514563,91.0,0.000233763785465171,153.0,0.297087378640777,,-19.0,203.0,,,,,,,9.3,jostty01,2016,0,0.1203883495145631,0.1766990291262136,0.2970873786407767,-0.036893203883495145,0.09470873786407767,
11.0,Ottawa Senators,Logan Brown,US,C,18.0,2023.0,Windsor Spitfires (OHL),99.0,7.0,0.0707070707070707,19.0,0.000714212835424957,26.0,0.262626262626263,,-9.0,22.0,,,,,,,1.1,brownlo01,2016,0,0.0707070707070707,0.1919191919191919,0.26262626262626265,-0.09090909090909091,0.08080808080808081,
12.0,New Jersey Devils,Michael McLeod,CA,C,18.0,2024.0,Mississauga Steelheads (OHL),287.0,29.0,0.101045296167247,56.0,0.000352074202673334,85.0,0.29616724738676,,-17.0,164.0,,,,,,,4.3,mcleomi01,2016,0,0.10104529616724739,0.1951219512195122,0.2961672473867596,-0.059233449477351915,0.09329268292682928,
15.0,Minnesota Wild,Luke Kunin,US,C,18.0,2026.0,Wisconsin (Big Ten),454.0,74.0,0.162995594713656,70.0,0.00035902113373052,144.0,0.317180616740088,,-102.0,393.0,,,,,,,7.7,kuninlu01,2016,0,0.16299559471365638,0.15418502202643172,0.31718061674008813,-0.22466960352422907,0.09185022026431718,
19.0,New York Islanders,Kieffer Bellows,US,LW,18.0,2025.0,USA U-18 Development Team (USDP/USHL),114.0,16.0,0.140350877192982,16.0,0.00123114804555247,32.0,0.280701754385965,,-12.0,37.0,,,,,,,2.6,belloki01,2016,0,0.14035087719298245,0.14035087719298245,0.2807017543859649,-0.10526315789473684,0.08596491228070176,
21.0,Carolina Hurricanes,Julien Gauthier,CA,RW,18.0,2025.0,Val-d'Or Foreurs (QMJHL),181.0,19.0,0.104972375690608,22.0,0.000579957876743691,41.0,0.226519337016575,,-25.0,44.0,,,,,,,2.2,gauthju01,2016,0,0.10497237569060773,0.12154696132596685,0.2265193370165746,-0.13812154696132597,0.06671270718232045,
22.0,Philadelphia Flyers,German Rubtsov,RU,C,18.0,2020.0,Team Russia Jr. (Russia Jr.),4.0,0.0,0.0,0.0,0.0,0.0,0.0,,-1.0,0.0,,,,,,,-0.1,rubtsge01,2016,0,0.0,0.0,0.0,-0.25,-0.0025000000000000005,
23.0,Florida Panthers,Henrik Borgström,FI,C,19.0,2023.0,HIFK Jr. (Finland Jr.),111.0,13.0,0.117117117117117,13.0,0.00105510916321727,26.0,0.234234234234234,,-31.0,28.0,,,,,,,0.8,borgshe01,2016,0,0.11711711711711711,0.11711711711711711,0.23423423423423423,-0.27927927927927926,0.062162162162162166,
24.0,Anaheim Ducks,Max Jones,US,LW,18.0,2025.0,London Knights (OHL),284.0,32.0,0.112676056338028,32.0,0.000396746677246577,64.0,0.225352112676056,,-57.0,229.0,,,,,,,1.6,jonesma03,2016,0,0.11267605633802817,0.11267605633802817,0.22535211267605634,-0.2007042253521127,0.06320422535211268,
25.0,Dallas Stars,Riley Tufte,US,LW,18.0,2026.0,Blaine HS (High-MN),28.0,3.0,0.107142857142857,1.0,0.00382653061224489,4.0,0.142857142857143,,-7.0,10.0,,,,,,,0.0,tufteri01,2016,0,0.10714285714285714,0.03571428571428571,0.14285714285714285,-0.25,0.03392857142857142,
26.0,St. Louis Blues,Tage Thompson,US,C,18.0,2026.0,Connecticut (H-East),474.0,188.0,0.39662447257384,159.0,0.00083676049066211,347.0,0.732067510548523,,-63.0,218.0,,,,,,,37.8,thompta01,2016,0,0.39662447257383965,0.33544303797468356,0.7320675105485233,-0.13291139240506328,0.2312763713080169,
27.0,Tampa Bay Lightning,Brett Howden,CA,C,18.0,2026.0,Moose Jaw Warriors (WHL),453.0,66.0,0.145695364238411,82.0,0.000321623320614594,148.0,0.326710816777042,,-13.0,213.0,,,,,,,10.3,howdebr01,2016,0,0.1456953642384106,0.18101545253863136,0.32671081677704195,-0.02869757174392936,0.10474613686534216,
29.0,Boston Bruins,Trent Frederic,US,C,18.0,2026.0,USA U-18 Development Team (USDP/USHL),365.0,57.0,0.156164383561644,54.0,0.000427847626196285,111.0,0.304109589041096,,11.0,332.0,,,,,,,9.5,fredetr01,2016,0,0.15616438356164383,0.14794520547945206,0.3041095890410959,0.030136986301369864,0.10034246575342466,
30.0,Anaheim Ducks,Sam Steel,CA,C,18.0,2026.0,Regina Pats (WHL),445.0,52.0,0.11685393258427,99.0,0.000262593106930944,151.0,0.339325842696629,,-36.0,144.0,,,,,,,8.6,steelsa01,2016,0,0.11685393258426967,0.22247191011235956,0.3393258426966292,-0.08089887640449438,0.10623595505617978,
31.0,Toronto Maple Leafs,Yegor Korshkov,RU,RW,20.0,2020.0,Lokomotiv Yaroslavl (Russia),1.0,1.0,1.0,0.0,1.0,1.0,1.0,,1.0,0.0,,,,,,,0.2,korsheg01,2016,0,1.0,0.0,1.0,1.0,0.018750000000000003,
32.0,Edmonton Oilers,Tyler Benson,CA,LW,18.0,2023.0,Vancouver Giants (WHL),38.0,1.0,0.0263157894736842,2.0,0.000692520775623268,3.0,0.0789473684210526,,-6.0,18.0,,,,,,,-0.4,bensoty01,2016,0,0.02631578947368421,0.05263157894736842,0.07894736842105263,-0.15789473684210525,0.017763157894736842,
33.0,Buffalo Sabres,Rasmus Asplund,SE,C,18.0,2025.0,Farjestad BK (Sweden),189.0,18.0,0.0952380952380952,31.0,0.000503905265810028,49.0,0.259259259259259,,-16.0,22.0,,,,,,,2.5,asplura01,2016,0,0.09523809523809523,0.164021164021164,0.25925925925925924,-0.08465608465608465,0.08002645502645503,
35.0,St. Louis Blues,Jordan Kyrou,CA,C,18.0,2026.0,Sarnia Sting (OHL),442.0,158.0,0.357466063348416,189.0,0.00080874674965705,347.0,0.785067873303167,,-26.0,108.0,,,,,,,36.2,kyroujo01,2016,0,0.3574660633484163,0.4276018099547511,0.7850678733031674,-0.058823529411764705,0.25220588235294117,
36.0,Philadelphia Flyers,Pascal Laberge,CA,C,18.0,,Victoriaville Tigres (QMJHL),,0.0,0.0,0.0,0.0,0.0,0.0,,0.0,,,,,,,,,laberpa01,2016,0,0.0,0.0,0.0,0.0,,
38.0,Florida Panthers,Adam Mascherin,CA,LW,18.0,,Kitchener Rangers (OHL),,0.0,0.0,0.0,0.0,0.0,0.0,,0.0,,,,,,,,,maschad01,2016,0,0.0,0.0,0.0,0.0,,
39.0,Chicago Blackhawks,Alexander Debrincat,US,RW,18.0,2026.0,Erie Otters (OHL),641.0,266.0,0.414976599063963,272.0,0.000647389390115387,538.0,0.839313572542902,,-62.0,183.0,,,,,,,59.0,debrial01,2016,0,0.41497659906396256,0.4243369734789392,0.8393135725429017,-0.0967238689547582,0.2679407176287052,
40.0,Colorado Avalanche,Cameron Morrison,CA,LW,18.0,,Youngstown Phantoms (USHL),,0.0,0.0,0.0,0.0,0.0,0.0,,0.0,,,,,,,,,morrica01,2016,0,0.0,0.0,0.0,0.0,,
41.0,New Jersey Devils,Nathan Bastian,CA,RW,18.0,2026.0,Mississauga Steelheads (OHL),293.0,36.0,0.122866894197952,35.0,0.000419340935829188,71.0,0.242320819112628,,-16.0,200.0,,,,,,,4.7,bastina01,2016,0,0.12286689419795221,0.11945392491467577,0.24232081911262798,-0.05460750853242321,0.07602389078498294,
42.0,Ottawa Senators,Jonathan Dahlen,SE,C,18.0,2022.0,Timra IK (Sweden-2),61.0,12.0,0.19672131147541,10.0,0.00322493953238377,22.0,0.360655737704918,,-25.0,12.0,,,,,,,1.3,dahlejo01,2016,0,0.19672131147540983,0.16393442622950818,0.36065573770491804,-0.4098360655737705,0.09672131147540983,
44.0,Tampa Bay Lightning,Boris Katchouk,CA,LW,18.0,2026.0,Soo Greyhounds (OHL),179.0,15.0,0.0837988826815642,21.0,0.000468150182578571,36.0,0.201117318435754,,-23.0,78.0,,,,,,,1.3,katchbo01,2016,0,0.08379888268156424,0.11731843575418995,0.2011173184357542,-0.12849162011173185,0.058938547486033534,
46.0,Detroit Red Wings,Givani Smith,CA,RW,18.0,2025.0,Guelph Storm (OHL),168.0,9.0,0.0535714285714286,13.0,0.000318877551020408,22.0,0.130952380952381,,-31.0,268.0,,,,,,,-0.2,smithgi01,2016,0,0.05357142857142857,0.07738095238095238,0.13095238095238096,-0.18452380952380953,0.03333333333333333,
52.0,Philadelphia Flyers,Wade Allison,CA,RW,18.0,2023.0,Tri-City Storm (USHL),75.0,13.0,0.173333333333333,9.0,0.00231111111111111,22.0,0.293333333333333,,-3.0,40.0,,,,,,,1.8,alliswa01,2016,0,0.17333333333333334,0.12,0.29333333333333333,-0.04,0.09333333333333334,
56.0,Calgary Flames,Dillon Dube,CA,C,18.0,2024.0,Kelowna Rockets (WHL),325.0,57.0,0.175384615384615,70.0,0.0005396449704142,127.0,0.390769230769231,,-17.0,105.0,,,,,,,10.4,dubedi01,2016,0,0.1753846153846154,0.2153846153846154,0.39076923076923076,-0.052307692307692305,0.12438461538461539,
57.0,Toronto Maple Leafs,Carl Grundstrom,SE,RW,18.0,2026.0,MODO Hockey (Sweden),293.0,43.0,0.146757679180887,33.0,0.000500879451129307,76.0,0.25938566552901,,-35.0,108.0,,,,,,,5.5,grundca01,2016,0,0.14675767918088736,0.11262798634812286,0.2593856655290102,-0.11945392491467577,0.07832764505119454,
58.0,Tampa Bay Lightning,Taylor Raddysh,CA,RW,18.0,2026.0,Erie Otters (OHL),333.0,48.0,0.144144144144144,59.0,0.000432865297730162,107.0,0.321321321321321,,-50.0,68.0,,,,,,,6.5,raddyta01,2016,0,0.14414414414414414,0.17717717717717718,0.3213213213213213,-0.15015015015015015,0.09692192192192192,
60.0,San Jose Sharks,Dylan Gambrell,US,C,20.0,2023.0,Denver (NCHC),233.0,17.0,0.0729613733905579,23.0,0.000313138941590377,40.0,0.171673819742489,,-28.0,79.0,,,,,,,0.3,gambrdy01,2016,0,0.07296137339055794,0.09871244635193133,0.17167381974248927,-0.12017167381974249,0.04978540772532189,
61.0,Pittsburgh Penguins,Kasper Bjorkqvist,FI,RW,19.0,2022.0,Blues Jr. (Finland Jr.),6.0,1.0,0.166666666666667,0.0,0.0277777777777778,1.0,0.166666666666667,,-1.0,2.0,,,,,,,0.1,bjorkka01,2016,0,0.16666666666666666,0.0,0.16666666666666666,-0.16666666666666666,0.01375,
64.0,Vancouver Canucks,William Lockwood,US,RW,18.0,2024.0,USA U-18 Development Team (USDP/USHL),54.0,0.0,0.0,2.0,0.0,2.0,0.037037037037037,,-10.0,27.0,,,,,,,-1.0,lockwwi01,2016,0,0.0,0.037037037037037035,0.037037037037037035,-0.18518518518518517,0.0027777777777777783,
65.0,Columbus Blue Jackets,Vitaly Abramov,RU,RW,18.0,2021.0,Gatineau Olympiques (QMJHL),5.0,1.0,0.2,0.0,0.04,1.0,0.2,,-3.0,2.0,,,,,,,0.0,abramvi01,2016,0,0.2,0.0,0.2,-0.6,0.00875,
67.0,Carolina Hurricanes,Matt Filipe,US,LW,18.0,,Cedar Rapids RoughRiders (USHL),,0.0,0.0,0.0,0.0,0.0,0.0,,0.0,,,,,,,,,filipma01,2016,0,0.0,0.0,0.0,0.0,,
69.0,Buffalo Sabres,Cliff Pu,CA,RW,18.0,,London Knights (OHL),,0.0,0.0,0.0,0.0,0.0,0.0,,0.0,,,,,,,,,pucl01,2016,0,0.0,0.0,0.0,0.0,,
70.0,Montreal Canadiens,William Bitten,CA,C,18.0,2023.0,Flint Firebirds (OHL),4.0,0.0,0.0,1.0,0.0,1.0,0.25,,1.0,0.0,,,,,,,0.1,bittewi01,2016,0,0.0,0.25,0.25,0.25,0.018750000000000003,
73.0,New Jersey Devils,Joseph Anderson,US,RW,18.0,2025.0,USA U-18 Development Team (USDP/USHL),169.0,19.0,0.112426035502959,21.0,0.000665242813626976,40.0,0.236686390532544,,-10.0,18.0,,,,,,,2.6,anderjo08,2016,0,0.11242603550295859,0.1242603550295858,0.23668639053254437,-0.05917159763313609,0.07396449704142012,
74.0,Carolina Hurricanes,Hudson Elynuik,CA,C,18.0,,Spokane Chiefs (WHL),,0.0,0.0,0.0,0.0,0.0,0.0,,0.0,,,,,,,,,elynuhu01,2016,0,0.0,0.0,0.0,0.0,,
76.0,Nashville Predators,Rem Pitlick,CA,C,19.0,2024.0,Muskegon Lumberjacks (USHL),132.0,21.0,0.159090909090909,33.0,0.00120523415977961,54.0,0.409090909090909,,-27.0,54.0,,,,,,,3.2,pitlire01,2016,0,0.1590909090909091,0.25,0.4090909090909091,-0.20454545454545456,0.12272727272727274,
80.0,New Jersey Devils,Brandon Gignac,CA,C,18.0,2024.0,Shawinigan Cataractes (QMJHL),8.0,1.0,0.125,0.0,0.015625,1.0,0.125,,-5.0,0.0,,,,,,,-0.1,gignabr01,2016,0,0.125,0.0,0.125,-0.625,0.0037500000000000007,
82.0,Philadelphia Flyers,Carsen Twarynski,CA,LW,18.0,2021.0,Calgary Hitmen (WHL),22.0,1.0,0.0454545454545455,0.0,0.00206611570247934,1.0,0.0454545454545455,,-5.0,6.0,,,,,,,-0.4,twaryca01,2016,0,0.045454545454545456,0.0,0.045454545454545456,-0.22727272727272727,0.0034090909090909102,
87.0,Washington Capitals,Garrett Pilon,CA,C,18.0,2022.0,Kamloops Blazers (WHL),3.0,1.0,0.333333333333333,0.0,0.111111111111111,1.0,0.333333333333333,,1.0,0.0,,,,,,,0.2,pilonga01,2016,0,0.3333333333333333,0.0,0.3333333333333333,0.3333333333333333,0.01875,
90.0,Dallas Stars,Fredrik Karlstrom,SE,C,18.0,2023.0,AIK Jr. (Sweden Jr.),8.0,0.0,0.0,1.0,0.0,1.0,0.125,,3.0,0.0,,,,,,,0.1,karlsfr01,2016,0,0.0,0.125,0.125,0.375,0.023750000000000004,
92.0,Toronto Maple Leafs,Adam Brooks,CA,C,20.0,2022.0,Regina Pats (WHL),43.0,6.0,0.13953488372093,5.0,0.00324499729583558,11.0,0.255813953488372,,7.0,2.0,,,,,,,1.3,brookad01,2016,0,0.13953488372093023,0.11627906976744186,0.2558139534883721,0.16279069767441862,0.09127906976744186,
93.0,Anaheim Ducks,Jack Kopacka,US,LW,18.0,,Soo Greyhounds (OHL),,0.0,0.0,0.0,0.0,0.0,0.0,,0.0,,,,,,,,,kopacja01,2016,0,0.0,0.0,0.0,0.0,,
94.0,Florida Panthers,Jonathan Ang,CA,C,18.0,,Peterborough Petes (OHL),,0.0,0.0,0.0,0.0,0.0,0.0,,0.0,,,,,,,,,angjo01,2016,0,0.0,0.0,0.0,0.0,,
95.0,New York Islanders,Anatoli Golyshev,RU,LW,21.0,,Avtomobilist Yekaterinburg (Russia),,0.0,0.0,0.0,0.0,0.0,0.0,,0.0,,,,,,,,,golysan01,2016,0,0.0,0.0,0.0,0.0,,
96.0,Calgary Flames,Linus Lindstrom,SE,C,18.0,,Skelleftea AIK Jr. (Sweden Jr.),,0.0,0.0,0.0,0.0,0.0,0.0,,0.0,,,,,,,,,lindsli02,2016,0,0.0,0.0,0.0,0.0,,
99.0,Buffalo Sabres,Brett Murray,CA,LW,18.0,2025.0,Carleton Place (CCHL),26.0,2.0,0.0769230769230769,4.0,0.0029585798816568,6.0,0.230769230769231,,-5.0,25.0,,,,,,,0.1,murrabr02,2016,0,0.07692307692307693,0.15384615384615385,0.23076923076923078,-0.19230769230769232,0.0653846153846154,
102.0,New Jersey Devils,Mikhail Maltsev,RU,LW,18.0,2023.0,Team Russia Jr. (Russia Jr.),56.0,6.0,0.107142857142857,3.0,0.00191326530612245,9.0,0.160714285714286,,-9.0,6.0,,,,,,,0.2,maltsmi01,2016,0,0.10714285714285714,0.05357142857142857,0.16071428571428573,-0.16071428571428573,0.044196428571428574,
103.0,Ottawa Senators,Todd Burgess,US,RW,20.0,,Fairbanks Ice Dogs (NAHL),,0.0,0.0,0.0,0.0,0.0,0.0,,0.0,,,,,,,,,burgeto01,2016,0,0.0,0.0,0.0,0.0,,
104.0,Carolina Hurricanes,Max Zimmer,US,LW,18.0,,Chicago Steel (USHL),,0.0,0.0,0.0,0.0,0.0,0.0,,0.0,,,,,,,,,zimmema01,2016,0,0.0,0.0,0.0,0.0,,
106.0,Minnesota Wild,Brandon Duhaime,US,RW,19.0,2026.0,Tri-City Storm (USHL),320.0,32.0,0.1,33.0,0.0003125,65.0,0.203125,,1.0,359.0,,,,,,,2.9,duhaibr01,2016,0,0.1,0.103125,0.203125,0.003125,0.066171875,
109.0,Philadelphia Flyers,Connor Bunnaman,CA,C,18.0,2022.0,Kitchener Rangers (OHL),54.0,1.0,0.0185185185185185,2.0,0.000342935528120713,3.0,0.0555555555555556,,-6.0,8.0,,,,,,,-0.8,bunnaco01,2016,0,0.018518518518518517,0.037037037037037035,0.05555555555555555,-0.1111111111111111,0.012499999999999997,
111.0,San Jose Sharks,Noah Gregor,CA,C,18.0,2026.0,Moose Jaw Warriors (WHL),305.0,36.0,0.118032786885246,35.0,0.000386992743886052,71.0,0.232786885245902,,-82.0,118.0,,,,,,,1.8,gregono01,2016,0,0.1180327868852459,0.11475409836065574,0.23278688524590163,-0.26885245901639343,0.06221311475409837,
113.0,Chicago Blackhawks,Nathan Noel,CA,C,19.0,,Saint John Sea Dogs (QMJHL),,0.0,0.0,0.0,0.0,0.0,0.0,,0.0,,,,,,,,,noelna01,2016,0,0.0,0.0,0.0,0.0,,
115.0,Anaheim Ducks,Alex Dostie,CA,C,19.0,,Gatineau Olympiques (QMJHL),,0.0,0.0,0.0,0.0,0.0,0.0,,0.0,,,,,,,,,dostial01,2016,0,0.0,0.0,0.0,0.0,,
117.0,Washington Capitals,Damien Riat,CH,LW,19.0,,Geneve-Servette HC (Swiss),,0.0,0.0,0.0,0.0,0.0,0.0,,0.0,,,,,,,,,riatda01,2016,0,0.0,0.0,0.0,0.0,,
118.0,Tampa Bay Lightning,Ross Colton,US,C,20.0,2026.0,Cedar Rapids RoughRiders (USHL),357.0,85.0,0.238095238095238,81.0,0.000666933440042683,166.0,0.464985994397759,,0.0,174.0,,,,,,,16.3,coltoro01,2016,0,0.23809523809523808,0.226890756302521,0.4649859943977591,0.0,0.15112044817927173,
119.0,St. Louis Blues,Tanner Kaspick,CA,C,18.0,,Brandon Wheat Kings (WHL),,0.0,0.0,0.0,0.0,0.0,0.0,,0.0,,,,,,,,,kaspita01,2016,0,0.0,0.0,0.0,0.0,,
120.0,New York Islanders,Otto Koivula,FI,LW,18.0,2023.0,Ilves Jr. (Finland Jr.),28.0,0.0,0.0,4.0,0.0,4.0,0.142857142857143,,-1.0,6.0,,,,,,,0.0,koivuot01,2016,0,0.0,0.14285714285714285,0.14285714285714285,-0.03571428571428571,0.044642857142857144,
122.0,Toronto Maple Leafs,Vladimir Bobylev,RU,RW,19.0,,Victoria Royals (WHL),,0.0,0.0,0.0,0.0,0.0,0.0,,0.0,,,,,,,,,bobylvl01,2016,0,0.0,0.0,0.0,0.0,,
125.0,St. Louis Blues,Nolan Stevens,CA,C,20.0,,Northeastern (H-East),,0.0,0.0,0.0,0.0,0.0,0.0,,0.0,,,,,,,,,steveno01,2016,0,0.0,0.0,0.0,0.0,,
126.0,Calgary Flames,Mitchell Mattson,US,C,18.0,,Grand Rapids HS (High-MN),,0.0,0.0,0.0,0.0,0.0,0.0,,0.0,,,,,,,,,mattsmi01,2016,0,0.0,0.0,0.0,0.0,,
127.0,Winnipeg Jets,Jordan Stallard,CA,C,18.0,,Calgary Hitmen (WHL),,0.0,0.0,0.0,0.0,0.0,0.0,,0.0,,,,,,,,,stalljo01,2016,0,0.0,0.0,0.0,0.0,,
135.0,Boston Bruins,Joona Koppanen,FI,LW,18.0,2026.0,Ilves Jr. (Finland Jr.),30.0,1.0,0.0333333333333333,2.0,0.00111111111111111,3.0,0.1,,-4.0,6.0,,,,,,,-0.3,koppajo01,2016,0,0.03333333333333333,0.06666666666666667,0.1,-0.13333333333333333,0.025833333333333333,
138.0,Nashville Predators,Patrick Harper,US,C,18.0,,Avon Old Farms School (High-CT),,0.0,0.0,0.0,0.0,0.0,0.0,,0.0,,,,,,,,,harpepa01,2016,0,0.0,0.0,0.0,0.0,,
141.0,New York Rangers,Timothy Gettinger,US,LW,18.0,2022.0,Soo Greyhounds (OHL),16.0,0.0,0.0,1.0,0.0,1.0,0.0625,,-1.0,0.0,,,,,,,-0.2,gettiti01,2016,0,0.0,0.0625,0.0625,-0.0625,0.013750000000000002,
142.0,Los Angeles Kings,Michael Eyssimont,US,C,20.0,2026.0,St. Cloud State (NCHC),241.0,30.0,0.12448132780083,38.0,0.000516520032368589,68.0,0.282157676348548,,4.0,245.0,,,,,,,5.3,eyssimi01,2016,0,0.12448132780082988,0.15767634854771784,0.2821576763485477,0.016597510373443983,0.0925311203319502,
144.0,St. Louis Blues,Conner Bleackley,CA,C,20.0,,Red Deer Rebels (WHL),,0.0,0.0,0.0,0.0,0.0,0.0,,0.0,,,,,,,,,bleacco01,2016,0,0.0,0.0,0.0,0.0,,
145.0,Washington Capitals,Beck Malenstyn,CA,LW,18.0,2026.0,Calgary Hitmen (WHL),206.0,15.0,0.0728155339805825,24.0,0.000353473465925158,39.0,0.189320388349515,,-20.0,77.0,,,,,,,0.7,malenbe01,2016,0,0.07281553398058252,0.11650485436893204,0.18932038834951456,-0.0970873786407767,0.056674757281553405,
146.0,Dallas Stars,Nicholas Caamano,CA,RW,18.0,2021.0,Flint Firebirds (OHL),36.0,1.0,0.0277777777777778,2.0,0.000771604938271606,3.0,0.0833333333333333,,-5.0,21.0,,,,,,,-0.3,caamani01,2016,0,0.027777777777777776,0.05555555555555555,0.08333333333333333,-0.1388888888888889,0.020138888888888887,
147.0,Washington Capitals,Axel Jonsson-Fjallby,SE,LW,18.0,2024.0,Djurgardens IF Jr. (Sweden Jr.),99.0,10.0,0.101010101010101,13.0,0.00102030405060708,23.0,0.232323232323232,,5.0,12.0,,,,,,,1.8,jonssax01,2016,0,0.10101010101010101,0.13131313131313133,0.23232323232323232,0.050505050505050504,0.07803030303030303,
148.0,Tampa Bay Lightning,Christopher Paquette,CA,C,18.0,,Niagara IceDogs (OHL),,0.0,0.0,0.0,0.0,0.0,0.0,,0.0,,,,,,,,,paquech01,2016,0,0.0,0.0,0.0,0.0,,
149.0,Edmonton Oilers,Graham McPhee,US,LW,18.0,,USA U-18 Development Team (USDP/USHL),,0.0,0.0,0.0,0.0,0.0,0.0,,0.0,,,,,,,,,mcphegr01,2016,0,0.0,0.0,0.0,0.0,,
150.0,San Jose Sharks,Manuel Wiederer,DE,C,19.0,,Moncton Wildcats (QMJHL),,0.0,0.0,0.0,0.0,0.0,0.0,,0.0,,,,,,,,,wiedema01,2016,0,0.0,0.0,0.0,0.0,,
153.0,Edmonton Oilers,Aapeli Rasanen,FI,C,18.0,,Tappara Jr. (Finland Jr.),,0.0,0.0,0.0,0.0,0.0,0.0,,0.0,,,,,,,,,rasanaa01,2016,0,0.0,0.0,0.0,0.0,,
154.0,Vancouver Canucks,Jakob Stukel,CA,LW,19.0,,Calgary Hitmen (WHL),,0.0,0.0,0.0,0.0,0.0,0.0,,0.0,,,,,,,,,stukeja01,2016,0,0.0,0.0,0.0,0.0,,
156.0,Calgary Flames,Eetu Tuulola,FI,RW,18.0,,HPK Jr. (Finland Jr.),,0.0,0.0,0.0,0.0,0.0,0.0,,0.0,,,,,,,,,tuuloee01,2016,0,0.0,0.0,0.0,0.0,,
159.0,Buffalo Sabres,Brandon Hagel,CA,LW,18.0,2026.0,Red Deer Rebels (WHL),400.0,140.0,0.35,184.0,0.000875,324.0,0.81,,47.0,247.0,,,,,,,35.0,hagelbr01,2016,0,0.35,0.46,0.81,0.1175,0.26912500000000006,
160.0,Montreal Canadiens,Michael Pezzetta,CA,C,18.0,2025.0,Sudbury Wolves (OHL),200.0,15.0,0.075,23.0,0.000375,38.0,0.19,,-9.0,241.0,,,,,,,2.1,pezzemi01,2016,0,0.075,0.115,0.19,-0.045,0.059500000000000004,
163.0,Ottawa Senators,Markus Nurmi,FI,RW,18.0,,TPS Jr. (Finland Jr.),,0.0,0.0,0.0,0.0,0.0,0.0,,0.0,,,,,,,,,nurmima01,2016,0,0.0,0.0,0.0,0.0,,
165.0,Boston Bruins,Oskar Steen,SE,C,18.0,2024.0,Farjestad BK Jr. (Sweden Jr.),60.0,4.0,0.0666666666666667,4.0,0.00111111111111111,8.0,0.133333333333333,,-4.0,12.0,,,,,,,0.1,steenos01,2016,0,0.06666666666666667,0.06666666666666667,0.13333333333333333,-0.06666666666666667,0.04,
166.0,Calgary Flames,Matthew Phillips,CA,C,18.0,2024.0,Victoria Royals (WHL),34.0,1.0,0.0294117647058824,4.0,0.000865051903114188,5.0,0.147058823529412,,-3.0,2.0,,,,,,,0.0,phillma01,2016,0,0.029411764705882353,0.11764705882352941,0.14705882352941177,-0.08823529411764706,0.04338235294117647,
169.0,Philadelphia Flyers,Tanner Laczynski,US,C,19.0,2025.0,Lincoln Stars (USHL),46.0,3.0,0.0652173913043478,2.0,0.00141776937618147,5.0,0.108695652173913,,-6.0,8.0,,,,,,,-0.1,laczyta01,2016,0,0.06521739130434782,0.043478260869565216,0.10869565217391304,-0.13043478260869565,0.02880434782608696,
170.0,New York Islanders,Collin Adams,US,LW,18.0,,Muskegon Lumberjacks (USHL),,0.0,0.0,0.0,0.0,0.0,0.0,,0.0,,,,,,,,,adamsco01,2016,0,0.0,0.0,0.0,0.0,,
171.0,New York Rangers,Gabriel Fontaine,CA,C,19.0,,Rouyn-Noranda Huskies (QMJHL),,0.0,0.0,0.0,0.0,0.0,0.0,,0.0,,,,,,,,,fontaga01,2016,0,0.0,0.0,0.0,0.0,,
172.0,Philadelphia Flyers,Anthony Salinitri,CA,C,18.0,,Sarnia Sting (OHL),,0.0,0.0,0.0,0.0,0.0,0.0,,0.0,,,,,,,,,salinan01,2016,0,0.0,0.0,0.0,0.0,,
182.0,Toronto Maple Leafs,Nikolai Chebykin,RU,LW,19.0,,HK MVD Balashikha (Russia Jr.),,0.0,0.0,0.0,0.0,0.0,0.0,,0.0,,,,,,,,,chebyni01,2016,0,0.0,0.0,0.0,0.0,,
184.0,Vancouver Canucks,Rodrigo Abols,LV,C,20.0,2026.0,Portland Winterhawks (WHL),42.0,3.0,0.0714285714285714,3.0,0.00170068027210884,6.0,0.142857142857143,,-16.0,13.0,,,,,,,-0.3,abolsro01,2016,0,0.07142857142857142,0.07142857142857142,0.14285714285714285,-0.38095238095238093,0.02738095238095238,
185.0,Columbus Blue Jackets,Calvin Thurkauf,CH,C,19.0,2020.0,Kelowna Rockets (WHL),3.0,0.0,0.0,0.0,0.0,0.0,0.0,,0.0,0.0,,,,,,,0.0,thurkca01,2016,0,0.0,0.0,0.0,0.0,0.0,
190.0,Buffalo Sabres,Vasily Glotov,RU,C,19.0,,Serebryanye Lvy St. Petersburg (Russia Jr.),,0.0,0.0,0.0,0.0,0.0,0.0,,0.0,,,,,,,,,glotova01,2016,0,0.0,0.0,0.0,0.0,,
191.0,Colorado Avalanche,Travis Barron,CA,LW,18.0,,Ottawa 67's (OHL),,0.0,0.0,0.0,0.0,0.0,0.0,,0.0,,,,,,,,,barrotr01,2016,0,0.0,0.0,0.0,0.0,,
193.0,New York Islanders,Nick Pastujov,US,LW,18.0,,USA U-18 Development Team (USDP/USHL),,0.0,0.0,0.0,0.0,0.0,0.0,,0.0,,,,,,,,,pastuni01,2016,0,0.0,0.0,0.0,0.0,,
194.0,Vancouver Canucks,Brett McKenzie,CA,C,19.0,,North Bay Battalion (OHL),,0.0,0.0,0.0,0.0,0.0,0.0,,0.0,,,,,,,,,mckenbr02,2016,0,0.0,0.0,0.0,0.0,,
196.0,Minnesota Wild,Dmitry Sokolov,RU,RW,18.0,,Sudbury Wolves (OHL),,0.0,0.0,0.0,0.0,0.0,0.0,,0.0,,,,,,,,,sokoldm01,2016,0,0.0,0.0,0.0,0.0,,
197.0,Detroit Red Wings,Mattias Elfstrom,SE,LW,19.0,,Malmo Jr. (Sweden Jr.),,0.0,0.0,0.0,0.0,0.0,0.0,,0.0,,,,,,,,,elfstma01,2016,0,0.0,0.0,0.0,0.0,,
201.0,New York Rangers,Ty Ronning,CA,RW,18.0,,Vancouver Giants (WHL),,0.0,0.0,0.0,0.0,0.0,0.0,,0.0,,,,,,,,,ronnity01,2016,0,0.0,0.0,0.0,0.0,,
205.0,Anaheim Ducks,Tyler Soy,CA,C,19.0,,Victoria Royals (WHL),,0.0,0.0,0.0,0.0,0.0,0.0,,0.0,,,,,,,,,soyty01,2016,0,0.0,0.0,0.0,0.0,,
206.0,Tampa Bay Lightning,Otto Somppi,FI,C,18.0,,Halifax Mooseheads (QMJHL),,0.0,0.0,0.0,0.0,0.0,0.0,,0.0,,,,,,,,,somppot01,2016,0,0.0,0.0,0.0,0.0,,
208.0,Tampa Bay Lightning,Ryan Lohin,US,C,20.0,,Waterloo Black Hawks (USHL),,0.0,0.0,0.0,0.0,0.0,0.0,,0.0,,,,,,,,,lohinry01,2016,0,0.0,0.0,0.0,0.0,,
211.0,St. Louis Blues,Filip Helt,CZ,LW,18.0,,HC Litvinov Jr. (Czech Jr.),,0.0,0.0,0.0,0.0,0.0,0.0,,0.0,,,,,,,,,heltfi01,2016,0,0.0,0.0,0.0,0.0,,
1.0,Edmonton Oilers,Connor McDavid,CA,C,18.0,2026.0,Erie Otters (OHL),739.0,372.0,0.503382949932341,746.0,0.000681167726566091,1118.0,1.5128552097429,,163.0,298.0,,,,,,,129.2,mcdavco01,2015,0,0.503382949932341,1.0094722598105548,1.5128552097428958,0.22056833558863329,0.5027063599458729,
2.0,Buffalo Sabres,Jack Eichel,US,C,18.0,2026.0,Boston University (H-East),642.0,250.0,0.389408099688474,390.0,0.000606554672411953,640.0,0.996884735202492,,0.0,195.0,,,,,,,70.6,eicheja01,2015,0,0.3894080996884735,0.6074766355140186,0.9968847352024922,0.0,0.32398753894081,
3.0,Arizona Coyotes,Dylan Strome,CA,C,18.0,2026.0,Erie Otters (OHL),543.0,151.0,0.278084714548803,254.0,0.000512126546130392,405.0,0.74585635359116,,-32.0,178.0,,,,,,,38.9,stromdy01,2015,0,0.27808471454880296,0.4677716390423573,0.7458563535911602,-0.058931860036832415,0.23945672191528547,
4.0,Toronto Maple Leafs,Mitchell Marner,CA,C,18.0,2026.0,London Knights (OHL),683.0,226.0,0.330893118594436,540.0,0.000484470158996246,766.0,1.12152269399707,,133.0,204.0,,,,,,,79.7,marnemi01,2015,0,0.3308931185944363,0.7906295754026355,1.1215226939970717,0.19472913616398244,0.3742313323572474,
6.0,New Jersey Devils,Pavel Zacha,CZ,C,18.0,2026.0,Sarnia Sting (OHL),655.0,130.0,0.198473282442748,230.0,0.00030301264495076,360.0,0.549618320610687,,-42.0,183.0,,,,,,,30.5,zachapa01,2015,0,0.1984732824427481,0.3511450381679389,0.549618320610687,-0.06412213740458016,0.17541984732824425,
9.0,San Jose Sharks,Timo Meier,CH,RW,18.0,2026.0,Halifax Mooseheads (QMJHL),647.0,227.0,0.350850077279753,230.0,0.000542272144172725,457.0,0.706336939721793,,-57.0,390.0,,,,,,,48.8,meierti01,2015,0,0.3508500772797527,0.3554868624420402,0.7063369397217929,-0.08809891808346214,0.22515455950540958,
10.0,Colorado Avalanche,Mikko Rantanen,FI,RW,18.0,2026.0,TPS (Finland),678.0,305.0,0.449852507374631,434.0,0.00066349927341391,739.0,1.08997050147493,,87.0,465.0,,,,,,,83.3,rantami01,2015,0,0.4498525073746313,0.640117994100295,1.0899705014749264,0.12831858407079647,0.3606563421828909,
11.0,Florida Panthers,Lawson Crouse,CA,LW,18.0,2026.0,Kingston Frontenacs (OHL),612.0,121.0,0.197712418300654,105.0,0.000323059507027212,226.0,0.369281045751634,,-50.0,369.0,,,,,,,18.5,crousla01,2015,0,0.1977124183006536,0.1715686274509804,0.369281045751634,-0.08169934640522876,0.1159313725490196,
12.0,Dallas Stars,Denis Gurianov,RU,RW,18.0,2024.0,Ladia Togliatti (Russia Jr.),298.0,52.0,0.174496644295302,61.0,0.000585559209044638,113.0,0.379194630872483,,-2.0,60.0,,,,,,,10.2,guriade01,2015,0,0.174496644295302,0.20469798657718122,0.37919463087248323,-0.006711409395973154,0.1229026845637584,
14.0,Boston Bruins,Jake Debrusk,CA,LW,18.0,2026.0,Swift Current Broncos (WHL),574.0,174.0,0.303135888501742,152.0,0.000528111304010003,326.0,0.56794425087108,,28.0,123.0,,,,,,,35.9,debruja01,2015,0,0.30313588850174217,0.26480836236933797,0.5679442508710801,0.04878048780487805,0.18702090592334497,
15.0,Boston Bruins,Zachary Senyshyn,CA,RW,18.0,2022.0,Soo Greyhounds (OHL),16.0,1.0,0.0625,2.0,0.00390625,3.0,0.1875,,-1.0,4.0,,,,,,,0.1,senysza01,2015,0,0.0625,0.125,0.1875,-0.0625,0.046250000000000006,
16.0,New York Islanders,Mathew Barzal,CA,C,18.0,2026.0,Seattle Thunderbirds (WHL),556.0,141.0,0.253597122302158,339.0,0.000456109932198126,480.0,0.863309352517986,,15.0,268.0,,,,,,,46.2,barzama01,2015,0,0.25359712230215825,0.6097122302158273,0.8633093525179856,0.02697841726618705,0.2819244604316547,
17.0,Winnipeg Jets,Kyle Connor,US,LW,18.0,2026.0,Youngstown Phantoms (USHL),638.0,297.0,0.46551724137931,315.0,0.000729650848556912,612.0,0.959247648902821,,-3.0,145.0,,,,,,,69.0,connoky01,2015,0,0.46551724137931033,0.493730407523511,0.9592476489028213,-0.004702194357366771,0.3115203761755486,
19.0,Detroit Red Wings,Evgeny Svechnikov,RU,LW,18.0,2023.0,Cape Breton Screaming Eagles (QMJHL),172.0,20.0,0.116279069767442,25.0,0.000676041103299081,45.0,0.261627906976744,,-16.0,84.0,,,,,,,2.9,svechev01,2015,0,0.11627906976744186,0.14534883720930233,0.2616279069767442,-0.09302325581395349,0.0803779069767442,
20.0,Minnesota Wild,Joel Eriksson Ek,SE,C,18.0,2026.0,Farjestad BK (Sweden),571.0,140.0,0.245183887915937,175.0,0.00042939384923982,315.0,0.551663747810858,,67.0,254.0,,,,,,,31.2,eriksjo02,2015,0,0.24518388791593695,0.3064798598949212,0.5516637478108581,0.11733800350262696,0.18515761821366028,
21.0,Ottawa Senators,Colin White,US,C,18.0,2025.0,USA U-18 Development Team (USDP/USHL),323.0,44.0,0.136222910216718,69.0,0.00042174275608891,113.0,0.34984520123839,,-58.0,107.0,,,,,,,6.2,whiteco02,2015,0,0.13622291021671826,0.21362229102167182,0.3498452012383901,-0.17956656346749225,0.10472136222910217,
23.0,Vancouver Canucks,Brock Boeser,US,RW,18.0,2026.0,Waterloo Black Hawks (USHL),579.0,213.0,0.367875647668394,237.0,0.000635363812898781,450.0,0.77720207253886,,-40.0,142.0,,,,,,,47.5,boesebr01,2015,0,0.36787564766839376,0.40932642487046633,0.7772020725388601,-0.0690846286701209,0.2491364421416235,
24.0,Philadelphia Flyers,Travis Konecny,CA,C,18.0,2026.0,Ottawa 67's (OHL),671.0,203.0,0.302533532041729,293.0,0.000450869645367703,496.0,0.73919523099851,,-36.0,480.0,,,,,,,49.9,konectr01,2015,0,0.3025335320417288,0.4366616989567809,0.7391952309985097,-0.05365126676602087,0.2375558867362146,
25.0,Winnipeg Jets,Jack Roslovic,US,C,18.0,2026.0,USA U-18 Development Team (USDP/USHL),549.0,112.0,0.204007285974499,166.0,0.000371597970809652,278.0,0.506375227686703,,-36.0,88.0,,,,,,,24.5,rosloja01,2015,0,0.2040072859744991,0.302367941712204,0.5063752276867031,-0.06557377049180328,0.16129326047358836,
28.0,New York Islanders,Anthony Beauvillier,CA,LW,18.0,2026.0,Shawinigan Cataractes (QMJHL),658.0,137.0,0.208206686930091,144.0,0.000316423536367919,281.0,0.427051671732523,,-10.0,125.0,,,,,,,26.0,beauvan01,2015,0,0.20820668693009117,0.2188449848024316,0.4270516717325228,-0.015197568389057751,0.13803191489361702,
30.0,Arizona Coyotes,Nicholas Merkley,CA,RW,18.0,2022.0,Kelowna Rockets (WHL),41.0,4.0,0.0975609756097561,11.0,0.00237953599048186,15.0,0.365853658536585,,-7.0,11.0,,,,,,,0.9,merklni01,2015,0,0.0975609756097561,0.2682926829268293,0.36585365853658536,-0.17073170731707318,0.11036585365853657,
32.0,Arizona Coyotes,Christian Fischer,US,RW,18.0,2025.0,USA U-18 Development Team (USDP/USHL),523.0,62.0,0.118546845124283,75.0,0.000226667007885818,137.0,0.261950286806883,,-66.0,144.0,,,,,,,7.3,fischch01,2015,0,0.11854684512428298,0.14340344168260039,0.26195028680688337,-0.12619502868068833,0.07882409177820268,
33.0,Tampa Bay Lightning,Mitchell Stephens,CA,C,18.0,2025.0,Saginaw Spirit (OHL),123.0,6.0,0.048780487804878,13.0,0.000396589331746976,19.0,0.154471544715447,,-28.0,28.0,,,,,,,-0.7,stephmi01,2015,0,0.04878048780487805,0.10569105691056911,0.15447154471544716,-0.22764227642276422,0.03882113821138212,
35.0,Carolina Hurricanes,Sebastian Aho,FI,RW,18.0,2026.0,Karpat (Finland),702.0,291.0,0.414529914529915,364.0,0.000590498453746318,655.0,0.933048433048433,,126.0,306.0,,,,,,,78.3,ahose01,2015,0,0.41452991452991456,0.5185185185185185,0.9330484330484331,0.1794871794871795,0.31221509971509975,
36.0,Ottawa Senators,Gabriel Gagne,CA,RW,18.0,,Victoriaville Tigres (QMJHL),,0.0,0.0,0.0,0.0,0.0,0.0,,0.0,,,,,,,,,gagnega01,2015,0,0.0,0.0,0.0,0.0,,
38.0,Columbus Blue Jackets,Paul Bittner,US,LW,18.0,,Portland Winterhawks (WHL),,0.0,0.0,0.0,0.0,0.0,0.0,,0.0,,,,,,,,,bittnpa01,2015,0,0.0,0.0,0.0,0.0,,
39.0,Colorado Avalanche,A.J. Greer,CA,LW,18.0,2026.0,Boston University (H-East),273.0,25.0,0.0915750915750916,34.0,0.000335439895879456,59.0,0.216117216117216,,10.0,376.0,,,,,,,4.8,greeraj01,2015,0,0.09157509157509157,0.12454212454212454,0.21611721611721613,0.03663003663003663,0.07206959706959706,
41.0,New York Rangers,Ryan Gropp,CA,LW,18.0,,Seattle Thunderbirds (WHL),,0.0,0.0,0.0,0.0,0.0,0.0,,0.0,,,,,,,,,groppry01,2015,0,0.0,0.0,0.0,0.0,,
45.0,Boston Bruins,Jakob Forsbacka Karlsson,SE,C,18.0,2019.0,Omaha Lancers (USHL),29.0,3.0,0.103448275862069,6.0,0.00356718192627824,9.0,0.310344827586207,,1.0,2.0,,,,,,,0.7,forsbja01,2015,0,0.10344827586206896,0.20689655172413793,0.3103448275862069,0.034482758620689655,0.10258620689655173,
46.0,Pittsburgh Penguins,Daniel Sprong,NL,RW,18.0,2025.0,Charlottetown Islanders (QMJHL),374.0,87.0,0.232620320855615,79.0,0.000621979467528382,166.0,0.443850267379679,,-3.0,68.0,,,,,,,17.5,spronda01,2015,0,0.232620320855615,0.21122994652406418,0.44385026737967914,-0.008021390374331552,0.14385026737967915,
47.0,Winnipeg Jets,Jansen Harkins,US,C,18.0,2026.0,Prince George Cougars (WHL),275.0,17.0,0.0618181818181818,22.0,0.000224793388429752,39.0,0.141818181818182,,-27.0,84.0,,,,,,,0.0,harkija01,2015,0,0.06181818181818182,0.08,0.14181818181818182,-0.09818181818181818,0.04118181818181818,
48.0,Ottawa Senators,Filip Chlapik,CZ,C,18.0,2021.0,Charlottetown Islanders (QMJHL),57.0,5.0,0.087719298245614,6.0,0.0015389350569406,11.0,0.192982456140351,,-13.0,18.0,,,,,,,0.2,chlapfi01,2015,0,0.08771929824561403,0.10526315789473684,0.19298245614035087,-0.22807017543859648,0.05131578947368421,
49.0,Dallas Stars,Roope Hintz,FI,LW,18.0,2026.0,Ilves (Finland),490.0,183.0,0.373469387755102,216.0,0.000762182423990004,399.0,0.814285714285714,,102.0,162.0,,,,,,,47.8,hintzro01,2015,0,0.373469387755102,0.44081632653061226,0.8142857142857143,0.20816326530612245,0.2750510204081633,
50.0,Minnesota Wild,Jordan Greenway,US,LW,18.0,2026.0,USA U-18 Development Team (USDP/USHL),448.0,56.0,0.125,106.0,0.000279017857142857,162.0,0.361607142857143,,15.0,349.0,,,,,,,11.1,greenjo02,2015,0,0.125,0.23660714285714285,0.36160714285714285,0.033482142857142856,0.11919642857142858,
54.0,Chicago Blackhawks,Graham Knott,CA,LW,18.0,,Niagara IceDogs (OHL),,0.0,0.0,0.0,0.0,0.0,0.0,,0.0,,,,,,,,,knottgr01,2015,0,0.0,0.0,0.0,0.0,,
55.0,Nashville Predators,Yakov Trenin,RU,C,18.0,2026.0,Gatineau Olympiques (QMJHL),402.0,56.0,0.139303482587065,47.0,0.000346526076087226,103.0,0.256218905472637,,22.0,237.0,,,,,,,7.7,treniya01,2015,0,0.13930348258706468,0.11691542288557213,0.2562189054726368,0.05472636815920398,0.08600746268656716,
58.0,Columbus Blue Jackets,Kevin Stenlund,SE,C,18.0,2026.0,HV71 Jr. (Sweden Jr.),315.0,43.0,0.136507936507937,33.0,0.000433358528596625,76.0,0.241269841269841,,-21.0,156.0,,,,,,,4.7,stenlke01,2015,0,0.1365079365079365,0.10476190476190476,0.24126984126984127,-0.06666666666666667,0.07507936507936508,
59.0,Anaheim Ducks,Julius Nattinen,FI,C,18.0,,JYP-Aktemia (Finland-2),,0.0,0.0,0.0,0.0,0.0,0.0,,0.0,,,,,,,,,nattiju01,2015,0,0.0,0.0,0.0,0.0,,
61.0,Toronto Maple Leafs,Jeremy Bracco,US,RW,18.0,,USA U-18 Development Team (USDP/USHL),,0.0,0.0,0.0,0.0,0.0,0.0,,0.0,,,,,,,,,braccje01,2015,0,0.0,0.0,0.0,0.0,,
62.0,New York Rangers,Robin Kovacs,SE,RW,18.0,,AIK (Sweden-2),,0.0,0.0,0.0,0.0,0.0,0.0,,0.0,,,,,,,,,kovacro01,2015,0,0.0,0.0,0.0,0.0,,
64.0,Tampa Bay Lightning,Dennis Yan,US,LW,18.0,,Shawinigan Cataractes (QMJHL),,0.0,0.0,0.0,0.0,0.0,0.0,,0.0,,,,,,,,,yande01,2015,0,0.0,0.0,0.0,0.0,,
67.0,New Jersey Devils,Blake Speers,CA,C,18.0,2022.0,Soo Greyhounds (OHL),5.0,0.0,0.0,0.0,0.0,0.0,0.0,,-3.0,2.0,,,,,,,-0.2,speerbl01,2015,0,0.0,0.0,0.0,-0.6,-0.0075,
68.0,Toronto Maple Leafs,Martins Dzierkals,LV,LW,18.0,,HK Riga (Russia Jr.),,0.0,0.0,0.0,0.0,0.0,0.0,,0.0,,,,,,,,,dzierma01,2015,0,0.0,0.0,0.0,0.0,,
69.0,Columbus Blue Jackets,Keegan Kolesar,CA,RW,18.0,2026.0,Seattle Thunderbirds (WHL),383.0,38.0,0.0992167101827676,69.0,0.000259051462618192,107.0,0.279373368146214,,-16.0,284.0,,,,,,,6.1,koleske01,2015,0,0.09921671018276762,0.1801566579634465,0.2793733681462141,-0.04177545691906005,0.08870757180156658,
71.0,Colorado Avalanche,Jean-Christophe Beaudin,CA,C,18.0,2020.0,Rouyn-Noranda Huskies (QMJHL),22.0,0.0,0.0,1.0,0.0,1.0,0.0454545454545455,,-4.0,7.0,,,,,,,-0.4,beaudje01,2015,0,0.0,0.045454545454545456,0.045454545454545456,-0.18181818181818182,0.005681818181818182,
72.0,Tampa Bay Lightning,Anthony Cirelli,CA,C,18.0,2026.0,Oshawa Generals (OHL),533.0,133.0,0.24953095684803,176.0,0.000468163146056341,309.0,0.579737335834897,,139.0,257.0,,,,,,,32.5,cirelan01,2015,0,0.24953095684803,0.3302063789868668,0.5797373358348968,0.2607879924953096,0.20145403377110693,
74.0,Los Angeles Kings,Alexander Dergachyov,RU,C,18.0,,SKA 1946 St. Petersburg (Russia Jr.),,0.0,0.0,0.0,0.0,0.0,0.0,,0.0,,,,,,,,,dergaal01,2015,0,0.0,0.0,0.0,0.0,,
78.0,Winnipeg Jets,Erik Foley,US,LW,18.0,,Cedar Rapids RoughRiders (USHL),,0.0,0.0,0.0,0.0,0.0,0.0,,0.0,,,,,,,,,foleyer01,2015,0,0.0,0.0,0.0,0.0,,
80.0,Anaheim Ducks,Brent Gates,US,C,18.0,,Green Bay Gamblers (USHL),,0.0,0.0,0.0,0.0,0.0,0.0,,0.0,,,,,,,,,gatesbr01,2015,0,0.0,0.0,0.0,0.0,,
81.0,Arizona Coyotes,Brendan Warren,US,LW,18.0,,USA U-18 Development Team (USDP/USHL),,0.0,0.0,0.0,0.0,0.0,0.0,,0.0,,,,,,,,,warrebr01,2015,0,0.0,0.0,0.0,0.0,,
83.0,Arizona Coyotes,Jens Looke,SE,RW,18.0,,Brynas IF (Sweden),,0.0,0.0,0.0,0.0,0.0,0.0,,0.0,,,,,,,,,lookeje01,2015,0,0.0,0.0,0.0,0.0,,
84.0,Anaheim Ducks,Deven Sideroff,CA,RW,18.0,,Kamloops Blazers (WHL),,0.0,0.0,0.0,0.0,0.0,0.0,,0.0,,,,,,,,,siderde01,2015,0,0.0,0.0,0.0,0.0,,
85.0,Nashville Predators,Thomas Novak,US,C,18.0,2026.0,Waterloo Black Hawks (USHL),228.0,52.0,0.228070175438596,75.0,0.00100030778701139,127.0,0.557017543859649,,-12.0,28.0,,,,,,,12.2,novakth01,2015,0,0.22807017543859648,0.32894736842105265,0.5570175438596491,-0.05263157894736842,0.17839912280701753,
87.0,Montreal Canadiens,Lukas Vejdemo,SE,C,19.0,2022.0,Djurgardens IF Jr. (Sweden Jr.),13.0,2.0,0.153846153846154,0.0,0.0118343195266272,2.0,0.153846153846154,,-3.0,0.0,,,,,,,0.1,vejdelu01,2015,0,0.15384615384615385,0.0,0.15384615384615385,-0.23076923076923078,0.025,
89.0,New York Rangers,Aleksi Saarela,FI,C,18.0,2020.0,Assat (Finland),9.0,2.0,0.222222222222222,2.0,0.0246913580246913,4.0,0.444444444444444,,2.0,0.0,,,,,,,0.5,saareal01,2015,0,0.2222222222222222,0.2222222222222222,0.4444444444444444,0.2222222222222222,0.06999999999999999,
94.0,St. Louis Blues,Adam Musil,CA,C,18.0,,Red Deer Rebels (WHL),,0.0,0.0,0.0,0.0,0.0,0.0,,0.0,,,,,,,,,musilad01,2015,0,0.0,0.0,0.0,0.0,,
96.0,Carolina Hurricanes,Nicolas Roy,CA,C,18.0,2026.0,Chicoutimi Sagueneens (QMJHL),392.0,70.0,0.178571428571429,103.0,0.000455539358600584,173.0,0.441326530612245,,37.0,177.0,,,,,,,15.1,royni01,2015,0,0.17857142857142858,0.2627551020408163,0.4413265306122449,0.09438775510204081,0.14815051020408163,
98.0,Philadelphia Flyers,Samuel Dove-McFalls,CA,LW,18.0,,Saint John Sea Dogs (QMJHL),,0.0,0.0,0.0,0.0,0.0,0.0,,0.0,,,,,,,,,dovemsa01,2015,0,0.0,0.0,0.0,0.0,,
99.0,Los Angeles Kings,Austin Wagner,CA,LW,18.0,2023.0,Regina Pats (WHL),178.0,23.0,0.129213483146067,19.0,0.000725918444640826,42.0,0.235955056179775,,-19.0,70.0,,,,,,,3.3,wagneau01,2015,0,0.12921348314606743,0.10674157303370786,0.23595505617977527,-0.10674157303370786,0.07134831460674158,
100.0,Nashville Predators,Anthony Richard,CA,C,18.0,2025.0,Val-d'Or Foreurs (QMJHL),39.0,6.0,0.153846153846154,8.0,0.00394477317554241,14.0,0.358974358974359,,-3.0,8.0,,,,,,,1.1,richaan01,2015,0,0.15384615384615385,0.20512820512820512,0.358974358974359,-0.07692307692307693,0.11282051282051282,
102.0,Florida Panthers,Denis Malgin,CH,C,18.0,2023.0,ZSC Lions (Swiss),257.0,41.0,0.159533073929961,40.0,0.000620751260427864,81.0,0.315175097276265,,-16.0,50.0,,,,,,,6.5,malgide01,2015,0,0.15953307392996108,0.1556420233463035,0.3151750972762646,-0.0622568093385214,0.09931906614785992,
104.0,Philadelphia Flyers,Mikhail Vorobyev,RU,C,18.0,2020.0,Tolpar Ufa (Russia Jr.),35.0,2.0,0.0571428571428571,3.0,0.00163265306122449,5.0,0.142857142857143,,-5.0,8.0,,,,,,,-0.1,vorobmi01,2015,0,0.05714285714285714,0.08571428571428572,0.14285714285714285,-0.14285714285714285,0.039285714285714285,
105.0,Boston Bruins,Jesse Gabrielle,CA,LW,18.0,,Regina Pats (WHL),,0.0,0.0,0.0,0.0,0.0,0.0,,0.0,,,,,,,,,gabrije01,2015,0,0.0,0.0,0.0,0.0,,
106.0,San Jose Sharks,Adam Helewka,CA,LW,20.0,,Spokane Chiefs (WHL),,0.0,0.0,0.0,0.0,0.0,0.0,,0.0,,,,,,,,,helewad01,2015,0,0.0,0.0,0.0,0.0,,
108.0,Winnipeg Jets,Michael Spacek,CZ,RW,18.0,,HC Pardubice (Czech),,0.0,0.0,0.0,0.0,0.0,0.0,,0.0,,,,,,,,,spacemi01,2015,0,0.0,0.0,0.0,0.0,,
109.0,Ottawa Senators,Filip Ahl,SE,LW,18.0,,HV71 Jr. (Sweden Jr.),,0.0,0.0,0.0,0.0,0.0,0.0,,0.0,,,,,,,,,ahlfi01,2015,0,0.0,0.0,0.0,0.0,,
113.0,New York Rangers,Brad Morrison,CA,C,18.0,,Prince George Cougars (WHL),,0.0,0.0,0.0,0.0,0.0,0.0,,0.0,,,,,,,,,morribr03,2015,0,0.0,0.0,0.0,0.0,,
114.0,Vancouver Canucks,Dmitry Zhukenov,RU,C,18.0,,Omskie Yastreby (Russia Jr.),,0.0,0.0,0.0,0.0,0.0,0.0,,0.0,,,,,,,,,zhukedm01,2015,0,0.0,0.0,0.0,0.0,,
116.0,St. Louis Blues,Glenn Gawdin,CA,C,18.0,2024.0,Swift Current Broncos (WHL),13.0,0.0,0.0,1.0,0.0,1.0,0.0769230769230769,,-3.0,4.0,,,,,,,-0.2,gawdigl01,2015,0,0.0,0.07692307692307693,0.07692307692307693,-0.23076923076923078,0.00875,
118.0,Tampa Bay Lightning,Jonne Tammela,FI,RW,18.0,,KalPa (Finland),,0.0,0.0,0.0,0.0,0.0,0.0,,0.0,,,,,,,,,tammejo01,2015,0,0.0,0.0,0.0,0.0,,
119.0,New York Rangers,Daniel Bernhardt,SE,RW,19.0,,Djurgardens IF Jr. (Sweden Jr.),,0.0,0.0,0.0,0.0,0.0,0.0,,0.0,,,,,,,,,bernhda01,2015,0,0.0,0.0,0.0,0.0,,
120.0,Tampa Bay Lightning,Mathieu Joseph,CA,RW,18.0,2026.0,Saint John Sea Dogs (QMJHL),441.0,61.0,0.138321995464853,95.0,0.000313655318514406,156.0,0.353741496598639,,12.0,200.0,,,,,,,12.2,josepma01,2015,0,0.1383219954648526,0.21541950113378686,0.35374149659863946,0.027210884353741496,0.1163265306122449,
123.0,Arizona Coyotes,Conor Garland,US,RW,19.0,2026.0,Moncton Wildcats (QMJHL),506.0,128.0,0.25296442687747,178.0,0.000499929697386304,306.0,0.604743083003953,,20.0,225.0,,,,,,,31.1,garlaco01,2015,0,0.25296442687747034,0.35177865612648224,0.6047430830039525,0.039525691699604744,0.19851778656126481,
125.0,Toronto Maple Leafs,Dmytro Timashov,UA,LW,18.0,2021.0,Quebec Remparts (QMJHL),45.0,4.0,0.0888888888888889,5.0,0.00197530864197531,9.0,0.2,,-1.0,16.0,,,,,,,0.6,timasdm01,2015,0,0.08888888888888889,0.1111111111111111,0.2,-0.022222222222222223,0.0638888888888889,
126.0,Carolina Hurricanes,Luke Stevens,US,LW,18.0,,Noble & Greenough School (High-MA),,0.0,0.0,0.0,0.0,0.0,0.0,,0.0,,,,,,,,,stevelu01,2015,0,0.0,0.0,0.0,0.0,,
128.0,Philadelphia Flyers,David Kase,CZ,RW,18.0,2021.0,Pirati Chomutov (Czech-2),7.0,1.0,0.142857142857143,0.0,0.0204081632653061,1.0,0.142857142857143,,1.0,0.0,,,,,,,0.1,kaseda01,2015,0,0.14285714285714285,0.0,0.14285714285714285,0.14285714285714285,0.01875,
131.0,Montreal Canadiens,Matthew Bradley,CA,C,18.0,,Medicine Hat Tigers (WHL),,0.0,0.0,0.0,0.0,0.0,0.0,,0.0,,,,,,,,,bradlma02,2015,0,0.0,0.0,0.0,0.0,,
132.0,Florida Panthers,Karch Bachman,US,LW,18.0,,Culver Military Academy (High-IN),,0.0,0.0,0.0,0.0,0.0,0.0,,0.0,,,,,,,,,bachmka01,2015,0,0.0,0.0,0.0,0.0,,
134.0,Los Angeles Kings,Matt Schmalz,CA,RW,19.0,,Sudbury Wolves (OHL),,0.0,0.0,0.0,0.0,0.0,0.0,,0.0,,,,,,,,,schmama01,2015,0,0.0,0.0,0.0,0.0,,
135.0,Minnesota Wild,Kirill Kaprizov,RU,LW,18.0,2026.0,Metallurg Novokuznetsk (Russia),346.0,202.0,0.583815028901734,215.0,0.0016873266731264,417.0,1.20520231213873,,72.0,153.0,,,,,,,51.6,kapriki01,2015,0,0.5838150289017341,0.6213872832369942,1.2052023121387283,0.20809248554913296,0.40209537572254334,
136.0,Calgary Flames,Pavel Karnaukhov,BY,LW,18.0,,Calgary Hitmen (WHL),,0.0,0.0,0.0,0.0,0.0,0.0,,0.0,,,,,,,,,karnapa01,2015,0,0.0,0.0,0.0,0.0,,
137.0,Pittsburgh Penguins,Dominik Simon,CZ,C,21.0,2022.0,HC Plzen (Czech),256.0,22.0,0.0859375,55.0,0.000335693359375,77.0,0.30078125,,0.0,80.0,,,,,,,4.7,simondo01,2015,0,0.0859375,0.21484375,0.30078125,0.0,0.09775390625,
138.0,Carolina Hurricanes,Spencer Smallman,CA,RW,19.0,,Saint John Sea Dogs (QMJHL),,0.0,0.0,0.0,0.0,0.0,0.0,,0.0,,,,,,,,,smallsp01,2015,0,0.0,0.0,0.0,0.0,,
140.0,Detroit Red Wings,Chase Pearson,CA,C,18.0,2022.0,Youngstown Phantoms (USHL),3.0,0.0,0.0,0.0,0.0,0.0,0.0,,0.0,0.0,,,,,,,0.0,pearsch01,2015,0,0.0,0.0,0.0,0.0,0.0,
142.0,San Jose Sharks,Rudolfs Balcers,LV,LW,18.0,2023.0,Stavanger (Norway),170.0,28.0,0.164705882352941,34.0,0.000968858131487888,62.0,0.364705882352941,,-19.0,50.0,,,,,,,4.7,balceru01,2015,0,0.16470588235294117,0.2,0.36470588235294116,-0.11176470588235295,0.11294117647058824,
149.0,Vancouver Canucks,Adam Gaudette,US,C,18.0,2026.0,Cedar Rapids RoughRiders (USHL),324.0,53.0,0.16358024691358,52.0,0.000504877305288827,105.0,0.324074074074074,,-29.0,112.0,,,,,,,9.2,gaudead01,2015,0,0.16358024691358025,0.16049382716049382,0.32407407407407407,-0.08950617283950617,0.10084876543209877,
151.0,Chicago Blackhawks,Radovan Bondra,SK,RW,18.0,,HC Kosice (Slovakia),,0.0,0.0,0.0,0.0,0.0,0.0,,0.0,,,,,,,,,bondrra01,2015,0,0.0,0.0,0.0,0.0,,
152.0,Buffalo Sabres,Giorgio Estephan,CA,C,18.0,,Lethbridge Hurricanes (WHL),,0.0,0.0,0.0,0.0,0.0,0.0,,0.0,,,,,,,,,estepgi01,2015,0,0.0,0.0,0.0,0.0,,
157.0,New Jersey Devils,Brett Seney,CA,LW,19.0,2024.0,Merrimack (H-East),66.0,6.0,0.0909090909090909,8.0,0.00137741046831956,14.0,0.212121212121212,,-17.0,39.0,,,,,,,0.4,seneybr01,2015,0,0.09090909090909091,0.12121212121212122,0.21212121212121213,-0.25757575757575757,0.05606060606060606,
158.0,Philadelphia Flyers,Cooper Marody,US,C,18.0,2022.0,Sioux Falls Stampede (USHL),7.0,0.0,0.0,1.0,0.0,1.0,0.142857142857143,,-1.0,0.0,,,,,,,0.0,marodco01,2015,0,0.0,0.14285714285714285,0.14285714285714285,-0.14285714285714285,0.013749999999999998,
162.0,Florida Panthers,Christopher Wilkie,US,RW,19.0,,Tri-City Storm (USHL),,0.0,0.0,0.0,0.0,0.0,0.0,,0.0,,,,,,,,,wilkich01,2015,0,0.0,0.0,0.0,0.0,,
164.0,Chicago Blackhawks,Roy Radke,US,RW,18.0,,Barrie Colts (OHL),,0.0,0.0,0.0,0.0,0.0,0.0,,0.0,,,,,,,,,radkero01,2015,0,0.0,0.0,0.0,0.0,,
165.0,Boston Bruins,Cameron Hughes,CA,C,18.0,2021.0,Wisconsin (Big Ten),2.0,0.0,0.0,0.0,0.0,0.0,0.0,,-2.0,0.0,,,,,,,-0.1,hugheca01,2015,0,0.0,0.0,0.0,-1.0,-0.005000000000000001,
166.0,Calgary Flames,Andrew Mangiapane,CA,LW,19.0,2026.0,Barrie Colts (OHL),525.0,127.0,0.241904761904762,125.0,0.00046077097505669,252.0,0.48,,35.0,207.0,,,,,,,25.8,mangian01,2015,0,0.2419047619047619,0.23809523809523808,0.48,0.06666666666666667,0.15933333333333333,
167.0,Pittsburgh Penguins,Frederik Tiffels,DE,LW,20.0,,Western Michigan (NCHC),,0.0,0.0,0.0,0.0,0.0,0.0,,0.0,,,,,,,,,tiffefr01,2015,0,0.0,0.0,0.0,0.0,,
168.0,Winnipeg Jets,Mason Appleton,US,C,19.0,2026.0,Tri-City Storm (USHL),426.0,60.0,0.140845070422535,87.0,0.000330622231038815,147.0,0.345070422535211,,33.0,146.0,,,,,,,12.0,applema01,2015,0,0.14084507042253522,0.20422535211267606,0.34507042253521125,0.07746478873239436,0.11602112676056339,
169.0,Carolina Hurricanes,David Cotton,US,C,18.0,,Cushing Academy (High-MA),,0.0,0.0,0.0,0.0,0.0,0.0,,0.0,,,,,,,,,cottoda01,2015,0,0.0,0.0,0.0,0.0,,
174.0,Vancouver Canucks,Lukas Jasek,CZ,RW,18.0,,HC Ocelari Trinec (Czech),,0.0,0.0,0.0,0.0,0.0,0.0,,0.0,,,,,,,,,jaseklu01,2015,0,0.0,0.0,0.0,0.0,,
175.0,Nashville Predators,Tyler Moy,US,C,20.0,,Harvard (ECAC),,0.0,0.0,0.0,0.0,0.0,0.0,,0.0,,,,,,,,,moyty01,2015,0,0.0,0.0,0.0,0.0,,
176.0,St. Louis Blues,Liam Dunda,US,LW,18.0,,Owen Sound Attack (OHL),,0.0,0.0,0.0,0.0,0.0,0.0,,0.0,,,,,,,,,dundali01,2015,0,0.0,0.0,0.0,0.0,,
180.0,Tampa Bay Lightning,Bokondji Imama,CA,LW,19.0,2026.0,Saint John Sea Dogs (QMJHL),32.0,2.0,0.0625,0.0,0.001953125,2.0,0.0625,,-1.0,47.0,,,,,,,0.1,imamabo01,2015,0,0.0625,0.0,0.0625,-0.03125,0.01875,
185.0,Toronto Maple Leafs,Nikita Korostelev,RU,RW,18.0,,Sarnia Sting (OHL),,0.0,0.0,0.0,0.0,0.0,0.0,,0.0,,,,,,,,,korosni01,2015,0,0.0,0.0,0.0,0.0,,
190.0,San Jose Sharks,Marcus Vela,CA,C,18.0,,Langley (BCHL),,0.0,0.0,0.0,0.0,0.0,0.0,,0.0,,,,,,,,,velama01,2015,0,0.0,0.0,0.0,0.0,,
191.0,Colorado Avalanche,Gustav Olhaver,SE,C,18.0,,Rogle BK Jr. (Sweden Jr.),,0.0,0.0,0.0,0.0,0.0,0.0,,0.0,,,,,,,,,olhavgu01,2015,0,0.0,0.0,0.0,0.0,,
192.0,Florida Panthers,Patrick Shea,US,C,18.0,,Kimball Union Academy (High-NH),,0.0,0.0,0.0,0.0,0.0,0.0,,0.0,,,,,,,,,sheapa02,2015,0,0.0,0.0,0.0,0.0,,
195.0,Boston Bruins,Jack Becker,US,C,18.0,,Mahtomedi HS (High-MN),,0.0,0.0,0.0,0.0,0.0,0.0,,0.0,,,,,,,,,beckeja01,2015,0,0.0,0.0,0.0,0.0,,
197.0,Pittsburgh Penguins,Nikita Pavlychev,RU,C,18.0,,Des Moines Buccaneers (USHL),,0.0,0.0,0.0,0.0,0.0,0.0,,0.0,,,,,,,,,pavlyni01,2015,0,0.0,0.0,0.0,0.0,,
200.0,Detroit Red Wings,Adam Marsh,US,LW,18.0,,Saint John Sea Dogs (QMJHL),,0.0,0.0,0.0,0.0,0.0,0.0,,0.0,,,,,,,,,marshad01,2015,0,0.0,0.0,0.0,0.0,,
203.0,Winnipeg Jets,Matteo Gennaro,CA,C,18.0,,Prince Albert Raiders (WHL),,0.0,0.0,0.0,0.0,0.0,0.0,,0.0,,,,,,,,,gennama01,2015,0,0.0,0.0,0.0,0.0,,
207.0,Montreal Canadiens,Jeremiah Addison,CA,LW,18.0,,Ottawa 67's (OHL),,0.0,0.0,0.0,0.0,0.0,0.0,,0.0,,,,,,,,,addisje01,2015,0,0.0,0.0,0.0,0.0,,
211.0,Chicago Blackhawks,John Dahlstrom,SE,RW,18.0,,Frolunda HC Jr. (Sweden Jr.),,0.0,0.0,0.0,0.0,0.0,0.0,,0.0,,,,,,,,,dahlsjo01,2015,0,0.0,0.0,0.0,0.0,,
2.0,Buffalo Sabres,Sam Reinhart,CA,C,18.0,2026.0,Kootenay Ice (WHL),800.0,308.0,0.385,335.0,0.00048125,643.0,0.80375,,-59.0,175.0,,,,,,,70.1,reinhsa01,2014,0,0.385,0.41875,0.80375,-0.07375,0.25753125,
3.0,Edmonton Oilers,Leon Draisaitl,DE,C,18.0,2026.0,Prince Albert Raiders (WHL),817.0,414.0,0.506731946144431,573.0,0.000620234940201262,987.0,1.20807833537332,,91.0,348.0,,,,,,,116.2,draisle01,2014,0,0.5067319461444308,0.7013463892288861,1.208078335373317,0.11138310893512852,0.3981946144430844,
4.0,Calgary Flames,Samuel Bennett,CA,C,18.0,2026.0,Kingston Frontenacs (OHL),716.0,168.0,0.23463687150838,180.0,0.000327705127805,348.0,0.486033519553073,,-25.0,694.0,,,,,,,32.1,bennesa01,2014,0,0.2346368715083799,0.25139664804469275,0.4860335195530726,-0.034916201117318434,0.15621508379888271,
5.0,New York Islanders,Michael Dal Colle,CA,LW,18.0,2022.0,Oshawa Generals (OHL),112.0,8.0,0.0714285714285714,13.0,0.000637755102040816,21.0,0.1875,,-3.0,18.0,,,,,,,0.7,dalcomi01,2014,0,0.07142857142857142,0.11607142857142858,0.1875,-0.026785714285714284,0.05959821428571429,
6.0,Vancouver Canucks,Jake Virtanen,CA,RW,18.0,2021.0,Calgary Hitmen (WHL),317.0,55.0,0.173501577287066,45.0,0.00054732358765636,100.0,0.315457413249211,,-29.0,219.0,,,,,,,8.5,virtaja01,2014,0,0.17350157728706625,0.14195583596214512,0.31545741324921134,-0.0914826498422713,0.09794952681388013,
9.0,Winnipeg Jets,Nikolaj Ehlers,DK,LW,18.0,2026.0,Halifax Mooseheads (QMJHL),699.0,230.0,0.329041487839771,306.0,0.000470731742260044,536.0,0.766809728183119,,110.0,228.0,,,,,,,62.3,ehlerni01,2014,0,0.3290414878397711,0.43776824034334766,0.7668097281831188,0.15736766809728184,0.2570815450643777,
10.0,Anaheim Ducks,Nicholas Ritchie,CA,LW,18.0,2023.0,Peterborough Petes (OHL),481.0,84.0,0.174636174636175,102.0,0.000363068970137578,186.0,0.386694386694387,,-29.0,483.0,,,,,,,16.1,ritchni01,2014,0,0.17463617463617465,0.21205821205821207,0.3866943866943867,-0.060291060291060294,0.12266112266112265,
11.0,Nashville Predators,Kevin Fiala,CH,LW,18.0,2026.0,HV71 Jr. (Sweden Jr.),677.0,221.0,0.326440177252585,285.0,0.000482186377034838,506.0,0.747415066469719,,9.0,383.0,,,,,,,53.6,fialake01,2014,0,0.32644017725258495,0.42097488921713444,0.7474150664697193,0.013293943870014771,0.2435745937961595,
12.0,Arizona Coyotes,Brendan Perlini,GB,LW,18.0,2022.0,Niagara IceDogs (OHL),262.0,50.0,0.190839694656489,31.0,0.000728395781131637,81.0,0.309160305343511,,-43.0,92.0,,,,,,,6.8,perlibr01,2014,0,0.19083969465648856,0.1183206106870229,0.30916030534351147,-0.16412213740458015,0.09227099236641223,
15.0,Detroit Red Wings,Dylan Larkin,US,C,18.0,2026.0,USA U-18 Development Team (USDP/USHL),761.0,256.0,0.336399474375821,350.0,0.000442049243595034,606.0,0.796320630749014,,-94.0,473.0,,,,,,,60.5,larkidy01,2014,0,0.3363994743758213,0.45992115637319314,0.7963206307490145,-0.12352168199737187,0.2526281208935611,
16.0,Columbus Blue Jackets,Sonny Milano,US,LW,18.0,2026.0,USA U-18 Development Team (USDP/USHL),329.0,65.0,0.197568389057751,77.0,0.000600511820844228,142.0,0.43161094224924,,-29.0,76.0,,,,,,,13.0,milanso01,2014,0,0.19756838905775076,0.23404255319148937,0.4316109422492401,-0.08814589665653495,0.13586626139817629,
18.0,Minnesota Wild,Alex Tuch,US,RW,18.0,2026.0,USA U-18 Development Team (USDP/USHL),562.0,176.0,0.313167259786477,229.0,0.000557237117057788,405.0,0.720640569395018,,57.0,241.0,,,,,,,43.5,tuchal01,2014,0,0.31316725978647686,0.40747330960854095,0.7206405693950177,0.10142348754448399,0.23927935943060502,
20.0,Chicago Blackhawks,Nick Schmaltz,US,C,18.0,2026.0,Green Bay Gamblers (USHL),615.0,152.0,0.247154471544715,293.0,0.000401877189503602,445.0,0.723577235772358,,-29.0,130.0,,,,,,,41.1,schmani01,2014,0,0.24715447154471545,0.4764227642276423,0.7235772357723578,-0.04715447154471545,0.2328048780487805,
21.0,St. Louis Blues,Robert Fabbri,CA,C,18.0,2025.0,Guelph Storm (OHL),442.0,106.0,0.239819004524887,110.0,0.000542576933314224,216.0,0.48868778280543,,-95.0,203.0,,,,,,,19.0,fabbrro01,2014,0,0.2398190045248869,0.248868778280543,0.48868778280542985,-0.2149321266968326,0.14807692307692308,
22.0,Pittsburgh Penguins,Kasperi Kapanen,FI,RW,18.0,2026.0,KalPa (Finland),533.0,90.0,0.168855534709193,134.0,0.000316802128910306,224.0,0.420262664165103,,-14.0,126.0,,,,,,,17.4,kapanka01,2014,0,0.16885553470919323,0.25140712945590993,0.4202626641651032,-0.02626641651031895,0.1352720450281426,
23.0,Colorado Avalanche,Conner Bleackley,CA,C,18.0,,Red Deer Rebels (WHL),,0.0,0.0,0.0,0.0,0.0,0.0,,0.0,,,,,,,,,bleacco01,2014,0,0.0,0.0,0.0,0.0,,
24.0,Vancouver Canucks,Jared McCann,CA,C,18.0,2026.0,Soo Greyhounds (OHL),675.0,187.0,0.277037037037037,216.0,0.00041042524005487,403.0,0.597037037037037,,18.0,218.0,,,,,,,43.0,mccanja01,2014,0,0.277037037037037,0.32,0.597037037037037,0.02666666666666667,0.19537037037037036,
25.0,Boston Bruins,David Pastrnak,CZ,RW,18.0,2026.0,Sodertalje SK (Sweden-2),781.0,402.0,0.51472471190781,460.0,0.000659058529971588,862.0,1.10371318822023,,133.0,358.0,,,,,,,110.2,pastrda01,2014,0,0.5147247119078106,0.58898847631242,1.1037131882202305,0.1702944942381562,0.3672215108834827,
26.0,Montreal Canadiens,Nikita Scherbak,RU,RW,18.0,2019.0,Saskatoon Blades (WHL),37.0,6.0,0.162162162162162,2.0,0.00438276113951789,8.0,0.216216216216216,,-8.0,10.0,,,,,,,0.5,scherni01,2014,0,0.16216216216216217,0.05405405405405406,0.21621621621621623,-0.21621621621621623,0.05945945945945946,
27.0,San Jose Sharks,Nikolay Goldobin,RU,RW,18.0,2020.0,Sarnia Sting (OHL),125.0,19.0,0.152,27.0,0.001216,46.0,0.368,,-23.0,24.0,,,,,,,3.3,goldoni01,2014,0,0.152,0.216,0.368,-0.184,0.1104,
29.0,Los Angeles Kings,Adrian Kempe,SE,LW,18.0,2026.0,MODO Hockey (Sweden),656.0,203.0,0.309451219512195,221.0,0.000471724419988102,424.0,0.646341463414634,,29.0,387.0,,,,,,,46.4,kempead01,2014,0,0.3094512195121951,0.33689024390243905,0.6463414634146342,0.04420731707317073,0.21227134146341464,
30.0,New Jersey Devils,John Quenneville,CA,C,18.0,2020.0,Brandon Wheat Kings (WHL),42.0,2.0,0.0476190476190476,3.0,0.00113378684807256,5.0,0.119047619047619,,-4.0,6.0,,,,,,,-0.1,quennjo02,2014,0,0.047619047619047616,0.07142857142857142,0.11904761904761904,-0.09523809523809523,0.03392857142857143,
31.0,Buffalo Sabres,Brendan Lemieux,US,LW,18.0,2024.0,Barrie Colts (OHL),307.0,36.0,0.117263843648208,38.0,0.000381966917420873,74.0,0.241042345276873,,-10.0,548.0,,,,,,,5.3,lemiebr01,2014,0,0.11726384364820847,0.1237785016286645,0.24104234527687296,-0.03257328990228013,0.07671009771986972,
32.0,Florida Panthers,Jayce Hawryluk,CA,C,18.0,2021.0,Brandon Wheat Kings (WHL),98.0,12.0,0.122448979591837,15.0,0.00124947938359017,27.0,0.275510204081633,,-14.0,41.0,,,,,,,1.8,hawryja01,2014,0,0.12244897959183673,0.15306122448979592,0.2755102040816326,-0.14285714285714285,0.08239795918367346,
42.0,Nashville Predators,Vladislav Kamenev,RU,LW,18.0,2020.0,Stalnye Lisy Magnitogorsk (Russia Jr.),66.0,3.0,0.0454545454545455,10.0,0.00068870523415978,13.0,0.196969696969697,,-7.0,20.0,,,,,,,0.3,kamenvl01,2014,0,0.045454545454545456,0.15151515151515152,0.19696969696969696,-0.10606060606060606,0.05871212121212122,
43.0,Arizona Coyotes,Ryan MacInnis,US,C,18.0,2022.0,Kitchener Rangers (OHL),27.0,0.0,0.0,1.0,0.0,1.0,0.037037037037037,,-2.0,0.0,,,,,,,-0.4,macinry01,2014,0,0.0,0.037037037037037035,0.037037037037037035,-0.07407407407407407,0.008333333333333333,
44.0,Buffalo Sabres,Eric Cornel,CA,C,18.0,,Peterborough Petes (OHL),,0.0,0.0,0.0,0.0,0.0,0.0,,0.0,,,,,,,,,corneer01,2014,0,0.0,0.0,0.0,0.0,,
45.0,Dallas Stars,Brett Pollock,CA,LW,18.0,,Edmonton Oil Kings (WHL),,0.0,0.0,0.0,0.0,0.0,0.0,,0.0,,,,,,,,,pollobr01,2014,0,0.0,0.0,0.0,0.0,,
48.0,Philadelphia Flyers,Nicolas Aube-Kubel,CA,RW,18.0,2025.0,Val-d'Or Foreurs (QMJHL),304.0,32.0,0.105263157894737,48.0,0.000346260387811635,80.0,0.263157894736842,,10.0,202.0,,,,,,,5.8,aubekni01,2014,0,0.10526315789473684,0.15789473684210525,0.2631578947368421,0.03289473684210526,0.08717105263157894,
49.0,Buffalo Sabres,Vaclav Karabacek,CZ,RW,18.0,,Gatineau Olympiques (QMJHL),,0.0,0.0,0.0,0.0,0.0,0.0,,0.0,,,,,,,,,karabva01,2014,0,0.0,0.0,0.0,0.0,,
52.0,St. Louis Blues,Maxim Letunov,RU,C,18.0,2020.0,Youngstown Phantoms (USHL),3.0,1.0,0.333333333333333,0.0,0.111111111111111,1.0,0.333333333333333,,0.0,0.0,,,,,,,0.2,letunma01,2014,0,0.3333333333333333,0.0,0.3333333333333333,0.0,0.01625,
53.0,San Jose Sharks,Noah Rod,CH,RW,18.0,,Geneve-Servette Jr. (Swiss Jr.),,0.0,0.0,0.0,0.0,0.0,0.0,,0.0,,,,,,,,,rodno01,2014,0,0.0,0.0,0.0,0.0,,
54.0,Calgary Flames,Hunter Smith,CA,RW,19.0,,Oshawa Generals (OHL),,0.0,0.0,0.0,0.0,0.0,0.0,,0.0,,,,,,,,,smithhu01,2014,0,0.0,0.0,0.0,0.0,,
56.0,Boston Bruins,Ryan Donato,US,C,18.0,2026.0,Dexter Southfield School (High-MA),509.0,116.0,0.227897838899804,124.0,0.000447736422200008,240.0,0.471512770137525,,-48.0,193.0,,,,,,,23.2,donatry01,2014,0,0.22789783889980353,0.24361493123772102,0.4715127701375246,-0.09430255402750491,0.14852652259332025,
58.0,Arizona Coyotes,Christian Dvorak,US,LW,18.0,2026.0,London Knights (OHL),559.0,111.0,0.198568872987478,154.0,0.000355221597473127,265.0,0.474060822898032,,-55.0,128.0,,,,,,,22.2,dvorach01,2014,0,0.19856887298747763,0.27549194991055453,0.4740608228980322,-0.09838998211091235,0.14915026833631484,
62.0,Nashville Predators,Justin Kirkland,CA,LW,18.0,2026.0,Kelowna Rockets (WHL),39.0,2.0,0.0512820512820513,7.0,0.00131492439184747,9.0,0.230769230769231,,2.0,11.0,,,,,,,0.7,kirklju01,2014,0,0.05128205128205128,0.1794871794871795,0.23076923076923078,0.05128205128205128,0.07756410256410257,
63.0,Detroit Red Wings,Dominic Turgeon,CA,C,18.0,2019.0,Portland Winterhawks (WHL),9.0,0.0,0.0,0.0,0.0,0.0,0.0,,-5.0,2.0,,,,,,,-0.3,turgedo01,2014,0,0.0,0.0,0.0,-0.5555555555555556,-0.0125,
65.0,Florida Panthers,Juho Lammikko,FI,RW,18.0,2026.0,Assat Jr. (Finland Jr.),173.0,11.0,0.0635838150289017,15.0,0.000367536503057235,26.0,0.15028901734104,,-24.0,32.0,,,,,,,-0.5,lammiju01,2014,0,0.06358381502890173,0.08670520231213873,0.15028901734104047,-0.13872832369942195,0.04190751445086706,
67.0,Carolina Hurricanes,Warren Foegele,CA,LW,18.0,2026.0,St. Andrew's College (High-ON),531.0,108.0,0.203389830508475,105.0,0.000383031695872834,213.0,0.401129943502825,,38.0,205.0,,,,,,,20.8,foegewa01,2014,0,0.2033898305084746,0.1977401129943503,0.4011299435028249,0.07156308851224105,0.13394538606403014,
71.0,New Jersey Devils,Connor Chatham,US,RW,18.0,,Plymouth Whalers (OHL),,0.0,0.0,0.0,0.0,0.0,0.0,,0.0,,,,,,,,,chathco01,2014,0,0.0,0.0,0.0,0.0,,
72.0,San Jose Sharks,Alex Schoenborn,US,RW,18.0,,Portland Winterhawks (WHL),,0.0,0.0,0.0,0.0,0.0,0.0,,0.0,,,,,,,,,schoeal01,2014,0,0.0,0.0,0.0,0.0,,
79.0,Tampa Bay Lightning,Brayden Point,CA,C,18.0,2026.0,Moose Jaw Warriors (WHL),678.0,309.0,0.455752212389381,337.0,0.000672200903229176,646.0,0.952802359882006,,66.0,155.0,,,,,,,74.5,pointbr01,2014,0,0.4557522123893805,0.4970501474926254,0.9528023598820059,0.09734513274336283,0.31452802359882004,
81.0,San Jose Sharks,Dylan Sadowy,CA,LW,18.0,,Saginaw Spirit (OHL),,0.0,0.0,0.0,0.0,0.0,0.0,,0.0,,,,,,,,,sadowdy01,2014,0,0.0,0.0,0.0,0.0,,
83.0,Chicago Blackhawks,Matheson Iacopelli,US,RW,20.0,,Muskegon Lumberjacks (USHL),,0.0,0.0,0.0,0.0,0.0,0.0,,0.0,,,,,,,,,iacopma01,2014,0,0.0,0.0,0.0,0.0,,
87.0,Arizona Coyotes,Anton Karlsson,SE,RW,18.0,,Frolunda HC Jr. (Sweden Jr.),,0.0,0.0,0.0,0.0,0.0,0.0,,0.0,,,,,,,,,karlsan02,2014,0,0.0,0.0,0.0,0.0,,
89.0,Washington Capitals,Nathan Walker,GB,LW,20.0,2026.0,Hershey Bears (AHL),254.0,31.0,0.122047244094488,34.0,0.000480500961001921,65.0,0.255905511811024,,-2.0,136.0,,,,,,,4.6,walkena01,2014,0,0.1220472440944882,0.13385826771653545,0.2559055118110236,-0.007874015748031496,0.0827755905511811,
90.0,Los Angeles Kings,Michael Amadio,CA,C,18.0,2026.0,North Bay Battalion (OHL),467.0,74.0,0.158458244111349,76.0,0.000339311015227728,150.0,0.321199143468951,,4.0,99.0,,,,,,,13.0,amadimi01,2014,0,0.15845824411134904,0.16274089935760172,0.32119914346895073,0.008565310492505354,0.10481798715203426,
92.0,Florida Panthers,Joe Wegwerth,US,RW,18.0,,USA U-18 Development Team (USDP/USHL),,0.0,0.0,0.0,0.0,0.0,0.0,,0.0,,,,,,,,,wegwejo01,2014,0,0.0,0.0,0.0,0.0,,
93.0,Colorado Avalanche,Nicholas Magyar,US,RW,18.0,,Kitchener Rangers (OHL),,0.0,0.0,0.0,0.0,0.0,0.0,,0.0,,,,,,,,,magyani01,2014,0,0.0,0.0,0.0,0.0,,
97.0,Carolina Hurricanes,Lucas Wallmark,SE,C,19.0,2021.0,Lulea HF (Sweden),187.0,23.0,0.122994652406417,36.0,0.000657725413938059,59.0,0.315508021390374,,-15.0,64.0,,,,,,,3.7,wallmlu01,2014,0,0.12299465240641712,0.1925133689839572,0.3155080213903743,-0.08021390374331551,0.09852941176470588,
98.0,Chicago Blackhawks,Frederik Olofsson,SE,LW,18.0,2024.0,Chicago Steel (USHL),85.0,4.0,0.0470588235294118,9.0,0.00055363321799308,13.0,0.152941176470588,,-5.0,10.0,,,,,,,-0.1,olofsfr01,2014,0,0.047058823529411764,0.10588235294117647,0.15294117647058825,-0.058823529411764705,0.046764705882352944,
99.0,Winnipeg Jets,Chase De Leo,US,C,18.0,2022.0,Portland Winterhawks (WHL),7.0,0.0,0.0,0.0,0.0,0.0,0.0,,-1.0,0.0,,,,,,,-0.2,deleoch01,2014,0,0.0,0.0,0.0,-0.14285714285714285,-0.0024999999999999996,
103.0,Toronto Maple Leafs,John Piccinich,US,RW,18.0,,Youngstown Phantoms (USHL),,0.0,0.0,0.0,0.0,0.0,0.0,,0.0,,,,,,,,,piccijo01,2014,0,0.0,0.0,0.0,0.0,,
106.0,Detroit Red Wings,Christoffer Ehn,SE,C,18.0,2020.0,Frolunda HC Jr. (Sweden Jr.),114.0,5.0,0.043859649122807,8.0,0.000384733764235149,13.0,0.114035087719298,,-26.0,8.0,,,,,,,-1.0,ehnch01,2014,0,0.043859649122807015,0.07017543859649122,0.11403508771929824,-0.22807017543859648,0.02565789473684211,
107.0,Columbus Blue Jackets,Julien Pelletier,CA,LW,18.0,,Cape Breton Screaming Eagles (QMJHL),,0.0,0.0,0.0,0.0,0.0,0.0,,0.0,,,,,,,,,pelleju01,2014,0,0.0,0.0,0.0,0.0,,
110.0,St. Louis Blues,Austin Poganski,US,RW,18.0,2022.0,Tri-City Storm (USHL),22.0,0.0,0.0,0.0,0.0,0.0,0.0,,-4.0,7.0,,,,,,,-0.5,poganau01,2014,0,0.0,0.0,0.0,-0.18181818181818182,-0.009090909090909092,
112.0,Nashville Predators,Viktor Arvidsson,SE,LW,21.0,2026.0,Skelleftea AIK (Sweden),634.0,200.0,0.315457413249211,199.0,0.000497566897869418,399.0,0.629337539432177,,43.0,262.0,,,,,,,45.8,arvidvi01,2014,0,0.31545741324921134,0.3138801261829653,0.6293375394321766,0.06782334384858044,0.20792586750788644,
114.0,Colorado Avalanche,Alexis Pepin,CA,LW,18.0,,Gatineau Olympiques (QMJHL),,0.0,0.0,0.0,0.0,0.0,0.0,,0.0,,,,,,,,,pepinal01,2014,0,0.0,0.0,0.0,0.0,,
117.0,Arizona Coyotes,Michael Bunting,CA,LW,18.0,2026.0,Soo Greyhounds (OHL),370.0,101.0,0.272972972972973,133.0,0.000737764791818846,234.0,0.632432432432432,,1.0,328.0,,,,,,,23.4,buntimi01,2014,0,0.27297297297297296,0.35945945945945945,0.6324324324324324,0.002702702702702703,0.20567567567567568,
121.0,Buffalo Sabres,Maxwell Willman,US,C,19.0,2024.0,Williston Northampton School (High-MA),68.0,7.0,0.102941176470588,3.0,0.00151384083044982,10.0,0.147058823529412,,-15.0,22.0,,,,,,,0.0,willmma01,2014,0,0.10294117647058823,0.04411764705882353,0.14705882352941177,-0.22058823529411764,0.03676470588235294,
122.0,New York Rangers,Richard Nejezchleb,CZ,LW,20.0,,Brandon Wheat Kings (WHL),,0.0,0.0,0.0,0.0,0.0,0.0,,0.0,,,,,,,,,nejezri01,2014,0,0.0,0.0,0.0,0.0,,
124.0,St. Louis Blues,Jaedon Descheneau,CA,RW,19.0,,Kootenay Ice (WHL),,0.0,0.0,0.0,0.0,0.0,0.0,,0.0,,,,,,,,,deschja01,2014,0,0.0,0.0,0.0,0.0,,
127.0,Carolina Hurricanes,Clark Bishop,CA,C,18.0,2025.0,Cape Breton Screaming Eagles (QMJHL),53.0,2.0,0.0377358490566038,7.0,0.000711997152011392,9.0,0.169811320754717,,-8.0,20.0,,,,,,,0.1,bishocl01,2014,0,0.03773584905660377,0.1320754716981132,0.16981132075471697,-0.1509433962264151,0.04764150943396227,
128.0,Toronto Maple Leafs,Dakota Joshua,US,C,18.0,2026.0,Sioux Falls Stampede (USHL),266.0,44.0,0.165413533834586,42.0,0.000621855390355586,86.0,0.323308270676692,,-10.0,197.0,,,,,,,6.6,joshuda01,2014,0,0.16541353383458646,0.15789473684210525,0.3233082706766917,-0.03759398496240601,0.10319548872180452,
129.0,Winnipeg Jets,Clinston Franklin,US,LW,20.0,2023.0,Sioux Falls Stampede (USHL),5.0,0.0,0.0,0.0,0.0,0.0,0.0,,-2.0,4.0,,,,,,,-0.1,frankcl01,2014,0,0.0,0.0,0.0,-0.4,-0.005000000000000001,
137.0,Columbus Blue Jackets,Tyler Bird,US,RW,18.0,,Kimball Union Academy (High-NH),,0.0,0.0,0.0,0.0,0.0,0.0,,0.0,,,,,,,,,birdty01,2014,0,0.0,0.0,0.0,0.0,,
138.0,Philadelphia Flyers,Oskar Lindblom,SE,LW,18.0,2024.0,Brynas IF Jr. (Sweden Jr.),337.0,56.0,0.166172106824926,56.0,0.000493092305118475,112.0,0.332344213649852,,-38.0,81.0,,,,,,,7.8,lindbos01,2014,0,0.1661721068249258,0.1661721068249258,0.3323442136498516,-0.11275964391691394,0.10237388724035607,
143.0,Florida Panthers,Miguel Fidler,US,LW,18.0,,Edina HS (High-MN),,0.0,0.0,0.0,0.0,0.0,0.0,,0.0,,,,,,,,,fidlemi02,2014,0,0.0,0.0,0.0,0.0,,
145.0,Pittsburgh Penguins,Anthony Angello,US,C,18.0,2022.0,Omaha Lancers (USHL),31.0,3.0,0.0967741935483871,2.0,0.00312174817898023,5.0,0.161290322580645,,3.0,14.0,,,,,,,0.5,angelan01,2014,0,0.0967741935483871,0.06451612903225806,0.16129032258064516,0.0967741935483871,0.05725806451612903,
146.0,Boston Bruins,Anders Bjork,US,LW,18.0,2023.0,USA U-18 Development Team (USDP/USHL),225.0,26.0,0.115555555555556,35.0,0.000513580246913582,61.0,0.271111111111111,,-17.0,44.0,,,,,,,3.8,bjorkan01,2014,0,0.11555555555555555,0.15555555555555556,0.27111111111111114,-0.07555555555555556,0.08433333333333333,
147.0,Montreal Canadiens,Daniel Audette,US,C,18.0,,Sherbrooke Phoenix (QMJHL),,0.0,0.0,0.0,0.0,0.0,0.0,,0.0,,,,,,,,,audetda01,2014,0,0.0,0.0,0.0,0.0,,
149.0,San Jose Sharks,Rourke Chartier,CA,C,18.0,2024.0,Kelowna Rockets (WHL),56.0,3.0,0.0535714285714286,1.0,0.000956632653061225,4.0,0.0714285714285714,,-9.0,16.0,,,,,,,-0.6,chartro01,2014,0,0.05357142857142857,0.017857142857142856,0.07142857142857142,-0.16071428571428573,0.015178571428571425,
151.0,Buffalo Sabres,Christopher Brown,US,C,18.0,,Cranbrook Kingswood School (High-MI),,0.0,0.0,0.0,0.0,0.0,0.0,,0.0,,,,,,,,,brownch02,2014,0,0.0,0.0,0.0,0.0,,
152.0,New Jersey Devils,Joey Dudek,US,C,18.0,,Kimball Union Academy (High-NH),,0.0,0.0,0.0,0.0,0.0,0.0,,0.0,,,,,,,,,dudekjo01,2014,0,0.0,0.0,0.0,0.0,,
153.0,Edmonton Oilers,Tyler Vesel,US,C,20.0,,Omaha Lancers (USHL),,0.0,0.0,0.0,0.0,0.0,0.0,,0.0,,,,,,,,,veselty01,2014,0,0.0,0.0,0.0,0.0,,
155.0,New York Islanders,Kyle Schempp,US,C,20.0,,Ferris State (WCHA),,0.0,0.0,0.0,0.0,0.0,0.0,,0.0,,,,,,,,,schemky01,2014,0,0.0,0.0,0.0,0.0,,
156.0,Vancouver Canucks,Kyle Pettit,CA,C,18.0,,Erie Otters (OHL),,0.0,0.0,0.0,0.0,0.0,0.0,,0.0,,,,,,,,,pettiky01,2014,0,0.0,0.0,0.0,0.0,,
157.0,Los Angeles Kings,Jake Marchment,CA,C,19.0,,Belleville Bulls (OHL),,0.0,0.0,0.0,0.0,0.0,0.0,,0.0,,,,,,,,,marchja01,2014,0,0.0,0.0,0.0,0.0,,
158.0,Toronto Maple Leafs,Nolan Vesey,US,LW,19.0,,South Shore (USPHL Premier),,0.0,0.0,0.0,0.0,0.0,0.0,,0.0,,,,,,,,,veseyno01,2014,0,0.0,0.0,0.0,0.0,,
159.0,Washington Capitals,Steven Spinner,US,RW,18.0,,Eden Priarie HS (High-MN),,0.0,0.0,0.0,0.0,0.0,0.0,,0.0,,,,,,,,,spinnst01,2014,0,0.0,0.0,0.0,0.0,,
161.0,New Jersey Devils,Brandon Baddock,CA,LW,19.0,2022.0,Edmonton Oil Kings (WHL),1.0,0.0,0.0,0.0,0.0,0.0,0.0,,0.0,0.0,,,,,,,0.0,baddobr01,2014,0,0.0,0.0,0.0,0.0,0.0,
164.0,Winnipeg Jets,Pavel Kraskovsky,RU,C,18.0,,Loko Yaroslavl (Russia Jr.),,0.0,0.0,0.0,0.0,0.0,0.0,,0.0,,,,,,,,,kraskpa01,2014,0,0.0,0.0,0.0,0.0,,
165.0,Dallas Stars,John Nyberg,SE,LW,18.0,,Frolunda HC Jr. (Sweden Jr.),,0.0,0.0,0.0,0.0,0.0,0.0,,0.0,,,,,,,,,nyberjo01,2014,0,0.0,0.0,0.0,0.0,,
166.0,Detroit Red Wings,Julius Vahatalo,FI,LW,19.0,,TPS Jr. (Finland Jr.),,0.0,0.0,0.0,0.0,0.0,0.0,,0.0,,,,,,,,,vahatju01,2014,0,0.0,0.0,0.0,0.0,,
167.0,Minnesota Wild,Chase Lang,CA,C,18.0,,Calgary Hitmen (WHL),,0.0,0.0,0.0,0.0,0.0,0.0,,0.0,,,,,,,,,langch01,2014,0,0.0,0.0,0.0,0.0,,
168.0,Philadelphia Flyers,Radel Fazleev,RU,C,18.0,,Calgary Hitmen (WHL),,0.0,0.0,0.0,0.0,0.0,0.0,,0.0,,,,,,,,,fazlera01,2014,0,0.0,0.0,0.0,0.0,,
169.0,Minnesota Wild,Reid Duke,CA,C,18.0,,Lethbridge Hurricanes (WHL),,0.0,0.0,0.0,0.0,0.0,0.0,,0.0,,,,,,,,,dukere01,2014,0,0.0,0.0,0.0,0.0,,
170.0,Tampa Bay Lightning,Cristiano Digiacinto,CA,LW,18.0,,Windsor Spitfires (OHL),,0.0,0.0,0.0,0.0,0.0,0.0,,0.0,,,,,,,,,digiacr01,2014,0,0.0,0.0,0.0,0.0,,
171.0,San Jose Sharks,Kevin Labanc,US,RW,18.0,2025.0,Barrie Colts (OHL),512.0,84.0,0.1640625,153.0,0.0003204345703125,237.0,0.462890625,,-87.0,229.0,,,,,,,17.8,labanke01,2014,0,0.1640625,0.298828125,0.462890625,-0.169921875,0.14194335937500002,
172.0,St. Louis Blues,Chandler Yakimowicz,US,RW,18.0,,London Knights (OHL),,0.0,0.0,0.0,0.0,0.0,0.0,,0.0,,,,,,,,,yakimch01,2014,0,0.0,0.0,0.0,0.0,,
173.0,Pittsburgh Penguins,Jaden Lindo,CA,RW,18.0,,Owen Sound Attack (OHL),,0.0,0.0,0.0,0.0,0.0,0.0,,0.0,,,,,,,,,lindoja01,2014,0,0.0,0.0,0.0,0.0,,
176.0,St. Louis Blues,Samuel Blais,CA,LW,18.0,2026.0,Victoriaville Tigres (QMJHL),265.0,28.0,0.105660377358491,46.0,0.000398718405126381,74.0,0.279245283018868,,-8.0,126.0,,,,,,,5.0,blaissa01,2014,0,0.10566037735849057,0.17358490566037735,0.2792452830188679,-0.03018867924528302,0.08924528301886793,
178.0,Chicago Blackhawks,Dylan Sikura,CA,C,19.0,2022.0,Aurora (OJHL),58.0,3.0,0.0517241379310345,14.0,0.00089179548156956,17.0,0.293103448275862,,5.0,0.0,,,,,,,1.0,sikurdy01,2014,0,0.05172413793103448,0.2413793103448276,0.29310344827586204,0.08620689655172414,0.09956896551724138,
180.0,Los Angeles Kings,Matthew Mistele,CA,LW,18.0,,Plymouth Whalers (OHL),,0.0,0.0,0.0,0.0,0.0,0.0,,0.0,,,,,,,,,mistema01,2014,0,0.0,0.0,0.0,0.0,,
181.0,Buffalo Sabres,Victor Olofsson,SE,RW,19.0,2026.0,MODO Hockey Jr. (Sweden Jr.),396.0,111.0,0.28030303030303,116.0,0.000707835935108662,227.0,0.573232323232323,,-47.0,48.0,,,,,,,22.2,olofsvi01,2014,0,0.2803030303030303,0.29292929292929293,0.5732323232323232,-0.11868686868686869,0.18036616161616162,
184.0,Calgary Flames,Austin Carroll,CA,RW,20.0,,Victoria Royals (WHL),,0.0,0.0,0.0,0.0,0.0,0.0,,0.0,,,,,,,,,carroau01,2014,0,0.0,0.0,0.0,0.0,,
185.0,Tampa Bay Lightning,Cameron Darcy,US,C,20.0,,Cape Breton Screaming Eagles (QMJHL),,0.0,0.0,0.0,0.0,0.0,0.0,,0.0,,,,,,,,,darcyca01,2014,0,0.0,0.0,0.0,0.0,,
188.0,Toronto Maple Leafs,Pierre Engvall,SE,LW,18.0,2025.0,Frolunda HC Jr. (Sweden Jr.),380.0,65.0,0.171052631578947,70.0,0.000450138504155124,135.0,0.355263157894737,,24.0,117.0,,,,,,,11.8,engvapi01,2014,0,0.17105263157894737,0.18421052631578946,0.35526315789473684,0.06315789473684211,0.11861842105263158,
190.0,Ottawa Senators,Francis Perron,CA,LW,18.0,,Rouyn-Noranda Huskies (QMJHL),,0.0,0.0,0.0,0.0,0.0,0.0,,0.0,,,,,,,,,perrofr01,2014,0,0.0,0.0,0.0,0.0,,
191.0,Arizona Coyotes,Jared Fiegl,US,LW,18.0,,USA U-18 Development Team (USDP/USHL),,0.0,0.0,0.0,0.0,0.0,0.0,,0.0,,,,,,,,,fieglja01,2014,0,0.0,0.0,0.0,0.0,,
193.0,Arizona Coyotes,Edgars Kulda,LV,LW,19.0,,Edmonton Oil Kings (WHL),,0.0,0.0,0.0,0.0,0.0,0.0,,0.0,,,,,,,,,kuldaed01,2014,0,0.0,0.0,0.0,0.0,,
194.0,Washington Capitals,Kevin Elgestal,SE,RW,18.0,,Frolunda HC Jr. (Sweden Jr.),,0.0,0.0,0.0,0.0,0.0,0.0,,0.0,,,,,,,,,elgeske01,2014,0,0.0,0.0,0.0,0.0,,
196.0,Detroit Red Wings,Axel Holmstrom,SE,C,18.0,,Skelleftea AIK Jr. (Sweden Jr.),,0.0,0.0,0.0,0.0,0.0,0.0,,0.0,,,,,,,,,holmsax01,2014,0,0.0,0.0,0.0,0.0,,
199.0,Minnesota Wild,Pavel Jenys,CZ,C,18.0,,HC Kometa Brno (Czech),,0.0,0.0,0.0,0.0,0.0,0.0,,0.0,,,,,,,,,jenyspa01,2014,0,0.0,0.0,0.0,0.0,,
200.0,New York Islanders,Lukas Sutter,US,C,20.0,,Red Deer Rebels (WHL),,0.0,0.0,0.0,0.0,0.0,0.0,,0.0,,,,,,,,,suttelu01,2014,0,0.0,0.0,0.0,0.0,,
201.0,Detroit Red Wings,Alexander Kadeykin,RU,C,20.0,,Atlant Mytishchi (Russia),,0.0,0.0,0.0,0.0,0.0,0.0,,0.0,,,,,,,,,kadeyal01,2014,0,0.0,0.0,0.0,0.0,,
202.0,St. Louis Blues,Dwyer Tschantz,US,RW,19.0,,Indiana Ice (USHL),,0.0,0.0,0.0,0.0,0.0,0.0,,0.0,,,,,,,,,tschadw01,2014,0,0.0,0.0,0.0,0.0,,
205.0,Anaheim Ducks,Ondrej Kase,CZ,RW,18.0,2023.0,Pirati Chomutov (Czech),258.0,57.0,0.22093023255814,67.0,0.000856318730845504,124.0,0.48062015503876,,14.0,62.0,,,,,,,13.0,kaseon01,2014,0,0.22093023255813954,0.2596899224806202,0.4806201550387597,0.05426356589147287,0.15891472868217058,
208.0,Chicago Blackhawks,Jack Ramsey,US,RW,18.0,,Penticton (BCHL),,0.0,0.0,0.0,0.0,0.0,0.0,,0.0,,,,,,,,,ramseja01,2014,0,0.0,0.0,0.0,0.0,,
209.0,Los Angeles Kings,Spencer Watson,CA,RW,18.0,,Kingston Frontenacs (OHL),,0.0,0.0,0.0,0.0,0.0,0.0,,0.0,,,,,,,,,watsosp01,2014,0,0.0,0.0,0.0,0.0,,
1.0,Colorado Avalanche,Nathan MacKinnon,CA,C,18.0,2026.0,Halifax Mooseheads (QMJHL),896.0,389.0,0.434151785714286,672.0,0.00048454440369898,1061.0,1.18415178571429,,204.0,401.0,,,,,,,123.0,mackina01,2013,0,0.4341517857142857,0.75,1.1841517857142858,0.22767857142857142,0.3962332589285714,
2.0,Florida Panthers,Aleksander Barkov,FI,C,18.0,2025.0,Tappara (Finland),804.0,286.0,0.355721393034826,496.0,0.000442439543575654,782.0,0.972636815920398,,124.0,164.0,,,,,,,86.2,barkoal01,2013,0,0.35572139303482586,0.6169154228855721,0.972636815920398,0.15422885572139303,0.323818407960199,
3.0,Tampa Bay Lightning,Jonathan Drouin,CA,LW,18.0,2026.0,Halifax Mooseheads (QMJHL),633.0,110.0,0.173775671406003,279.0,0.000274527127023701,389.0,0.614533965244866,,-67.0,236.0,,,,,,,31.0,drouijo01,2013,0,0.17377567140600317,0.44075829383886256,0.6145339652448657,-0.10584518167456557,0.1944312796208531,
5.0,Carolina Hurricanes,Elias Lindholm,SE,C,18.0,2026.0,Brynas IF (Sweden),918.0,239.0,0.260348583877996,378.0,0.000283604121871455,617.0,0.672113289760349,,9.0,225.0,,,,,,,60.7,lindhel01,2013,0,0.26034858387799564,0.4117647058823529,0.6721132897603486,0.00980392156862745,0.21892701525054464,
6.0,Calgary Flames,Sean Monahan,CA,C,18.0,2026.0,Ottawa 67's (OHL),844.0,268.0,0.317535545023697,340.0,0.00037622694908021,608.0,0.720379146919431,,-30.0,209.0,,,,,,,64.0,monahse01,2013,0,0.3175355450236967,0.4028436018957346,0.7203791469194313,-0.035545023696682464,0.23234597156398107,
9.0,Vancouver Canucks,Bo Horvat,CA,C,18.0,2026.0,London Knights (OHL),840.0,285.0,0.339285714285714,303.0,0.00040391156462585,588.0,0.7,,-64.0,283.0,,,,,,,61.4,horvabo01,2013,0,0.3392857142857143,0.3607142857142857,0.7,-0.0761904761904762,0.22369047619047616,
10.0,Dallas Stars,Valeri Nichushkin,RU,RW,18.0,2026.0,Traktor Chelyabinsk (Russia),573.0,142.0,0.2478184991274,178.0,0.000432493017674346,320.0,0.558464223385689,,103.0,90.0,,,,,,,33.8,nichuva01,2013,0,0.24781849912739964,0.3106457242582897,0.5584642233856894,0.17975567190226877,0.19048865619546246,
14.0,Columbus Blue Jackets,Alexander Wennberg,SE,C,18.0,2026.0,Djurgardens IF (Sweden-2),816.0,106.0,0.129901960784314,277.0,0.000159193579392542,383.0,0.469362745098039,,-52.0,177.0,,,,,,,25.2,wennbal01,2013,0,0.12990196078431374,0.3394607843137255,0.4693627450980392,-0.06372549019607843,0.14935661764705882,
19.0,Columbus Blue Jackets,Kerby Rychel,US,LW,18.0,2019.0,Windsor Spitfires (OHL),43.0,3.0,0.0697674418604651,11.0,0.00162249864791779,14.0,0.325581395348837,,5.0,19.0,,,,,,,1.4,rycheke01,2013,0,0.06976744186046512,0.2558139534883721,0.32558139534883723,0.11627906976744186,0.1116279069767442,
20.0,Detroit Red Wings,Anthony Mantha,CA,RW,18.0,2026.0,Val-d'Or Foreurs (QMJHL),532.0,154.0,0.289473684210526,164.0,0.000544123466561139,318.0,0.597744360902256,,-3.0,288.0,,,,,,,34.5,manthan01,2013,0,0.2894736842105263,0.3082706766917293,0.5977443609022557,-0.005639097744360902,0.19398496240601507,
21.0,Toronto Maple Leafs,Frederik Gauthier,CA,C,18.0,2022.0,Rimouski Oceanic (QMJHL),178.0,13.0,0.0730337078651685,18.0,0.000410301729579598,31.0,0.174157303370787,,-9.0,47.0,,,,,,,1.1,gauthfr01,2013,0,0.07303370786516854,0.10112359550561797,0.17415730337078653,-0.05056179775280899,0.05407303370786517,
22.0,Calgary Flames,Emile Poirier,CA,LW,18.0,2016.0,Gatineau Olympiques (QMJHL),8.0,0.0,0.0,1.0,0.0,1.0,0.125,,0.0,2.0,,,,,,,0.0,poiriem01,2013,0,0.0,0.125,0.125,0.0,0.01625,
23.0,Washington Capitals,Andre Burakovsky,AT,LW,18.0,2026.0,Malmo (Sweden-2),717.0,160.0,0.223152022315202,245.0,0.000311230156646028,405.0,0.564853556485356,,39.0,173.0,,,,,,,41.5,burakan01,2013,0,0.22315202231520223,0.3417015341701534,0.5648535564853556,0.05439330543933055,0.18629707112970711,
25.0,Montreal Canadiens,Michael McCarron,US,RW,18.0,2026.0,USA U-18 Development Team (USDP/USHL),327.0,29.0,0.0886850152905199,38.0,0.000271207997830336,67.0,0.204892966360856,,-32.0,449.0,,,,,,,2.2,mccarmi01,2013,0,0.08868501529051988,0.1162079510703364,0.20489296636085627,-0.09785932721712538,0.06169724770642202,
27.0,Columbus Blue Jackets,Marko Daňo,AT,C,18.0,2020.0,HC Slovan Bratislava (KHL),141.0,19.0,0.134751773049645,26.0,0.000955686333685426,45.0,0.319148936170213,,1.0,49.0,,,,,,,4.5,danoma01,2013,0,0.1347517730496454,0.18439716312056736,0.3191489361702128,0.0070921985815602835,0.10407801418439716,
28.0,Calgary Flames,Morgan Klimchuk,CA,LW,18.0,2018.0,Regina Pats (WHL),1.0,0.0,0.0,0.0,0.0,0.0,0.0,,0.0,0.0,,,,,,,0.0,klimcmo01,2013,0,0.0,0.0,0.0,0.0,0.0,
29.0,Dallas Stars,Jason Dickinson,CA,C,18.0,2026.0,Guelph Storm (OHL),515.0,70.0,0.135922330097087,89.0,0.00026392685455745,159.0,0.30873786407767,,-30.0,196.0,,,,,,,11.0,dickija01,2013,0,0.13592233009708737,0.17281553398058253,0.3087378640776699,-0.05825242718446602,0.09742718446601942,
30.0,Chicago Blackhawks,Ryan Hartman,US,RW,18.0,2026.0,Plymouth Whalers (OHL),672.0,143.0,0.212797619047619,169.0,0.000316663123582766,312.0,0.464285714285714,,49.0,662.0,,,,,,,30.5,hartmry01,2013,0,0.21279761904761904,0.25148809523809523,0.4642857142857143,0.07291666666666667,0.15453869047619048,
33.0,Tampa Bay Lightning,Adam Erne,US,LW,18.0,2026.0,Quebec Remparts (QMJHL),393.0,43.0,0.10941475826972,51.0,0.000278409054121425,94.0,0.239185750636132,,-58.0,182.0,,,,,,,4.0,ernead01,2013,0,0.10941475826972011,0.1297709923664122,0.23918575063613232,-0.1475826972010178,0.07035623409669212,
34.0,Montreal Canadiens,Jacob de La Rose,SE,LW,18.0,2021.0,Leksands IF (Sweden-2),242.0,13.0,0.0537190082644628,25.0,0.000221979372993648,38.0,0.15702479338843,,-29.0,84.0,,,,,,,-0.4,delarja01,2013,0,0.05371900826446281,0.10330578512396695,0.15702479338842976,-0.11983471074380166,0.04504132231404959,
35.0,Buffalo Sabres,J.T. Compher,US,LW,18.0,2026.0,USA U-18 Development Team (USDP/USHL),603.0,122.0,0.202321724709784,161.0,0.000335525248274932,283.0,0.469320066334992,,-21.0,221.0,,,,,,,22.0,comphj.01,2013,0,0.2023217247097844,0.2669983416252073,0.4693200663349917,-0.03482587064676617,0.15078772802653398,
37.0,Los Angeles Kings,Valentin Zykov,RU,LW,18.0,2020.0,Baie-Comeau Drakkar (QMJHL),55.0,7.0,0.127272727272727,10.0,0.00231404958677685,17.0,0.309090909090909,,-2.0,10.0,,,,,,,1.4,zykovva01,2013,0,0.12727272727272726,0.18181818181818182,0.3090909090909091,-0.03636363636363636,0.09863636363636365,
38.0,Buffalo Sabres,Connor Hurley,US,C,18.0,,Edina HS (High-MN),,0.0,0.0,0.0,0.0,0.0,0.0,,0.0,,,,,,,,,hurleco01,2013,0,0.0,0.0,0.0,0.0,,
39.0,Phoenix Coyotes,Laurent Dauphin,CA,C,18.0,2023.0,Chicoutimi Sagueneens (QMJHL),94.0,8.0,0.0851063829787234,9.0,0.000905387052965143,17.0,0.180851063829787,,-18.0,53.0,,,,,,,0.0,dauphla01,2013,0,0.0851063829787234,0.09574468085106383,0.18085106382978725,-0.19148936170212766,0.04920212765957448,
40.0,Dallas Stars,Remi Elie,CA,LW,18.0,2022.0,London Knights (OHL),107.0,7.0,0.0654205607476636,15.0,0.000611407109791249,22.0,0.205607476635514,,5.0,28.0,,,,,,,1.4,eliere01,2013,0,0.06542056074766354,0.14018691588785046,0.205607476635514,0.04672897196261682,0.0691588785046729,
43.0,Winnipeg Jets,Nic Petan,CA,C,18.0,2024.0,Portland Winterhawks (WHL),170.0,7.0,0.0411764705882353,28.0,0.000242214532871972,35.0,0.205882352941176,,-26.0,46.0,,,,,,,0.3,petanni01,2013,0,0.041176470588235294,0.16470588235294117,0.20588235294117646,-0.15294117647058825,0.05926470588235294,
45.0,Anaheim Ducks,Nick Sorensen,DK,RW,18.0,2017.0,Quebec Remparts (QMJHL),5.0,0.0,0.0,1.0,0.0,1.0,0.2,,-1.0,2.0,,,,,,,0.0,sorenni01,2013,0,0.0,0.2,0.2,-0.2,0.01375,
48.0,Detroit Red Wings,Zach Nastasiuk,CA,RW,18.0,,Owen Sound Attack (OHL),,0.0,0.0,0.0,0.0,0.0,0.0,,0.0,,,,,,,,,nastaza01,2013,0,0.0,0.0,0.0,0.0,,
49.0,San Jose Sharks,Gabryel Boudreau,CA,LW,18.0,,Baie-Comeau Drakkar (QMJHL),,0.0,0.0,0.0,0.0,0.0,0.0,,0.0,,,,,,,,,boudrga01,2013,0,0.0,0.0,0.0,0.0,,
52.0,Buffalo Sabres,Justin Bailey,US,RW,18.0,2024.0,Kitchener Rangers (OHL),141.0,10.0,0.0709219858156028,13.0,0.000502992807202857,23.0,0.163120567375887,,-26.0,24.0,,,,,,,0.3,baileju01,2013,0,0.07092198581560284,0.09219858156028368,0.16312056737588654,-0.18439716312056736,0.04379432624113476,
55.0,Montreal Canadiens,Artturi Lehkonen,FI,LW,18.0,2026.0,KalPa (Finland),616.0,153.0,0.248376623376623,159.0,0.00040320880418283,312.0,0.506493506493506,,79.0,190.0,,,,,,,32.2,lehkoar01,2013,0,0.2483766233766234,0.25811688311688313,0.5064935064935064,0.12824675324675325,0.1710227272727273,
56.0,Edmonton Oilers,Marc-Olivier Roy,CA,C,18.0,,Blainville-Boisbriand Armada (QMJHL),,0.0,0.0,0.0,0.0,0.0,0.0,,0.0,,,,,,,,,royma03,2013,0,0.0,0.0,0.0,0.0,,
57.0,St. Louis Blues,William Carrier,CA,LW,18.0,2026.0,Cape Breton Screaming Eagles (QMJHL),475.0,63.0,0.132631578947368,60.0,0.000279224376731301,123.0,0.258947368421053,,19.0,226.0,,,,,,,10.8,carriwi01,2013,0,0.13263157894736843,0.12631578947368421,0.25894736842105265,0.04,0.0861578947368421,
58.0,Detroit Red Wings,Tyler Bertuzzi,CA,LW,18.0,2026.0,Guelph Storm (OHL),511.0,150.0,0.293542074363992,180.0,0.000574446329479436,330.0,0.645792563600783,,-77.0,321.0,,,,,,,31.1,bertuty01,2013,0,0.29354207436399216,0.3522504892367906,0.6457925636007827,-0.1506849315068493,0.20234833659491194,
61.0,Washington Capitals,Zachary Sanford,US,LW,18.0,2024.0,Islanders Hockey Club (EJHL),334.0,49.0,0.146706586826347,55.0,0.000439241277923195,104.0,0.311377245508982,,-8.0,144.0,,,,,,,8.2,sanfoza01,2013,0,0.1467065868263473,0.16467065868263472,0.31137724550898205,-0.023952095808383235,0.1,
62.0,Phoenix Coyotes,Pavel Laplante,CA,C,18.0,,Prince Edward Island Rocket (QMJHL),,0.0,0.0,0.0,0.0,0.0,0.0,,0.0,,,,,,,,,laplapa01,2013,0,0.0,0.0,0.0,0.0,,
65.0,New York Rangers,Adam Tambellini,CA,C,18.0,,Surrey (BCHL),,0.0,0.0,0.0,0.0,0.0,0.0,,0.0,,,,,,,,,tambead01,2013,0,0.0,0.0,0.0,0.0,,
69.0,Buffalo Sabres,Nicholas Baptiste,CA,RW,18.0,2018.0,Sudbury Wolves (OHL),47.0,7.0,0.148936170212766,3.0,0.003168854685378,10.0,0.212765957446809,,-3.0,20.0,,,,,,,1.1,baptini01,2013,0,0.14893617021276595,0.06382978723404255,0.2127659574468085,-0.06382978723404255,0.06595744680851064,
71.0,Montreal Canadiens,Connor Crisp,CA,LW,19.0,,Erie Otters (OHL),,0.0,0.0,0.0,0.0,0.0,0.0,,0.0,,,,,,,,,crispco01,2013,0,0.0,0.0,0.0,0.0,,
72.0,Philadelphia Flyers,Tyrell Goulbourne,CA,LW,19.0,2019.0,Kelowna Rockets (WHL),11.0,0.0,0.0,0.0,0.0,0.0,0.0,,-2.0,2.0,,,,,,,-0.2,goulbty01,2013,0,0.0,0.0,0.0,-0.18181818181818182,-0.005000000000000001,
73.0,New Jersey Devils,Ryan Kujawinski,CA,C,18.0,,Kingston Frontenacs (OHL),,0.0,0.0,0.0,0.0,0.0,0.0,,0.0,,,,,,,,,kujawry01,2013,0,0.0,0.0,0.0,0.0,,
74.0,Chicago Blackhawks,John Hayden,US,C,18.0,2026.0,USA U-18 Development Team (USDP/USHL),272.0,18.0,0.0661764705882353,21.0,0.000243295847750865,39.0,0.143382352941176,,-31.0,323.0,,,,,,,0.2,haydejo01,2013,0,0.0661764705882353,0.07720588235294118,0.14338235294117646,-0.11397058823529412,0.04090073529411765,
75.0,New York Rangers,Pavel Buchnevich,RU,LW,18.0,2026.0,Almaz Cherepovets (Russia Jr.),620.0,185.0,0.298387096774194,284.0,0.000481269510926119,469.0,0.756451612903226,,51.0,259.0,,,,,,,48.5,buchnpa01,2013,0,0.29838709677419356,0.45806451612903226,0.7564516129032258,0.08225806451612903,0.24995967741935485,
77.0,Pittsburgh Penguins,Jake Guentzel,US,C,18.0,2026.0,Sioux City Musketeers (USHL),626.0,282.0,0.450479233226837,316.0,0.000719615388541273,598.0,0.955271565495208,,92.0,262.0,,,,,,,70.0,guentja01,2013,0,0.4504792332268371,0.5047923322683706,0.9552715654952076,0.14696485623003194,0.3178115015974441,
79.0,Detroit Red Wings,Mattias Janmark,SE,C,20.0,2026.0,AIK (Sweden),648.0,82.0,0.126543209876543,134.0,0.000195282731290961,216.0,0.333333333333333,,-18.0,211.0,,,,,,,14.3,janmama02,2013,0,0.12654320987654322,0.20679012345679013,0.3333333333333333,-0.027777777777777776,0.10694444444444445,
80.0,New York Rangers,Anthony Duclair,CA,LW,18.0,2026.0,Quebec Remparts (QMJHL),634.0,157.0,0.247634069400631,166.0,0.000390590014827494,323.0,0.509463722397476,,27.0,213.0,,,,,,,34.9,duclaan01,2013,0,0.2476340694006309,0.2618296529968454,0.5094637223974764,0.04258675078864353,0.167705047318612,
81.0,Minnesota Wild,Kurtis Gabriel,CA,RW,20.0,2022.0,Owen Sound Attack (OHL),51.0,2.0,0.0392156862745098,3.0,0.000768935024990388,5.0,0.0980392156862745,,2.0,153.0,,,,,,,0.3,gabriku01,2013,0,0.0392156862745098,0.058823529411764705,0.09803921568627451,0.0392156862745098,0.033823529411764704,
82.0,Toronto Maple Leafs,Carter Verhaeghe,CA,C,18.0,2026.0,Niagara IceDogs (OHL),435.0,151.0,0.347126436781609,167.0,0.000797991808693354,318.0,0.731034482758621,,49.0,221.0,,,,,,,35.4,verhaca01,2013,0,0.3471264367816092,0.3839080459770115,0.7310344827586207,0.11264367816091954,0.2432183908045977,
83.0,Edmonton Oilers,Bogdan Yakimov,RU,C,18.0,2015.0,Reaktor Nizhnekamsk (Russia Jr.),1.0,0.0,0.0,0.0,0.0,0.0,0.0,,-1.0,0.0,,,,,,,-0.1,yakimbo01,2013,0,0.0,0.0,0.0,-1.0,-0.0025000000000000005,
84.0,Winnipeg Jets,Jimmy Lodge,US,C,18.0,,Saginaw Spirit (OHL),,0.0,0.0,0.0,0.0,0.0,0.0,,0.0,,,,,,,,,lodgeji01,2013,0,0.0,0.0,0.0,0.0,,
85.0,Vancouver Canucks,Cole Cassels,US,C,18.0,,Oshawa Generals (OHL),,0.0,0.0,0.0,0.0,0.0,0.0,,0.0,,,,,,,,,casseco01,2013,0,0.0,0.0,0.0,0.0,,
86.0,Montreal Canadiens,Sven Andrighetto,CH,RW,20.0,2019.0,Rouyn-Noranda Huskies (QMJHL),216.0,31.0,0.143518518518519,52.0,0.000664437585733884,83.0,0.384259259259259,,-3.0,42.0,,,,,,,7.5,andrisv01,2013,0,0.14351851851851852,0.24074074074074073,0.38425925925925924,-0.013888888888888888,0.12418981481481481,
88.0,Edmonton Oilers,Anton Slepyshev,RU,LW,19.0,2018.0,Salavat Yulaev Ufa (Russia),102.0,10.0,0.0980392156862745,13.0,0.000961168781237985,23.0,0.225490196078431,,-4.0,14.0,,,,,,,1.4,slepyan01,2013,0,0.09803921568627451,0.12745098039215685,0.22549019607843138,-0.0392156862745098,0.0713235294117647,
89.0,Columbus Blue Jackets,Oliver Bjorkstrand,DK,RW,18.0,2026.0,Portland Winterhawks (WHL),650.0,174.0,0.267692307692308,219.0,0.000411834319526628,393.0,0.604615384615385,,-45.0,122.0,,,,,,,38.7,bjorkol01,2013,0,0.2676923076923077,0.33692307692307694,0.6046153846153847,-0.06923076923076923,0.19303846153846155,
90.0,Boston Bruins,Peter Cehlarik,SK,LW,18.0,2020.0,Lulea HF Jr. (Sweden Jr.),40.0,5.0,0.125,6.0,0.003125,11.0,0.275,,4.0,10.0,,,,,,,1.0,cehlape01,2013,0,0.125,0.15,0.275,0.1,0.09437500000000001,
91.0,Winnipeg Jets,J.C. Lipon,CA,RW,20.0,2016.0,Kamloops Blazers (WHL),9.0,0.0,0.0,1.0,0.0,1.0,0.111111111111111,,0.0,5.0,,,,,,,0.0,liponj.01,2013,0,0.0,0.1111111111111111,0.1111111111111111,0.0,0.01625,
94.0,Edmonton Oilers,Jackson Houck,CA,RW,18.0,,Vancouver Giants (WHL),,0.0,0.0,0.0,0.0,0.0,0.0,,0.0,,,,,,,,,houckja01,2013,0,0.0,0.0,0.0,0.0,,
95.0,Nashville Predators,Felix Girard,CA,C,19.0,,Baie-Comeau Drakkar (QMJHL),,0.0,0.0,0.0,0.0,0.0,0.0,,0.0,,,,,,,,,girarfe01,2013,0,0.0,0.0,0.0,0.0,,
96.0,Edmonton Oilers,Kyle Platzer,CA,C,18.0,,London Knights (OHL),,0.0,0.0,0.0,0.0,0.0,0.0,,0.0,,,,,,,,,platzky01,2013,0,0.0,0.0,0.0,0.0,,
98.0,Florida Panthers,Matt Buckles,CA,C,18.0,,St. Michael's (OJHL),,0.0,0.0,0.0,0.0,0.0,0.0,,0.0,,,,,,,,,bucklma01,2013,0,0.0,0.0,0.0,0.0,,
100.0,New Jersey Devils,Miles Wood,US,LW,18.0,2026.0,Noble & Greenough School (High-MA),533.0,98.0,0.183864915572233,94.0,0.000344962318146779,192.0,0.360225140712946,,-77.0,560.0,,,,,,,15.3,woodmi01,2013,0,0.18386491557223264,0.17636022514071295,0.3602251407129456,-0.14446529080675422,0.1098499061913696,
101.0,Dallas Stars,Nicholas Paul,CA,LW,18.0,2026.0,Brampton Battalion (OHL),493.0,99.0,0.200811359026369,105.0,0.000407325271858761,204.0,0.413793103448276,,-18.0,184.0,,,,,,,16.6,paulni01,2013,0,0.20081135902636918,0.2129817444219067,0.41379310344827586,-0.036511156186612576,0.132657200811359,
102.0,Ottawa Senators,Tobias Lindberg,SE,RW,18.0,2016.0,Djurgardens IF Jr. (Sweden Jr.),6.0,0.0,0.0,2.0,0.0,2.0,0.333333333333333,,0.0,4.0,,,,,,,0.1,lindbto01,2013,0,0.0,0.3333333333333333,0.3333333333333333,0.0,0.0325,
103.0,Los Angeles Kings,Justin Auger,CA,RW,19.0,2018.0,Guelph Storm (OHL),2.0,0.0,0.0,0.0,0.0,0.0,0.0,,-1.0,0.0,,,,,,,-0.1,augerju01,2013,0,0.0,0.0,0.0,-0.5,-0.0025000000000000005,
104.0,Winnipeg Jets,Andrew Copp,US,C,19.0,2026.0,Michigan (CCHA),727.0,115.0,0.15818431911967,194.0,0.000217585033176988,309.0,0.425034387895461,,60.0,159.0,,,,,,,26.9,coppan01,2013,0,0.15818431911966988,0.2668500687757909,0.4250343878954608,0.08253094910591471,0.1422627235213205,
109.0,Detroit Red Wings,David Pope,CA,LW,18.0,,West Kelowna (BCHL),,0.0,0.0,0.0,0.0,0.0,0.0,,0.0,,,,,,,,,popeda01,2013,0,0.0,0.0,0.0,0.0,,
112.0,St. Louis Blues,Zach Pochiro,US,LW,19.0,,Prince George Cougars (WHL),,0.0,0.0,0.0,0.0,0.0,0.0,,0.0,,,,,,,,,pochiza01,2013,0,0.0,0.0,0.0,0.0,,
116.0,Montreal Canadiens,Martin Reway,CZ,LW,18.0,,Gatineau Olympiques (QMJHL),,0.0,0.0,0.0,0.0,0.0,0.0,,0.0,,,,,,,,,rewayma01,2013,0,0.0,0.0,0.0,0.0,,
118.0,Los Angeles Kings,Hudson Fasching,US,RW,18.0,2025.0,USA U-18 Development Team (USDP/USHL),175.0,17.0,0.0971428571428571,23.0,0.000555102040816326,40.0,0.228571428571429,,-7.0,30.0,,,,,,,2.2,faschhu01,2013,0,0.09714285714285714,0.13142857142857142,0.22857142857142856,-0.04,0.07228571428571429,
120.0,Boston Bruins,Ryan Fitzgerald,US,C,18.0,,Valley (EJHL),,0.0,0.0,0.0,0.0,0.0,0.0,,0.0,,,,,,,,,fitzgry01,2013,0,0.0,0.0,0.0,0.0,,
121.0,Chicago Blackhawks,Tyler Motte,US,C,18.0,2025.0,USA U-18 Development Team (USDP/USHL),455.0,53.0,0.116483516483516,46.0,0.0002560077285352,99.0,0.217582417582418,,-38.0,116.0,,,,,,,4.7,mottety01,2013,0,0.11648351648351649,0.1010989010989011,0.2175824175824176,-0.08351648351648351,0.06653846153846155,
122.0,Florida Panthers,Christopher Clapperton,CA,LW,19.0,,Blainville-Boisbriand Armada (QMJHL),,0.0,0.0,0.0,0.0,0.0,0.0,,0.0,,,,,,,,,clappch01,2013,0,0.0,0.0,0.0,0.0,,
125.0,Nashville Predators,Saku Maenalanen,FI,RW,19.0,2023.0,Karpat Jr. (Finland Jr.),98.0,8.0,0.0816326530612245,10.0,0.000832986255726781,18.0,0.183673469387755,,0.0,36.0,,,,,,,1.1,maenasa01,2013,0,0.08163265306122448,0.10204081632653061,0.1836734693877551,0.0,0.05969387755102041,
126.0,Carolina Hurricanes,Brent Pedersen,CA,LW,18.0,,Kitchener Rangers (OHL),,0.0,0.0,0.0,0.0,0.0,0.0,,0.0,,,,,,,,,pederbr01,2013,0,0.0,0.0,0.0,0.0,,
128.0,Edmonton Oilers,Evan Campbell,CA,LW,20.0,,Langley (BCHL),,0.0,0.0,0.0,0.0,0.0,0.0,,0.0,,,,,,,,,campbev01,2013,0,0.0,0.0,0.0,0.0,,
130.0,Buffalo Sabres,Gustav Possler,SE,RW,18.0,,MODO Hockey Jr. (Sweden Jr.),,0.0,0.0,0.0,0.0,0.0,0.0,,0.0,,,,,,,,,posslgu01,2013,0,0.0,0.0,0.0,0.0,,
131.0,Dallas Stars,Cole Ully,CA,LW,18.0,,Kamloops Blazers (WHL),,0.0,0.0,0.0,0.0,0.0,0.0,,0.0,,,,,,,,,ullyco01,2013,0,0.0,0.0,0.0,0.0,,
134.0,Chicago Blackhawks,Luke Johnson,US,C,18.0,2021.0,Lincoln Stars (USHL),32.0,1.0,0.03125,1.0,0.0009765625,2.0,0.0625,,-16.0,13.0,,,,,,,-1.0,johnslu01,2013,0,0.03125,0.03125,0.0625,-0.5,-0.004687500000000001,
136.0,New York Islanders,Victor CrusRydberg,SE,C,18.0,,Linkoping HC Jr. (Sweden Jr.),,0.0,0.0,0.0,0.0,0.0,0.0,,0.0,,,,,,,,,crusrvi01,2013,0,0.0,0.0,0.0,0.0,,
138.0,Ottawa Senators,Vincent Dunn,CA,C,18.0,,Val-d'Or Foreurs (QMJHL),,0.0,0.0,0.0,0.0,0.0,0.0,,0.0,,,,,,,,,dunnvi01,2013,0,0.0,0.0,0.0,0.0,,
142.0,Toronto Maple Leafs,Fabrice Herzog,CH,RW,18.0,,Zug Jr. (Swiss Jr.),,0.0,0.0,0.0,0.0,0.0,0.0,,0.0,,,,,,,,,herzofa01,2013,0,0.0,0.0,0.0,0.0,,
147.0,Anaheim Ducks,Grant Besse,US,RW,19.0,,Benilde-St. Margaret's School (High-MN),,0.0,0.0,0.0,0.0,0.0,0.0,,0.0,,,,,,,,,bessegr01,2013,0,0.0,0.0,0.0,0.0,,
148.0,Los Angeles Kings,Jonny Brodzinski,US,C,20.0,2026.0,St. Cloud State (WCHA),226.0,29.0,0.128318584070796,30.0,0.000567781345446,59.0,0.261061946902655,,14.0,46.0,,,,,,,5.4,brodzjo01,2013,0,0.12831858407079647,0.13274336283185842,0.2610619469026549,0.061946902654867256,0.08794247787610619,
149.0,Dallas Stars,Matej Paulovic,SK,LW,18.0,,Farjestad BK Jr. (Sweden Jr.),,0.0,0.0,0.0,0.0,0.0,0.0,,0.0,,,,,,,,,pauloma01,2013,0,0.0,0.0,0.0,0.0,,
154.0,Tampa Bay Lightning,Henri Ikonen,FI,LW,19.0,,Kingston Frontenacs (OHL),,0.0,0.0,0.0,0.0,0.0,0.0,,0.0,,,,,,,,,ikonehe01,2013,0,0.0,0.0,0.0,0.0,,
155.0,Nashville Predators,Emil Pettersson,SE,C,19.0,,Timra IK Jr. (Sweden Jr.),,0.0,0.0,0.0,0.0,0.0,0.0,,0.0,,,,,,,,,petteem01,2013,0,0.0,0.0,0.0,0.0,,
157.0,Calgary Flames,Tim Harrison,US,RW,19.0,,Dexter Southfield School (High-MA),,0.0,0.0,0.0,0.0,0.0,0.0,,0.0,,,,,,,,,harriti01,2013,0,0.0,0.0,0.0,0.0,,
159.0,Buffalo Sabres,Sean Malone,US,C,18.0,2021.0,USA U-18 Development Team (USDP/USHL),2.0,0.0,0.0,1.0,0.0,1.0,0.5,,-1.0,2.0,,,,,,,0.0,malonse01,2013,0,0.0,0.5,0.5,-0.5,0.013750000000000002,
160.0,New Jersey Devils,Myles Bell,CA,RW,20.0,,Kelowna Rockets (WHL),,0.0,0.0,0.0,0.0,0.0,0.0,,0.0,,,,,,,,,bellmy01,2013,0,0.0,0.0,0.0,0.0,,
161.0,Ottawa Senators,Chris Leblanc,US,RW,20.0,,South Shore (EJHL),,0.0,0.0,0.0,0.0,0.0,0.0,,0.0,,,,,,,,,leblach01,2013,0,0.0,0.0,0.0,0.0,,
165.0,Columbus Blue Jackets,Markus Soberg,NO,RW,18.0,,Frolunda HC Jr. (Sweden Jr.),,0.0,0.0,0.0,0.0,0.0,0.0,,0.0,,,,,,,,,soberma01,2013,0,0.0,0.0,0.0,0.0,,
166.0,New York Islanders,Alan Quine,CA,C,20.0,2020.0,Belleville Bulls (OHL),106.0,10.0,0.0943396226415094,18.0,0.00088999644001424,28.0,0.264150943396226,,-5.0,22.0,,,,,,,1.6,quineal01,2013,0,0.09433962264150944,0.16981132075471697,0.2641509433962264,-0.04716981132075472,0.08349056603773584,
167.0,Minnesota Wild,Avery Peterson,US,C,18.0,,Grand Rapids HS (High-MN),,0.0,0.0,0.0,0.0,0.0,0.0,,0.0,,,,,,,,,peterav01,2013,0,0.0,0.0,0.0,0.0,,
168.0,Ottawa Senators,Quentin Shore,US,C,19.0,,Denver (WCHA),,0.0,0.0,0.0,0.0,0.0,0.0,,0.0,,,,,,,,,shorequ01,2013,0,0.0,0.0,0.0,0.0,,
171.0,Nashville Predators,Tommy Veilleux,CA,LW,18.0,,Victoriaville Tigres (QMJHL),,0.0,0.0,0.0,0.0,0.0,0.0,,0.0,,,,,,,,,veillto01,2013,0,0.0,0.0,0.0,0.0,,
174.0,Washington Capitals,Brian Pinho,US,C,18.0,2021.0,St. John's Prep (High-MA),2.0,0.0,0.0,0.0,0.0,0.0,0.0,,-2.0,0.0,,,,,,,-0.1,pinhobr01,2013,0,0.0,0.0,0.0,-1.0,-0.005000000000000001,
176.0,Montreal Canadiens,Jeremy Gregoire,CA,C,18.0,,Baie-Comeau Drakkar (QMJHL),,0.0,0.0,0.0,0.0,0.0,0.0,,0.0,,,,,,,,,gregoje01,2013,0,0.0,0.0,0.0,0.0,,
177.0,Anaheim Ducks,Miro Aaltonen,FI,C,20.0,,Blues (Finland),,0.0,0.0,0.0,0.0,0.0,0.0,,0.0,,,,,,,,,aaltomi01,2013,0,0.0,0.0,0.0,0.0,,
179.0,Pittsburgh Penguins,Blaine Byron,CA,C,18.0,,Smiths Falls (CCHL),,0.0,0.0,0.0,0.0,0.0,0.0,,0.0,,,,,,,,,byronbl01,2013,0,0.0,0.0,0.0,0.0,,
180.0,Boston Bruins,Anton Blidh,SE,LW,18.0,2024.0,Frolunda HC Jr. (Sweden Jr.),85.0,4.0,0.0470588235294118,8.0,0.00055363321799308,12.0,0.141176470588235,,-14.0,43.0,,,,,,,-0.2,blidhan01,2013,0,0.047058823529411764,0.09411764705882353,0.1411764705882353,-0.16470588235294117,0.03764705882352941,
181.0,Chicago Blackhawks,Anthony Louis,US,C,18.0,,USA U-18 Development Team (USDP/USHL),,0.0,0.0,0.0,0.0,0.0,0.0,,0.0,,,,,,,,,louisan01,2013,0,0.0,0.0,0.0,0.0,,
184.0,Tampa Bay Lightning,Saku Salminen,FI,C,18.0,,Kiekko-Vantaa (Finland-2),,0.0,0.0,0.0,0.0,0.0,0.0,,0.0,,,,,,,,,salmisa01,2013,0,0.0,0.0,0.0,0.0,,
185.0,Nashville Predators,Wade Murphy,CA,RW,19.0,,Penticton (BCHL),,0.0,0.0,0.0,0.0,0.0,0.0,,0.0,,,,,,,,,murphwa01,2013,0,0.0,0.0,0.0,0.0,,
186.0,Tampa Bay Lightning,Joel Vermin,CH,RW,21.0,2017.0,SC Bern (Swiss),24.0,0.0,0.0,4.0,0.0,4.0,0.166666666666667,,3.0,4.0,,,,,,,0.2,vermijo01,2013,0,0.0,0.16666666666666666,0.16666666666666666,0.125,0.06041666666666667,
189.0,Buffalo Sabres,Eric Locke,US,C,19.0,,Saginaw Spirit (OHL),,0.0,0.0,0.0,0.0,0.0,0.0,,0.0,,,,,,,,,lockeer01,2013,0,0.0,0.0,0.0,0.0,,
191.0,Los Angeles Kings,Dominik Kubalik,CZ,LW,18.0,2024.0,Sudbury Wolves (OHL),357.0,93.0,0.260504201680672,83.0,0.000729703646164347,176.0,0.492997198879552,,-62.0,93.0,,,,,,,16.4,kubaldo01,2013,0,0.2605042016806723,0.23249299719887956,0.49299719887955185,-0.17366946778711484,0.15154061624649862,
193.0,Phoenix Coyotes,Jedd Soleway,CA,C,19.0,,Penticton (BCHL),,0.0,0.0,0.0,0.0,0.0,0.0,,0.0,,,,,,,,,solewje01,2013,0,0.0,0.0,0.0,0.0,,
199.0,Detroit Red Wings,Hampus Melen,SE,RW,18.0,,Tingsryds AIF Jr. (Sweden Jr.),,0.0,0.0,0.0,0.0,0.0,0.0,,0.0,,,,,,,,,melenha01,2013,0,0.0,0.0,0.0,0.0,,
201.0,San Jose Sharks,Jacob Jackson,US,C,18.0,,Tartan HS (High-MN),,0.0,0.0,0.0,0.0,0.0,0.0,,0.0,,,,,,,,,jacksja02,2013,0,0.0,0.0,0.0,0.0,,
202.0,Toronto Maple Leafs,Andreas Johnson,SE,LW,18.0,2023.0,Frolunda HC Jr. (Sweden Jr.),259.0,48.0,0.185328185328185,68.0,0.000715552839104961,116.0,0.447876447876448,,9.0,94.0,,,,,,,10.2,johnsan01,2013,0,0.18532818532818532,0.2625482625482625,0.44787644787644787,0.03474903474903475,0.1472972972972973,
207.0,San Jose Sharks,Emil Galimov,RU,LW,21.0,,Lokomotiv Yaroslavl (Russia),,0.0,0.0,0.0,0.0,0.0,0.0,,0.0,,,,,,,,,galimem01,2013,0,0.0,0.0,0.0,0.0,,
209.0,Pittsburgh Penguins,Troy Josephs,CA,C,19.0,,St. Michael's (OJHL),,0.0,0.0,0.0,0.0,0.0,0.0,,0.0,,,,,,,,,joseptr01,2013,0,0.0,0.0,0.0,0.0,,
210.0,Boston Bruins,Mitchell Dempsey,CA,LW,18.0,,Soo Greyhounds (OHL),,0.0,0.0,0.0,0.0,0.0,0.0,,0.0,,,,,,,,,dempsmi01,2013,0,0.0,0.0,0.0,0.0,,
1.0,Edmonton Oilers,Nail Yakupov,RU,RW,18.0,2018.0,Sarnia Sting (OHL),350.0,62.0,0.177142857142857,74.0,0.000506122448979591,136.0,0.388571428571429,,-89.0,142.0,,,,,,,10.7,yakupna01,2012,0,0.17714285714285713,0.21142857142857144,0.38857142857142857,-0.2542857142857143,0.11357142857142859,
3.0,Montreal Canadiens,Alex Galchenyuk,US,C,18.0,2023.0,Sarnia Sting (OHL),654.0,146.0,0.223241590214067,208.0,0.000341347997269216,354.0,0.541284403669725,,-85.0,257.0,,,,,,,35.3,galchal01,2012,0,0.22324159021406728,0.3180428134556575,0.5412844036697247,-0.12996941896024464,0.1694189602446483,
11.0,Washington Capitals,Filip Forsberg,SE,C,18.0,2026.0,Leksands IF (Sweden-2),806.0,327.0,0.405707196029777,371.0,0.000503358804007167,698.0,0.866004962779156,,15.0,357.0,,,,,,,82.5,forsbfi01,2012,0,0.4057071960297767,0.46029776674937967,0.8660049627791563,0.018610421836228287,0.2823821339950372,
12.0,Buffalo Sabres,Mikhail Grigorenko,RU,C,18.0,2021.0,Quebec Remparts (QMJHL),249.0,26.0,0.104417670682731,50.0,0.000419348075031048,76.0,0.305220883534137,,-28.0,36.0,,,,,,,5.0,grigomi01,2012,0,0.10441767068273092,0.20080321285140562,0.30522088353413657,-0.11244979919678715,0.09357429718875504,
13.0,Dallas Stars,Radek Faksa,CZ,C,18.0,2026.0,Kitchener Rangers (OHL),734.0,95.0,0.129427792915531,130.0,0.000176332142936691,225.0,0.306539509536785,,-9.0,392.0,,,,,,,15.1,faksara01,2012,0,0.12942779291553133,0.1771117166212534,0.3065395095367847,-0.01226158038147139,0.09901226158038148,
14.0,Buffalo Sabres,Zemgus Girgensons,LV,C,18.0,2026.0,Dubuque Fighting Saints (USHL),789.0,96.0,0.121673003802281,104.0,0.000154211665148645,200.0,0.253485424588086,,-74.0,245.0,,,,,,,11.3,girgeze01,2012,0,0.12167300380228137,0.13181242078580482,0.2534854245880862,-0.09378960709759189,0.07769328263624842,
16.0,Washington Capitals,Tom Wilson,CA,RW,18.0,2026.0,Plymouth Whalers (OHL),862.0,195.0,0.226218097447796,230.0,0.000262433987758464,425.0,0.493039443155452,,48.0,1586.0,,,,,,,41.8,wilsoto01,2012,0,0.22621809744779584,0.2668213457076566,0.49303944315545245,0.05568445475638051,0.16302204176334106,
17.0,San Jose Sharks,Tomas Hertl,CZ,C,18.0,2026.0,HC Slavia Praha (Czech),817.0,263.0,0.321909424724602,306.0,0.000394013983751043,569.0,0.696450428396573,,-81.0,284.0,,,,,,,59.1,hertlto01,2012,0,0.3219094247246022,0.37454100367197063,0.6964504283965728,-0.09914320685434516,0.2213892288861689,
18.0,Chicago Blackhawks,Teuvo Teravainen,FI,LW,18.0,2026.0,Jokerit (Finland),778.0,176.0,0.226221079691517,358.0,0.000290772596004521,534.0,0.686375321336761,,89.0,142.0,,,,,,,54.7,teravte01,2012,0,0.2262210796915167,0.4601542416452442,0.6863753213367609,0.11439588688946016,0.22879177377892032,
20.0,Philadelphia Flyers,Scott Laughton,CA,C,18.0,2026.0,Oshawa Generals (OHL),689.0,109.0,0.158200290275762,161.0,0.000229608549021425,270.0,0.391872278664731,,-45.0,401.0,,,,,,,20.1,laughsc01,2012,0,0.15820029027576196,0.23367198838896952,0.3918722786647315,-0.06531204644412192,0.12409288824383166,
21.0,Calgary Flames,Mark Jankowski,CA,C,18.0,2026.0,Stanstead (High-QC),430.0,69.0,0.16046511627907,59.0,0.000373174689021093,128.0,0.297674418604651,,11.0,134.0,,,,,,,11.4,jankoma01,2012,0,0.16046511627906976,0.1372093023255814,0.29767441860465116,0.02558139534883721,0.09802325581395348,
26.0,Vancouver Canucks,Brendan Gaunce,CA,C,18.0,2026.0,Belleville Bulls (OHL),194.0,14.0,0.0721649484536082,17.0,0.000371984270379424,31.0,0.15979381443299,,-18.0,75.0,,,,,,,0.6,gauncbr01,2012,0,0.07216494845360824,0.08762886597938144,0.15979381443298968,-0.09278350515463918,0.04729381443298969,
29.0,New Jersey Devils,Stefan Matteau,US,LW,18.0,2022.0,USA U-18 Development Team (USDP/USHL),92.0,6.0,0.0652173913043478,5.0,0.000708884688090737,11.0,0.119565217391304,,-18.0,41.0,,,,,,,-0.3,mattest02,2012,0,0.06521739130434782,0.05434782608695652,0.11956521739130435,-0.1956521739130435,0.029076086956521745,
30.0,Los Angeles Kings,Tanner Pearson,CA,LW,20.0,2026.0,Barrie Colts (OHL),745.0,153.0,0.205369127516779,163.0,0.000275663258411784,316.0,0.424161073825503,,1.0,248.0,,,,,,,31.7,pearsta01,2012,0,0.20536912751677852,0.21879194630872484,0.42416107382550333,0.0013422818791946308,0.1379194630872483,
32.0,Edmonton Oilers,Mitchell Moroz,CA,LW,18.0,,Edmonton Oil Kings (WHL),,0.0,0.0,0.0,0.0,0.0,0.0,,0.0,,,,,,,,,morozmi01,2012,0,0.0,0.0,0.0,0.0,,
33.0,Montreal Canadiens,Sebastian Collberg,SE,RW,18.0,,Frolunda HC (Sweden),,0.0,0.0,0.0,0.0,0.0,0.0,,0.0,,,,,,,,,collbse01,2012,0,0.0,0.0,0.0,0.0,,
36.0,Anaheim Ducks,Nicolas Kerdiles,US,LW,18.0,2018.0,USA U-18 Development Team (USDP/USHL),3.0,0.0,0.0,0.0,0.0,0.0,0.0,,1.0,0.0,,,,,,,0.0,kerdini01,2012,0,0.0,0.0,0.0,0.3333333333333333,0.0025,
37.0,Nashville Predators,Pontus Aberg,SE,LW,18.0,2020.0,Djurgardens IF (Sweden),132.0,17.0,0.128787878787879,27.0,0.000975665748393023,44.0,0.333333333333333,,-7.0,34.0,,,,,,,3.2,abergpo01,2012,0,0.12878787878787878,0.20454545454545456,0.3333333333333333,-0.05303030303030303,0.10568181818181818,
38.0,Carolina Hurricanes,Phillip Di Giuseppe,CA,LW,18.0,2025.0,Michigan (CCHA),302.0,28.0,0.0927152317880795,53.0,0.000307004078768475,81.0,0.268211920529801,,-16.0,127.0,,,,,,,4.7,digiuph01,2012,0,0.09271523178807947,0.17549668874172186,0.2682119205298013,-0.052980132450331126,0.08451986754966886,
39.0,Winnipeg Jets,Lukas Sutter,US,C,18.0,,Saskatoon Blades (WHL),,0.0,0.0,0.0,0.0,0.0,0.0,,0.0,,,,,,,,,suttelu01,2012,0,0.0,0.0,0.0,0.0,,
41.0,Colorado Avalanche,Mitchell Heard,CA,C,20.0,,Plymouth Whalers (OHL),,0.0,0.0,0.0,0.0,0.0,0.0,,0.0,,,,,,,,,heardmi01,2012,0,0.0,0.0,0.0,0.0,,
46.0,Minnesota Wild,Raphael Bussieres,CA,LW,18.0,,Baie-Comeau Drakkar (QMJHL),,0.0,0.0,0.0,0.0,0.0,0.0,,0.0,,,,,,,,,bussira01,2012,0,0.0,0.0,0.0,0.0,,
47.0,Carolina Hurricanes,Brock McGinn,CA,LW,18.0,2025.0,Guelph Storm (OHL),534.0,80.0,0.149812734082397,78.0,0.000280548191165537,158.0,0.295880149812734,,-41.0,120.0,,,,,,,10.8,mcginbr01,2012,0,0.149812734082397,0.14606741573033707,0.2958801498127341,-0.07677902621722846,0.09232209737827715,
49.0,Detroit Red Wings,Martin Frk,CZ,RW,18.0,2022.0,Halifax Mooseheads (QMJHL),124.0,20.0,0.161290322580645,21.0,0.00130072840790843,41.0,0.330645161290323,,-32.0,24.0,,,,,,,2.9,frkma01,2012,0,0.16129032258064516,0.1693548387096774,0.33064516129032256,-0.25806451612903225,0.09455645161290321,
50.0,Nashville Predators,Colton Sissons,CA,C,18.0,2026.0,Kelowna Rockets (WHL),714.0,96.0,0.134453781512605,128.0,0.000188310618364993,224.0,0.313725490196078,,13.0,256.0,,,,,,,15.8,sissoco01,2012,0,0.13445378151260504,0.1792717086834734,0.3137254901960784,0.018207282913165267,0.10287114845938375,
52.0,Pittsburgh Penguins,Teddy Blueger,LV,C,18.0,2026.0,Shattuck-St. Mary's School (High-MN),420.0,50.0,0.119047619047619,103.0,0.00028344671201814,153.0,0.364285714285714,,19.0,166.0,,,,,,,10.6,bluegte01,2012,0,0.11904761904761904,0.24523809523809523,0.36428571428571427,0.04523809523809524,0.1206547619047619,
53.0,Tampa Bay Lightning,Brian Hart,US,RW,18.0,,Phillps-Exeter Academy (High-NH),,0.0,0.0,0.0,0.0,0.0,0.0,,0.0,,,,,,,,,hartbr01,2012,0,0.0,0.0,0.0,0.0,,
54.0,Dallas Stars,Mike Winther,CA,C,18.0,,Prince Albert Raiders (WHL),,0.0,0.0,0.0,0.0,0.0,0.0,,0.0,,,,,,,,,winthmi01,2012,0,0.0,0.0,0.0,0.0,,
55.0,San Jose Sharks,Chris Tierney,CA,C,18.0,2024.0,London Knights (OHL),649.0,80.0,0.12326656394453,168.0,0.000189933072333636,248.0,0.382126348228043,,-70.0,135.0,,,,,,,16.4,tiernch01,2012,0,0.12326656394453005,0.2588597842835131,0.38212634822804314,-0.10785824345146379,0.11879815100154084,
56.0,St. Louis Blues,Sam Kurker,US,RW,18.0,,St. John's Prep (High-MA),,0.0,0.0,0.0,0.0,0.0,0.0,,0.0,,,,,,,,,kurkesa01,2012,0,0.0,0.0,0.0,0.0,,
57.0,Vancouver Canucks,Alexandre Mallet,CA,LW,20.0,,Rimouski Oceanic (QMJHL),,0.0,0.0,0.0,0.0,0.0,0.0,,0.0,,,,,,,,,malleal01,2012,0,0.0,0.0,0.0,0.0,,
58.0,Phoenix Coyotes,Jordan Martinook,CA,LW,20.0,2026.0,Vancouver Giants (WHL),745.0,98.0,0.131543624161074,144.0,0.000176568623034999,242.0,0.324832214765101,,-21.0,331.0,,,,,,,16.9,martijo01,2012,0,0.13154362416107382,0.19328859060402684,0.32483221476510066,-0.028187919463087248,0.10416107382550335,
59.0,New York Rangers,Cristoval Nieves,US,C,18.0,2020.0,Kent School (High-CT),76.0,5.0,0.0657894736842105,14.0,0.000865650969529086,19.0,0.25,,3.0,24.0,,,,,,,1.4,nievecr01,2012,0,0.06578947368421052,0.18421052631578946,0.25,0.039473684210526314,0.08322368421052632,
61.0,Dallas Stars,Devin Shore,CA,C,18.0,2025.0,Whitby (OJHL),498.0,52.0,0.104417670682731,92.0,0.000209674037515524,144.0,0.289156626506024,,-61.0,79.0,,,,,,,8.2,shorede01,2012,0,0.10441767068273092,0.18473895582329317,0.2891566265060241,-0.12248995983935743,0.08785140562248996,
63.0,Edmonton Oilers,Jujhar Khaira,CA,LW,18.0,2024.0,Prince George (BCHL),337.0,33.0,0.0979228486646884,47.0,0.000290572251230529,80.0,0.237388724035608,,-55.0,229.0,,,,,,,2.7,khairju01,2012,0,0.09792284866468842,0.1394658753709199,0.23738872403560832,-0.1632047477744807,0.06899109792284866,
64.0,Montreal Canadiens,Tim Bozon,US,LW,18.0,,Kamloops Blazers (WHL),,0.0,0.0,0.0,0.0,0.0,0.0,,0.0,,,,,,,,,bozonti01,2012,0,0.0,0.0,0.0,0.0,,
66.0,Nashville Predators,Jimmy Vesey,US,LW,19.0,2025.0,South Shore (EJHL),626.0,101.0,0.161341853035144,93.0,0.00025773458951301,194.0,0.309904153354633,,-58.0,144.0,,,,,,,13.4,veseyji02,2012,0,0.16134185303514376,0.1485623003194888,0.30990415335463256,-0.0926517571884984,0.09608626198083067,
67.0,St. Louis Blues,Mackenzie MacEachern,US,LW,18.0,2026.0,Brother Rice HS (High-MI),131.0,12.0,0.0916030534351145,12.0,0.00069925994988637,24.0,0.183206106870229,,3.0,67.0,,,,,,,1.9,maceama01,2012,0,0.0916030534351145,0.0916030534351145,0.183206106870229,0.022900763358778626,0.06068702290076336,
70.0,Winnipeg Jets,Scott Kosmachuk,CA,RW,18.0,2016.0,Guelph Storm (OHL),8.0,0.0,0.0,3.0,0.0,3.0,0.375,,1.0,2.0,,,,,,,0.2,kosmasc01,2012,0,0.0,0.375,0.375,0.125,0.05125000000000001,
71.0,Tampa Bay Lightning,Tanner Richard,CA,C,19.0,2017.0,Guelph Storm (OHL),3.0,0.0,0.0,0.0,0.0,0.0,0.0,,-2.0,2.0,,,,,,,-0.1,richata01,2012,0,0.0,0.0,0.0,-0.6666666666666666,-0.005,
72.0,Colorado Avalanche,Troy Bourke,CA,LW,18.0,,Prince George Cougars (WHL),,0.0,0.0,0.0,0.0,0.0,0.0,,0.0,,,,,,,,,bourktr01,2012,0,0.0,0.0,0.0,0.0,,
73.0,Buffalo Sabres,Justin Kea,CA,C,18.0,,Saginaw Spirit (OHL),,0.0,0.0,0.0,0.0,0.0,0.0,,0.0,,,,,,,,,keaju01,2012,0,0.0,0.0,0.0,0.0,,
79.0,Chicago Blackhawks,Chris Calnan,US,RW,18.0,,Noble & Greenough School (High-MA),,0.0,0.0,0.0,0.0,0.0,0.0,,0.0,,,,,,,,,calnach01,2012,0,0.0,0.0,0.0,0.0,,
81.0,Pittsburgh Penguins,Oskar Sundqvist,SE,C,18.0,2026.0,Skelleftea AIK Jr. (Sweden Jr.),511.0,63.0,0.123287671232877,111.0,0.000241267458381364,174.0,0.340508806262231,,-23.0,215.0,,,,,,,11.7,sundqos01,2012,0,0.1232876712328767,0.2172211350293542,0.3405088062622309,-0.04500978473581213,0.10841487279843445,
84.0,Florida Panthers,Steven Hodges,CA,C,18.0,,Victoria Royals (WHL),,0.0,0.0,0.0,0.0,0.0,0.0,,0.0,,,,,,,,,hodgest01,2012,0,0.0,0.0,0.0,0.0,,
89.0,Nashville Predators,Brendan Leipsic,CA,LW,18.0,2020.0,Portland Winterhawks (WHL),187.0,16.0,0.0855614973262032,43.0,0.000457548114043867,59.0,0.315508021390374,,-16.0,53.0,,,,,,,3.4,leipsbr01,2012,0,0.0855614973262032,0.22994652406417113,0.3155080213903743,-0.0855614973262032,0.0982620320855615,
91.0,Edmonton Oilers,Daniil Zharkov,RU,LW,18.0,,Belleville Bulls (OHL),,0.0,0.0,0.0,0.0,0.0,0.0,,0.0,,,,,,,,,zharkda01,2012,0,0.0,0.0,0.0,0.0,,
94.0,Montreal Canadiens,Brady Vail,US,C,18.0,,Windsor Spitfires (OHL),,0.0,0.0,0.0,0.0,0.0,0.0,,0.0,,,,,,,,,vailbr01,2012,0,0.0,0.0,0.0,0.0,,
95.0,Columbus Blue Jackets,Josh Anderson,CA,RW,18.0,2026.0,London Knights (OHL),641.0,151.0,0.235569422776911,107.0,0.000367502999651967,258.0,0.402496099843994,,-47.0,571.0,,,,,,,23.3,anderjo05,2012,0,0.23556942277691106,0.1669266770670827,0.40249609984399376,-0.07332293291731669,0.12714508580343215,
96.0,New Jersey Devils,Ben Thomson,CA,LW,19.0,2017.0,Kitchener Rangers (OHL),3.0,0.0,0.0,0.0,0.0,0.0,0.0,,-4.0,4.0,,,,,,,-0.2,thomsbe01,2012,0,0.0,0.0,0.0,-1.3333333333333333,-0.01,
97.0,Anaheim Ducks,Kevin Roy,CA,C,19.0,2019.0,Lincoln Stars (USHL),28.0,6.0,0.214285714285714,1.0,0.00765306122448979,7.0,0.25,,2.0,6.0,,,,,,,0.8,royke01,2012,0,0.21428571428571427,0.03571428571428571,0.25,0.07142857142857142,0.08482142857142858,
98.0,Minnesota Wild,Adam Gilmour,US,C,18.0,,Noble & Greenough School (High-MA),,0.0,0.0,0.0,0.0,0.0,0.0,,0.0,,,,,,,,,gilmoad01,2012,0,0.0,0.0,0.0,0.0,,
100.0,Washington Capitals,Thomas Di Pauli,US,C,18.0,2020.0,USA U-18 Development Team (USDP/USHL),2.0,0.0,0.0,0.0,0.0,0.0,0.0,,-3.0,10.0,,,,,,,-0.1,dipauth01,2012,0,0.0,0.0,0.0,-1.5,-0.0075000000000000015,
101.0,Tampa Bay Lightning,Cedric Paquette,CA,C,19.0,2022.0,Blainville-Boisbriand Armada (QMJHL),448.0,51.0,0.113839285714286,44.0,0.000254105548469388,95.0,0.212053571428571,,-20.0,391.0,,,,,,,5.1,paquece01,2012,0,0.11383928571428571,0.09821428571428571,0.21205357142857142,-0.044642857142857144,0.06668526785714285,
104.0,Dallas Stars,Gemel Smith,CA,C,18.0,2022.0,Owen Sound Attack (OHL),91.0,12.0,0.131868131868132,13.0,0.00144910035019925,25.0,0.274725274725275,,1.0,58.0,,,,,,,2.5,smithge02,2012,0,0.13186813186813187,0.14285714285714285,0.27472527472527475,0.01098901098901099,0.08983516483516485,
107.0,Washington Capitals,Austin Wuthrich,US,RW,19.0,,Notre Dame (CCHA),,0.0,0.0,0.0,0.0,0.0,0.0,,0.0,,,,,,,,,wuthrau01,2012,0,0.0,0.0,0.0,0.0,,
109.0,San Jose Sharks,Christophe Lalancette,CA,RW,18.0,,Acadie-Bathurst Titan (QMJHL),,0.0,0.0,0.0,0.0,0.0,0.0,,0.0,,,,,,,,,lalanch01,2012,0,0.0,0.0,0.0,0.0,,
112.0,Nashville Predators,Zach Stepan,US,C,18.0,,Shattuck-St. Mary's School (High-MN),,0.0,0.0,0.0,0.0,0.0,0.0,,0.0,,,,,,,,,stepaza01,2012,0,0.0,0.0,0.0,0.0,,
114.0,Florida Panthers,Alexander Delnov,RU,LW,18.0,,Atlanty Mytishchi (Russia Jr.),,0.0,0.0,0.0,0.0,0.0,0.0,,0.0,,,,,,,,,delnoal01,2012,0,0.0,0.0,0.0,0.0,,
117.0,Philadelphia Flyers,Taylor Leier,CA,LW,18.0,2018.0,Portland Winterhawks (WHL),55.0,2.0,0.0363636363636364,5.0,0.000661157024793389,7.0,0.127272727272727,,-8.0,10.0,,,,,,,-0.3,leierta01,2012,0,0.03636363636363636,0.09090909090909091,0.12727272727272726,-0.14545454545454545,0.034090909090909095,
121.0,Los Angeles Kings,Nikolai Prokhorkin,RU,LW,18.0,2020.0,Krasnaya Armiya Moskva (Russia Jr.),43.0,4.0,0.0930232558139535,10.0,0.00216333153055706,14.0,0.325581395348837,,-6.0,6.0,,,,,,,0.8,prokhni01,2012,0,0.09302325581395349,0.23255813953488372,0.32558139534883723,-0.13953488372093023,0.09883720930232559,
122.0,Montreal Canadiens,Charles Hudon,CA,LW,18.0,2023.0,Chicoutimi Sagueneens (QMJHL),134.0,14.0,0.104477611940299,27.0,0.000779683671196261,41.0,0.305970149253731,,-29.0,58.0,,,,,,,1.9,hudonch01,2012,0,0.1044776119402985,0.20149253731343283,0.30597014925373134,-0.21641791044776118,0.08861940298507463,
126.0,Toronto Maple Leafs,Dominic Toninato,US,C,18.0,2025.0,Duluth East HS (High-MN),189.0,13.0,0.0687830687830688,22.0,0.000363931580862798,35.0,0.185185185185185,,12.0,79.0,,,,,,,2.3,tonindo01,2012,0,0.06878306878306878,0.1164021164021164,0.18518518518518517,0.06349206349206349,0.06335978835978835,
129.0,Carolina Hurricanes,Brendan Woods,CA,LW,20.0,2016.0,Wisconsin (WCHA),7.0,0.0,0.0,0.0,0.0,0.0,0.0,,-1.0,7.0,,,,,,,-0.1,woodsbr01,2012,0,0.0,0.0,0.0,-0.14285714285714285,-0.0024999999999999996,
131.0,Boston Bruins,Seth Griffith,CA,C,19.0,2022.0,London Knights (OHL),80.0,8.0,0.1,11.0,0.00125,19.0,0.2375,,-5.0,24.0,,,,,,,1.3,griffse01,2012,0,0.1,0.1375,0.2375,-0.0625,0.07406249999999999,
132.0,Colorado Avalanche,Michael Clarke,CA,C,18.0,,Windsor Spitfires (OHL),,0.0,0.0,0.0,0.0,0.0,0.0,,0.0,,,,,,,,,clarkmi01,2012,0,0.0,0.0,0.0,0.0,,
133.0,Buffalo Sabres,Logan Nelson,US,C,19.0,,Victoria Royals (WHL),,0.0,0.0,0.0,0.0,0.0,0.0,,0.0,,,,,,,,,nelsolo01,2012,0,0.0,0.0,0.0,0.0,,
134.0,Dallas Stars,Branden Troock,CA,RW,18.0,,Seattle Thunderbirds (WHL),,0.0,0.0,0.0,0.0,0.0,0.0,,0.0,,,,,,,,,troocbr01,2012,0,0.0,0.0,0.0,0.0,,
135.0,New Jersey Devils,Graham Black,CA,C,19.0,,Swift Current Broncos (WHL),,0.0,0.0,0.0,0.0,0.0,0.0,,0.0,,,,,,,,,blackgr01,2012,0,0.0,0.0,0.0,0.0,,
136.0,Ottawa Senators,Robert Baillargeon,US,C,18.0,,Indiana Ice (USHL),,0.0,0.0,0.0,0.0,0.0,0.0,,0.0,,,,,,,,,baillro01,2012,0,0.0,0.0,0.0,0.0,,
138.0,San Jose Sharks,Daniel O'Regan,DE,C,18.0,2022.0,St. Sebastian's School (High-MA),30.0,1.0,0.0333333333333333,5.0,0.00111111111111111,6.0,0.2,,-5.0,2.0,,,,,,,0.1,oregada01,2012,0,0.03333333333333333,0.16666666666666666,0.2,-0.16666666666666666,0.05666666666666667,
139.0,Chicago Blackhawks,Garret Ross,US,LW,20.0,,Saginaw Spirit (OHL),,0.0,0.0,0.0,0.0,0.0,0.0,,0.0,,,,,,,,,rossga01,2012,0,0.0,0.0,0.0,0.0,,
142.0,New York Rangers,Thomas Spelling,DK,RW,19.0,,Herning (Denmark),,0.0,0.0,0.0,0.0,0.0,0.0,,0.0,,,,,,,,,spellth01,2012,0,0.0,0.0,0.0,0.0,,
145.0,Boston Bruins,Cody Payne,GB,RW,18.0,,Plymouth Whalers (OHL),,0.0,0.0,0.0,0.0,0.0,0.0,,0.0,,,,,,,,,payneco01,2012,0,0.0,0.0,0.0,0.0,,
150.0,New Jersey Devils,Alexander Kerfoot,CA,C,18.0,2025.0,Coquitlam (BCHL),605.0,98.0,0.16198347107438,194.0,0.000267741274503107,292.0,0.482644628099174,,-9.0,200.0,,,,,,,22.8,kerfoal01,2012,0,0.16198347107438016,0.32066115702479336,0.4826446280991736,-0.01487603305785124,0.15611570247933887,
152.0,Columbus Blue Jackets,Daniel Zaar,SE,RW,18.0,,Rogle BK Jr. (Sweden Jr.),,0.0,0.0,0.0,0.0,0.0,0.0,,0.0,,,,,,,,,zaarda01,2012,0,0.0,0.0,0.0,0.0,,
153.0,Edmonton Oilers,John McCarron,US,RW,20.0,,Cornell (ECAC),,0.0,0.0,0.0,0.0,0.0,0.0,,0.0,,,,,,,,,mccarjo02,2012,0,0.0,0.0,0.0,0.0,,
154.0,Montreal Canadiens,Erik Nystrom,SE,LW,18.0,,MODO Hockey Jr. (Sweden Jr.),,0.0,0.0,0.0,0.0,0.0,0.0,,0.0,,,,,,,,,nystrer02,2012,0,0.0,0.0,0.0,0.0,,
156.0,Toronto Maple Leafs,Connor Brown,CA,RW,18.0,2026.0,Erie Otters (OHL),620.0,113.0,0.182258064516129,154.0,0.000293964620187305,267.0,0.430645161290323,,-12.0,116.0,,,,,,,21.8,brownco02,2012,0,0.18225806451612903,0.24838709677419354,0.4306451612903226,-0.01935483870967742,0.13899193548387095,
157.0,Toronto Maple Leafs,Ryan Rupert,CA,C,18.0,,London Knights (OHL),,0.0,0.0,0.0,0.0,0.0,0.0,,0.0,,,,,,,,,ruperry01,2012,0,0.0,0.0,0.0,0.0,,
158.0,Minnesota Wild,Christoph Bertschy,CH,C,18.0,2018.0,SC Bern (Swiss),9.0,0.0,0.0,1.0,0.0,1.0,0.111111111111111,,1.0,8.0,,,,,,,0.0,bertsch02,2012,0,0.0,0.1111111111111111,0.1111111111111111,0.1111111111111111,0.01875,
160.0,Winnipeg Jets,Ryan Olsen,CA,C,18.0,,Saskatoon Blades (WHL),,0.0,0.0,0.0,0.0,0.0,0.0,,0.0,,,,,,,,,olsenry01,2012,0,0.0,0.0,0.0,0.0,,
165.0,Calgary Flames,Coda Gordon,CA,LW,18.0,,Swift Current Broncos (WHL),,0.0,0.0,0.0,0.0,0.0,0.0,,0.0,,,,,,,,,gordoco01,2012,0,0.0,0.0,0.0,0.0,,
167.0,Washington Capitals,Riley Barber,US,RW,18.0,2022.0,USA U-18 Development Team (USDP/USHL),16.0,0.0,0.0,0.0,0.0,0.0,0.0,,-3.0,4.0,,,,,,,-0.3,barberi01,2012,0,0.0,0.0,0.0,-0.1875,-0.0075000000000000015,
169.0,Chicago Blackhawks,Vincent Hinostroza,US,C,18.0,2026.0,Waterloo Black Hawks (USHL),434.0,61.0,0.140552995391705,105.0,0.000323854828091486,166.0,0.382488479262673,,-18.0,117.0,,,,,,,13.8,hinosvi01,2012,0,0.14055299539170507,0.24193548387096775,0.3824884792626728,-0.041474654377880185,0.12223502304147467,
171.0,Los Angeles Kings,Tomas Hyka,CZ,RW,19.0,2019.0,Gatineau Olympiques (QMJHL),27.0,2.0,0.0740740740740741,5.0,0.00274348422496571,7.0,0.259259259259259,,0.0,2.0,,,,,,,0.4,hykato01,2012,0,0.07407407407407407,0.18518518518518517,0.25925925925925924,0.0,0.08425925925925926,
172.0,Nashville Predators,Max Gortz,SE,RW,19.0,,Farjestad BK Jr. (Sweden Jr.),,0.0,0.0,0.0,0.0,0.0,0.0,,0.0,,,,,,,,,gortzma01,2012,0,0.0,0.0,0.0,0.0,,
173.0,Pittsburgh Penguins,Anton Zlobin,RU,RW,19.0,,Shawinigan Cataractes (QMJHL),,0.0,0.0,0.0,0.0,0.0,0.0,,0.0,,,,,,,,,zlobian01,2012,0,0.0,0.0,0.0,0.0,,
177.0,Vancouver Canucks,Wesley Myron,CA,LW,20.0,,Victoria (BCHL),,0.0,0.0,0.0,0.0,0.0,0.0,,0.0,,,,,,,,,myronwe01,2012,0,0.0,0.0,0.0,0.0,,
178.0,Phoenix Coyotes,Hunter Fejes,US,LW,18.0,,Shattuck-St. Mary's School (High-MN),,0.0,0.0,0.0,0.0,0.0,0.0,,0.0,,,,,,,,,fejeshu01,2012,0,0.0,0.0,0.0,0.0,,
186.0,Calgary Flames,Matthew Deblouw,US,C,18.0,,Muskegon Lumberjacks (USHL),,0.0,0.0,0.0,0.0,0.0,0.0,,0.0,,,,,,,,,debloma01,2012,0,0.0,0.0,0.0,0.0,,
188.0,Minnesota Wild,Louis Nanne,US,LW,18.0,,Edina HS (High-MN),,0.0,0.0,0.0,0.0,0.0,0.0,,0.0,,,,,,,,,nannelo02,2012,0,0.0,0.0,0.0,0.0,,
189.0,Carolina Hurricanes,Brendan Collier,US,LW,18.0,,Malden Catholic HS (High-MA),,0.0,0.0,0.0,0.0,0.0,0.0,,0.0,,,,,,,,,collibr01,2012,0,0.0,0.0,0.0,0.0,,
192.0,Colorado Avalanche,Colin Smith,CA,C,19.0,2015.0,Kamloops Blazers (WHL),1.0,0.0,0.0,0.0,0.0,0.0,0.0,,0.0,0.0,,,,,,,0.0,smithco01,2012,0,0.0,0.0,0.0,0.0,0.0,
200.0,Detroit Red Wings,Rasmus Bodin,SE,LW,18.0,,Ostersunds IK (Sweden-3),,0.0,0.0,0.0,0.0,0.0,0.0,,0.0,,,,,,,,,bodinra01,2012,0,0.0,0.0,0.0,0.0,,
202.0,Tampa Bay Lightning,Nikita Gusev,RU,LW,20.0,2021.0,Krasnaya Armiya Moskva (Russia Jr.),97.0,17.0,0.175257731958763,37.0,0.00180678074184292,54.0,0.556701030927835,,-27.0,14.0,,,,,,,4.0,gusevni01,2012,0,0.17525773195876287,0.38144329896907214,0.5567010309278351,-0.27835051546391754,0.1670103092783505,
205.0,Boston Bruins,Colton Hargrove,US,LW,20.0,,Fargo Force (USHL),,0.0,0.0,0.0,0.0,0.0,0.0,,0.0,,,,,,,,,hargrco01,2012,0,0.0,0.0,0.0,0.0,,
206.0,St. Louis Blues,Tyrel Seaman,CA,C,18.0,,Brandon Wheat Kings (WHL),,0.0,0.0,0.0,0.0,0.0,0.0,,0.0,,,,,,,,,seamaty01,2012,0,0.0,0.0,0.0,0.0,,
207.0,Vancouver Canucks,Matthew Beattie,US,LW,19.0,,Phillps-Exeter Academy (High-NH),,0.0,0.0,0.0,0.0,0.0,0.0,,0.0,,,,,,,,,beattma01,2012,0,0.0,0.0,0.0,0.0,,
1.0,Edmonton Oilers,Ryan Nugent-Hopkins,CA,C,18.0,2026.0,Red Deer Rebels (WHL),977.0,277.0,0.283520982599795,489.0,0.000290195478607774,766.0,0.78403275332651,,-30.0,338.0,,,,,,,75.3,nugenry01,2011,0,0.2835209825997953,0.5005117707267144,0.7840327533265097,-0.030706243602865915,0.25327533265097235,
2.0,Colorado Avalanche,Gabriel Landeskog,SE,LW,18.0,2026.0,Kitchener Rangers (OHL),764.0,253.0,0.331151832460733,332.0,0.000433444806885776,585.0,0.765706806282723,,88.0,622.0,,,,,,,67.1,landega01,2011,0,0.331151832460733,0.43455497382198954,0.7657068062827225,0.11518324607329843,0.2546138743455498,
3.0,Florida Panthers,Jonathan Huberdeau,CA,C,18.0,2026.0,Saint John Sea Dogs (QMJHL),935.0,257.0,0.274866310160428,538.0,0.000293974663273185,795.0,0.850267379679144,,-3.0,485.0,,,,,,,79.8,huberjo01,2011,0,0.2748663101604278,0.5754010695187166,0.8502673796791443,-0.0032085561497326204,0.2761764705882353,
5.0,New York Islanders,Ryan Strome,CA,C,18.0,2026.0,Niagara IceDogs (OHL),873.0,167.0,0.191294387170676,316.0,0.000219123009359308,483.0,0.553264604810997,,-15.0,615.0,,,,,,,41.7,stromry01,2011,0,0.19129438717067582,0.3619702176403207,0.5532646048109966,-0.01718213058419244,0.1789518900343643,
6.0,Ottawa Senators,Mika Zibanejad,SE,C,18.0,2026.0,Djurgardens IF (Sweden),958.0,323.0,0.337160751565762,437.0,0.000351942329400587,760.0,0.793319415448852,,15.0,263.0,,,,,,,81.4,zibanmi01,2011,0,0.33716075156576203,0.4561586638830898,0.7933194154488518,0.015657620041753653,0.2586116910229645,
7.0,Winnipeg Jets,Mark Scheifele,CA,C,18.0,2026.0,Barrie Colts (OHL),904.0,349.0,0.386061946902655,487.0,0.000427059675777273,836.0,0.924778761061947,,84.0,437.0,,,,,,,94.2,scheima01,2011,0,0.3860619469026549,0.5387168141592921,0.9247787610619469,0.09292035398230089,0.3051991150442478,
8.0,Philadelphia Flyers,Sean Couturier,US,C,18.0,2026.0,Drummondville Voltigeurs (QMJHL),898.0,210.0,0.233853006681514,348.0,0.000260415374923735,558.0,0.621380846325167,,74.0,359.0,,,,,,,54.7,coutuse01,2011,0,0.23385300668151449,0.38752783964365256,0.621380846325167,0.08240534521158129,0.20606904231625836,
13.0,Calgary Flames,Sven Baertschi,CH,LW,18.0,2022.0,Portland Winterhawks (WHL),292.0,66.0,0.226027397260274,72.0,0.000774066428973541,138.0,0.472602739726027,,-34.0,78.0,,,,,,,14.5,baertsv01,2011,0,0.22602739726027396,0.2465753424657534,0.4726027397260274,-0.11643835616438356,0.14777397260273972,
15.0,New York Rangers,J.T. Miller,US,C,18.0,2026.0,USA U-18 Development Team (USDP/USHL),897.0,267.0,0.297658862876254,456.0,0.000331838197186459,723.0,0.806020066889632,,52.0,504.0,,,,,,,75.1,millejt01,2011,0,0.2976588628762542,0.5083612040133779,0.8060200668896321,0.057971014492753624,0.26485507246376816,
16.0,Buffalo Sabres,Joel Armia,FI,RW,18.0,2026.0,Assat (Finland),612.0,108.0,0.176470588235294,110.0,0.000288350634371395,218.0,0.356209150326797,,-8.0,204.0,,,,,,,17.9,armiajo01,2011,0,0.17647058823529413,0.17973856209150327,0.3562091503267974,-0.013071895424836602,0.11511437908496734,
18.0,Chicago Blackhawks,Mark McNeill,CA,C,18.0,2017.0,Prince Albert Raiders (WHL),2.0,0.0,0.0,0.0,0.0,0.0,0.0,,-1.0,0.0,,,,,,,-0.1,mcneima01,2011,0,0.0,0.0,0.0,-0.5,-0.0025000000000000005,
21.0,Ottawa Senators,Stefan Noesen,US,RW,18.0,2026.0,Plymouth Whalers (OHL),464.0,81.0,0.174568965517241,90.0,0.000376226218787157,171.0,0.368534482758621,,9.0,264.0,,,,,,,17.0,noesest01,2011,0,0.17456896551724138,0.1939655172413793,0.36853448275862066,0.01939655172413793,0.12074353448275861,
22.0,Toronto Maple Leafs,Tyler Biggs,US,RW,18.0,,USA U-18 Development Team (USDP/USHL),,0.0,0.0,0.0,0.0,0.0,0.0,,0.0,,,,,,,,,biggsty01,2011,0,0.0,0.0,0.0,0.0,,
24.0,Ottawa Senators,Matt Puempel,CA,LW,18.0,2019.0,Peterborough Petes (OHL),87.0,11.0,0.126436781609195,5.0,0.00145329634033557,16.0,0.183908045977011,,-10.0,30.0,,,,,,,1.0,puempma01,2011,0,0.12643678160919541,0.05747126436781609,0.1839080459770115,-0.11494252873563218,0.054022988505747126,
26.0,Chicago Blackhawks,Phillip Danault,CA,LW,18.0,2026.0,Victoriaville Tigres (QMJHL),737.0,125.0,0.169606512890095,273.0,0.000230130953717904,398.0,0.540027137042062,,83.0,329.0,,,,,,,35.5,danauph01,2011,0,0.16960651289009498,0.3704206241519674,0.5400271370420624,0.11261872455902307,0.18113975576662145,
27.0,Tampa Bay Lightning,Vladislav Namestnikov,RU,C,18.0,2026.0,London Knights (OHL),811.0,143.0,0.17632552404439,201.0,0.00021741741559111,344.0,0.424167694204686,,45.0,424.0,,,,,,,31.8,namesvl01,2011,0,0.17632552404438964,0.24784217016029594,0.4241676942046856,0.055487053020961775,0.1406288532675709,
28.0,Minnesota Wild,Zack Phillips,CA,C,18.0,,Saint John Sea Dogs (QMJHL),,0.0,0.0,0.0,0.0,0.0,0.0,,0.0,,,,,,,,,phillza01,2011,0,0.0,0.0,0.0,0.0,,
29.0,Vancouver Canucks,Nicklas Jensen,DK,LW,18.0,2017.0,Oshawa Generals (OHL),31.0,3.0,0.0967741935483871,3.0,0.00312174817898023,6.0,0.193548387096774,,-5.0,10.0,,,,,,,0.2,jenseni01,2011,0,0.0967741935483871,0.0967741935483871,0.1935483870967742,-0.16129032258064516,0.05483870967741936,
30.0,Anaheim Ducks,Rickard Rakell,SE,RW,18.0,2026.0,Plymouth Whalers (OHL),811.0,239.0,0.294697903822441,288.0,0.000363375960323602,527.0,0.649815043156597,,-38.0,174.0,,,,,,,55.3,rakelri01,2011,0,0.29469790382244143,0.35511713933415534,0.6498150431565968,-0.0468557336621455,0.20884710234278664,
32.0,St. Louis Blues,Ty Rattie,CA,RW,18.0,2019.0,Portland Winterhawks (WHL),99.0,13.0,0.131313131313131,17.0,0.0013263952657892,30.0,0.303030303030303,,-4.0,12.0,,,,,,,2.5,rattity01,2011,0,0.13131313131313133,0.1717171717171717,0.30303030303030304,-0.04040404040404041,0.09646464646464646,
33.0,Florida Panthers,Rocco Grimaldi,US,C,18.0,2022.0,USA U-18 Development Team (USDP/USHL),203.0,30.0,0.147783251231527,37.0,0.000727996311485355,67.0,0.330049261083744,,-1.0,34.0,,,,,,,6.0,grimaro01,2011,0,0.1477832512315271,0.18226600985221675,0.33004926108374383,-0.0049261083743842365,0.10701970443349754,
35.0,Detroit Red Wings,Tomas Jurco,SK,RW,18.0,2021.0,Saint John Sea Dogs (QMJHL),221.0,22.0,0.0995475113122172,31.0,0.000450441227657091,53.0,0.239819004524887,,-10.0,64.0,,,,,,,3.7,jurcoto01,2011,0,0.09954751131221719,0.14027149321266968,0.2398190045248869,-0.04524886877828054,0.0756787330316742,
37.0,Columbus Blue Jackets,Boone Jenner,CA,C,18.0,2026.0,Oshawa Generals (OHL),757.0,202.0,0.266842800528402,191.0,0.00035250039699921,393.0,0.519154557463672,,-71.0,427.0,,,,,,,37.3,jennebo01,2011,0,0.2668428005284016,0.2523117569352708,0.5191545574636723,-0.09379128137384413,0.16403566710700132,
40.0,Boston Bruins,Alexander Khokhlachev,RU,C,18.0,2016.0,Windsor Spitfires (OHL),9.0,0.0,0.0,0.0,0.0,0.0,0.0,,-4.0,2.0,,,,,,,-0.3,khokhal01,2011,0,0.0,0.0,0.0,-0.4444444444444444,-0.01,
41.0,St. Louis Blues,Dmitrij Jaskin,RU,RW,18.0,2022.0,HC Slavia Praha (Czech),315.0,27.0,0.0857142857142857,43.0,0.000272108843537415,70.0,0.222222222222222,,6.0,92.0,,,,,,,4.6,jaskidm01,2011,0,0.08571428571428572,0.1365079365079365,0.2222222222222222,0.01904761904761905,0.07317460317460317,
42.0,Carolina Hurricanes,Victor Rask,SE,C,18.0,2022.0,Leksands IF (Sweden-2),506.0,89.0,0.175889328063241,134.0,0.000347607367713915,223.0,0.440711462450593,,-22.0,86.0,,,,,,,20.9,raskvi01,2011,0,0.17588932806324112,0.2648221343873518,0.4407114624505929,-0.043478260869565216,0.14105731225296445,
43.0,Chicago Blackhawks,Brandon Saad,US,LW,18.0,2026.0,Saginaw Spirit (OHL),960.0,267.0,0.278125,266.0,0.000289713541666667,533.0,0.555208333333333,,43.0,178.0,,,,,,,58.2,saadbr01,2011,0,0.278125,0.27708333333333335,0.5552083333333333,0.04479166666666667,0.18268229166666666,
44.0,Dallas Stars,Brett Ritchie,CA,RW,18.0,2023.0,Sarnia Sting (OHL),391.0,50.0,0.127877237851662,35.0,0.000327051759211412,85.0,0.217391304347826,,-13.0,255.0,,,,,,,6.4,ritchbr01,2011,0,0.1278772378516624,0.08951406649616368,0.21739130434782608,-0.03324808184143223,0.06898976982097187,
45.0,Calgary Flames,Markus Granlund,FI,C,18.0,2020.0,HIFK Jr. (Finland Jr.),335.0,58.0,0.173134328358209,43.0,0.000516818890621519,101.0,0.301492537313433,,-40.0,86.0,,,,,,,7.8,granlma01,2011,0,0.17313432835820897,0.12835820895522387,0.30149253731343284,-0.11940298507462686,0.09201492537313433,
47.0,San Jose Sharks,Matthew Nieto,US,LW,18.0,2025.0,Boston University (H-East),705.0,87.0,0.123404255319149,119.0,0.000175041496906594,206.0,0.292198581560284,,-64.0,129.0,,,,,,,12.4,nietoma01,2011,0,0.12340425531914893,0.16879432624113475,0.29219858156028367,-0.09078014184397164,0.09042553191489362,
50.0,New York Islanders,Johan Sundstrom,SE,C,18.0,2014.0,Frolunda HC (Sweden),11.0,0.0,0.0,1.0,0.0,1.0,0.0909090909090909,,0.0,6.0,,,,,,,-0.1,sundsjo01,2011,0,0.0,0.09090909090909091,0.09090909090909091,0.0,0.016250000000000004,
51.0,Phoenix Coyotes,Alexander Ruuttu,US,C,18.0,,Jokerit Jr. (Finland Jr.),,0.0,0.0,0.0,0.0,0.0,0.0,,0.0,,,,,,,,,ruuttal01,2011,0,0.0,0.0,0.0,0.0,,
52.0,Nashville Predators,Miikka Salomaki,FI,RW,18.0,2020.0,Karpat (Finland),167.0,12.0,0.0718562874251497,15.0,0.000430277170210477,27.0,0.161676646706587,,-2.0,76.0,,,,,,,0.9,salommi01,2011,0,0.0718562874251497,0.08982035928143713,0.16167664670658682,-0.011976047904191617,0.051946107784431136,
53.0,Anaheim Ducks,William Karlsson,SE,C,18.0,2026.0,VIK Hockey Ungdom Jr. (Sweden Jr.),752.0,183.0,0.243351063829787,270.0,0.000323605138071525,453.0,0.602393617021277,,132.0,114.0,,,,,,,47.8,karlswi01,2011,0,0.24335106382978725,0.35904255319148937,0.6023936170212766,0.17553191489361702,0.20455452127659574,
56.0,Phoenix Coyotes,Lucas Lessio,CA,LW,18.0,2016.0,Oshawa Generals (OHL),41.0,3.0,0.0731707317073171,4.0,0.00178465199286139,7.0,0.170731707317073,,-11.0,12.0,,,,,,,-0.1,lessilu01,2011,0,0.07317073170731707,0.0975609756097561,0.17073170731707318,-0.2682926829268293,0.04207317073170733,
58.0,Tampa Bay Lightning,Nikita Kucherov,RU,LW,18.0,2026.0,Krasnaya Armiya Moskva (Russia Jr.),827.0,368.0,0.444981862152358,658.0,0.000538067547947229,1026.0,1.24062877871826,,163.0,398.0,,,,,,,120.6,kucheni01,2011,0,0.4449818621523579,0.7956469165659008,1.2406287787182588,0.19709794437726724,0.4130592503022975,
60.0,Minnesota Wild,Mario Lucia,US,LW,18.0,,Wayzata HS (High-MN),,0.0,0.0,0.0,0.0,0.0,0.0,,0.0,,,,,,,,,luciama01,2011,0,0.0,0.0,0.0,0.0,,
61.0,Ottawa Senators,Shane Prince,US,C,18.0,2018.0,Ottawa 67's (OHL),128.0,12.0,0.09375,26.0,0.000732421875,38.0,0.296875,,-6.0,39.0,,,,,,,2.6,princsh01,2011,0,0.09375,0.203125,0.296875,-0.046875,0.094140625,
64.0,Florida Panthers,Vincent Trocheck,US,C,18.0,2026.0,Saginaw Spirit (OHL),815.0,228.0,0.279754601226994,362.0,0.000343257179419625,590.0,0.723926380368098,,9.0,537.0,,,,,,,57.9,trochvi01,2011,0,0.27975460122699386,0.4441717791411043,0.7239263803680982,0.011042944785276074,0.23582822085889574,
65.0,Anaheim Ducks,Joseph Cramarossa,CA,C,18.0,2023.0,Mississauga St. Michael's Majors (OHL),68.0,5.0,0.0735294117647059,8.0,0.00108131487889273,13.0,0.191176470588235,,-1.0,81.0,,,,,,,0.8,cramajo01,2011,0,0.07352941176470588,0.11764705882352941,0.19117647058823528,-0.014705882352941176,0.061397058823529416,
66.0,Columbus Blue Jackets,T.J. Tynan,US,C,19.0,2025.0,Notre Dame (CCHA),30.0,0.0,0.0,2.0,0.0,2.0,0.0666666666666667,,-3.0,6.0,,,,,,,-0.4,tynant.01,2011,0,0.0,0.06666666666666667,0.06666666666666667,-0.1,0.016666666666666666,
67.0,Winnipeg Jets,Adam Lowry,US,LW,18.0,2026.0,Swift Current Broncos (WHL),788.0,122.0,0.154822335025381,154.0,0.000196475044448453,276.0,0.350253807106599,,50.0,425.0,,,,,,,22.3,lowryad01,2011,0,0.1548223350253807,0.19543147208121828,0.350253807106599,0.06345177664974619,0.11700507614213197,
68.0,Philadelphia Flyers,Nick Cousins,CA,C,18.0,2026.0,Soo Greyhounds (OHL),667.0,81.0,0.12143928035982,121.0,0.000182067886596432,202.0,0.302848575712144,,-18.0,384.0,,,,,,,15.2,cousini01,2011,0,0.12143928035982009,0.18140929535232383,0.3028485757121439,-0.026986506746626688,0.09707646176911545,
72.0,New York Rangers,Steven Fogarty,US,C,18.0,2023.0,Edina HS (High-MN),31.0,1.0,0.032258064516129,2.0,0.00104058272632674,3.0,0.0967741935483871,,-2.0,12.0,,,,,,,-0.1,fogarst01,2011,0,0.03225806451612903,0.06451612903225806,0.0967741935483871,-0.06451612903225806,0.0282258064516129,
74.0,Edmonton Oilers,Travis Ewanyk,CA,LW,18.0,,Edmonton Oil Kings (WHL),,0.0,0.0,0.0,0.0,0.0,0.0,,0.0,,,,,,,,,ewanytr01,2011,0,0.0,0.0,0.0,0.0,,
75.0,New Jersey Devils,Blake Coleman,US,C,19.0,2026.0,Indiana Ice (USHL),652.0,158.0,0.242331288343558,143.0,0.000371673755128156,301.0,0.461656441717791,,42.0,488.0,,,,,,,31.3,colembl01,2011,0,0.24233128834355827,0.21932515337423314,0.4616564417177914,0.06441717791411043,0.15325920245398775,
76.0,Florida Panthers,Logan Shaw,CA,RW,19.0,2022.0,Cape Breton Screaming Eagles (QMJHL),232.0,16.0,0.0689655172413793,23.0,0.000297265160523187,39.0,0.168103448275862,,-13.0,37.0,,,,,,,1.3,shawlo01,2011,0,0.06896551724137931,0.09913793103448276,0.16810344827586207,-0.05603448275862069,0.05183189655172414,
77.0,Buffalo Sabres,Daniel Catenacci,CA,C,18.0,2018.0,Soo Greyhounds (OHL),12.0,0.0,0.0,0.0,0.0,0.0,0.0,,-3.0,0.0,,,,,,,-0.3,catenda01,2011,0,0.0,0.0,0.0,-0.25,-0.0075,
80.0,Los Angeles Kings,Andy Andreoff,CA,LW,20.0,2023.0,Oshawa Generals (OHL),188.0,14.0,0.074468085106383,13.0,0.00039610683567225,27.0,0.143617021276596,,-19.0,225.0,,,,,,,1.0,andrean01,2011,0,0.07446808510638298,0.06914893617021277,0.14361702127659576,-0.10106382978723404,0.04162234042553192,
81.0,Boston Bruins,Anthony Camara,CA,LW,18.0,,Saginaw Spirit (OHL),,0.0,0.0,0.0,0.0,0.0,0.0,,0.0,,,,,,,,,camaran01,2011,0,0.0,0.0,0.0,0.0,,
82.0,Los Angeles Kings,Nick Shore,US,C,18.0,2020.0,Denver (WCHA),299.0,18.0,0.0602006688963211,41.0,0.000201340029753582,59.0,0.197324414715719,,-14.0,98.0,,,,,,,2.0,shoreni01,2011,0,0.06020066889632107,0.13712374581939799,0.19732441471571907,-0.046822742474916385,0.06178929765886288,
85.0,Detroit Red Wings,Alan Quine,CA,C,18.0,2020.0,Peterborough Petes (OHL),106.0,10.0,0.0943396226415094,18.0,0.00088999644001424,28.0,0.264150943396226,,-5.0,22.0,,,,,,,1.6,quineal01,2011,0,0.09433962264150944,0.16981132075471697,0.2641509433962264,-0.04716981132075472,0.08349056603773584,
86.0,Toronto Maple Leafs,Josh Leivo,CA,LW,18.0,2023.0,Sudbury Wolves (OHL),265.0,42.0,0.158490566037736,51.0,0.00059807760768957,93.0,0.350943396226415,,6.0,93.0,,,,,,,8.5,leivojo01,2011,0,0.15849056603773584,0.19245283018867926,0.35094339622641507,0.022641509433962263,0.115188679245283,
90.0,Vancouver Canucks,Alexandre Grenier,CA,RW,20.0,2017.0,Quebec Remparts (QMJHL),9.0,0.0,0.0,0.0,0.0,0.0,0.0,,-5.0,2.0,,,,,,,-0.3,grenial01,2011,0,0.0,0.0,0.0,-0.5555555555555556,-0.0125,
91.0,Florida Panthers,Kyle Rau,US,C,18.0,2022.0,Eden Priarie HS (High-MN),61.0,2.0,0.0327868852459016,5.0,0.000537489922063961,7.0,0.114754098360656,,-8.0,15.0,,,,,,,-0.4,rauky01,2011,0,0.03278688524590164,0.08196721311475409,0.11475409836065574,-0.13114754098360656,0.030737704918032786,
93.0,Colorado Avalanche,Joachim Nermark,SE,C,18.0,,Linkoping HC Jr. (Sweden Jr.),,0.0,0.0,0.0,0.0,0.0,0.0,,0.0,,,,,,,,,nermajo01,2011,0,0.0,0.0,0.0,0.0,,
94.0,Nashville Predators,Josh Shalla,CA,LW,19.0,,Saginaw Spirit (OHL),,0.0,0.0,0.0,0.0,0.0,0.0,,0.0,,,,,,,,,shalljo01,2011,0,0.0,0.0,0.0,0.0,,
96.0,Ottawa Senators,Jean-Gabriel Pageau,CA,C,18.0,2026.0,Gatineau Olympiques (QMJHL),819.0,165.0,0.201465201465201,213.0,0.000245989256978267,378.0,0.461538461538462,,14.0,260.0,,,,,,,35.1,pageaje01,2011,0,0.20146520146520147,0.2600732600732601,0.46153846153846156,0.017094017094017096,0.15085470085470085,
99.0,New Jersey Devils,Reid Boucher,US,RW,18.0,2019.0,USA U-18 Development Team (USDP/USHL),133.0,20.0,0.150375939849624,22.0,0.00113064616428289,42.0,0.315789473684211,,-33.0,18.0,,,,,,,3.3,bouchre01,2011,0,0.15037593984962405,0.16541353383458646,0.3157894736842105,-0.24812030075187969,0.09022556390977443,
101.0,Vancouver Canucks,Joseph Labate,US,C,18.0,2026.0,Academy of Holy Angels (High-MN),20.0,0.0,0.0,1.0,0.0,1.0,0.05,,-2.0,31.0,,,,,,,-0.2,labatjo01,2011,0,0.0,0.05,0.05,-0.1,0.01125,
102.0,St. Louis Blues,Yannick Veilleux,CA,LW,18.0,,Shawinigan Cataractes (QMJHL),,0.0,0.0,0.0,0.0,0.0,0.0,,0.0,,,,,,,,,veillya01,2011,0,0.0,0.0,0.0,0.0,,
103.0,Carolina Hurricanes,Gregory Hofmann,CH,C,18.0,2022.0,HC Ambri-Piotta (Swiss),24.0,2.0,0.0833333333333333,5.0,0.00347222222222222,7.0,0.291666666666667,,6.0,8.0,,,,,,,0.6,hofmagr01,2011,0,0.08333333333333333,0.20833333333333334,0.2916666666666667,0.25,0.10729166666666667,
104.0,Calgary Flames,John Gaudreau,US,LW,18.0,2024.0,Dubuque Fighting Saints (USHL),763.0,243.0,0.318479685452163,500.0,0.000417404568089336,743.0,0.973787680209699,,25.0,176.0,,,,,,,77.7,gaudrjo01,2011,0,0.31847968545216254,0.6553079947575361,0.9737876802096985,0.0327653997378768,0.31811926605504587,
105.0,Dallas Stars,Emil Molin,SE,RW,18.0,,Brynas IF Jr. (Sweden Jr.),,0.0,0.0,0.0,0.0,0.0,0.0,,0.0,,,,,,,,,molinem01,2011,0,0.0,0.0,0.0,0.0,,
106.0,New York Rangers,Michael St. Croix,CA,C,18.0,,Edmonton Oil Kings (WHL),,0.0,0.0,0.0,0.0,0.0,0.0,,0.0,,,,,,,,,st.crmi01,2011,0,0.0,0.0,0.0,0.0,,
107.0,Buffalo Sabres,Colin Jacobs,US,C,18.0,,Seattle Thunderbirds (WHL),,0.0,0.0,0.0,0.0,0.0,0.0,,0.0,,,,,,,,,jacobco01,2011,0,0.0,0.0,0.0,0.0,,
108.0,Montreal Canadiens,Olivier Archambault,CA,LW,18.0,,Val-d'Or Foreurs (QMJHL),,0.0,0.0,0.0,0.0,0.0,0.0,,0.0,,,,,,,,,archaol01,2011,0,0.0,0.0,0.0,0.0,,
109.0,Chicago Blackhawks,Maxim Shalunov,RU,RW,18.0,,Belye Medvedi Chelyabinsk (Russia Jr.),,0.0,0.0,0.0,0.0,0.0,0.0,,0.0,,,,,,,,,shaluma01,2011,0,0.0,0.0,0.0,0.0,,
110.0,Los Angeles Kings,Michael Mersch,US,LW,18.0,2016.0,Wisconsin (WCHA),17.0,1.0,0.0588235294117647,2.0,0.00346020761245675,3.0,0.176470588235294,,1.0,0.0,,,,,,,0.2,merscmi01,2011,0,0.058823529411764705,0.11764705882352941,0.17647058823529413,0.058823529411764705,0.051250000000000004,
111.0,Phoenix Coyotes,Kale Kessy,CA,LW,18.0,,Medicine Hat Tigers (WHL),,0.0,0.0,0.0,0.0,0.0,0.0,,0.0,,,,,,,,,kessyka01,2011,0,0.0,0.0,0.0,0.0,,
114.0,Edmonton Oilers,Tobias Rieder,DE,C,18.0,2021.0,Kitchener Rangers (OHL),478.0,64.0,0.133891213389121,81.0,0.000280107140981425,145.0,0.303347280334728,,-89.0,52.0,,,,,,,8.0,riedeto01,2011,0,0.13389121338912133,0.1694560669456067,0.303347280334728,-0.18619246861924685,0.08927824267782426,
115.0,Detroit Red Wings,Marek Tvrdon,SK,RW,18.0,,Vancouver Giants (WHL),,0.0,0.0,0.0,0.0,0.0,0.0,,0.0,,,,,,,,,tvrdoma01,2011,0,0.0,0.0,0.0,0.0,,
118.0,Philadelphia Flyers,Marcel Noebels,DE,LW,19.0,,Seattle Thunderbirds (WHL),,0.0,0.0,0.0,0.0,0.0,0.0,,0.0,,,,,,,,,noebema01,2011,0,0.0,0.0,0.0,0.0,,
120.0,Vancouver Canucks,Ludwig Blomstrand,SE,LW,18.0,,Djurgardens IF Jr. (Sweden Jr.),,0.0,0.0,0.0,0.0,0.0,0.0,,0.0,,,,,,,,,blomslu01,2011,0,0.0,0.0,0.0,0.0,,
121.0,Boston Bruins,Brian Ferlin,US,RW,19.0,2015.0,Indiana Ice (USHL),7.0,0.0,0.0,1.0,0.0,1.0,0.142857142857143,,0.0,0.0,,,,,,,0.0,ferlibr01,2011,0,0.0,0.14285714285714285,0.14285714285714285,0.0,0.01625,
123.0,Colorado Avalanche,Garrett Meurs,CA,C,18.0,,Plymouth Whalers (OHL),,0.0,0.0,0.0,0.0,0.0,0.0,,0.0,,,,,,,,,meursga01,2011,0,0.0,0.0,0.0,0.0,,
124.0,Florida Panthers,Yaroslav Kosov,RU,C,18.0,,Stalnye Lisy Magnitogorsk (Russia Jr.),,0.0,0.0,0.0,0.0,0.0,0.0,,0.0,,,,,,,,,kosovya01,2011,0,0.0,0.0,0.0,0.0,,
125.0,New York Islanders,John Persson,SE,LW,19.0,2014.0,Red Deer Rebels (WHL),10.0,1.0,0.1,0.0,0.01,1.0,0.1,,-4.0,6.0,,,,,,,-0.2,perssjo01,2011,0,0.1,0.0,0.1,-0.4,0.006249999999999999,
128.0,Columbus Blue Jackets,Seth Ambroz,US,RW,18.0,,Omaha Lancers (USHL),,0.0,0.0,0.0,0.0,0.0,0.0,,0.0,,,,,,,,,ambrose01,2011,0,0.0,0.0,0.0,0.0,,
129.0,New Jersey Devils,Blake Pietila,US,LW,18.0,2019.0,USA U-18 Development Team (USDP/USHL),38.0,1.0,0.0263157894736842,3.0,0.000692520775623268,4.0,0.105263157894737,,-12.0,12.0,,,,,,,-0.6,pietibl01,2011,0,0.02631578947368421,0.07894736842105263,0.10526315789473684,-0.3157894736842105,0.018421052631578942,
130.0,Toronto Maple Leafs,Tony Cameranesi,US,C,18.0,,Wayzata HS (High-MN),,0.0,0.0,0.0,0.0,0.0,0.0,,0.0,,,,,,,,,camerto01,2011,0,0.0,0.0,0.0,0.0,,
133.0,San Jose Sharks,Sean Kuraly,US,C,18.0,2026.0,Indiana Ice (USHL),590.0,66.0,0.111864406779661,93.0,0.000189600689457053,159.0,0.269491525423729,,-48.0,363.0,,,,,,,7.4,kuralse01,2011,0,0.11186440677966102,0.1576271186440678,0.26949152542372884,-0.08135593220338982,0.08351694915254239,
134.0,New York Rangers,Shane McColgan,US,RW,18.0,,Kelowna Rockets (WHL),,0.0,0.0,0.0,0.0,0.0,0.0,,0.0,,,,,,,,,mccolsh01,2011,0,0.0,0.0,0.0,0.0,,
139.0,Chicago Blackhawks,Andrew Shaw,CA,C,20.0,2021.0,Owen Sound Attack (OHL),544.0,116.0,0.213235294117647,131.0,0.000391976643598616,247.0,0.454044117647059,,24.0,573.0,,,,,,,25.9,shawan01,2011,0,0.21323529411764705,0.24080882352941177,0.4540441176470588,0.04411764705882353,0.1497702205882353,
140.0,Los Angeles Kings,Joel Lowry,US,LW,19.0,,Victoria (BCHL),,0.0,0.0,0.0,0.0,0.0,0.0,,0.0,,,,,,,,,lowryjo01,2011,0,0.0,0.0,0.0,0.0,,
141.0,Phoenix Coyotes,Darian Dziurzynski,CA,LW,20.0,,Saskatoon Blades (WHL),,0.0,0.0,0.0,0.0,0.0,0.0,,0.0,,,,,,,,,dziurda02,2011,0,0.0,0.0,0.0,0.0,,
143.0,Anaheim Ducks,Max Friberg,SE,LW,18.0,2016.0,Skovde IK (Sweden-3),6.0,0.0,0.0,0.0,0.0,0.0,0.0,,-1.0,2.0,,,,,,,-0.1,fribema01,2011,0,0.0,0.0,0.0,-0.16666666666666666,-0.0025,
144.0,Pittsburgh Penguins,Dominik Uher,CZ,C,18.0,2015.0,Spokane Chiefs (WHL),2.0,0.0,0.0,0.0,0.0,0.0,0.0,,-1.0,0.0,,,,,,,-0.1,uherdo01,2011,0,0.0,0.0,0.0,-0.5,-0.0025000000000000005,
149.0,Winnipeg Jets,Austen Brassard,CA,RW,18.0,,Belleville Bulls (OHL),,0.0,0.0,0.0,0.0,0.0,0.0,,0.0,,,,,,,,,brassau01,2011,0,0.0,0.0,0.0,0.0,,
152.0,Toronto Maple Leafs,David Broll,CA,LW,18.0,2014.0,Soo Greyhounds (OHL),5.0,0.0,0.0,1.0,0.0,1.0,0.2,,1.0,5.0,,,,,,,0.1,brollda01,2011,0,0.0,0.2,0.2,0.2,0.018750000000000003,
155.0,Phoenix Coyotes,Andrew Fritsch,CA,RW,18.0,,Owen Sound Attack (OHL),,0.0,0.0,0.0,0.0,0.0,0.0,,0.0,,,,,,,,,fritsan01,2011,0,0.0,0.0,0.0,0.0,,
156.0,Ottawa Senators,Darren Kramer,CA,C,19.0,,Spokane Chiefs (WHL),,0.0,0.0,0.0,0.0,0.0,0.0,,0.0,,,,,,,,,krameda01,2011,0,0.0,0.0,0.0,0.0,,
158.0,Columbus Blue Jackets,Lukas Sedlak,CZ,C,18.0,2023.0,HC Ceske Budejovice Jr. (Czech Jr.),192.0,18.0,0.09375,17.0,0.00048828125,35.0,0.182291666666667,,6.0,68.0,,,,,,,2.6,sedlalu01,2011,0,0.09375,0.08854166666666667,0.18229166666666666,0.03125,0.06080729166666667,
162.0,St. Louis Blues,Ryan Tesink,CA,C,18.0,,Saint John Sea Dogs (QMJHL),,0.0,0.0,0.0,0.0,0.0,0.0,,0.0,,,,,,,,,tesinry01,2011,0,0.0,0.0,0.0,0.0,,
165.0,Dallas Stars,Matej Stransky,CZ,RW,18.0,,Saskatoon Blades (WHL),,0.0,0.0,0.0,0.0,0.0,0.0,,0.0,,,,,,,,,stranma01,2011,0,0.0,0.0,0.0,0.0,,
166.0,San Jose Sharks,Daniil Sobchenko,UA,C,20.0,,Lokomotiv Yaroslavl (Russia),,0.0,0.0,0.0,0.0,0.0,0.0,,0.0,,,,,,,,,sobchda01,2011,0,0.0,0.0,0.0,0.0,,
168.0,Montreal Canadiens,Daniel Pribyl,CZ,C,18.0,,HC Sparta Praha Jr. (Czech Jr.),,0.0,0.0,0.0,0.0,0.0,0.0,,0.0,,,,,,,,,pribyda01,2011,0,0.0,0.0,0.0,0.0,,
170.0,Nashville Predators,Chase Balisy,US,C,19.0,2018.0,Western Michigan (CCHA),8.0,0.0,0.0,0.0,0.0,0.0,0.0,,-2.0,0.0,,,,,,,-0.2,balisch01,2011,0,0.0,0.0,0.0,-0.25,-0.005000000000000001,
171.0,Ottawa Senators,Max McCormick,US,LW,19.0,2024.0,Sioux City Musketeers (USHL),94.0,8.0,0.0851063829787234,5.0,0.000905387052965143,13.0,0.138297872340426,,-14.0,97.0,,,,,,,0.3,mccorma01,2011,0,0.0851063829787234,0.05319148936170213,0.13829787234042554,-0.14893617021276595,0.037500000000000006,
176.0,Philadelphia Flyers,Petr Placek,CZ,RW,18.0,,Hotchkiss School (High-CT),,0.0,0.0,0.0,0.0,0.0,0.0,,0.0,,,,,,,,,placepe01,2011,0,0.0,0.0,0.0,0.0,,
177.0,Washington Capitals,Travis Boyd,US,C,18.0,2025.0,USA U-18 Development Team (USDP/USHL),299.0,47.0,0.157190635451505,71.0,0.00052572118880102,118.0,0.394648829431438,,-27.0,74.0,,,,,,,8.1,boydtr01,2011,0,0.15719063545150502,0.23745819397993312,0.39464882943143814,-0.0903010033444816,0.12374581939799333,
180.0,Vancouver Canucks,Pathrik Westerholm,SE,C,19.0,,Malmo (Sweden-2),,0.0,0.0,0.0,0.0,0.0,0.0,,0.0,,,,,,,,,westepa01,2011,0,0.0,0.0,0.0,0.0,,
184.0,Florida Panthers,Iiro Pakarinen,FI,RW,20.0,2018.0,KalPa (Finland),134.0,10.0,0.0746268656716418,13.0,0.000556916907997327,23.0,0.171641791044776,,-11.0,18.0,,,,,,,1.0,pakarii01,2011,0,0.07462686567164178,0.09701492537313433,0.17164179104477612,-0.08208955223880597,0.05167910447761194,
185.0,New York Islanders,Mitchell Theoret,CA,C,18.0,,Niagara IceDogs (OHL),,0.0,0.0,0.0,0.0,0.0,0.0,,0.0,,,,,,,,,theormi01,2011,0,0.0,0.0,0.0,0.0,,
191.0,Minnesota Wild,Tyler Graovac,CA,C,18.0,2021.0,Ottawa 67's (OHL),84.0,12.0,0.142857142857143,3.0,0.00170068027210885,15.0,0.178571428571429,,-2.0,20.0,,,,,,,1.4,graovty01,2011,0,0.14285714285714285,0.03571428571428571,0.17857142857142858,-0.023809523809523808,0.056845238095238095,
193.0,Carolina Hurricanes,Brody Sutter,CA,C,19.0,2016.0,Lethbridge Hurricanes (WHL),12.0,0.0,0.0,0.0,0.0,0.0,0.0,,-6.0,0.0,,,,,,,-0.4,suttebr05,2011,0,0.0,0.0,0.0,-0.5,-0.015,
194.0,San Jose Sharks,Colin Blackwell,US,C,18.0,2026.0,St. John's Prep (High-MA),324.0,43.0,0.132716049382716,54.0,0.000409617436366407,97.0,0.299382716049383,,-4.0,85.0,,,,,,,7.5,blackco01,2011,0,0.13271604938271606,0.16666666666666666,0.2993827160493827,-0.012345679012345678,0.09668209876543209,
196.0,Phoenix Coyotes,Zac Larraza,US,LW,18.0,,USA U-18 Development Team (USDP/USHL),,0.0,0.0,0.0,0.0,0.0,0.0,,0.0,,,,,,,,,larraza01,2011,0,0.0,0.0,0.0,0.0,,
197.0,Buffalo Sabres,Brad Navin,US,C,19.0,,Waupaca HS (High-WI),,0.0,0.0,0.0,0.0,0.0,0.0,,0.0,,,,,,,,,navinbr01,2011,0,0.0,0.0,0.0,0.0,,
199.0,Chicago Blackhawks,Alex Broadhurst,US,C,18.0,2018.0,Green Bay Gamblers (USHL),2.0,0.0,0.0,0.0,0.0,0.0,0.0,,0.0,2.0,,,,,,,0.0,broadal01,2011,0,0.0,0.0,0.0,0.0,0.0,
200.0,Los Angeles Kings,Michael Schumacher,SE,LW,18.0,,Frolunda HC Jr. (Sweden Jr.),,0.0,0.0,0.0,0.0,0.0,0.0,,0.0,,,,,,,,,schummi01,2011,0,0.0,0.0,0.0,0.0,,
201.0,Tampa Bay Lightning,Matthew Peca,CA,C,18.0,2022.0,Pembroke (CHL T1),83.0,6.0,0.072289156626506,15.0,0.000870953694295253,21.0,0.253012048192771,,-15.0,6.0,,,,,,,0.6,pecama01,2011,0,0.07228915662650602,0.18072289156626506,0.25301204819277107,-0.18072289156626506,0.07319277108433735,
202.0,Nashville Predators,Brent Andrews,CA,LW,18.0,,Halifax Mooseheads (QMJHL),,0.0,0.0,0.0,0.0,0.0,0.0,,0.0,,,,,,,,,andrebr01,2011,0,0.0,0.0,0.0,0.0,,
204.0,Ottawa Senators,Ryan Dzingel,US,C,19.0,2022.0,Lincoln Stars (USHL),404.0,87.0,0.215346534653465,101.0,0.000533035976865012,188.0,0.465346534653465,,-22.0,191.0,,,,,,,17.7,dzingry01,2011,0,0.21534653465346534,0.25,0.46534653465346537,-0.054455445544554455,0.14851485148514854,
206.0,Philadelphia Flyers,Derek Mathers,CA,RW,18.0,,Peterborough Petes (OHL),,0.0,0.0,0.0,0.0,0.0,0.0,,0.0,,,,,,,,,mathede01,2011,0,0.0,0.0,0.0,0.0,,
208.0,Tampa Bay Lightning,Ondrej Palat,CZ,LW,20.0,2026.0,Drummondville Voltigeurs (QMJHL),851.0,179.0,0.210340775558167,331.0,0.000247168948952018,510.0,0.599294947121034,,140.0,258.0,,,,,,,53.9,palaton01,2011,0,0.21034077555816685,0.3889541715628672,0.599294947121034,0.1645123384253819,0.20299647473560517,
,Edmonton Oilers,Taylor Hall,CA,LW,18.0,2026.0,Windsor Spitfires (OHL),934.0,289.0,0.309421841541756,463.0,0.000331286768245991,752.0,0.805139186295503,,-34.0,492.0,,,,,,,83.4,hallta02,2010,0,0.3094218415417559,0.49571734475374735,0.8051391862955032,-0.03640256959314775,0.2598501070663811,1.0
,Boston Bruins,Tyler Seguin,CA,C,18.0,2026.0,Plymouth Whalers (OHL),1016.0,367.0,0.361220472440945,459.0,0.000355531961063922,826.0,0.812992125984252,,99.0,309.0,,,,,,,100.0,seguity01,2010,0,0.3612204724409449,0.45177165354330706,0.812992125984252,0.09744094488188976,0.2690944881889764,2.0
,Columbus Blue Jackets,Ryan Johansen,CA,C,18.0,2024.0,Portland Winterhawks (WHL),905.0,202.0,0.223204419889503,376.0,0.000246634718109948,578.0,0.638674033149171,,-11.0,546.0,,,,,,,56.0,johanry01,2010,0,0.22320441988950276,0.4154696132596685,0.6386740331491713,-0.012154696132596685,0.2069613259668508,4.0
,New York Islanders,Nino Niederreiter,CH,RW,18.0,2026.0,Portland Winterhawks (WHL),994.0,246.0,0.24748490945674,249.0,0.000248978782149638,495.0,0.497987927565392,,82.0,440.0,,,,,,,55.8,niedeni01,2010,0,0.24748490945674045,0.2505030181086519,0.49798792756539234,0.08249496981891348,0.1659708249496982,5.0
,Tampa Bay Lightning,Brett Connolly,CA,RW,18.0,2022.0,Prince George Cougars (WHL),536.0,101.0,0.188432835820896,94.0,0.000351553798173313,195.0,0.363805970149254,,9.0,241.0,,,,,,,19.3,connobr01,2010,0,0.1884328358208955,0.17537313432835822,0.36380597014925375,0.016791044776119403,0.11907649253731344,6.0
,Carolina Hurricanes,Jeff Skinner,CA,C,18.0,2026.0,Kitchener Rangers (OHL),1095.0,377.0,0.344292237442922,329.0,0.00031442213465107,706.0,0.644748858447489,,-133.0,483.0,,,,,,,80.4,skinnje01,2010,0,0.34429223744292237,0.3004566210045662,0.6447488584474886,-0.12146118721461187,0.20347031963470322,7.0
,Atlanta Thrashers,Alexander Burmistrov,RU,C,18.0,2018.0,Barrie Colts (OHL),348.0,37.0,0.10632183908046,64.0,0.000305522526093276,101.0,0.290229885057471,,-31.0,139.0,,,,,,,4.9,burmial01,2010,0,0.10632183908045977,0.1839080459770115,0.29022988505747127,-0.08908045977011494,0.0898706896551724,8.0
,Minnesota Wild,Mikael Granlund,FI,C,18.0,2026.0,HIFK (Finland),911.0,182.0,0.199780461031833,437.0,0.000219297981374131,619.0,0.6794731064764,,-23.0,281.0,,,,,,,54.7,granlmi01,2010,0,0.19978046103183314,0.4796926454445664,0.6794731064763996,-0.025246981339187707,0.21956641053787052,9.0
,St. Louis Blues,Jaden Schwartz,CA,C,18.0,2026.0,Tri-City Storm (USHL),834.0,230.0,0.275779376498801,312.0,0.00033067071522638,542.0,0.649880095923261,,29.0,245.0,,,,,,,58.6,schwaja01,2010,0,0.27577937649880097,0.37410071942446044,0.6498800959232613,0.03477218225419664,0.2129496402877698,14.0
,St. Louis Blues,Vladimir Tarasenko,RU,RW,18.0,2026.0,Sibir Novosibirks (Russia),851.0,306.0,0.35957696827262,366.0,0.000422534627817415,672.0,0.789659224441833,,55.0,203.0,,,,,,,81.2,tarasvl01,2010,0,0.3595769682726204,0.4300822561692127,0.7896592244418331,0.06462984723854288,0.25987074030552293,16.0
,Colorado Avalanche,Joey Hishon,CA,C,18.0,2015.0,Owen Sound Attack (OHL),13.0,1.0,0.0769230769230769,1.0,0.00591715976331361,2.0,0.153846153846154,,-1.0,0.0,,,,,,,0.1,hishojo01,2010,0,0.07692307692307693,0.07692307692307693,0.15384615384615385,-0.07692307692307693,0.030000000000000002,17.0
,Nashville Predators,Austin Watson,US,LW,18.0,2025.0,Peterborough Petes (OHL),528.0,63.0,0.119318181818182,58.0,0.000225981404958678,121.0,0.229166666666667,,-2.0,722.0,,,,,,,9.0,watsoau01,2010,0,0.11931818181818182,0.10984848484848485,0.22916666666666666,-0.003787878787878788,0.07428977272727273,18.0
,Florida Panthers,Nick Bjugstad,US,C,18.0,2026.0,Blaine HS (High-MN),781.0,161.0,0.206145966709347,174.0,0.000263951301804542,335.0,0.428937259923175,,-17.0,354.0,,,,,,,31.5,bjugsni01,2010,0,0.20614596670934698,0.22279129321382843,0.42893725992317544,-0.02176696542893726,0.13831626120358517,19.0
,Pittsburgh Penguins,Beau Bennett,US,RW,18.0,2018.0,Penticton (BCHL),200.0,24.0,0.12,40.0,0.0006,64.0,0.32,,-2.0,52.0,,,,,,,5.7,bennebe01,2010,0,0.12,0.2,0.32,-0.01,0.10350000000000001,20.0
,Detroit Red Wings,Riley Sheahan,CA,C,18.0,2023.0,Notre Dame (CCHA),637.0,74.0,0.116169544740973,120.0,0.000182369771963851,194.0,0.304552590266876,,-54.0,97.0,,,,,,,12.3,sheahri01,2010,0,0.11616954474097331,0.18838304552590268,0.304552590266876,-0.0847723704866562,0.09474097331240189,21.0
,Chicago Blackhawks,Kevin Hayes,US,RW,18.0,2026.0,Noble & Greenough School (High-MA),787.0,183.0,0.232528589580686,259.0,0.000295461994384607,442.0,0.561626429479034,,-35.0,227.0,,,,,,,42.8,hayeske01,2010,0,0.23252858958068615,0.3290978398983482,0.5616264294790343,-0.044472681067344345,0.18030495552731893,24.0
,Florida Panthers,Quinton Howden,CA,C,18.0,2017.0,Moose Jaw Warriors (WHL),97.0,10.0,0.103092783505155,7.0,0.00106281220108407,17.0,0.175257731958763,,-11.0,30.0,,,,,,,0.8,howdequ01,2010,0,0.10309278350515463,0.07216494845360824,0.17525773195876287,-0.1134020618556701,0.051288659793814424,25.0
,Washington Capitals,Evgeny Kuznetsov,RU,C,18.0,2024.0,Traktor Chelyabinsk (Russia),743.0,173.0,0.232839838492598,402.0,0.000313377979128665,575.0,0.773889636608345,,38.0,394.0,,,,,,,56.9,kuzneev01,2010,0,0.23283983849259757,0.5410497981157469,0.7738896366083445,0.05114401076716016,0.25407133243607,26.0
,Anaheim Ducks,Emerson Etem,US,RW,18.0,2017.0,Medicine Hat Tigers (WHL),173.0,22.0,0.127167630057803,24.0,0.000735073006114468,46.0,0.265895953757225,,-7.0,30.0,,,,,,,3.5,etemem01,2010,0,0.12716763005780346,0.13872832369942195,0.2658959537572254,-0.04046242774566474,0.08439306358381503,29.0
,New York Islanders,Brock Nelson,US,C,18.0,2026.0,Warroad HS (High-MN),946.0,310.0,0.3276955602537,294.0,0.000346401226483827,604.0,0.638477801268499,,30.0,338.0,,,,,,,68.7,nelsobr01,2010,0,0.3276955602536998,0.3107822410147992,0.638477801268499,0.03171247357293869,0.20909090909090908,30.0
,Edmonton Oilers,Tyler Pitlick,US,C,18.0,2026.0,Minnesota State (WCHA),436.0,56.0,0.128440366972477,53.0,0.000294587997643296,109.0,0.25,,-8.0,124.0,,,,,,,8.4,pitlity01,2010,0,0.12844036697247707,0.12155963302752294,0.25,-0.01834862385321101,0.08033256880733945,31.0
,Boston Bruins,Jared Knight,US,C,18.0,,London Knights (OHL),,0.0,0.0,0.0,0.0,0.0,0.0,,0.0,,,,,,,,,knighja01,2010,0,0.0,0.0,0.0,0.0,,32.0
,Florida Panthers,John McFarland,CA,LW,18.0,2016.0,Sudbury Wolves (OHL),3.0,0.0,0.0,0.0,0.0,0.0,0.0,,-1.0,0.0,,,,,,,-0.1,mcfarjo01,2010,0,0.0,0.0,0.0,-0.3333333333333333,-0.0025,33.0
,Columbus Blue Jackets,Dalton Smith,CA,LW,18.0,2020.0,Ottawa 67's (OHL),1.0,0.0,0.0,0.0,0.0,0.0,0.0,,1.0,2.0,,,,,,,0.0,smithda03,2010,0,0.0,0.0,0.0,1.0,0.0025000000000000005,34.0
,Chicago Blackhawks,Ludvig Rensfeldt,SE,LW,18.0,,Brynas IF Jr. (Sweden Jr.),,0.0,0.0,0.0,0.0,0.0,0.0,,0.0,,,,,,,,,rensflu01,2010,0,0.0,0.0,0.0,0.0,,35.0
,Minnesota Wild,Brett Bulmer,CA,RW,18.0,2016.0,Kelowna Rockets (WHL),17.0,0.0,0.0,3.0,0.0,3.0,0.176470588235294,,-2.0,15.0,,,,,,,0.0,bulmebr01,2010,0,0.0,0.17647058823529413,0.17647058823529413,-0.11764705882352941,0.043750000000000004,39.0
,New York Rangers,Christian Thomas,CA,RW,18.0,2016.0,Oshawa Generals (OHL),27.0,1.0,0.037037037037037,2.0,0.00137174211248285,3.0,0.111111111111111,,-2.0,9.0,,,,,,,0.0,thomach01,2010,0,0.037037037037037035,0.07407407407407407,0.1111111111111111,-0.07407407407407407,0.032407407407407406,40.0
,Anaheim Ducks,Devante Smith-Pelly,CA,RW,18.0,2019.0,Mississauga St. Michael's Majors (OHL),395.0,44.0,0.111392405063291,57.0,0.000282006088767825,101.0,0.255696202531646,,-41.0,137.0,,,,,,,5.9,smithde06,2010,0,0.11139240506329114,0.14430379746835442,0.25569620253164554,-0.10379746835443038,0.07791139240506328,42.0
,Toronto Maple Leafs,Brad Ross,CA,LW,18.0,,Portland Winterhawks (WHL),,0.0,0.0,0.0,0.0,0.0,0.0,,0.0,,,,,,,,,rossbr01,2010,0,0.0,0.0,0.0,0.0,,43.0
,St. Louis Blues,Sebastian Wannstrom,SE,RW,19.0,,Brynas IF Jr. (Sweden Jr.),,0.0,0.0,0.0,0.0,0.0,0.0,,0.0,,,,,,,,,wannsse01,2010,0,0.0,0.0,0.0,0.0,,44.0
,Boston Bruins,Ryan Spooner,CA,C,18.0,2019.0,Peterborough Petes (OHL),325.0,48.0,0.147692307692308,119.0,0.000454437869822486,167.0,0.513846153846154,,-21.0,63.0,,,,,,,15.2,spoonry01,2010,0,0.1476923076923077,0.36615384615384616,0.5138461538461538,-0.06461538461538462,0.16376923076923078,45.0
,Los Angeles Kings,Tyler Toffoli,CA,C,18.0,2026.0,Ottawa 67's (OHL),917.0,297.0,0.323882224645583,296.0,0.000353197627748727,593.0,0.646673936750273,,71.0,246.0,,,,,,,71.8,toffoty01,2010,0,0.3238822246455834,0.3227917121046892,0.6466739367502726,0.07742639040348964,0.21404034896401308,47.0
,Edmonton Oilers,Curtis Hamilton,US,LW,18.0,2015.0,Saskatoon Blades (WHL),1.0,0.0,0.0,0.0,0.0,0.0,0.0,,0.0,5.0,,,,,,,0.0,hamilcu01,2010,0,0.0,0.0,0.0,0.0,0.0,48.0
,Florida Panthers,Connor Brickley,US,C,18.0,2019.0,Des Moines Buccaneers (USHL),81.0,6.0,0.0740740740740741,15.0,0.000914494741655236,21.0,0.259259259259259,,-2.0,42.0,,,,,,,1.3,brickco01,2010,0,0.07407407407407407,0.18518518518518517,0.25925925925925924,-0.024691358024691357,0.08302469135802469,50.0
,Detroit Red Wings,Calle Jarnkrok,SE,C,18.0,2026.0,Brynas IF (Sweden),736.0,141.0,0.191576086956522,171.0,0.000260293596408318,312.0,0.423913043478261,,64.0,159.0,,,,,,,30.4,jarnkca01,2010,0,0.19157608695652173,0.23233695652173914,0.42391304347826086,0.08695652173913043,0.1421195652173913,51.0
,Phoenix Coyotes,Phil Lane,US,RW,18.0,,Brampton Battalion (OHL),,0.0,0.0,0.0,0.0,0.0,0.0,,0.0,,,,,,,,,laneph01,2010,0,0.0,0.0,0.0,0.0,,52.0
,Columbus Blue Jackets,Petr Straka,CZ,RW,18.0,2015.0,Rimouski Oceanic (QMJHL),3.0,0.0,0.0,2.0,0.0,2.0,0.666666666666667,,1.0,0.0,,,,,,,0.2,strakpe01,2010,0,0.0,0.6666666666666666,0.6666666666666666,0.3333333333333333,0.034999999999999996,55.0
,Minnesota Wild,Johan Larsson,SE,LW,18.0,2022.0,Brynas IF Jr. (Sweden Jr.),488.0,53.0,0.108606557377049,79.0,0.000222554420854609,132.0,0.270491803278689,,-58.0,246.0,,,,,,,6.7,larssjo02,2010,0,0.10860655737704918,0.16188524590163936,0.27049180327868855,-0.11885245901639344,0.0819672131147541,56.0
,Phoenix Coyotes,Oscar Lindberg,SE,C,18.0,2019.0,Skelleftea AIK (Sweden),252.0,39.0,0.154761904761905,40.0,0.000614134542705972,79.0,0.313492063492063,,7.0,117.0,,,,,,,7.8,lindbos02,2010,0,0.15476190476190477,0.15873015873015872,0.3134920634920635,0.027777777777777776,0.10327380952380952,57.0
,Minnesota Wild,Jason Zucker,US,LW,18.0,2026.0,USA U-18 Development Team (USDP/USHL),788.0,224.0,0.284263959390863,213.0,0.000360741065216831,437.0,0.554568527918782,,-5.0,402.0,,,,,,,47.4,zuckeja01,2010,0,0.28426395939086296,0.2703045685279188,0.5545685279187818,-0.006345177664974619,0.17991751269035533,59.0
,Edmonton Oilers,Ryan Martindale,CA,C,18.0,,Ottawa 67's (OHL),,0.0,0.0,0.0,0.0,0.0,0.0,,0.0,,,,,,,,,martiry01,2010,0,0.0,0.0,0.0,0.0,,61.0
,Toronto Maple Leafs,Greg McKegg,CA,C,18.0,2022.0,Erie Otters (OHL),233.0,21.0,0.0901287553648069,18.0,0.000386818692552819,39.0,0.167381974248927,,-24.0,65.0,,,,,,,1.4,mckeggr01,2010,0,0.09012875536480687,0.07725321888412018,0.16738197424892703,-0.10300429184549356,0.04924892703862661,62.0
,Calgary Flames,Max Reinhart,CA,C,18.0,2015.0,Kootenay Ice (WHL),23.0,1.0,0.0434782608695652,4.0,0.00189035916824197,5.0,0.217391304347826,,-5.0,6.0,,,,,,,0.0,reinhma01,2010,0,0.043478260869565216,0.17391304347826086,0.21739130434782608,-0.21739130434782608,0.05978260869565217,64.0
,New York Islanders,Kirill Kabanov,RU,LW,18.0,,Moncton Wildcats (QMJHL),,0.0,0.0,0.0,0.0,0.0,0.0,,0.0,,,,,,,,,kabanki01,2010,0,0.0,0.0,0.0,0.0,,65.0
,Florida Panthers,Joe Basaraba,CA,RW,18.0,,Shattuck-St. Mary's School (High-MN),,0.0,0.0,0.0,0.0,0.0,0.0,,0.0,,,,,,,,,basarjo01,2010,0,0.0,0.0,0.0,0.0,,69.0
,Los Angeles Kings,Jordan Weal,CA,C,18.0,2020.0,Regina Pats (WHL),218.0,32.0,0.146788990825688,37.0,0.000673343994613248,69.0,0.31651376146789,,-20.0,56.0,,,,,,,4.9,wealjo01,2010,0,0.14678899082568808,0.16972477064220184,0.3165137614678899,-0.09174311926605505,0.09827981651376147,70.0
,Colorado Avalanche,Michael Bournival,CA,LW,18.0,2018.0,Shawinigan Cataractes (QMJHL),113.0,12.0,0.106194690265487,10.0,0.000939776020048558,22.0,0.194690265486726,,-6.0,24.0,,,,,,,1.8,bournmi01,2010,0,0.10619469026548672,0.08849557522123894,0.19469026548672566,-0.05309734513274336,0.06061946902654867,71.0
,St. Louis Blues,Max Gardiner,US,C,18.0,,Minnetonka HS (High-MN),,0.0,0.0,0.0,0.0,0.0,0.0,,0.0,,,,,,,,,gardima01,2010,0,0.0,0.0,0.0,0.0,,74.0
,Buffalo Sabres,Kevin Sundher,CA,C,18.0,,Chilliwack Bruins (WHL),,0.0,0.0,0.0,0.0,0.0,0.0,,0.0,,,,,,,,,sundhke01,2010,0,0.0,0.0,0.0,0.0,,75.0
,Ottawa Senators,Jakub Culek,CZ,LW,18.0,,Rimouski Oceanic (QMJHL),,0.0,0.0,0.0,0.0,0.0,0.0,,0.0,,,,,,,,,culekja01,2010,0,0.0,0.0,0.0,0.0,,76.0
,Dallas Stars,Alexander Guptill,CA,LW,18.0,,Orangeville (OJHL),,0.0,0.0,0.0,0.0,0.0,0.0,,0.0,,,,,,,,,guptial01,2010,0,0.0,0.0,0.0,0.0,,77.0
,Toronto Maple Leafs,Sondre Olden,NO,C,18.0,,MODO Hockey Jr. (Sweden Jr.),,0.0,0.0,0.0,0.0,0.0,0.0,,0.0,,,,,,,,,oldenso01,2010,0,0.0,0.0,0.0,0.0,,79.0
,Pittsburgh Penguins,Bryan Rust,US,RW,18.0,2026.0,USA U-18 Development Team (USDP/USHL),661.0,211.0,0.319213313161876,247.0,0.000482924830804654,458.0,0.692889561270802,,39.0,213.0,,,,,,,48.8,rustbr01,2010,0,0.31921331316187596,0.37367624810892586,0.6928895612708018,0.059001512859304085,0.22813918305597577,80.0
,Detroit Red Wings,Louis-Marc Aubry,CA,C,18.0,,Montreal Juniors (QMJHL),,0.0,0.0,0.0,0.0,0.0,0.0,,0.0,,,,,,,,,aubrylo01,2010,0,0.0,0.0,0.0,0.0,,81.0
,Washington Capitals,Stanislav Galiev,RU,RW,18.0,2016.0,Saint John Sea Dogs (QMJHL),26.0,1.0,0.0384615384615385,3.0,0.0014792899408284,4.0,0.153846153846154,,3.0,4.0,,,,,,,0.3,galiest01,2010,0,0.038461538461538464,0.11538461538461539,0.15384615384615385,0.11538461538461539,0.05576923076923077,86.0
,San Jose Sharks,Max Gaede,US,RW,18.0,,Woodbury HS (High-MN),,0.0,0.0,0.0,0.0,0.0,0.0,,0.0,,,,,,,,,gaedema01,2010,0,0.0,0.0,0.0,0.0,,88.0
,Philadelphia Flyers,Michael Chaput,CA,C,18.0,2021.0,Lewiston MAINEiacs (QMJHL),182.0,6.0,0.032967032967033,16.0,0.000181137543774907,22.0,0.120879120879121,,-34.0,88.0,,,,,,,-1.4,chapumi01,2010,0,0.03296703296703297,0.08791208791208792,0.12087912087912088,-0.18681318681318682,0.029945054945054943,89.0
,Chicago Blackhawks,Joakim Nordstrom,SE,C,18.0,2021.0,AIK Jr. (Sweden Jr.),444.0,32.0,0.0720720720720721,43.0,0.000162324486648811,75.0,0.168918918918919,,-34.0,77.0,,,,,,,1.5,nordsjo02,2010,0,0.07207207207207207,0.09684684684684684,0.16891891891891891,-0.07657657657657657,0.05106981981981982,90.0
,Boston Bruins,Craig Cunningham,CA,LW,20.0,2016.0,Vancouver Giants (WHL),63.0,3.0,0.0476190476190476,5.0,0.000755857898715041,8.0,0.126984126984127,,-8.0,6.0,,,,,,,-0.2,cunnicr01,2010,0,0.047619047619047616,0.07936507936507936,0.12698412698412698,-0.12698412698412698,0.03492063492063492,97.0
,Buffalo Sabres,Steven Shipley,CA,C,18.0,,Owen Sound Attack (OHL),,0.0,0.0,0.0,0.0,0.0,0.0,,0.0,,,,,,,,,shiplst01,2010,0,0.0,0.0,0.0,0.0,,98.0
,Florida Panthers,Joonas Donskoi,FI,RW,18.0,2022.0,Karpat (Finland),474.0,80.0,0.168776371308017,128.0,0.00035606829389877,208.0,0.438818565400844,,25.0,116.0,,,,,,,19.2,donskjo01,2010,0,0.16877637130801687,0.270042194092827,0.4388185654008439,0.052742616033755275,0.14525316455696202,99.0
,Atlanta Thrashers,Ivan Telegin,RU,LW,18.0,,Saginaw Spirit (OHL),,0.0,0.0,0.0,0.0,0.0,0.0,,0.0,,,,,,,,,telegiv01,2010,0,0.0,0.0,0.0,0.0,,101.0
,Carolina Hurricanes,Justin Shugg,CA,LW,18.0,2015.0,Windsor Spitfires (OHL),3.0,0.0,0.0,0.0,0.0,0.0,0.0,,0.0,2.0,,,,,,,0.0,shuggju01,2010,0,0.0,0.0,0.0,0.0,0.0,105.0
,Ottawa Senators,Marcus Sorensen,SE,RW,18.0,2021.0,Sodertalje SK Jr. (Sweden Jr.),226.0,31.0,0.13716814159292,33.0,0.00060693867961469,64.0,0.283185840707965,,-13.0,74.0,,,,,,,4.5,sorenma01,2010,0,0.13716814159292035,0.14601769911504425,0.2831858407079646,-0.05752212389380531,0.08915929203539823,106.0
,Calgary Flames,Bill Arnold,US,C,18.0,2014.0,USA U-18 Development Team (USDP/USHL),1.0,0.0,0.0,0.0,0.0,0.0,0.0,,-1.0,0.0,,,,,,,-0.1,arnolbi01,2010,0,0.0,0.0,0.0,-1.0,-0.0025000000000000005,108.0
,Pittsburgh Penguins,Tom Kuhnhackl,DE,C,18.0,2020.0,Landshut (Germany-2),232.0,18.0,0.0775862068965517,36.0,0.000334423305588585,54.0,0.232758620689655,,2.0,60.0,,,,,,,3.2,kuhnhto01,2010,0,0.07758620689655173,0.15517241379310345,0.23275862068965517,0.008620689655172414,0.07607758620689656,110.0
,Detroit Red Wings,Teemu Pulkkinen,FI,LW,18.0,2017.0,Jokerit Jr. (Finland Jr.),83.0,13.0,0.156626506024096,9.0,0.00188706633763971,22.0,0.265060240963855,,5.0,32.0,,,,,,,2.6,pulkkte01,2010,0,0.1566265060240964,0.10843373493975904,0.26506024096385544,0.060240963855421686,0.0891566265060241,111.0
,Tampa Bay Lightning,Jimmy Mullin,US,RW,18.0,,Shattuck-St. Mary's School (High-MN),,0.0,0.0,0.0,0.0,0.0,0.0,,0.0,,,,,,,,,mulliji01,2010,0,0.0,0.0,0.0,0.0,,118.0
,Philadelphia Flyers,Tye McGinn,CA,LW,20.0,2016.0,Gatineau Olympiques (QMJHL),89.0,9.0,0.101123595505618,8.0,0.00113622017422043,17.0,0.191011235955056,,-1.0,44.0,,,,,,,1.3,mcginty01,2010,0,0.10112359550561797,0.0898876404494382,0.19101123595505617,-0.011235955056179775,0.06151685393258426,119.0
,Chicago Blackhawks,Rob Flick,CA,C,19.0,,Mississauga St. Michael's Majors (OHL),,0.0,0.0,0.0,0.0,0.0,0.0,,0.0,,,,,,,,,flickro01,2010,0,0.0,0.0,0.0,0.0,,120.0
,Anaheim Ducks,Chris Wagner,US,C,19.0,2025.0,South Shore (EJHL),401.0,39.0,0.0972568578553616,27.0,0.00024253580512559,66.0,0.164588528678304,,-32.0,218.0,,,,,,,2.2,wagnech01,2010,0,0.09725685785536159,0.06733167082294264,0.16458852867830423,-0.0798004987531172,0.049501246882793025,122.0
,Florida Panthers,Zach Hyman,CA,C,18.0,2026.0,Hamilton (OJHL),661.0,231.0,0.34947049924357,216.0,0.000528699696283767,447.0,0.67624810892587,,117.0,360.0,,,,,,,49.5,hymanza01,2010,0,0.3494704992435703,0.3267776096822995,0.6762481089258698,0.17700453857791226,0.2286308623298033,123.0
,Nashville Predators,Patrick Cehlin,SE,RW,19.0,,Djurgardens IF (Sweden),,0.0,0.0,0.0,0.0,0.0,0.0,,0.0,,,,,,,,,cehlipa01,2010,0,0.0,0.0,0.0,0.0,,126.0
,San Jose Sharks,Cody Ferriero,US,C,18.0,,Governor's Academy (High-MA),,0.0,0.0,0.0,0.0,0.0,0.0,,0.0,,,,,,,,,ferrico01,2010,0,0.0,0.0,0.0,0.0,,127.0
,San Jose Sharks,Freddie Hamilton,CA,C,18.0,2018.0,Niagara IceDogs (OHL),75.0,4.0,0.0533333333333333,2.0,0.000711111111111111,6.0,0.08,,-9.0,12.0,,,,,,,-0.4,hamilfr01,2010,0,0.05333333333333334,0.02666666666666667,0.08,-0.12,0.020000000000000004,129.0
,New York Rangers,Jason Wilson,CA,LW,20.0,,Owen Sound Attack (OHL),,0.0,0.0,0.0,0.0,0.0,0.0,,0.0,,,,,,,,,wilsoja01,2010,0,0.0,0.0,0.0,0.0,,130.0
,Calgary Flames,Micheal Ferland,CA,LW,18.0,2020.0,Brandon Wheat Kings (WHL),335.0,60.0,0.17910447761194,74.0,0.000534640231677433,134.0,0.4,,0.0,200.0,,,,,,,13.1,ferlami01,2010,0,0.1791044776119403,0.2208955223880597,0.4,0.0,0.13,133.0
,St. Louis Blues,Cody Beach,CA,RW,18.0,,Calgary Hitmen (WHL),,0.0,0.0,0.0,0.0,0.0,0.0,,0.0,,,,,,,,,beachco01,2010,0,0.0,0.0,0.0,0.0,,134.0
,Boston Bruins,Justin Florek,US,LW,20.0,2014.0,Northern Michigan (CCHA),4.0,1.0,0.25,1.0,0.0625,2.0,0.5,,1.0,0.0,,,,,,,0.3,floreju01,2010,0,0.25,0.25,0.5,0.25,0.035,135.0
,Colorado Avalanche,Luke Walker,US,RW,20.0,,Portland Winterhawks (WHL),,0.0,0.0,0.0,0.0,0.0,0.0,,0.0,,,,,,,,,walkelu01,2010,0,0.0,0.0,0.0,0.0,,139.0
,Pittsburgh Penguins,Kenny Agostino,US,LW,18.0,2021.0,Delbarton School (High-NJ),86.0,8.0,0.0930232558139535,22.0,0.00108166576527853,30.0,0.348837209302326,,-8.0,40.0,,,,,,,1.9,agostke01,2010,0,0.09302325581395349,0.2558139534883721,0.3488372093023256,-0.09302325581395349,0.10872093023255815,140.0
,Washington Capitals,Caleb Herbert,US,C,18.0,,Bloomington Jefferson HS (High-MN),,0.0,0.0,0.0,0.0,0.0,0.0,,0.0,,,,,,,,,herbeca01,2010,0,0.0,0.0,0.0,0.0,,142.0
,Buffalo Sabres,Gregg Sutch,CA,RW,18.0,,Mississauga St. Michael's Majors (OHL),,0.0,0.0,0.0,0.0,0.0,0.0,,0.0,,,,,,,,,sutchgr01,2010,0,0.0,0.0,0.0,0.0,,143.0
,Toronto Maple Leafs,Sam Carrick,CA,C,18.0,2026.0,Brampton Battalion (OHL),348.0,35.0,0.100574712643678,44.0,0.000289007794953098,79.0,0.227011494252874,,-33.0,393.0,,,,,,,3.6,carrisa01,2010,0,0.10057471264367816,0.12643678160919541,0.22701149425287356,-0.09482758620689655,0.06903735632183909,144.0
,Toronto Maple Leafs,Daniel Brodin,SE,LW,20.0,,Djurgardens IF (Sweden),,0.0,0.0,0.0,0.0,0.0,0.0,,0.0,,,,,,,,,brodida01,2010,0,0.0,0.0,0.0,0.0,,146.0
,Montreal Canadiens,Brendan Gallagher,CA,RW,18.0,2026.0,Vancouver Giants (WHL),859.0,240.0,0.279394644935972,234.0,0.000325255698412075,474.0,0.551804423748545,,24.0,565.0,,,,,,,54.7,gallabr01,2010,0,0.27939464493597205,0.2724097788125728,0.5518044237485448,0.027939464493597205,0.18073341094295692,147.0
,Philadelphia Flyers,Michael Parks,US,RW,18.0,,Cedar Rapids Roughriders (USHL),,0.0,0.0,0.0,0.0,0.0,0.0,,0.0,,,,,,,,,parksmi01,2010,0,0.0,0.0,0.0,0.0,,149.0
,Atlanta Thrashers,Yasin Cisse,CA,RW,18.0,,Des Moines Buccaneers (USHL),,0.0,0.0,0.0,0.0,0.0,0.0,,0.0,,,,,,,,,cisseya01,2010,0,0.0,0.0,0.0,0.0,,150.0
,Chicago Blackhawks,Mirko Hoefflin,DE,C,18.0,,Heilbronner Falken (Germany-2),,0.0,0.0,0.0,0.0,0.0,0.0,,0.0,,,,,,,,,hoeffmi02,2010,0,0.0,0.0,0.0,0.0,,151.0
,Florida Panthers,Corey Durocher,CA,LW,18.0,,Kingston Frontenacs (OHL),,0.0,0.0,0.0,0.0,0.0,0.0,,0.0,,,,,,,,,durocco01,2010,0,0.0,0.0,0.0,0.0,,153.0
,Tampa Bay Lightning,Brendan O'Donnell,CA,C,18.0,,Winnipeg South (MJHL),,0.0,0.0,0.0,0.0,0.0,0.0,,0.0,,,,,,,,,odonnbr01,2010,0,0.0,0.0,0.0,0.0,,156.0
,New York Rangers,Jesper Fast,SE,RW,18.0,2024.0,HV71 Jr. (Sweden Jr.),703.0,91.0,0.129445234708393,157.0,0.000184132624051768,248.0,0.352773826458037,,41.0,166.0,,,,,,,19.2,fastje01,2010,0,0.12944523470839261,0.2233285917496444,0.352773826458037,0.05832147937411095,0.11756756756756759,157.0
,Los Angeles Kings,Maxim Kitsyn,RU,LW,18.0,,Metallurg Novokuznetsk (Russia),,0.0,0.0,0.0,0.0,0.0,0.0,,0.0,,,,,,,,,kitsyma01,2010,0,0.0,0.0,0.0,0.0,,158.0
,Atlanta Thrashers,Tanner Lane,US,C,18.0,,Detroit Lakes HS (High-MN),,0.0,0.0,0.0,0.0,0.0,0.0,,0.0,,,,,,,,,laneta01,2010,0,0.0,0.0,0.0,0.0,,160.0
,Anaheim Ducks,Andreas Dahlstrom,SE,C,19.0,,AIK (Sweden-2),,0.0,0.0,0.0,0.0,0.0,0.0,,0.0,,,,,,,,,dahlsan01,2010,0,0.0,0.0,0.0,0.0,,161.0
,St. Louis Blues,Stephen Macaulay,CA,LW,18.0,,Saint John Sea Dogs (QMJHL),,0.0,0.0,0.0,0.0,0.0,0.0,,0.0,,,,,,,,,macaust01,2010,0,0.0,0.0,0.0,0.0,,164.0
,Edmonton Oilers,Drew Czerwonka,CA,LW,18.0,,Kootenay Ice (WHL),,0.0,0.0,0.0,0.0,0.0,0.0,,0.0,,,,,,,,,czerwdr01,2010,0,0.0,0.0,0.0,0.0,,166.0
,Detroit Red Wings,Brooks Macek,CA,C,18.0,,Tri-City Americans (WHL),,0.0,0.0,0.0,0.0,0.0,0.0,,0.0,,,,,,,,,macekbr01,2010,0,0.0,0.0,0.0,0.0,,171.0
,Vancouver Canucks,Alex Friesen,CA,C,19.0,2016.0,Niagara IceDogs (OHL),1.0,0.0,0.0,0.0,0.0,0.0,0.0,,-2.0,0.0,,,,,,,-0.1,friesal01,2010,0,0.0,0.0,0.0,-2.0,-0.005000000000000001,172.0
,Buffalo Sabres,Cedrick Henley,CA,LW,18.0,,Val-d'Or Foreurs (QMJHL),,0.0,0.0,0.0,0.0,0.0,0.0,,0.0,,,,,,,,,henlece01,2010,0,0.0,0.0,0.0,0.0,,173.0
,Ottawa Senators,Mark Stone,CA,RW,18.0,2026.0,Brandon Wheat Kings (WHL),716.0,235.0,0.328212290502793,416.0,0.000458397053774851,651.0,0.909217877094972,,142.0,229.0,,,,,,,74.4,stonema01,2010,0,0.32821229050279327,0.5810055865921788,0.909217877094972,0.19832402234636873,0.3054120111731844,178.0
,Edmonton Oilers,Kristians Pelss,LV,LW,18.0,,Dinamo Juniors Riga (Belarus),,0.0,0.0,0.0,0.0,0.0,0.0,,0.0,,,,,,,,,pelsskr01,2010,0,0.0,0.0,0.0,0.0,,181.0
,Toronto Maple Leafs,Josh Nicholls,CA,RW,18.0,,Saskatoon Blades (WHL),,0.0,0.0,0.0,0.0,0.0,0.0,,0.0,,,,,,,,,nichojo01,2010,0,0.0,0.0,0.0,0.0,,182.0
,Minnesota Wild,Dylen McKinlay,CA,RW,18.0,,Chilliwack Bruins (WHL),,0.0,0.0,0.0,0.0,0.0,0.0,,0.0,,,,,,,,,mckindy01,2010,0,0.0,0.0,0.0,0.0,,189.0
,New York Rangers,Randy McNaught,CA,RW,20.0,,Saskatoon Blades (WHL),,0.0,0.0,0.0,0.0,0.0,0.0,,0.0,,,,,,,,,mcnaura01,2010,0,0.0,0.0,0.0,0.0,,190.0
,Anaheim Ducks,Brett Perlini,CA,C,20.0,,Michigan State (CCHA),,0.0,0.0,0.0,0.0,0.0,0.0,,0.0,,,,,,,,,perlibr02,2010,0,0.0,0.0,0.0,0.0,,192.0
,Calgary Flames,Patrick Holland,CA,RW,18.0,2014.0,Tri-City Americans (WHL),5.0,0.0,0.0,0.0,0.0,0.0,0.0,,0.0,0.0,,,,,,,-0.1,hollapa01,2010,0,0.0,0.0,0.0,0.0,0.0,193.0
,Nashville Predators,David Elsner,DE,LW,18.0,,Landshut (Germany-2),,0.0,0.0,0.0,0.0,0.0,0.0,,0.0,,,,,,,,,elsneda01,2010,0,0.0,0.0,0.0,0.0,,194.0
,Colorado Avalanche,Luke Moffatt,US,C,18.0,,USA U-18 Development Team (USDP/USHL),,0.0,0.0,0.0,0.0,0.0,0.0,,0.0,,,,,,,,,moffalu01,2010,0,0.0,0.0,0.0,0.0,,197.0
,Nashville Predators,Joonas Rask,FI,C,20.0,2013.0,Ilves (Finland),2.0,0.0,0.0,1.0,0.0,1.0,0.5,,-1.0,0.0,,,,,,,0.0,raskjo01,2010,0,0.0,0.5,0.5,-0.5,0.013750000000000002,198.0
,San Jose Sharks,Chris Crane,US,RW,18.0,,Green Bay Gamblers (USHL),,0.0,0.0,0.0,0.0,0.0,0.0,,0.0,,,,,,,,,cranech01,2010,0,0.0,0.0,0.0,0.0,,200.0
,Buffalo Sabres,Christian Isackson,US,RW,18.0,,St. Thomas Academy (High-MN),,0.0,0.0,0.0,0.0,0.0,0.0,,0.0,,,,,,,,,isackch01,2010,0,0.0,0.0,0.0,0.0,,203.0
,New Jersey Devils,Mauro Jorg,CH,LW,20.0,,HC Lugano (Swiss),,0.0,0.0,0.0,0.0,0.0,0.0,,0.0,,,,,,,,,jorgma01,2010,0,0.0,0.0,0.0,0.0,,204.0
,Montreal Canadiens,John Westin,SE,LW,18.0,,MODO Hockey Jr. (Sweden Jr.),,0.0,0.0,0.0,0.0,0.0,0.0,,0.0,,,,,,,,,westijo01,2010,0,0.0,0.0,0.0,0.0,,207.0
,Buffalo Sabres,Riley Boychuk,CA,LW,19.0,,Portland Winterhawks (WHL),,0.0,0.0,0.0,0.0,0.0,0.0,,0.0,,,,,,,,,boychri01,2010,0,0.0,0.0,0.0,0.0,,208.0
,Philadelphia Flyers,Brendan Ranford,CA,LW,18.0,2015.0,Kamloops Blazers (WHL),1.0,0.0,0.0,0.0,0.0,0.0,0.0,,0.0,0.0,,,,,,,0.0,ranfobr01,2010,0,0.0,0.0,0.0,0.0,0.0,209.0
1.0,New York Islanders,John Tavares,CA,C,18.0,2026.0,London Knights (OHL),1210.0,507.0,0.41900826446281,636.0,0.000346287821870091,1143.0,0.944628099173554,,-19.0,529.0,,,,,,,131.0,tavarjo01,2009,0,0.4190082644628099,0.5256198347107438,0.9446280991735537,-0.015702479338842976,0.30621900826446286,
3.0,Colorado Avalanche,Matt Duchene,CA,C,18.0,2026.0,Brampton Battalion (OHL),1142.0,372.0,0.325744308231173,521.0,0.000285240199852165,893.0,0.781961471103327,,-64.0,298.0,,,,,,,93.8,duchema01,2009,0,0.3257443082311734,0.45621716287215414,0.7819614711033275,-0.05604203152364273,0.2513353765323993,
4.0,Atlanta Thrashers,Evander Kane,CA,LW,18.0,2026.0,Vancouver Giants (WHL),957.0,331.0,0.345872518286311,300.0,0.000361413289745362,631.0,0.659352142110763,,-55.0,1230.0,,,,,,,69.3,kaneev01,2009,0,0.3458725182863114,0.31347962382445144,0.6593521421107628,-0.05747126436781609,0.2114158829676071,
5.0,Los Angeles Kings,Brayden Schenn,CA,C,18.0,2026.0,Brandon Wheat Kings (WHL),1049.0,282.0,0.26882745471878,412.0,0.000256270214221907,694.0,0.661582459485224,,-59.0,608.0,,,,,,,68.5,schenbr01,2009,0,0.2688274547187798,0.39275500476644426,0.661582459485224,-0.05624404194470925,0.21220209723546238,
7.0,Toronto Maple Leafs,Nazem Kadri,CA,C,18.0,2026.0,London Knights (OHL),1013.0,312.0,0.307996051332675,420.0,0.000304043486014487,732.0,0.722606120434353,,-62.0,770.0,,,,,,,75.9,kadrina01,2009,0,0.3079960513326752,0.4146100691016782,0.7226061204343535,-0.06120434353405726,0.231786771964462,
8.0,Dallas Stars,Scott Glennie,CA,RW,18.0,2012.0,Brandon Wheat Kings (WHL),1.0,0.0,0.0,0.0,0.0,0.0,0.0,,0.0,2.0,,,,,,,0.0,glennsc01,2009,0,0.0,0.0,0.0,0.0,0.0,
10.0,Edmonton Oilers,Magnus Paajarvi,SE,LW,18.0,2019.0,Timra IK (Sweden),467.0,62.0,0.132762312633833,62.0,0.000284287607352961,124.0,0.265524625267666,,-54.0,78.0,,,,,,,7.7,paajama01,2009,0,0.13276231263383298,0.13276231263383298,0.26552462526766596,-0.11563169164882227,0.08051391862955032,
13.0,Buffalo Sabres,Zack Kassian,CA,RW,18.0,2023.0,Peterborough Petes (OHL),661.0,92.0,0.139183055975794,111.0,0.000210564381203924,203.0,0.307110438729198,,-55.0,913.0,,,,,,,15.4,kassiza01,2009,0,0.13918305597579425,0.16792738275340394,0.3071104387291982,-0.0832072617246596,0.09565052950075643,
15.0,Anaheim Ducks,Peter Holland,CA,C,18.0,2018.0,Guelph Storm (OHL),266.0,36.0,0.135338345864662,49.0,0.000508790773927301,85.0,0.319548872180451,,-38.0,112.0,,,,,,,6.2,hollape01,2009,0,0.13533834586466165,0.18421052631578946,0.31954887218045114,-0.14285714285714285,0.09671052631578948,
18.0,Montreal Canadiens,Louis Leblanc,CA,C,18.0,2014.0,Omaha Lancers (USHL),50.0,5.0,0.1,5.0,0.002,10.0,0.2,,4.0,32.0,,,,,,,1.0,leblalo01,2009,0,0.1,0.1,0.2,0.08,0.069,
19.0,New York Rangers,Chris Kreider,US,C,18.0,2026.0,Phillips Andover Academy (High-MA),905.0,339.0,0.374585635359116,262.0,0.000413906779402338,601.0,0.664088397790055,,125.0,585.0,,,,,,,75.3,kreidch01,2009,0,0.37458563535911604,0.28950276243093925,0.6640883977900552,0.13812154696132597,0.22273480662983428,
20.0,New Jersey Devils,Jacob Josefson,SE,C,18.0,2018.0,Djurgardens IF (Sweden),315.0,20.0,0.0634920634920635,44.0,0.000201562106324011,64.0,0.203174603174603,,-21.0,84.0,,,,,,,3.1,josefja01,2009,0,0.06349206349206349,0.13968253968253969,0.20317460317460317,-0.06666666666666667,0.0626984126984127,
22.0,Vancouver Canucks,Jordan Schroeder,US,C,18.0,2018.0,Minnesota (WCHA),165.0,18.0,0.109090909090909,24.0,0.000661157024793388,42.0,0.254545454545455,,5.0,14.0,,,,,,,4.0,schrojo01,2009,0,0.10909090909090909,0.14545454545454545,0.2545454545454545,0.030303030303030304,0.08424242424242424,
25.0,Boston Bruins,Jordan Caron,CA,RW,18.0,2016.0,Rimouski Oceanic (QMJHL),157.0,12.0,0.0764331210191083,16.0,0.000486835165726804,28.0,0.178343949044586,,-9.0,78.0,,,,,,,0.9,caronjo01,2009,0,0.07643312101910828,0.10191082802547771,0.17834394904458598,-0.05732484076433121,0.05509554140127389,
26.0,Anaheim Ducks,Kyle Palmieri,US,RW,18.0,2026.0,USA U-18 Development Team (USDP/NAHL),925.0,276.0,0.298378378378378,269.0,0.000322571219868517,545.0,0.589189189189189,,-25.0,443.0,,,,,,,62.2,palmiky01,2009,0,0.2983783783783784,0.29081081081081084,0.5891891891891892,-0.02702702702702703,0.19013513513513514,
27.0,Carolina Hurricanes,Philippe Paradis,CA,C,18.0,,Shawinigan Cataractes (QMJHL),,0.0,0.0,0.0,0.0,0.0,0.0,,0.0,,,,,,,,,paradph01,2009,0,0.0,0.0,0.0,0.0,,
29.0,Tampa Bay Lightning,Carter Ashton,CA,RW,18.0,2015.0,Lethbridge Hurricanes (WHL),54.0,0.0,0.0,3.0,0.0,3.0,0.0555555555555556,,-12.0,32.0,,,,,,,-0.9,ashtoca01,2009,0,0.0,0.05555555555555555,0.05555555555555555,-0.2222222222222222,0.006944444444444442,
32.0,Detroit Red Wings,Landon Ferraro,CA,C,18.0,2018.0,Red Deer Rebels (WHL),77.0,7.0,0.0909090909090909,5.0,0.00118063754427391,12.0,0.155844155844156,,-9.0,29.0,,,,,,,0.3,ferrala01,2009,0,0.09090909090909091,0.06493506493506493,0.15584415584415584,-0.11688311688311688,0.044805194805194806,
33.0,Colorado Avalanche,Ryan O'Reilly,CA,C,18.0,2026.0,Erie Otters (OHL),1178.0,311.0,0.264006791171477,532.0,0.000224114423744887,843.0,0.715619694397284,,-21.0,196.0,,,,,,,82.5,oreilry01,2009,0,0.2640067911714771,0.45161290322580644,0.7156196943972836,-0.017826825127334467,0.23168505942275044,
34.0,Atlanta Thrashers,Carl Klingberg,SE,LW,18.0,2015.0,Frolunda HC Jr. (Sweden Jr.),12.0,1.0,0.0833333333333333,0.0,0.00694444444444444,1.0,0.0833333333333333,,0.0,4.0,,,,,,,0.1,klingca01,2009,0,0.08333333333333333,0.0,0.08333333333333333,0.0,0.01625,
35.0,Los Angeles Kings,Kyle Clifford,CA,LW,18.0,2023.0,Barrie Colts (OHL),753.0,66.0,0.0876494023904382,78.0,0.000116400268778802,144.0,0.191235059760956,,-22.0,905.0,,,,,,,9.8,cliffky01,2009,0,0.08764940239043825,0.10358565737051793,0.19123505976095617,-0.029216467463479414,0.0606905710491368,
36.0,Phoenix Coyotes,Chris Brown,US,C,18.0,2016.0,USA U-18 Development Team (USDP/NAHL),23.0,2.0,0.0869565217391304,1.0,0.00378071833648393,3.0,0.130434782608696,,1.0,21.0,,,,,,,0.3,brownch01,2009,0,0.08695652173913043,0.043478260869565216,0.13043478260869565,0.043478260869565216,0.044565217391304354,
38.0,Dallas Stars,Alex Chiasson,CA,RW,18.0,2023.0,Des Moines Buccaneers (USHL),651.0,120.0,0.184331797235023,113.0,0.00028315176226578,233.0,0.357910906298003,,-44.0,359.0,,,,,,,20.4,chiasal01,2009,0,0.18433179723502305,0.17357910906298002,0.3579109062980031,-0.06758832565284179,0.11294162826420892,
39.0,Ottawa Senators,Jakob Silfverberg,SE,LW,18.0,2024.0,Brynas IF Jr. (Sweden Jr.),820.0,168.0,0.204878048780488,205.0,0.000249851279000595,373.0,0.454878048780488,,5.0,264.0,,,,,,,36.2,silfvja01,2009,0,0.2048780487804878,0.25,0.4548780487804878,0.006097560975609756,0.14814024390243902,
40.0,Edmonton Oilers,Anton Lander,SE,C,18.0,2017.0,Timra IK (Sweden),215.0,10.0,0.0465116279069767,25.0,0.000216333153055706,35.0,0.162790697674419,,-41.0,56.0,,,,,,,-0.8,landean01,2009,0,0.046511627906976744,0.11627906976744186,0.16279069767441862,-0.19069767441860466,0.04337209302325582,
41.0,Nashville Predators,Zach Budish,US,RW,18.0,,Edina HS (High-MN),,0.0,0.0,0.0,0.0,0.0,0.0,,0.0,,,,,,,,,budisza01,2009,0,0.0,0.0,0.0,0.0,,
44.0,Florida Panthers,Drew Shore,US,C,18.0,2021.0,USA U-18 Development Team (USDP/NAHL),98.0,9.0,0.0918367346938776,17.0,0.000937109537692629,26.0,0.26530612244898,,-20.0,30.0,,,,,,,1.0,shoredr01,2009,0,0.09183673469387756,0.17346938775510204,0.2653061224489796,-0.20408163265306123,0.07602040816326532,
45.0,Atlanta Thrashers,Jeremy Morin,US,LW,18.0,2015.0,USA U-18 Development Team (USDP/NAHL),82.0,10.0,0.121951219512195,12.0,0.00148720999405116,22.0,0.268292682926829,,8.0,69.0,,,,,,,2.4,morinje01,2009,0,0.12195121951219512,0.14634146341463414,0.2682926829268293,0.0975609756097561,0.09207317073170733,
47.0,New York Rangers,Ethan Werek,CA,C,18.0,,Kingston Frontenacs (OHL),,0.0,0.0,0.0,0.0,0.0,0.0,,0.0,,,,,,,,,wereket01,2009,0,0.0,0.0,0.0,0.0,,
50.0,Toronto Maple Leafs,Kenny Ryan,US,RW,18.0,,USA U-18 Development Team (USDP/NAHL),,0.0,0.0,0.0,0.0,0.0,0.0,,0.0,,,,,,,,,ryanke01,2009,0,0.0,0.0,0.0,0.0,,
52.0,Tampa Bay Lightning,Richard Panik,SK,RW,18.0,2022.0,HC Ocelari Trinec (Czech),521.0,88.0,0.168905950095969,107.0,0.000324195681566159,195.0,0.374280230326296,,8.0,274.0,,,,,,,19.0,panikri01,2009,0,0.1689059500959693,0.2053742802303263,0.3742802303262956,0.015355086372360844,0.12240882917466413,
53.0,Vancouver Canucks,Anton Rodin,SE,RW,18.0,2017.0,Brynas IF Jr. (Sweden Jr.),3.0,0.0,0.0,1.0,0.0,1.0,0.333333333333333,,1.0,0.0,,,,,,,0.1,rodinan01,2009,0,0.0,0.3333333333333333,0.3333333333333333,0.3333333333333333,0.01875,
56.0,Columbus Blue Jackets,Kevin Lynch,US,C,18.0,,USA U-18 Development Team (USDP/NAHL),,0.0,0.0,0.0,0.0,0.0,0.0,,0.0,,,,,,,,,lynchke01,2009,0,0.0,0.0,0.0,0.0,,
59.0,Chicago Blackhawks,Brandon Pirri,CA,C,18.0,2021.0,Georgetown (OJHL),276.0,72.0,0.260869565217391,49.0,0.000945179584120982,121.0,0.438405797101449,,5.0,91.0,,,,,,,14.9,pirribr01,2009,0,0.2608695652173913,0.17753623188405798,0.4384057971014493,0.018115942028985508,0.1433876811594203,
60.0,Detroit Red Wings,Tomas Tatar,SK,C,18.0,2025.0,HKM Zvolen (Slovakia),927.0,227.0,0.24487594390507,269.0,0.000264159594288101,496.0,0.535059331175836,,43.0,316.0,,,,,,,55.3,tatarto01,2009,0,0.24487594390507011,0.2901833872707659,0.535059331175836,0.04638619201725998,0.17621359223300972,
65.0,Montreal Canadiens,Joonas Nattinen,FI,C,18.0,2014.0,Blues Jr. (Finland Jr.),1.0,0.0,0.0,0.0,0.0,0.0,0.0,,0.0,0.0,,,,,,,0.0,nattijo01,2009,0,0.0,0.0,0.0,0.0,0.0,
67.0,Florida Panthers,Josh Birkholz,US,RW,18.0,,Fargo Force (USHL),,0.0,0.0,0.0,0.0,0.0,0.0,,0.0,,,,,,,,,birkhjo01,2009,0,0.0,0.0,0.0,0.0,,
68.0,Toronto Maple Leafs,Jamie Devane,CA,LW,18.0,2014.0,Plymouth Whalers (OHL),2.0,0.0,0.0,0.0,0.0,0.0,0.0,,-1.0,0.0,,,,,,,-0.1,devanja01,2009,0,0.0,0.0,0.0,-0.5,-0.0025000000000000005,
69.0,Dallas Stars,Reilly Smith,CA,RW,18.0,2026.0,St. Michael's (OJHL),943.0,229.0,0.242841993637328,330.0,0.000257520671937782,559.0,0.592788971367975,,133.0,236.0,,,,,,,60.7,smithre01,2009,0,0.24284199363732767,0.34994697773064687,0.5927889713679746,0.14103923647932132,0.1997083775185578,
70.0,Nashville Predators,Taylor Beck,CA,RW,18.0,2017.0,Guelph Storm (OHL),92.0,11.0,0.119565217391304,12.0,0.00129962192816635,23.0,0.25,,-9.0,32.0,,,,,,,1.5,beckta01,2009,0,0.11956521739130435,0.13043478260869565,0.25,-0.09782608695652174,0.07635869565217392,
72.0,Nashville Predators,Michael Latta,CA,C,18.0,2016.0,Guelph Storm (OHL),113.0,4.0,0.0353982300884956,13.0,0.000313258673349519,17.0,0.150442477876106,,4.0,130.0,,,,,,,0.9,lattami01,2009,0,0.035398230088495575,0.11504424778761062,0.1504424778761062,0.035398230088495575,0.0506637168141593,
74.0,Calgary Flames,Ryan Howse,CA,LW,18.0,,Chilliwack Bruins (WHL),,0.0,0.0,0.0,0.0,0.0,0.0,,0.0,,,,,,,,,howsery01,2009,0,0.0,0.0,0.0,0.0,,
75.0,Detroit Red Wings,Andrej Nestrasil,CZ,RW,18.0,2017.0,Victoriaville Tigres (QMJHL),128.0,17.0,0.1328125,31.0,0.00103759765625,48.0,0.375,,0.0,18.0,,,,,,,4.9,nestran01,2009,0,0.1328125,0.2421875,0.375,0.0,0.12187500000000001,
78.0,St. Louis Blues,Sergei Andronov,RU,RW,20.0,,Lada Togliatti (Russia),,0.0,0.0,0.0,0.0,0.0,0.0,,0.0,,,,,,,,,androse01,2009,0,0.0,0.0,0.0,0.0,,
80.0,New York Rangers,Ryan Bourque,US,C,18.0,2015.0,USA U-18 Development Team (USDP/NAHL),1.0,0.0,0.0,0.0,0.0,0.0,0.0,,-1.0,0.0,,,,,,,-0.1,bourqry01,2009,0,0.0,0.0,0.0,-1.0,-0.0025000000000000005,
82.0,Edmonton Oilers,Cameron Abney,CA,RW,18.0,,Everett Silvertips (WHL),,0.0,0.0,0.0,0.0,0.0,0.0,,0.0,,,,,,,,,abneyca01,2009,0,0.0,0.0,0.0,0.0,,
85.0,Washington Capitals,Cody Eakin,CA,C,18.0,2022.0,Swift Current Broncos (WHL),701.0,110.0,0.156918687589158,146.0,0.000223849768315489,256.0,0.365192582025678,,-25.0,278.0,,,,,,,20.0,eakinco01,2009,0,0.15691868758915833,0.20827389443651925,0.3651925820256776,-0.03566333808844508,0.11690442225392296,
88.0,Carolina Hurricanes,Mattias Lindstrom,SE,LW,18.0,,Skelleftea AIK Jr. (Sweden Jr.),,0.0,0.0,0.0,0.0,0.0,0.0,,0.0,,,,,,,,,lindsma01,2009,0,0.0,0.0,0.0,0.0,,
92.0,New York Islanders,Casey Cizikas,CA,C,18.0,2026.0,Mississauga St. Michael's Majors (OHL),924.0,115.0,0.124458874458874,152.0,0.000134695751578868,267.0,0.288961038961039,,-2.0,443.0,,,,,,,19.8,cizikca01,2009,0,0.12445887445887446,0.1645021645021645,0.288961038961039,-0.0021645021645021645,0.09380411255411256,
93.0,Tampa Bay Lightning,Alex Hutchings,CA,LW,18.0,,Barrie Colts (OHL),,0.0,0.0,0.0,0.0,0.0,0.0,,0.0,,,,,,,,,hutchal01,2009,0,0.0,0.0,0.0,0.0,,
96.0,Los Angeles Kings,Linden Vey,CA,RW,18.0,2017.0,Medicine Hat Tigers (WHL),138.0,14.0,0.101449275362319,30.0,0.000735139676538543,44.0,0.318840579710145,,-19.0,24.0,,,,,,,2.6,veyli01,2009,0,0.10144927536231885,0.21739130434782608,0.3188405797101449,-0.13768115942028986,0.0967391304347826,
97.0,Phoenix Coyotes,Jordan Szwarz,CA,RW,18.0,2020.0,Saginaw Spirit (OHL),50.0,4.0,0.08,3.0,0.0016,7.0,0.14,,-12.0,25.0,,,,,,,-0.1,szwarjo01,2009,0,0.08,0.06,0.14,-0.24,0.0335,
98.0,Nashville Predators,Craig Smith,US,C,20.0,2025.0,Waterloo Black Hawks (USHL),987.0,220.0,0.22289766970618,232.0,0.000225833505274752,452.0,0.457953394123607,,88.0,395.0,,,,,,,51.5,smithcr01,2009,0,0.22289766970618036,0.23505572441742653,0.4579533941236069,0.08915906788247213,0.15329280648429586,
101.0,Edmonton Oilers,Toni Rajala,FI,LW,18.0,,Ilves Jr. (Finland Jr.),,0.0,0.0,0.0,0.0,0.0,0.0,,0.0,,,,,,,,,rajalto01,2009,0,0.0,0.0,0.0,0.0,,
103.0,Minnesota Wild,Kris Foucault,CA,LW,18.0,2012.0,Calgary Hitmen (WHL),1.0,0.0,0.0,0.0,0.0,0.0,0.0,,0.0,0.0,,,,,,,0.0,foucakr01,2009,0,0.0,0.0,0.0,0.0,0.0,
104.0,Buffalo Sabres,Marcus Foligno,US,LW,18.0,2026.0,Sudbury Wolves (OHL),898.0,140.0,0.155902004454343,185.0,0.000173610249949157,325.0,0.361915367483296,,37.0,913.0,,,,,,,29.3,foligma01,2009,0,0.155902004454343,0.20601336302895323,0.3619153674832962,0.04120267260579064,0.11968262806236081,
107.0,Florida Panthers,Garrett Wilson,CA,LW,18.0,2019.0,Owen Sound Attack (OHL),84.0,2.0,0.0238095238095238,6.0,0.00028344671201814,8.0,0.0952380952380952,,-4.0,42.0,,,,,,,-0.4,wilsoga01,2009,0,0.023809523809523808,0.07142857142857142,0.09523809523809523,-0.047619047619047616,0.028571428571428574,
108.0,St. Louis Blues,Tyler Shattock,CA,RW,19.0,,Kamloops Blazers (WHL),,0.0,0.0,0.0,0.0,0.0,0.0,,0.0,,,,,,,,,shattty01,2009,0,0.0,0.0,0.0,0.0,,
109.0,Montreal Canadiens,Alexander Avtsin,RU,RW,18.0,,Dynamo Moskva 2 (Russia-3),,0.0,0.0,0.0,0.0,0.0,0.0,,0.0,,,,,,,,,avtsial01,2009,0,0.0,0.0,0.0,0.0,,
111.0,Calgary Flames,Henrik Bjorklund,SE,RW,18.0,,Farjestad BK (Sweden),,0.0,0.0,0.0,0.0,0.0,0.0,,0.0,,,,,,,,,bjorkhe01,2009,0,0.0,0.0,0.0,0.0,,
112.0,Boston Bruins,Lane MacDermid,US,LW,20.0,2014.0,Windsor Spitfires (OHL),21.0,2.0,0.0952380952380952,2.0,0.00453514739229025,4.0,0.19047619047619,,0.0,36.0,,,,,,,0.6,macdela01,2009,0,0.09523809523809523,0.09523809523809523,0.19047619047619047,0.0,0.06190476190476191,
116.0,Minnesota Wild,Alex Fallstrom,SE,RW,19.0,,Shattuck-St. Mary's School (High-MN),,0.0,0.0,0.0,0.0,0.0,0.0,,0.0,,,,,,,,,fallsal01,2009,0,0.0,0.0,0.0,0.0,,
119.0,Chicago Blackhawks,Byron Froese,CA,C,18.0,2024.0,Everett Silvertips (WHL),141.0,7.0,0.049645390070922,13.0,0.000352094965042,20.0,0.141843971631206,,-15.0,57.0,,,,,,,-0.4,froesby01,2009,0,0.04964539007092199,0.09219858156028368,0.14184397163120568,-0.10638297872340426,0.04078014184397163,
121.0,Pittsburgh Penguins,Nick Petersen,CA,RW,20.0,,Shawinigan Cataractes (QMJHL),,0.0,0.0,0.0,0.0,0.0,0.0,,0.0,,,,,,,,,peterni01,2009,0,0.0,0.0,0.0,0.0,,
127.0,New York Rangers,Roman Horak,CZ,C,18.0,2014.0,HC Mountfield (Czech),84.0,6.0,0.0714285714285714,13.0,0.000850340136054421,19.0,0.226190476190476,,-3.0,16.0,,,,,,,1.2,horakro01,2009,0,0.07142857142857142,0.15476190476190477,0.2261904761904762,-0.03571428571428571,0.07172619047619049,
129.0,Dallas Stars,Tomas Vincour,CZ,C,18.0,2015.0,Edmonton Oil Kings (WHL),95.0,7.0,0.0736842105263158,10.0,0.000775623268698061,17.0,0.178947368421053,,-9.0,12.0,,,,,,,0.7,vincoto01,2009,0,0.07368421052631578,0.10526315789473684,0.17894736842105263,-0.09473684210526316,0.05342105263157895,
131.0,Carolina Hurricanes,Matt Kennedy,CA,RW,20.0,,Guelph Storm (OHL),,0.0,0.0,0.0,0.0,0.0,0.0,,0.0,,,,,,,,,kennema01,2009,0,0.0,0.0,0.0,0.0,,
132.0,Nashville Predators,Gabriel Bourque,CA,LW,18.0,2020.0,Baie-Comeau Drakkar (QMJHL),413.0,40.0,0.0968523002421308,63.0,0.000234509201554796,103.0,0.249394673123487,,-18.0,75.0,,,,,,,6.6,bourqga01,2009,0,0.09685230024213075,0.15254237288135594,0.24939467312348668,-0.043583535108958835,0.07887409200968523,
135.0,Florida Panthers,Corban Knight,CA,C,19.0,2019.0,Okotoks (AJHL),52.0,4.0,0.0769230769230769,8.0,0.0014792899408284,12.0,0.230769230769231,,-3.0,4.0,,,,,,,0.8,knighco01,2009,0,0.07692307692307693,0.15384615384615385,0.23076923076923078,-0.057692307692307696,0.07211538461538462,
136.0,Anaheim Ducks,Radoslav Illo,SK,C,19.0,,Tri-City Storm (USHL),,0.0,0.0,0.0,0.0,0.0,0.0,,0.0,,,,,,,,,illora01,2009,0,0.0,0.0,0.0,0.0,,
138.0,Florida Panthers,Wade Megan,US,C,19.0,2019.0,South Kent Prep (High-CT),15.0,1.0,0.0666666666666667,1.0,0.00444444444444445,2.0,0.133333333333333,,-3.0,2.0,,,,,,,0.0,meganwa01,2009,0,0.06666666666666667,0.06666666666666667,0.13333333333333333,-0.2,0.025,
139.0,Montreal Canadiens,Gabriel Dumont,CA,C,18.0,2020.0,Drummondville Voltigeurs (QMJHL),90.0,4.0,0.0444444444444444,5.0,0.000493827160493827,9.0,0.1,,0.0,48.0,,,,,,,0.0,dumonga01,2009,0,0.044444444444444446,0.05555555555555555,0.1,0.0,0.0325,
141.0,Calgary Flames,Spencer Bennett,CA,LW,18.0,,Surrey (BCHL),,0.0,0.0,0.0,0.0,0.0,0.0,,0.0,,,,,,,,,bennesp01,2009,0,0.0,0.0,0.0,0.0,,
144.0,New Jersey Devils,Derek Rodwell,CA,LW,19.0,,Okotoks (AJHL),,0.0,0.0,0.0,0.0,0.0,0.0,,0.0,,,,,,,,,rodwede01,2009,0,0.0,0.0,0.0,0.0,,
146.0,Ottawa Senators,Jeff Costello,US,LW,18.0,,Cedar Rapids Roughriders (USHL),,0.0,0.0,0.0,0.0,0.0,0.0,,0.0,,,,,,,,,costeje01,2009,0,0.0,0.0,0.0,0.0,,
147.0,San Jose Sharks,Phil Varone,CA,C,18.0,2019.0,London Knights (OHL),97.0,8.0,0.0824742268041237,9.0,0.000850249760867255,17.0,0.175257731958763,,-20.0,26.0,,,,,,,0.3,varonph01,2009,0,0.08247422680412371,0.09278350515463918,0.17525773195876287,-0.20618556701030927,0.046649484536082475,
149.0,Chicago Blackhawks,Marcus Kruger,SE,C,19.0,2019.0,Djurgardens IF Jr. (Sweden Jr.),520.0,38.0,0.0730769230769231,85.0,0.000140532544378698,123.0,0.236538461538462,,5.0,234.0,,,,,,,5.3,krugema01,2009,0,0.07307692307692308,0.16346153846153846,0.23653846153846153,0.009615384615384616,0.07735576923076923,
151.0,Pittsburgh Penguins,Andy Bathgate,CA,C,18.0,,Belleville Bulls (OHL),,0.0,0.0,0.0,0.0,0.0,0.0,,0.0,,,,,,,,,bathgan02,2009,0,0.0,0.0,0.0,0.0,,
152.0,New York Islanders,Anders Lee,US,C,19.0,2026.0,Edina HS (High-MN),868.0,294.0,0.338709677419355,226.0,0.000390218522372529,520.0,0.599078341013825,,17.0,521.0,,,,,,,62.0,leean01,2009,0,0.3387096774193548,0.26036866359447003,0.5990783410138248,0.019585253456221197,0.19567972350230414,
153.0,Philadelphia Flyers,Dave Labrecque,CA,C,19.0,,Shawinigan Cataractes (QMJHL),,0.0,0.0,0.0,0.0,0.0,0.0,,0.0,,,,,,,,,labreda01,2009,0,0.0,0.0,0.0,0.0,,
155.0,Atlanta Thrashers,Jimmy Bubnick,CA,C,18.0,,Kamloops Blazers (WHL),,0.0,0.0,0.0,0.0,0.0,0.0,,0.0,,,,,,,,,bubniji01,2009,0,0.0,0.0,0.0,0.0,,
157.0,Phoenix Coyotes,Evan Bloodoff,CA,LW,18.0,,Kelowna Rockets (WHL),,0.0,0.0,0.0,0.0,0.0,0.0,,0.0,,,,,,,,,bloodev01,2009,0,0.0,0.0,0.0,0.0,,
158.0,Toronto Maple Leafs,Jerry D'Amigo,US,RW,18.0,2015.0,USA U-18 Development Team (USDP/NAHL),31.0,1.0,0.032258064516129,2.0,0.00104058272632674,3.0,0.0967741935483871,,-5.0,2.0,,,,,,,-0.2,damigje01,2009,0,0.03225806451612903,0.06451612903225806,0.0967741935483871,-0.16129032258064516,0.023387096774193546,
159.0,Dallas Stars,Curtis McKenzie,CA,LW,18.0,2018.0,Penticton (BCHL),99.0,10.0,0.101010101010101,13.0,0.00102030405060708,23.0,0.232323232323232,,-1.0,131.0,,,,,,,1.6,mckencu01,2009,0,0.10101010101010101,0.13131313131313133,0.23232323232323232,-0.010101010101010102,0.075,
160.0,Ottawa Senators,Corey Cowick,CA,LW,20.0,,Ottawa 67's (OHL),,0.0,0.0,0.0,0.0,0.0,0.0,,0.0,,,,,,,,,cowicco01,2009,0,0.0,0.0,0.0,0.0,,
163.0,Minnesota Wild,Jere Sallinen,FI,RW,18.0,,Blues Jr. (Finland Jr.),,0.0,0.0,0.0,0.0,0.0,0.0,,0.0,,,,,,,,,sallije01,2009,0,0.0,0.0,0.0,0.0,,
165.0,Florida Panthers,Scott Timmins,CA,C,20.0,2013.0,Windsor Spitfires (OHL),24.0,1.0,0.0416666666666667,0.0,0.00173611111111111,1.0,0.0416666666666667,,-10.0,12.0,,,,,,,-0.6,timmisc01,2009,0,0.041666666666666664,0.0,0.041666666666666664,-0.4166666666666667,-0.0072916666666666685,
169.0,Montreal Canadiens,Dustin Walsh,CA,C,18.0,,Kingston (OJHL),,0.0,0.0,0.0,0.0,0.0,0.0,,0.0,,,,,,,,,walshdu01,2009,0,0.0,0.0,0.0,0.0,,
172.0,Philadelphia Flyers,Eric Wellwood,CA,LW,19.0,2013.0,Windsor Spitfires (OHL),31.0,5.0,0.161290322580645,5.0,0.00520291363163371,10.0,0.32258064516129,,13.0,4.0,,,,,,,1.6,wellwer01,2009,0,0.16129032258064516,0.16129032258064516,0.3225806451612903,0.41935483870967744,0.12580645161290321,
174.0,New Jersey Devils,Ashton Bernard,CA,LW,19.0,,Shawinigan Cataractes (QMJHL),,0.0,0.0,0.0,0.0,0.0,0.0,,0.0,,,,,,,,,bernaas01,2009,0,0.0,0.0,0.0,0.0,,
175.0,Washington Capitals,Garrett Mitchell,CA,RW,18.0,2017.0,Regina Pats (WHL),1.0,0.0,0.0,0.0,0.0,0.0,0.0,,0.0,0.0,,,,,,,0.0,mitchga01,2009,0,0.0,0.0,0.0,0.0,0.0,
176.0,Boston Bruins,Tyler Randell,CA,RW,18.0,2016.0,Kitchener Rangers (OHL),27.0,6.0,0.222222222222222,0.0,0.00823045267489711,6.0,0.222222222222222,,-2.0,47.0,,,,,,,0.9,randety01,2009,0,0.2222222222222222,0.0,0.2222222222222222,-0.07407407407407407,0.0685185185185185,
177.0,Chicago Blackhawks,David Pacan,CA,C,18.0,,Cumberland (CJHL),,0.0,0.0,0.0,0.0,0.0,0.0,,0.0,,,,,,,,,pacanda01,2009,0,0.0,0.0,0.0,0.0,,
179.0,Los Angeles Kings,Brandon Kozun,US,RW,19.0,2015.0,Calgary Hitmen (WHL),20.0,2.0,0.1,2.0,0.005,4.0,0.2,,-3.0,6.0,,,,,,,0.3,kozunbr01,2009,0,0.1,0.1,0.2,-0.15,0.0575,
180.0,Detroit Red Wings,Mitch Callahan,US,RW,18.0,2017.0,Kelowna Rockets (WHL),5.0,0.0,0.0,0.0,0.0,0.0,0.0,,0.0,0.0,,,,,,,-0.1,callami01,2009,0,0.0,0.0,0.0,0.0,0.0,
182.0,Minnesota Wild,Erik Haula,FI,LW,18.0,2026.0,Shattuck-St. Mary's School (High-MN),785.0,157.0,0.2,195.0,0.000254777070063694,352.0,0.448407643312102,,41.0,401.0,,,,,,,35.0,haulaer01,2009,0,0.2,0.2484076433121019,0.4484076433121019,0.05222929936305733,0.148343949044586,
185.0,Atlanta Thrashers,Levko Koper,CA,LW,18.0,,Spokane Chiefs (WHL),,0.0,0.0,0.0,0.0,0.0,0.0,,0.0,,,,,,,,,koperle01,2009,0,0.0,0.0,0.0,0.0,,
186.0,Los Angeles Kings,Jordan Nolan,CA,C,20.0,2019.0,Soo Greyhounds (OHL),375.0,24.0,0.064,28.0,0.000170666666666667,52.0,0.138666666666667,,-24.0,347.0,,,,,,,2.1,nolanjo01,2009,0,0.064,0.07466666666666667,0.13866666666666666,-0.064,0.04186666666666666,
187.0,Vancouver Canucks,Steven Anthony,CA,LW,18.0,,Saint John Sea Dogs (QMJHL),,0.0,0.0,0.0,0.0,0.0,0.0,,0.0,,,,,,,,,anthost01,2009,0,0.0,0.0,0.0,0.0,,
189.0,San Jose Sharks,Marek Viedensky,SK,C,19.0,,Prince George Cougars (WHL),,0.0,0.0,0.0,0.0,0.0,0.0,,0.0,,,,,,,,,viedema01,2009,0,0.0,0.0,0.0,0.0,,
190.0,Ottawa Senators,Brad Peltz,US,LW,19.0,,Avon Old Farms School (High-CT),,0.0,0.0,0.0,0.0,0.0,0.0,,0.0,,,,,,,,,peltzbr01,2009,0,0.0,0.0,0.0,0.0,,
192.0,Nashville Predators,Cam Reid,CA,C,18.0,,Westside (BCHL),,0.0,0.0,0.0,0.0,0.0,0.0,,0.0,,,,,,,,,reidca01,2009,0,0.0,0.0,0.0,0.0,,
193.0,Minnesota Wild,Anthony Hamburg,US,C,18.0,,Dallas (T1EHL 18U),,0.0,0.0,0.0,0.0,0.0,0.0,,0.0,,,,,,,,,hambuan01,2009,0,0.0,0.0,0.0,0.0,,
194.0,Buffalo Sabres,Maxime Legault,CA,RW,20.0,,Shawinigan Cataractes (QMJHL),,0.0,0.0,0.0,0.0,0.0,0.0,,0.0,,,,,,,,,legauma01,2009,0,0.0,0.0,0.0,0.0,,
197.0,Columbus Blue Jackets,Kyle Neuber,CA,RW,20.0,,Mississauga St. Michael's Majors (OHL),,0.0,0.0,0.0,0.0,0.0,0.0,,0.0,,,,,,,,,neubeky01,2009,0,0.0,0.0,0.0,0.0,,
198.0,Los Angeles Kings,Nic Dowd,US,C,19.0,2026.0,Wenatchee Wild (NAHL),601.0,85.0,0.141430948419301,96.0,0.000235326037303329,181.0,0.301164725457571,,24.0,321.0,,,,,,,14.6,dowdni01,2009,0,0.14143094841930118,0.15973377703826955,0.3011647254575707,0.03993344425956739,0.09987520798668886,
199.0,Montreal Canadiens,Michael Cichy,US,C,19.0,,Indiana Ice (USHL),,0.0,0.0,0.0,0.0,0.0,0.0,,0.0,,,,,,,,,cichymi01,2009,0,0.0,0.0,0.0,0.0,,
201.0,Calgary Flames,Gaelan Patterson,CA,C,19.0,,Saskatoon Blades (WHL),,0.0,0.0,0.0,0.0,0.0,0.0,,0.0,,,,,,,,,pattega01,2009,0,0.0,0.0,0.0,0.0,,
202.0,St. Louis Blues,Max Tardy,US,C,18.0,,Duluth East HS (High-MN),,0.0,0.0,0.0,0.0,0.0,0.0,,0.0,,,,,,,,,tardyma01,2009,0,0.0,0.0,0.0,0.0,,
203.0,Atlanta Thrashers,Jordan Samuels-Thomas,US,LW,19.0,,Waterloo Black Hawks (USHL),,0.0,0.0,0.0,0.0,0.0,0.0,,0.0,,,,,,,,,samuejo01,2009,0,0.0,0.0,0.0,0.0,,
205.0,Washington Capitals,Benjamin Casavant,CA,LW,18.0,,Prince Edward Island Rocket (QMJHL),,0.0,0.0,0.0,0.0,0.0,0.0,,0.0,,,,,,,,,casavbe01,2009,0,0.0,0.0,0.0,0.0,,
206.0,Boston Bruins,Ben Sexton,CA,C,18.0,2018.0,Nepean (CJHL),2.0,0.0,0.0,0.0,0.0,0.0,0.0,,-1.0,0.0,,,,,,,-0.1,sextobe01,2009,0,0.0,0.0,0.0,-0.5,-0.0025000000000000005,
209.0,Chicago Blackhawks,David Gilbert,CA,C,18.0,,Quebec Remparts (QMJHL),,0.0,0.0,0.0,0.0,0.0,0.0,,0.0,,,,,,,,,gilbeda01,2009,0,0.0,0.0,0.0,0.0,,
1.0,Tampa Bay Lightning,Steven Stamkos,CA,C,18.0,2026.0,Sarnia Sting (OHL),1190.0,589.0,0.494957983193277,611.0,0.000415931078313678,1200.0,1.00840336134454,,1.0,697.0,,,,,,,147.7,stamkst01,2008,0,0.49495798319327733,0.5134453781512605,1.0084033613445378,0.0008403361344537816,0.32777310924369746,
6.0,Columbus Blue Jackets,Nikita Filatov,RU,LW,18.0,2012.0,CSKA Moskva 2 (Russia-3),53.0,6.0,0.113207547169811,8.0,0.00213599145603417,14.0,0.264150943396226,,7.0,20.0,,,,,,,1.4,filatni01,2008,0,0.11320754716981132,0.1509433962264151,0.2641509433962264,0.1320754716981132,0.09245283018867924,
7.0,Nashville Predators,Colin Wilson,US,C,18.0,2020.0,Boston University (H-East),632.0,113.0,0.17879746835443,173.0,0.000282907386636756,286.0,0.45253164556962,,32.0,138.0,,,,,,,29.5,wilsoco01,2008,0,0.1787974683544304,0.2737341772151899,0.4525316455696203,0.05063291139240506,0.14960443037974686,
8.0,Phoenix Coyotes,Mikkel Boedker,DK,RW,18.0,2020.0,Kitchener Rangers (OHL),709.0,118.0,0.166431593794076,209.0,0.000234741317057935,327.0,0.461212976022567,,-71.0,116.0,,,,,,,27.4,boedkmi01,2008,0,0.16643159379407615,0.2947813822284908,0.461212976022567,-0.1001410437235543,0.14488716502115653,
9.0,New York Islanders,Josh Bailey,CA,C,18.0,2023.0,Windsor Spitfires (OHL),1057.0,184.0,0.174077578051088,396.0,0.000164690234674634,580.0,0.54872280037843,,-48.0,241.0,,,,,,,50.1,bailejo01,2008,0,0.17407757805108798,0.37464522232734154,0.5487228003784295,-0.04541154210028382,0.1760643330179754,
10.0,Vancouver Canucks,Cody Hodgson,CA,C,18.0,2016.0,Brampton Battalion (OHL),328.0,64.0,0.195121951219512,78.0,0.000594883997620463,142.0,0.432926829268293,,-54.0,68.0,,,,,,,13.2,hodgsco01,2008,0,0.1951219512195122,0.23780487804878048,0.4329268292682927,-0.16463414634146342,0.13246951219512196,
11.0,Chicago Blackhawks,Kyle Beach,CA,C,18.0,,Everett Silvertips (WHL),,0.0,0.0,0.0,0.0,0.0,0.0,,0.0,,,,,,,,,beachky01,2008,0,0.0,0.0,0.0,0.0,,
14.0,Carolina Hurricanes,Zach Boychuk,CA,C,18.0,2015.0,Lethbridge Hurricanes (WHL),127.0,12.0,0.094488188976378,18.0,0.000744001488002976,30.0,0.236220472440945,,-3.0,16.0,,,,,,,2.3,boychza01,2008,0,0.09448818897637795,0.14173228346456693,0.23622047244094488,-0.023622047244094488,0.07559055118110236,
16.0,Boston Bruins,Joe Colborne,CA,C,18.0,2017.0,Camrose (AJHL),295.0,42.0,0.142372881355932,72.0,0.000482619936799769,114.0,0.386440677966102,,-38.0,144.0,,,,,,,8.9,colbojo01,2008,0,0.1423728813559322,0.2440677966101695,0.3864406779661017,-0.1288135593220339,0.11915254237288135,
21.0,Washington Capitals,Anton Gustafsson,SE,C,18.0,,Frolunda HC Jr. (Sweden Jr.),,0.0,0.0,0.0,0.0,0.0,0.0,,0.0,,,,,,,,,gustaan01,2008,0,0.0,0.0,0.0,0.0,,
22.0,Edmonton Oilers,Jordan Eberle,CA,C,18.0,2026.0,Regina Pats (WHL),1084.0,316.0,0.291512915129151,426.0,0.000268923353440176,742.0,0.68450184501845,,-54.0,275.0,,,,,,,79.3,eberljo01,2008,0,0.2915129151291513,0.3929889298892989,0.6845018450184502,-0.04981549815498155,0.21997232472324724,
24.0,New Jersey Devils,Mattias Tedenby,SE,LW,18.0,2014.0,HV71 (Sweden),120.0,10.0,0.0833333333333333,20.0,0.000694444444444444,30.0,0.25,,-20.0,42.0,,,,,,,1.8,tedenma01,2008,0,0.08333333333333333,0.16666666666666666,0.25,-0.16666666666666666,0.07291666666666667,
25.0,Calgary Flames,Greg Nemisz,CA,C,18.0,2012.0,Windsor Spitfires (OHL),15.0,0.0,0.0,1.0,0.0,1.0,0.0666666666666667,,0.0,0.0,,,,,,,-0.1,nemisgr01,2008,0,0.0,0.06666666666666667,0.06666666666666667,0.0,0.01625,
26.0,Buffalo Sabres,Tyler Ennis,CA,C,18.0,2022.0,Medicine Hat Tigers (WHL),700.0,144.0,0.205714285714286,202.0,0.000293877551020409,346.0,0.494285714285714,,-84.0,224.0,,,,,,,32.6,ennisty01,2008,0,0.2057142857142857,0.2885714285714286,0.4942857142857143,-0.12,0.15464285714285714,
28.0,Phoenix Coyotes,Viktor Tikhonov,LV,RW,20.0,2016.0,Severstal Cherepovets (Russia),111.0,11.0,0.0990990990990991,11.0,0.00089278467656846,22.0,0.198198198198198,,-13.0,40.0,,,,,,,0.8,tikhovi01,2008,0,0.0990990990990991,0.0990990990990991,0.1981981981981982,-0.11711711711711711,0.058558558558558564,
29.0,Atlanta Thrashers,Daultan Leveille,CA,C,18.0,,St. Catharines (GHL),,0.0,0.0,0.0,0.0,0.0,0.0,,0.0,,,,,,,,,leveida01,2008,0,0.0,0.0,0.0,0.0,,
33.0,St. Louis Blues,Philip McRae,US,C,18.0,2011.0,London Knights (OHL),15.0,1.0,0.0666666666666667,2.0,0.00444444444444445,3.0,0.2,,-10.0,2.0,,,,,,,-0.2,mcraeph01,2008,0,0.06666666666666667,0.13333333333333333,0.2,-0.6666666666666666,0.02375,
35.0,Anaheim Ducks,Nicolas Deschamps,CA,C,18.0,2014.0,Chicoutimi Sagueneens (QMJHL),3.0,0.0,0.0,0.0,0.0,0.0,0.0,,-1.0,0.0,,,,,,,-0.1,deschni01,2008,0,0.0,0.0,0.0,-0.3333333333333333,-0.0025,
36.0,New York Islanders,Corey Trivino,CA,C,18.0,,Stouffville (OPJHL),,0.0,0.0,0.0,0.0,0.0,0.0,,0.0,,,,,,,,,trivico01,2008,0,0.0,0.0,0.0,0.0,,
39.0,Anaheim Ducks,Eric O'Dell,CA,C,18.0,2015.0,Sudbury Wolves (OHL),41.0,3.0,0.0731707317073171,5.0,0.00178465199286139,8.0,0.195121951219512,,-2.0,29.0,,,,,,,0.5,odeller01,2008,0,0.07317073170731707,0.12195121951219512,0.1951219512195122,-0.04878048780487805,0.06097560975609756,
44.0,Buffalo Sabres,Luke Adam,CA,C,18.0,2015.0,St. John's Fog Devils (QMJHL),90.0,15.0,0.166666666666667,11.0,0.00185185185185186,26.0,0.288888888888889,,-11.0,36.0,,,,,,,2.3,adamlu01,2008,0,0.16666666666666666,0.12222222222222222,0.28888888888888886,-0.12222222222222222,0.08777777777777777,
45.0,Carolina Hurricanes,Zac Dalpe,CA,RW,18.0,2023.0,Penticton (BCHL),168.0,16.0,0.0952380952380952,16.0,0.000566893424036281,32.0,0.19047619047619,,-37.0,38.0,,,,,,,1.3,dalpeza01,2008,0,0.09523809523809523,0.09523809523809523,0.19047619047619047,-0.22023809523809523,0.05089285714285714,
47.0,Boston Bruins,Max Sauve,FR,C,18.0,2012.0,Val-d'Or Foreurs (QMJHL),1.0,0.0,0.0,0.0,0.0,0.0,0.0,,0.0,0.0,,,,,,,0.0,sauvema01,2008,0,0.0,0.0,0.0,0.0,0.0,
48.0,Calgary Flames,Mitch Wahl,US,C,18.0,,Spokane Chiefs (WHL),,0.0,0.0,0.0,0.0,0.0,0.0,,0.0,,,,,,,,,wahlmi01,2008,0,0.0,0.0,0.0,0.0,,
49.0,Phoenix Coyotes,Jared Staal,CA,RW,18.0,2013.0,Sudbury Wolves (OHL),2.0,0.0,0.0,0.0,0.0,0.0,0.0,,-2.0,2.0,,,,,,,-0.1,staalja01,2008,0,0.0,0.0,0.0,-1.0,-0.005000000000000001,
51.0,New York Rangers,Derek Stepan,US,C,18.0,2023.0,Shattuck-St. Mary's School (High-MN),890.0,182.0,0.204494382022472,333.0,0.000229768968564575,515.0,0.578651685393258,,98.0,216.0,,,,,,,56.0,stepade01,2008,0,0.20449438202247192,0.3741573033707865,0.5786516853932584,0.1101123595505618,0.1935674157303371,
54.0,New Jersey Devils,Patrice Cormier,CA,C,18.0,2016.0,Rimouski Oceanic (QMJHL),52.0,1.0,0.0192307692307692,4.0,0.0003698224852071,5.0,0.0961538461538462,,-5.0,18.0,,,,,,,-0.2,cormipa01,2008,0,0.019230769230769232,0.07692307692307693,0.09615384615384616,-0.09615384615384616,0.026442307692307692,
56.0,Montreal Canadiens,Danny Kristo,US,RW,18.0,,USA U-18 Development Team (USDP/NAHL),,0.0,0.0,0.0,0.0,0.0,0.0,,0.0,,,,,,,,,kristda01,2008,0,0.0,0.0,0.0,0.0,,
58.0,Washington Capitals,Dmitry Kugryshev,RU,RW,18.0,,CSKA Moskva 2 (Russia-3),,0.0,0.0,0.0,0.0,0.0,0.0,,0.0,,,,,,,,,kugrydm01,2008,0,0.0,0.0,0.0,0.0,,
60.0,Toronto Maple Leafs,Jimmy Hayes,US,RW,18.0,2018.0,Lincoln Stars (USHL),334.0,54.0,0.161676646706587,55.0,0.000484061816486787,109.0,0.326347305389222,,-29.0,149.0,,,,,,,10.1,hayesji01,2008,0,0.16167664670658682,0.16467065868263472,0.3263473053892216,-0.08682634730538923,0.10172155688622755,
62.0,San Jose Sharks,Justin Daniels,US,C,19.0,,Kent School (High-CT),,0.0,0.0,0.0,0.0,0.0,0.0,,0.0,,,,,,,,,danieju01,2008,0,0.0,0.0,0.0,0.0,,
63.0,Los Angeles Kings,Robert Czarnik,US,C,18.0,,USA U-18 Development Team (USDP/NAHL),,0.0,0.0,0.0,0.0,0.0,0.0,,0.0,,,,,,,,,czarnro01,2008,0,0.0,0.0,0.0,0.0,,
64.0,Atlanta Thrashers,Danick Paquette,CA,RW,18.0,,Lewiston MAINEiacs (QMJHL),,0.0,0.0,0.0,0.0,0.0,0.0,,0.0,,,,,,,,,paqueda01,2008,0,0.0,0.0,0.0,0.0,,
65.0,St. Louis Blues,Jori Lehtera,FI,C,20.0,2019.0,Tappara (Finland),307.0,34.0,0.110749185667752,77.0,0.000360746533119713,111.0,0.361563517915309,,12.0,167.0,,,,,,,9.4,lehtejo01,2008,0,0.11074918566775244,0.250814332247557,0.36156351791530944,0.03908794788273615,0.11946254071661237,
66.0,New York Islanders,David Toews,CA,C,18.0,,Shattuck-St. Mary's School (High-MN),,0.0,0.0,0.0,0.0,0.0,0.0,,0.0,,,,,,,,,toewsda01,2008,0,0.0,0.0,0.0,0.0,,
70.0,St. Louis Blues,James Livingston,CA,RW,18.0,,Soo Greyhounds (OHL),,0.0,0.0,0.0,0.0,0.0,0.0,,0.0,,,,,,,,,livinja01,2008,0,0.0,0.0,0.0,0.0,,
71.0,Anaheim Ducks,Josh Brittain,CA,LW,18.0,,Kingston Frontenacs (OHL),,0.0,0.0,0.0,0.0,0.0,0.0,,0.0,,,,,,,,,brittjo01,2008,0,0.0,0.0,0.0,0.0,,
73.0,New York Islanders,Kirill Petrov,RU,RW,18.0,,Ak Bars Kazan (Russia),,0.0,0.0,0.0,0.0,0.0,0.0,,0.0,,,,,,,,,petroki01,2008,0,0.0,0.0,0.0,0.0,,
75.0,New York Rangers,Evgeny Grachev,RU,C,18.0,2012.0,Lokomotiv Yaroslavl 2 (Russia-3),34.0,1.0,0.0294117647058824,3.0,0.000865051903114188,4.0,0.117647058823529,,-7.0,2.0,,,,,,,-0.2,grachev01,2008,0,0.029411764705882353,0.08823529411764706,0.11764705882352941,-0.20588235294117646,0.02794117647058824,
78.0,Calgary Flames,Lance Bouma,CA,C,18.0,2018.0,Vancouver Giants (WHL),357.0,30.0,0.0840336134453782,46.0,0.000235388272956241,76.0,0.212885154061625,,-7.0,210.0,,,,,,,4.3,boumala01,2008,0,0.08403361344537816,0.12885154061624648,0.21288515406162464,-0.0196078431372549,0.06820728291316527,
79.0,Ottawa Senators,Zack Smith,CA,C,20.0,2020.0,Swift Current Broncos (WHL),662.0,98.0,0.148036253776435,106.0,0.000223619718695521,204.0,0.308157099697885,,-46.0,722.0,,,,,,,14.1,smithza01,2008,0,0.14803625377643503,0.16012084592145015,0.3081570996978852,-0.06948640483383686,0.09667673716012085,
82.0,New Jersey Devils,Adam Henrique,CA,C,18.0,2026.0,Windsor Spitfires (OHL),1020.0,277.0,0.27156862745098,287.0,0.000266243752402922,564.0,0.552941176470588,,-17.0,310.0,,,,,,,61.7,henriad01,2008,0,0.27156862745098037,0.28137254901960784,0.5529411764705883,-0.016666666666666666,0.17887254901960783,
85.0,Anaheim Ducks,Brandon McMillan,CA,LW,18.0,2015.0,Kelowna Rockets (WHL),171.0,14.0,0.0818713450292398,22.0,0.00047877979549263,36.0,0.210526315789474,,-35.0,60.0,,,,,,,0.6,mcmilbr01,2008,0,0.08187134502923976,0.1286549707602339,0.21052631578947367,-0.2046783625730994,0.05818713450292397,
86.0,Montreal Canadiens,Steve Quailer,US,LW,19.0,,Sioux City Musketeers (USHL),,0.0,0.0,0.0,0.0,0.0,0.0,,0.0,,,,,,,,,quailst01,2008,0,0.0,0.0,0.0,0.0,,
87.0,St. Louis Blues,Ian Schultz,CA,RW,18.0,,Calgary Hitmen (WHL),,0.0,0.0,0.0,0.0,0.0,0.0,,0.0,,,,,,,,,schulia01,2008,0,0.0,0.0,0.0,0.0,,
88.0,Los Angeles Kings,Geordie Wudrick,CA,LW,18.0,,Swift Current Broncos (WHL),,0.0,0.0,0.0,0.0,0.0,0.0,,0.0,,,,,,,,,wudrige01,2008,0,0.0,0.0,0.0,0.0,,
89.0,Dallas Stars,Scott Winkler,NO,C,18.0,,Russell Stover (MWEHL),,0.0,0.0,0.0,0.0,0.0,0.0,,0.0,,,,,,,,,winklsc01,2008,0,0.0,0.0,0.0,0.0,,
94.0,Atlanta Thrashers,Vinny Saponari,US,RW,18.0,,USA U-18 Development Team (USDP/NAHL),,0.0,0.0,0.0,0.0,0.0,0.0,,0.0,,,,,,,,,saponvi01,2008,0,0.0,0.0,0.0,0.0,,
97.0,Boston Bruins,Jamie Arniel,CA,C,18.0,2011.0,Sarnia Sting (OHL),1.0,0.0,0.0,0.0,0.0,0.0,0.0,,-1.0,0.0,,,,,,,-0.1,arnieja01,2008,0,0.0,0.0,0.0,-1.0,-0.0025000000000000005,
99.0,Phoenix Coyotes,Colin Long,US,C,19.0,,Kelowna Rockets (WHL),,0.0,0.0,0.0,0.0,0.0,0.0,,0.0,,,,,,,,,longco01,2008,0,0.0,0.0,0.0,0.0,,
100.0,Florida Panthers,A.J. Jenks,US,LW,18.0,,Plymouth Whalers (OHL),,0.0,0.0,0.0,0.0,0.0,0.0,,0.0,,,,,,,,,jenksa.01,2008,0,0.0,0.0,0.0,0.0,,
101.0,Buffalo Sabres,Justin Jokinen,US,RW,18.0,,Cloquet HS (High-MN),,0.0,0.0,0.0,0.0,0.0,0.0,,0.0,,,,,,,,,jokinju02,2008,0,0.0,0.0,0.0,0.0,,
102.0,New York Islanders,David Ullstrom,SE,C,19.0,2013.0,HV71 Jr. (Sweden Jr.),49.0,6.0,0.122448979591837,7.0,0.00249895876718035,13.0,0.26530612244898,,-4.0,12.0,,,,,,,1.1,ullstda01,2008,0,0.12244897959183673,0.14285714285714285,0.2653061224489796,-0.08163265306122448,0.08214285714285716,
108.0,Calgary Flames,Nicholas Larson,US,LW,18.0,,Waterloo Black Hawks (USHL),,0.0,0.0,0.0,0.0,0.0,0.0,,0.0,,,,,,,,,larsoni02,2008,0,0.0,0.0,0.0,0.0,,
109.0,Ottawa Senators,Andre Petersson,SE,RW,18.0,2012.0,HV71 Jr. (Sweden Jr.),1.0,0.0,0.0,0.0,0.0,0.0,0.0,,0.0,0.0,,,,,,,0.0,peteran02,2008,0,0.0,0.0,0.0,0.0,0.0,
110.0,Colorado Avalanche,Kelsey Tessier,CA,C,18.0,,Quebec Remparts (QMJHL),,0.0,0.0,0.0,0.0,0.0,0.0,,0.0,,,,,,,,,tessike01,2008,0,0.0,0.0,0.0,0.0,,
111.0,New York Rangers,Dale Weise,CA,RW,20.0,2020.0,Swift Current Broncos (WHL),513.0,55.0,0.107212475633528,70.0,0.000208991180572179,125.0,0.243664717348928,,6.0,355.0,,,,,,,10.9,weiseda01,2008,0,0.10721247563352826,0.1364522417153996,0.24366471734892786,0.011695906432748537,0.07977582846003899,
117.0,Tampa Bay Lightning,James Wright,CA,C,18.0,2014.0,Vancouver Giants (WHL),146.0,4.0,0.0273972602739726,8.0,0.000187652467629949,12.0,0.0821917808219178,,-19.0,64.0,,,,,,,-1.8,wrighja02,2008,0,0.0273972602739726,0.0547945205479452,0.0821917808219178,-0.13013698630136986,0.02020547945205479,
119.0,Ottawa Senators,Derek Grant,CA,C,18.0,2023.0,Langley (BCHL),427.0,57.0,0.133489461358314,75.0,0.000312621689363733,132.0,0.309133489461358,,-42.0,163.0,,,,,,,8.9,grantde01,2008,0,0.13348946135831383,0.1756440281030445,0.3091334894613583,-0.09836065573770492,0.09555035128805621,
120.0,Pittsburgh Penguins,Nathan Moon,CA,C,18.0,,Kingston Frontenacs (OHL),,0.0,0.0,0.0,0.0,0.0,0.0,,0.0,,,,,,,,,moonna01,2008,0,0.0,0.0,0.0,0.0,,
121.0,Detroit Red Wings,Gustav Nyquist,SE,RW,19.0,2026.0,Malmo Jr. (Sweden Jr.),883.0,209.0,0.236693091732729,328.0,0.000268055596526307,537.0,0.608154020385051,,-31.0,212.0,,,,,,,53.1,nyquigu01,2008,0,0.23669309173272934,0.3714609286523216,0.608154020385051,-0.035107587768969425,0.1958946772366931,
123.0,Los Angeles Kings,Andrei Loktionov,RU,C,18.0,2014.0,Lokomotiv Yaroslavl 2 (Russia-3),155.0,22.0,0.141935483870968,26.0,0.000915712799167535,48.0,0.309677419354839,,-6.0,22.0,,,,,,,4.7,loktian01,2008,0,0.14193548387096774,0.16774193548387098,0.3096774193548387,-0.03870967741935484,0.09870967741935484,
124.0,Atlanta Thrashers,Nicklas Lasu,SE,LW,18.0,,Frolunda HC Jr. (Sweden Jr.),,0.0,0.0,0.0,0.0,0.0,0.0,,0.0,,,,,,,,,lasuni01,2008,0,0.0,0.0,0.0,0.0,,
127.0,Columbus Blue Jackets,Matt Calvert,CA,LW,18.0,2021.0,Brandon Wheat Kings (WHL),566.0,95.0,0.167844522968198,108.0,0.000296545093583389,203.0,0.358657243816254,,-23.0,376.0,,,,,,,17.4,calvema01,2008,0,0.16784452296819788,0.19081272084805653,0.3586572438162544,-0.04063604240282685,0.11453180212014134,
129.0,Toronto Maple Leafs,Joel Champagne,CA,C,18.0,,Chicoutimi Sagueneens (QMJHL),,0.0,0.0,0.0,0.0,0.0,0.0,,0.0,,,,,,,,,champjo01,2008,0,0.0,0.0,0.0,0.0,,
130.0,Toronto Maple Leafs,Jerome Flaake,DE,LW,18.0,,Kolner Haie (Germany),,0.0,0.0,0.0,0.0,0.0,0.0,,0.0,,,,,,,,,flaakje01,2008,0,0.0,0.0,0.0,0.0,,
131.0,Vancouver Canucks,Prab Rai,CA,C,18.0,,Seattle Thunderbirds (WHL),,0.0,0.0,0.0,0.0,0.0,0.0,,0.0,,,,,,,,,raipr01,2008,0,0.0,0.0,0.0,0.0,,
133.0,Edmonton Oilers,Philippe Cornet,CA,LW,18.0,2012.0,Rimouski Oceanic (QMJHL),2.0,0.0,0.0,1.0,0.0,1.0,0.5,,0.0,0.0,,,,,,,0.1,corneph01,2008,0,0.0,0.5,0.5,0.0,0.01625,
134.0,Buffalo Sabres,Jacob Lagace,CA,LW,18.0,,Chicoutimi Sagueneens (QMJHL),,0.0,0.0,0.0,0.0,0.0,0.0,,0.0,,,,,,,,,lagacja01,2008,0,0.0,0.0,0.0,0.0,,
135.0,Columbus Blue Jackets,Tomas Kubalik,CZ,RW,18.0,2012.0,HC Plzen (Czech),12.0,1.0,0.0833333333333333,3.0,0.00694444444444444,4.0,0.333333333333333,,-6.0,6.0,,,,,,,0.0,kubalto01,2008,0,0.08333333333333333,0.25,0.3333333333333333,-0.5,0.05,
136.0,Nashville Predators,Taylor Stefishen,CA,LW,18.0,,Langley (BCHL),,0.0,0.0,0.0,0.0,0.0,0.0,,0.0,,,,,,,,,stefita01,2008,0,0.0,0.0,0.0,0.0,,
138.0,Montreal Canadiens,Maxim Trunev,RU,RW,18.0,,Severstal Cherepovets 2 (Russia-3),,0.0,0.0,0.0,0.0,0.0,0.0,,0.0,,,,,,,,,trunema01,2008,0,0.0,0.0,0.0,0.0,,
140.0,Colorado Avalanche,Mark Olver,CA,C,20.0,2013.0,Northern Michigan (CCHA),74.0,10.0,0.135135135135135,12.0,0.00182615047479912,22.0,0.297297297297297,,-7.0,39.0,,,,,,,1.9,olverma01,2008,0,0.13513513513513514,0.16216216216216217,0.2972972972972973,-0.0945945945945946,0.0918918918918919,
141.0,New York Rangers,Chris Doyle,CA,C,18.0,,Prince Edward Island Rocket (QMJHL),,0.0,0.0,0.0,0.0,0.0,0.0,,0.0,,,,,,,,,doylech01,2008,0,0.0,0.0,0.0,0.0,,
142.0,New Jersey Devils,Kory Nagy,CA,LW,18.0,,Oshawa Generals (OHL),,0.0,0.0,0.0,0.0,0.0,0.0,,0.0,,,,,,,,,nagyko01,2008,0,0.0,0.0,0.0,0.0,,
144.0,Washington Capitals,Joel Broda,CA,C,18.0,,Moose Jaw Warriors (WHL),,0.0,0.0,0.0,0.0,0.0,0.0,,0.0,,,,,,,,,brodajo01,2008,0,0.0,0.0,0.0,0.0,,
145.0,Minnesota Wild,Eero Elo,FI,LW,18.0,,Lukko Jr. (Finland Jr.),,0.0,0.0,0.0,0.0,0.0,0.0,,0.0,,,,,,,,,eloee01,2008,0,0.0,0.0,0.0,0.0,,
147.0,Tampa Bay Lightning,Kyle DeCoste,CA,RW,18.0,,Brampton Battalion (OHL),,0.0,0.0,0.0,0.0,0.0,0.0,,0.0,,,,,,,,,decosky01,2008,0,0.0,0.0,0.0,0.0,,
148.0,New York Islanders,Matt Martin,CA,LW,19.0,2025.0,Sarnia Sting (OHL),987.0,81.0,0.0820668693009119,97.0,8.31477905784315e-05,178.0,0.180344478216819,,-40.0,1168.0,,,,,,,8.4,martima02,2008,0,0.08206686930091185,0.09827760891590678,0.18034447821681865,-0.040526849037487336,0.05658561296859169,
151.0,Detroit Red Wings,Julien Cayer,CA,C,19.0,,Northwood School (High-NY),,0.0,0.0,0.0,0.0,0.0,0.0,,0.0,,,,,,,,,cayerju01,2008,0,0.0,0.0,0.0,0.0,,
153.0,Los Angeles Kings,Justin Azevedo,CA,C,20.0,,Kitchener Rangers (OHL),,0.0,0.0,0.0,0.0,0.0,0.0,,0.0,,,,,,,,,azeveju01,2008,0,0.0,0.0,0.0,0.0,,
155.0,St. Louis Blues,Anthony Nigro,CA,C,18.0,,Guelph Storm (OHL),,0.0,0.0,0.0,0.0,0.0,0.0,,0.0,,,,,,,,,nigroan01,2008,0,0.0,0.0,0.0,0.0,,
157.0,Columbus Blue Jackets,Cam Atkinson,US,RW,19.0,2025.0,Avon Old Farms School (High-CT),809.0,253.0,0.312731767614339,236.0,0.00038656584377545,489.0,0.604449938195303,,-11.0,194.0,,,,,,,56.0,atkinca01,2008,0,0.3127317676143387,0.29171817058096416,0.6044499381953028,-0.013597033374536464,0.19576637824474658,
159.0,Phoenix Coyotes,Brett Hextall,US,C,20.0,,Penticton (BCHL),,0.0,0.0,0.0,0.0,0.0,0.0,,0.0,,,,,,,,,hextabr03,2008,0,0.0,0.0,0.0,0.0,,
161.0,Vancouver Canucks,Mats Froshaug,NO,C,20.0,,Linkoping HC Jr. (Sweden Jr.),,0.0,0.0,0.0,0.0,0.0,0.0,,0.0,,,,,,,,,froshma01,2008,0,0.0,0.0,0.0,0.0,,
163.0,Edmonton Oilers,Teemu Hartikainen,FI,C,18.0,2013.0,KalPa Jr. (Finland Jr.),52.0,6.0,0.115384615384615,7.0,0.0022189349112426,13.0,0.25,,-10.0,16.0,,,,,,,0.5,hartite01,2008,0,0.11538461538461539,0.1346153846153846,0.25,-0.19230769230769232,0.07163461538461538,
168.0,Calgary Flames,Ryley Grantham,CA,C,20.0,,Moose Jaw Warriors (WHL),,0.0,0.0,0.0,0.0,0.0,0.0,,0.0,,,,,,,,,grantry01,2008,0,0.0,0.0,0.0,0.0,,
169.0,Chicago Blackhawks,Ben Smith,US,RW,20.0,2017.0,Boston College (H-East),237.0,29.0,0.122362869198312,25.0,0.000516299026153215,54.0,0.227848101265823,,-3.0,8.0,,,,,,,3.8,smithbe01,2008,0,0.12236286919831224,0.10548523206751055,0.22784810126582278,-0.012658227848101266,0.07341772151898734,
172.0,New Jersey Devils,David Wohlberg,US,C,18.0,,USA U-18 Development Team (USDP/NAHL),,0.0,0.0,0.0,0.0,0.0,0.0,,0.0,,,,,,,,,wohlbda01,2008,0,0.0,0.0,0.0,0.0,,
173.0,Boston Bruins,Nick Tremblay,CA,C,20.0,,Smiths Falls (CJHL),,0.0,0.0,0.0,0.0,0.0,0.0,,0.0,,,,,,,,,trembni02,2008,0,0.0,0.0,0.0,0.0,,
174.0,Washington Capitals,Greg Burke,US,LW,18.0,,New Hampshire (EJHL),,0.0,0.0,0.0,0.0,0.0,0.0,,0.0,,,,,,,,,burkegr01,2008,0,0.0,0.0,0.0,0.0,,
175.0,New York Islanders,Justin Dibenedetto,CA,C,20.0,2011.0,Sarnia Sting (OHL),8.0,0.0,0.0,1.0,0.0,1.0,0.125,,-2.0,2.0,,,,,,,-0.1,dibenju01,2008,0,0.0,0.125,0.125,-0.25,0.011250000000000001,
176.0,Dallas Stars,Matthew Tassone,CA,C,18.0,,Swift Current Broncos (WHL),,0.0,0.0,0.0,0.0,0.0,0.0,,0.0,,,,,,,,,tassoma01,2008,0,0.0,0.0,0.0,0.0,,
177.0,San Jose Sharks,Tommy Wingels,US,C,20.0,2018.0,Miami (Ohio) (CCHA),448.0,62.0,0.138392857142857,81.0,0.00030891262755102,143.0,0.319196428571429,,-39.0,254.0,,,,,,,11.0,wingeto01,2008,0,0.13839285714285715,0.18080357142857142,0.31919642857142855,-0.08705357142857142,0.09938616071428572,
178.0,Philadelphia Flyers,Zac Rinaldo,CA,C,18.0,2021.0,Mississauga St. Michael's Majors (OHL),374.0,18.0,0.0481283422459893,24.0,0.000128685407074838,42.0,0.112299465240642,,-43.0,758.0,,,,,,,-0.7,rinalza01,2008,0,0.0481283422459893,0.06417112299465241,0.11229946524064172,-0.11497326203208556,0.03074866310160428,
181.0,Detroit Red Wings,Stephen Johnston,CA,LW,18.0,,Belleville Bulls (OHL),,0.0,0.0,0.0,0.0,0.0,0.0,,0.0,,,,,,,,,johnsst02,2008,0,0.0,0.0,0.0,0.0,,
182.0,Tampa Bay Lightning,Matias Sointu,FI,RW,18.0,,Ilves Jr. (Finland Jr.),,0.0,0.0,0.0,0.0,0.0,0.0,,0.0,,,,,,,,,sointma01,2008,0,0.0,0.0,0.0,0.0,,
183.0,Los Angeles Kings,Garrett Roe,US,LW,20.0,,St. Cloud State (WCHA),,0.0,0.0,0.0,0.0,0.0,0.0,,0.0,,,,,,,,,roega01,2008,0,0.0,0.0,0.0,0.0,,
187.0,Columbus Blue Jackets,Sean Collins,CA,C,19.0,2016.0,Waywayseecappo (MJHL),21.0,0.0,0.0,3.0,0.0,3.0,0.142857142857143,,-2.0,10.0,,,,,,,-0.1,collise02,2008,0,0.0,0.14285714285714285,0.14285714285714285,-0.09523809523809523,0.04166666666666667,
194.0,San Jose Sharks,Drew Daniels,US,RW,19.0,,Kent School (High-CT),,0.0,0.0,0.0,0.0,0.0,0.0,,0.0,,,,,,,,,daniedr01,2008,0,0.0,0.0,0.0,0.0,,
195.0,Carolina Hurricanes,Samuel Morneau,CA,LW,18.0,,Baie-Comeau Drakkar (QMJHL),,0.0,0.0,0.0,0.0,0.0,0.0,,0.0,,,,,,,,,mornesa01,2008,0,0.0,0.0,0.0,0.0,,
197.0,Boston Bruins,Mark Goggin,US,C,18.0,,Choate-Rosemary Hall (High-CT),,0.0,0.0,0.0,0.0,0.0,0.0,,0.0,,,,,,,,,goggima01,2008,0,0.0,0.0,0.0,0.0,,
199.0,Ottawa Senators,Emil Sandin,SE,LW,20.0,,Brynas IF (Sweden),,0.0,0.0,0.0,0.0,0.0,0.0,,0.0,,,,,,,,,sandiem01,2008,0,0.0,0.0,0.0,0.0,,
200.0,Colorado Avalanche,Nathan Condon,US,C,18.0,,Wausau West HS (High-WI),,0.0,0.0,0.0,0.0,0.0,0.0,,0.0,,,,,,,,,condona01,2008,0,0.0,0.0,0.0,0.0,,
201.0,Nashville Predators,Jani Lajunen,FI,C,18.0,,Blues Jr. (Finland Jr.),,0.0,0.0,0.0,0.0,0.0,0.0,,0.0,,,,,,,,,lajunja01,2008,0,0.0,0.0,0.0,0.0,,
204.0,Washington Capitals,Stefan Della Rovere,CA,LW,18.0,2011.0,Barrie Colts (OHL),7.0,0.0,0.0,0.0,0.0,0.0,0.0,,0.0,11.0,,,,,,,-0.1,dellast01,2008,0,0.0,0.0,0.0,0.0,0.0,
205.0,New Jersey Devils,Jean-Sebastien Berube,CA,LW,18.0,,Rouyn-Noranda Huskies (QMJHL),,0.0,0.0,0.0,0.0,0.0,0.0,,0.0,,,,,,,,,berubje01,2008,0,0.0,0.0,0.0,0.0,,
206.0,Montreal Canadiens,Patrick Johnson,US,LW,19.0,,Wisconsin (WCHA),,0.0,0.0,0.0,0.0,0.0,0.0,,0.0,,,,,,,,,johnspa01,2008,0,0.0,0.0,0.0,0.0,,
211.0,Detroit Red Wings,Jesper Samuelsson,SE,C,20.0,,HC Vita Hasten (Sweden-3),,0.0,0.0,0.0,0.0,0.0,0.0,,0.0,,,,,,,,,samueje01,2008,0,0.0,0.0,0.0,0.0,,
1.0,Chicago Blackhawks,Patrick Kane,US,RW,18.0,2026.0,London Knights (OHL),1320.0,495.0,0.375,864.0,0.000284090909090909,1359.0,1.02954545454545,,-12.0,458.0,,,,,,,149.5,kanepa01,2007,0,0.375,0.6545454545454545,1.0295454545454545,-0.00909090909090909,0.3341477272727273,
2.0,Philadelphia Flyers,James van Riemsdyk,US,LW,18.0,2026.0,USA U-18 Development Team (USDP/NAHL),1103.0,331.0,0.300090661831369,339.0,0.000272067689783653,670.0,0.607434270172257,,-78.0,425.0,,,,,,,73.0,vanrija01,2007,0,0.300090661831369,0.3073436083408885,0.6074342701722575,-0.07071622846781506,0.19388032638259295,
3.0,Phoenix Coyotes,Kyle Turris,CA,C,18.0,2022.0,Burnaby (BCHL),776.0,168.0,0.216494845360825,257.0,0.000278988202784568,425.0,0.547680412371134,,-7.0,343.0,,,,,,,42.0,turriky01,2007,0,0.21649484536082475,0.33118556701030927,0.5476804123711341,-0.00902061855670103,0.1775451030927835,
6.0,Edmonton Oilers,Sam Gagner,CA,C,18.0,2024.0,London Knights (OHL),1043.0,197.0,0.188878235858102,332.0,0.000181091309547557,529.0,0.5071907957814,,-139.0,450.0,,,,,,,45.7,gagnesa01,2007,0,0.18887823585810162,0.31831255992329816,0.5071907957813998,-0.1332694151486098,0.15817353787152444,
7.0,Columbus Blue Jackets,Jakub Voracek,CZ,RW,18.0,2023.0,Halifax Mooseheads (QMJHL),1058.0,223.0,0.210775047258979,583.0,0.000199220271511322,806.0,0.761814744801512,,-36.0,525.0,,,,,,,76.4,voracja01,2007,0,0.2107750472589792,0.5510396975425331,0.7618147448015122,-0.034026465028355386,0.2458884688090737,
8.0,Boston Bruins,Zach Hamill,CA,C,18.0,2012.0,Everett Silvertips (WHL),20.0,0.0,0.0,4.0,0.0,4.0,0.2,,5.0,4.0,,,,,,,0.2,hamilza01,2007,0,0.0,0.2,0.2,0.25,0.0775,
9.0,San Jose Sharks,Logan Couture,CA,C,18.0,2024.0,Ottawa 67's (OHL),933.0,323.0,0.346195069667738,378.0,0.000371055808861456,701.0,0.751339764201501,,0.0,255.0,,,,,,,81.0,coutulo01,2007,0,0.3461950696677385,0.40514469453376206,0.7513397642015005,0.0,0.24418542336548768,
13.0,St. Louis Blues,Lars Eller,DK,C,18.0,2026.0,Frolunda HC Jr. (Sweden Jr.),1142.0,190.0,0.166374781085814,240.0,0.000145687198849224,430.0,0.376532399299475,,-35.0,641.0,,,,,,,34.3,ellerla01,2007,0,0.16637478108581435,0.21015761821366025,0.37653239929947463,-0.03064798598949212,0.12084063047285465,
16.0,Minnesota Wild,Colton Gillies,CA,LW,18.0,2013.0,Saskatoon Blades (WHL),154.0,6.0,0.038961038961039,12.0,0.000252993759487266,18.0,0.116883116883117,,-12.0,72.0,,,,,,,-0.1,gillico01,2007,0,0.03896103896103896,0.07792207792207792,0.11688311688311688,-0.07792207792207792,0.03409090909090909,
17.0,New York Rangers,Alexei Cherepanov,RU,RW,18.0,,Avangard Omsk (Russia),,0.0,0.0,0.0,0.0,0.0,0.0,,0.0,,,,,,,,,chereal01,2007,0,0.0,0.0,0.0,0.0,,
19.0,Anaheim Ducks,Logan MacMillan,CA,C,18.0,,Halifax Mooseheads (QMJHL),,0.0,0.0,0.0,0.0,0.0,0.0,,0.0,,,,,,,,,macmilo01,2007,0,0.0,0.0,0.0,0.0,,
20.0,Pittsburgh Penguins,Angelo Esposito,CA,C,18.0,,Quebec Remparts (QMJHL),,0.0,0.0,0.0,0.0,0.0,0.0,,0.0,,,,,,,,,esposan01,2007,0,0.0,0.0,0.0,0.0,,
21.0,Edmonton Oilers,Riley Nash,CA,C,18.0,2024.0,Salmon Arm (BCHL),628.0,63.0,0.10031847133758,113.0,0.000159742788754108,176.0,0.280254777070064,,-11.0,144.0,,,,,,,12.9,nashri02,2007,0,0.10031847133757962,0.17993630573248406,0.2802547770700637,-0.01751592356687898,0.09020700636942676,
22.0,Montreal Canadiens,Max Pacioretty,US,LW,18.0,2025.0,Sioux City Musketeers (USHL),939.0,335.0,0.356762513312034,346.0,0.000379938778820058,681.0,0.725239616613419,,53.0,509.0,,,,,,,85.5,pacioma01,2007,0,0.35676251331203407,0.36847710330138445,0.7252396166134185,0.05644302449414271,0.23852502662406816,
24.0,Calgary Flames,Mikael Backlund,SE,C,18.0,2026.0,VIK Vasteras HK (Sweden-2),1094.0,219.0,0.20018281535649,358.0,0.000182982463762788,577.0,0.527422303473492,,71.0,491.0,,,,,,,54.4,backlmi01,2007,0,0.20018281535648993,0.3272394881170018,0.5274223034734917,0.06489945155393052,0.17465722120658134,
25.0,Vancouver Canucks,Patrick White,US,C,18.0,,Tri-City Storm (USHL),,0.0,0.0,0.0,0.0,0.0,0.0,,0.0,,,,,,,,,whitepa01,2007,0,0.0,0.0,0.0,0.0,,
26.0,St. Louis Blues,David Perron,CA,LW,19.0,2026.0,Lewiston MAINEiacs (QMJHL),1200.0,322.0,0.268333333333333,475.0,0.000223611111111111,797.0,0.664166666666667,,-5.0,845.0,,,,,,,84.7,perroda01,2007,0,0.2683333333333333,0.3958333333333333,0.6641666666666667,-0.004166666666666667,0.21564583333333331,
29.0,Ottawa Senators,Jim O'Brien,US,C,18.0,2018.0,Minnesota (WCHA),77.0,8.0,0.103896103896104,5.0,0.00134930005059875,13.0,0.168831168831169,,-4.0,16.0,,,,,,,0.7,obrieji01,2007,0,0.1038961038961039,0.06493506493506493,0.16883116883116883,-0.05194805194805195,0.052272727272727276,
32.0,Phoenix Coyotes,Brett Maclean,CA,LW,18.0,2012.0,Oshawa Generals (OHL),18.0,2.0,0.111111111111111,3.0,0.00617283950617283,5.0,0.277777777777778,,1.0,4.0,,,,,,,0.5,maclebr02,2007,0,0.1111111111111111,0.16666666666666666,0.2777777777777778,0.05555555555555555,0.08375,
37.0,Columbus Blue Jackets,Stefan Legein,CA,RW,18.0,,Mississagua IceDogs (OHL),,0.0,0.0,0.0,0.0,0.0,0.0,,0.0,,,,,,,,,legeist01,2007,0,0.0,0.0,0.0,0.0,,
38.0,Chicago Blackhawks,Bill Sweatt,US,LW,18.0,2013.0,Colorado College (WCHA),3.0,0.0,0.0,0.0,0.0,0.0,0.0,,-1.0,0.0,,,,,,,-0.1,sweatbi01,2007,0,0.0,0.0,0.0,-0.3333333333333333,-0.0025,
39.0,St. Louis Blues,Simon Hjalmarsson,SE,RW,18.0,,Frolunda HC Jr. (Sweden Jr.),,0.0,0.0,0.0,0.0,0.0,0.0,,0.0,,,,,,,,,hjalmsi01,2007,0,0.0,0.0,0.0,0.0,,
40.0,Florida Panthers,Michal Repik,CZ,RW,18.0,2012.0,Vancouver Giants (WHL),72.0,9.0,0.125,11.0,0.00173611111111111,20.0,0.277777777777778,,-7.0,36.0,,,,,,,1.6,repikmi01,2007,0,0.125,0.1527777777777778,0.2777777777777778,-0.09722222222222222,0.08541666666666667,
42.0,Anaheim Ducks,Eric Tangradi,US,C,18.0,2019.0,Belleville Bulls (OHL),150.0,5.0,0.0333333333333333,11.0,0.000222222222222222,16.0,0.106666666666667,,-22.0,86.0,,,,,,,-1.2,tangrer01,2007,0,0.03333333333333333,0.07333333333333333,0.10666666666666667,-0.14666666666666667,0.02733333333333333,
44.0,St. Louis Blues,Aaron Palushaj,US,RW,18.0,2014.0,Des Moines Buccaneers (USHL),68.0,3.0,0.0441176470588235,11.0,0.00064878892733564,14.0,0.205882352941176,,-1.0,18.0,,,,,,,0.8,palusaa01,2007,0,0.04411764705882353,0.16176470588235295,0.20588235294117646,-0.014705882352941176,0.0661764705882353,
50.0,Dallas Stars,Nico Sacchetti,US,C,18.0,,Virginia HS (High-MN),,0.0,0.0,0.0,0.0,0.0,0.0,,0.0,,,,,,,,,sacchni01,2007,0,0.0,0.0,0.0,0.0,,
51.0,Pittsburgh Penguins,Keven Veilleux,CA,C,18.0,,Victoriaville Tigres (QMJHL),,0.0,0.0,0.0,0.0,0.0,0.0,,0.0,,,,,,,,,veillke01,2007,0,0.0,0.0,0.0,0.0,,
52.0,Los Angeles Kings,Oscar Moller,SE,C,18.0,2011.0,Chilliwack Bruins (WHL),87.0,12.0,0.137931034482759,14.0,0.001585414189457,26.0,0.298850574712644,,-10.0,22.0,,,,,,,2.1,molleos01,2007,0,0.13793103448275862,0.16091954022988506,0.2988505747126437,-0.11494252873563218,0.0913793103448276,
55.0,Colorado Avalanche,T.J. Galiardi,CA,LW,19.0,2015.0,Dartmouth (ECAC),321.0,44.0,0.137071651090343,61.0,0.000427014489378016,105.0,0.327102803738318,,-32.0,136.0,,,,,,,7.0,galiatj01,2007,0,0.13707165109034267,0.19003115264797507,0.32710280373831774,-0.09968847352024922,0.10132398753894081,
56.0,Chicago Blackhawks,Akim Aliu,NG,RW,18.0,2013.0,Sudbury Wolves (OHL),7.0,2.0,0.285714285714286,1.0,0.0408163265306123,3.0,0.428571428571429,,1.0,26.0,,,,,,,0.5,aliuak01,2007,0,0.2857142857142857,0.14285714285714285,0.42857142857142855,0.14285714285714285,0.05125,
57.0,New Jersey Devils,Mike Hoeffel,US,LW,18.0,,USA U-18 Development Team (USDP/NAHL),,0.0,0.0,0.0,0.0,0.0,0.0,,0.0,,,,,,,,,hoeffmi01,2007,0,0.0,0.0,0.0,0.0,,
58.0,Nashville Predators,Nick Spaling,CA,C,18.0,2016.0,Kitchener Rangers (OHL),437.0,52.0,0.118993135011442,72.0,0.000272295503458677,124.0,0.283752860411899,,-26.0,120.0,,,,,,,7.5,spalini01,2007,0,0.11899313501144165,0.16475972540045766,0.2837528604118993,-0.059496567505720827,0.08924485125858124,
60.0,Ottawa Senators,Ruslan Bashkirov,RU,LW,18.0,,Quebec Remparts (QMJHL),,0.0,0.0,0.0,0.0,0.0,0.0,,0.0,,,,,,,,,bashkru01,2007,0,0.0,0.0,0.0,0.0,,
61.0,Los Angeles Kings,Wayne Simmonds,CA,RW,19.0,2023.0,Owen Sound Attack (OHL),1037.0,263.0,0.253616200578592,263.0,0.000244567213672702,526.0,0.507232401157184,,-92.0,1313.0,,,,,,,55.2,simmowa01,2007,0,0.2536162005785921,0.2536162005785921,0.5072324011571842,-0.08871745419479267,0.16041465766634522,
63.0,Anaheim Ducks,Maxime Macenauer,CA,C,18.0,2012.0,Rouyn-Noranda Huskies (QMJHL),29.0,1.0,0.0344827586206897,3.0,0.00118906064209275,4.0,0.137931034482759,,-4.0,18.0,,,,,,,-0.1,macenma01,2007,0,0.034482758620689655,0.10344827586206896,0.13793103448275862,-0.13793103448275862,0.03793103448275862,
64.0,Dallas Stars,Sergei Korostin,RU,RW,18.0,,Dynamo Moskva (Russia),,0.0,0.0,0.0,0.0,0.0,0.0,,0.0,,,,,,,,,korosse01,2007,0,0.0,0.0,0.0,0.0,,
65.0,Montreal Canadiens,Olivier Fortier,CA,C,18.0,,Rimouski Oceanic (QMJHL),,0.0,0.0,0.0,0.0,0.0,0.0,,0.0,,,,,,,,,fortiol01,2007,0,0.0,0.0,0.0,0.0,,
66.0,Philadelphia Flyers,Garrett Klotz,CA,LW,18.0,,Saskatoon Blades (WHL),,0.0,0.0,0.0,0.0,0.0,0.0,,0.0,,,,,,,,,klotzga01,2007,0,0.0,0.0,0.0,0.0,,
67.0,Atlanta Thrashers,Spencer Machacek,CA,RW,18.0,2012.0,Vancouver Giants (WHL),25.0,2.0,0.08,7.0,0.0032,9.0,0.36,,6.0,7.0,,,,,,,1.1,machasp01,2007,0,0.08,0.28,0.36,0.24,0.129,
69.0,Chicago Blackhawks,Maxime Tanguay,CA,C,18.0,,Rimouski Oceanic (QMJHL),,0.0,0.0,0.0,0.0,0.0,0.0,,0.0,,,,,,,,,tanguma01,2007,0,0.0,0.0,0.0,0.0,,
71.0,Florida Panthers,Evgenii Dadonov,RU,RW,18.0,2026.0,Traktor Chelyabinsk (Russia),622.0,163.0,0.262057877813505,198.0,0.000421314916098883,361.0,0.580385852090032,,-27.0,100.0,,,,,,,34.8,dadonev01,2007,0,0.2620578778135048,0.3183279742765273,0.5803858520900321,-0.04340836012861737,0.18645498392282958,
74.0,Toronto Maple Leafs,Dale Mitchell,CA,RW,18.0,,Oshawa Generals (OHL),,0.0,0.0,0.0,0.0,0.0,0.0,,0.0,,,,,,,,,mitchda01,2007,0,0.0,0.0,0.0,0.0,,
75.0,Tampa Bay Lightning,Luca Cunti,CH,C,18.0,,GCK Lions Jr. (Sweden Jr.),,0.0,0.0,0.0,0.0,0.0,0.0,,0.0,,,,,,,,,cuntilu01,2007,0,0.0,0.0,0.0,0.0,,
76.0,New York Islanders,Jason Gregoire,CA,LW,18.0,,Lincoln Stars (USHL),,0.0,0.0,0.0,0.0,0.0,0.0,,0.0,,,,,,,,,gregoja01,2007,0,0.0,0.0,0.0,0.0,,
77.0,Tampa Bay Lightning,Alex Killorn,CA,C,18.0,2026.0,Deerfield Academy (High-MA),976.0,236.0,0.241803278688525,311.0,0.000247749260951358,547.0,0.560450819672131,,92.0,573.0,,,,,,,54.1,killoal01,2007,0,0.24180327868852458,0.31864754098360654,0.5604508196721312,0.0942622950819672,0.18685963114754098,
79.0,New Jersey Devils,Nick Palmieri,US,RW,18.0,2012.0,Erie Otters (OHL),87.0,13.0,0.149425287356322,12.0,0.00171753203857841,25.0,0.28735632183908,,-1.0,20.0,,,,,,,2.7,palmini01,2007,0,0.14942528735632185,0.13793103448275862,0.28735632183908044,-0.011494252873563218,0.092816091954023,
80.0,Pittsburgh Penguins,Casey Pierro-Zabotel,CA,C,18.0,,Merritt (BCHL),,0.0,0.0,0.0,0.0,0.0,0.0,,0.0,,,,,,,,,pierrca01,2007,0,0.0,0.0,0.0,0.0,,
81.0,Nashville Predators,Ryan Thang,US,LW,20.0,2012.0,Notre Dame (CCHA),1.0,0.0,0.0,0.0,0.0,0.0,0.0,,0.0,0.0,,,,,,,0.0,thangry01,2007,0,0.0,0.0,0.0,0.0,0.0,
82.0,Los Angeles Kings,Bryan Cameron,CA,RW,18.0,,Belleville Bulls (OHL),,0.0,0.0,0.0,0.0,0.0,0.0,,0.0,,,,,,,,,camerbr01,2007,0,0.0,0.0,0.0,0.0,,
84.0,Washington Capitals,Phil Desimone,US,C,20.0,,Sioux City Musketeers (USHL),,0.0,0.0,0.0,0.0,0.0,0.0,,0.0,,,,,,,,,desimph01,2007,0,0.0,0.0,0.0,0.0,,
88.0,Detroit Red Wings,Joakim Andersson,SE,C,18.0,2016.0,Frolunda HC Jr. (Sweden Jr.),205.0,15.0,0.0731707317073171,21.0,0.000356930398572279,36.0,0.175609756097561,,-11.0,48.0,,,,,,,1.2,anderjo03,2007,0,0.07317073170731707,0.1024390243902439,0.17560975609756097,-0.05365853658536585,0.05439024390243902,
89.0,Buffalo Sabres,Corey Tropp,US,RW,18.0,2017.0,Sioux Falls Stampede (USHL),149.0,6.0,0.0402684563758389,21.0,0.00027025809648214,27.0,0.181208053691275,,-12.0,133.0,,,,,,,0.8,troppco01,2007,0,0.040268456375838924,0.14093959731543623,0.18120805369127516,-0.08053691275167785,0.054865771812080535,
92.0,Anaheim Ducks,Justin Vaive,US,LW,18.0,,USA U-18 Development Team (USDP/NAHL),,0.0,0.0,0.0,0.0,0.0,0.0,,0.0,,,,,,,,,vaiveju01,2007,0,0.0,0.0,0.0,0.0,,
94.0,Columbus Blue Jackets,Maksim Mayorov,RU,LW,18.0,2012.0,Neftyanik Leninogorsk (Russia-2),22.0,2.0,0.0909090909090909,1.0,0.00413223140495868,3.0,0.136363636363636,,-4.0,2.0,,,,,,,0.0,mayorma01,2007,0,0.09090909090909091,0.045454545454545456,0.13636363636363635,-0.18181818181818182,0.035227272727272725,
97.0,Edmonton Oilers,Linus Omark,SE,LW,20.0,2014.0,Lulea HF (Sweden),79.0,8.0,0.10126582278481,24.0,0.00128184585803557,32.0,0.405063291139241,,-27.0,40.0,,,,,,,1.3,omarkli01,2007,0,0.10126582278481013,0.3037974683544304,0.4050632911392405,-0.34177215189873417,0.11455696202531646,
99.0,Toronto Maple Leafs,Matt Frattin,CA,RW,19.0,2015.0,Fort Saskatchewan (AJHL),135.0,17.0,0.125925925925926,18.0,0.000932784636488341,35.0,0.259259259259259,,-3.0,44.0,,,,,,,2.8,frattma01,2007,0,0.1259259259259259,0.13333333333333333,0.25925925925925924,-0.022222222222222223,0.08314814814814815,
101.0,Florida Panthers,Matt Rust,US,C,18.0,,USA U-18 Development Team (USDP/NAHL),,0.0,0.0,0.0,0.0,0.0,0.0,,0.0,,,,,,,,,rustma01,2007,0,0.0,0.0,0.0,0.0,,
102.0,Carolina Hurricanes,Justin McCrae,CA,C,18.0,,Saskatoon Blades (WHL),,0.0,0.0,0.0,0.0,0.0,0.0,,0.0,,,,,,,,,mccraju01,2007,0,0.0,0.0,0.0,0.0,,
103.0,Phoenix Coyotes,Vladimir Ruzicka,CZ,C,18.0,,HC Slavia Praha Jr. (Czech Jr.),,0.0,0.0,0.0,0.0,0.0,0.0,,0.0,,,,,,,,,ruzicvl02,2007,0,0.0,0.0,0.0,0.0,,
104.0,Toronto Maple Leafs,Ben Winnett,CA,LW,18.0,,Salmon Arm (BCHL),,0.0,0.0,0.0,0.0,0.0,0.0,,0.0,,,,,,,,,winnebe01,2007,0,0.0,0.0,0.0,0.0,,
106.0,New York Islanders,Maxim Gratchev,RU,LW,18.0,,Rimouski Oceanic (QMJHL),,0.0,0.0,0.0,0.0,0.0,0.0,,0.0,,,,,,,,,gratcma01,2007,0,0.0,0.0,0.0,0.0,,
107.0,Tampa Bay Lightning,Mitch Fadden,CA,C,19.0,,Lethbridge Hurricanes (WHL),,0.0,0.0,0.0,0.0,0.0,0.0,,0.0,,,,,,,,,faddemi01,2007,0,0.0,0.0,0.0,0.0,,
108.0,Washington Capitals,Brett Bruneteau,US,C,18.0,,Omaha Lancers (USHL),,0.0,0.0,0.0,0.0,0.0,0.0,,0.0,,,,,,,,,brunebr01,2007,0,0.0,0.0,0.0,0.0,,
109.0,Los Angeles Kings,Dwight King,CA,LW,18.0,2017.0,Lethbridge Hurricanes (WHL),365.0,53.0,0.145205479452055,56.0,0.000397823231375493,109.0,0.298630136986301,,3.0,98.0,,,,,,,10.3,kingdw01,2007,0,0.14520547945205478,0.15342465753424658,0.29863013698630136,0.00821917808219178,0.09746575342465755,
111.0,Pittsburgh Penguins,Luca Caputi,CA,LW,18.0,2011.0,Mississagua IceDogs (OHL),35.0,3.0,0.0857142857142857,6.0,0.00244897959183673,9.0,0.257142857142857,,-4.0,20.0,,,,,,,0.3,caputlu01,2007,0,0.08571428571428572,0.17142857142857143,0.2571428571428571,-0.11428571428571428,0.07785714285714286,
114.0,Nashville Predators,Ben Ryan,US,C,18.0,,Des Moines Buccaneers (USHL),,0.0,0.0,0.0,0.0,0.0,0.0,,0.0,,,,,,,,,ryanbe01,2007,0,0.0,0.0,0.0,0.0,,
115.0,Atlanta Thrashers,Niclas Lucenius,FI,C,18.0,,Tappara (Finland),,0.0,0.0,0.0,0.0,0.0,0.0,,0.0,,,,,,,,,lucenni01,2007,0,0.0,0.0,0.0,0.0,,
117.0,New Jersey Devils,Matt Halischuk,CA,RW,19.0,2016.0,Kitchener Rangers (OHL),280.0,33.0,0.117857142857143,42.0,0.000420918367346939,75.0,0.267857142857143,,13.0,57.0,,,,,,,7.4,halisma01,2007,0,0.11785714285714285,0.15,0.26785714285714285,0.04642857142857143,0.08937500000000001,
119.0,Nashville Predators,Mark Santorelli,CA,C,19.0,,Chilliwack Bruins (WHL),,0.0,0.0,0.0,0.0,0.0,0.0,,0.0,,,,,,,,,santoma01,2007,0,0.0,0.0,0.0,0.0,,
122.0,Philadelphia Flyers,Mario Kempe,SE,C,18.0,2019.0,St. John's Fog Devils (QMJHL),70.0,6.0,0.0857142857142857,7.0,0.00122448979591837,13.0,0.185714285714286,,4.0,22.0,,,,,,,1.1,kempema01,2007,0,0.08571428571428572,0.1,0.18571428571428572,0.05714285714285714,0.06321428571428572,
125.0,Washington Capitals,Brett Leffler,CA,RW,18.0,,Regina Pats (WHL),,0.0,0.0,0.0,0.0,0.0,0.0,,0.0,,,,,,,,,lefflbr01,2007,0,0.0,0.0,0.0,0.0,,
127.0,Edmonton Oilers,Milan Kytnar,SK,C,18.0,2012.0,HC Topolcany (Slovakia-2),1.0,0.0,0.0,0.0,0.0,0.0,0.0,,0.0,0.0,,,,,,,0.0,kytnami01,2007,0,0.0,0.0,0.0,0.0,0.0,
128.0,Dallas Stars,Austin Smith,US,RW,18.0,,The Gunnery (High-CT),,0.0,0.0,0.0,0.0,0.0,0.0,,0.0,,,,,,,,,smithau01,2007,0,0.0,0.0,0.0,0.0,,
129.0,Dallas Stars,Jamie Benn,CA,LW,18.0,2026.0,Victoria (BCHL),1200.0,402.0,0.335,560.0,0.000279166666666667,962.0,0.801666666666667,,82.0,883.0,,,,,,,112.2,bennja01,2007,0,0.335,0.4666666666666667,0.8016666666666666,0.06833333333333333,0.26395833333333335,
132.0,Carolina Hurricanes,Chris Terry,CA,LW,18.0,2017.0,Plymouth Whalers (OHL),152.0,22.0,0.144736842105263,16.0,0.000952216066481993,38.0,0.25,,-21.0,34.0,,,,,,,3.4,terrych01,2007,0,0.14473684210526316,0.10526315789473684,0.25,-0.13815789473684212,0.0743421052631579,
135.0,Colorado Avalanche,Paul Carey,US,C,18.0,2020.0,Salisbury School (High-CT),100.0,8.0,0.08,8.0,0.0008,16.0,0.16,,-12.0,20.0,,,,,,,0.5,careypa01,2007,0,0.08,0.08,0.16,-0.12,0.046000000000000006,
136.0,Dallas Stars,Ondrej Roman,CZ,C,18.0,,Spokane Chiefs (WHL),,0.0,0.0,0.0,0.0,0.0,0.0,,0.0,,,,,,,,,romanon01,2007,0,0.0,0.0,0.0,0.0,,
137.0,Los Angeles Kings,Joshua Turnbull,US,C,19.0,,Waterloo Black Hawks (USHL),,0.0,0.0,0.0,0.0,0.0,0.0,,0.0,,,,,,,,,turnbjo01,2007,0,0.0,0.0,0.0,0.0,,
138.0,New York Rangers,Max Campbell,CA,C,18.0,,Strathroy (WOHL),,0.0,0.0,0.0,0.0,0.0,0.0,,0.0,,,,,,,,,campbma01,2007,0,0.0,0.0,0.0,0.0,,
140.0,Minnesota Wild,Cody Almond,CA,C,18.0,2012.0,Kelowna Rockets (WHL),25.0,2.0,0.08,0.0,0.0032,2.0,0.08,,-8.0,26.0,,,,,,,-0.2,almonco01,2007,0,0.08,0.0,0.08,-0.32,0.010000000000000002,
142.0,Montreal Canadiens,Andrew Conboy,US,LW,19.0,,Omaha Lancers (USHL),,0.0,0.0,0.0,0.0,0.0,0.0,,0.0,,,,,,,,,conboan01,2007,0,0.0,0.0,0.0,0.0,,
143.0,Calgary Flames,Mickey Renaud,CA,C,18.0,,Windsor Spitfires (OHL),,0.0,0.0,0.0,0.0,0.0,0.0,,0.0,,,,,,,,,renaumi01,2007,0,0.0,0.0,0.0,0.0,,
144.0,Nashville Predators,Andreas Thuresson,SE,C,19.0,2011.0,Malmo (Sweden-2),25.0,1.0,0.04,2.0,0.0016,3.0,0.12,,-6.0,6.0,,,,,,,-0.2,thurean01,2007,0,0.04,0.08,0.12,-0.24,0.027,
145.0,Vancouver Canucks,Charles-Antoine Messier,CA,C,18.0,,Baie-Comeau Drakkar (QMJHL),,0.0,0.0,0.0,0.0,0.0,0.0,,0.0,,,,,,,,,messich01,2007,0,0.0,0.0,0.0,0.0,,
146.0,Vancouver Canucks,Ilja Kablukov,RU,C,19.0,,CSKA Moskva 2 (Russia-3),,0.0,0.0,0.0,0.0,0.0,0.0,,0.0,,,,,,,,,kabluil01,2007,0,0.0,0.0,0.0,0.0,,
147.0,Buffalo Sabres,Jean-Simon Allard,CA,C,18.0,,St. John's Fog Devils (QMJHL),,0.0,0.0,0.0,0.0,0.0,0.0,,0.0,,,,,,,,,allarje01,2007,0,0.0,0.0,0.0,0.0,,
148.0,Detroit Red Wings,Randy Cameron,CA,C,18.0,,Moncton Wildcats (QMJHL),,0.0,0.0,0.0,0.0,0.0,0.0,,0.0,,,,,,,,,camerra01,2007,0,0.0,0.0,0.0,0.0,,
149.0,Dallas Stars,Michael Neal,CA,LW,18.0,,Belleville Bulls (OHL),,0.0,0.0,0.0,0.0,0.0,0.0,,0.0,,,,,,,,,nealmi01,2007,0,0.0,0.0,0.0,0.0,,
151.0,Anaheim Ducks,Brett Morrison,CA,C,20.0,,Prince Edward Island Rocket (QMJHL),,0.0,0.0,0.0,0.0,0.0,0.0,,0.0,,,,,,,,,morribr02,2007,0,0.0,0.0,0.0,0.0,,
152.0,Philadelphia Flyers,Jon Kalinski,CA,LW,20.0,2010.0,Minnesota State (WCHA),22.0,1.0,0.0454545454545455,4.0,0.00206611570247934,5.0,0.227272727272727,,-4.0,0.0,,,,,,,0.2,kalinjo01,2007,0,0.045454545454545456,0.18181818181818182,0.22727272727272727,-0.18181818181818182,0.06477272727272727,
156.0,Chicago Blackhawks,Richard Greenop,CA,C,18.0,,Windsor Spitfires (OHL),,0.0,0.0,0.0,0.0,0.0,0.0,,0.0,,,,,,,,,greenri02,2007,0,0.0,0.0,0.0,0.0,,
157.0,Edmonton Oilers,William Quist,SE,LW,18.0,,Tingsryds AIF Jr. (Sweden Jr.),,0.0,0.0,0.0,0.0,0.0,0.0,,0.0,,,,,,,,,quistwi01,2007,0,0.0,0.0,0.0,0.0,,
160.0,St. Louis Blues,Anthony Peluso,CA,RW,18.0,2019.0,Erie Otters (OHL),148.0,4.0,0.027027027027027,10.0,0.000182615047479912,14.0,0.0945945945945946,,-4.0,220.0,,,,,,,0.3,pelusan01,2007,0,0.02702702702702703,0.06756756756756757,0.0945945945945946,-0.02702702702702703,0.029391891891891894,
161.0,Philadelphia Flyers,Patrick Maroon,US,LW,19.0,2025.0,St. Louis Bandits (NAHL),848.0,126.0,0.148584905660377,197.0,0.000175218049127803,323.0,0.380896226415094,,6.0,1087.0,,,,,,,28.8,maroopa01,2007,0,0.14858490566037735,0.23231132075471697,0.38089622641509435,0.007075471698113208,0.12414504716981133,
164.0,Toronto Maple Leafs,Chris Didomenico,CA,C,18.0,2018.0,Saint John Sea Dogs (QMJHL),27.0,6.0,0.222222222222222,4.0,0.00823045267489711,10.0,0.37037037037037,,-4.0,14.0,,,,,,,1.0,didomch01,2007,0,0.2222222222222222,0.14814814814814814,0.37037037037037035,-0.14814814814814814,0.11296296296296296,
165.0,San Jose Sharks,Patrik Zackrisson,SE,RW,20.0,,Rogle BK (Sweden-2),,0.0,0.0,0.0,0.0,0.0,0.0,,0.0,,,,,,,,,zackrpa01,2007,0,0.0,0.0,0.0,0.0,,
167.0,Tampa Bay Lightning,Johan Harju,SE,LW,21.0,2011.0,Lulea HF (Sweden),10.0,1.0,0.1,2.0,0.01,3.0,0.3,,-2.0,2.0,,,,,,,0.2,harjujo01,2007,0,0.1,0.2,0.3,-0.2,0.04375,
168.0,New York Rangers,Carl Hagelin,SE,LW,19.0,2022.0,Sodertalje SK Jr. (Sweden Jr.),713.0,110.0,0.154277699859748,186.0,0.000216378260672858,296.0,0.415147265077139,,119.0,293.0,,,,,,,30.3,hagelca01,2007,0,0.15427769985974754,0.2608695652173913,0.41514726507713884,0.16690042075736325,0.1432678821879383,
171.0,Pittsburgh Penguins,Dustin Jeffrey,CA,C,19.0,2016.0,Soo Greyhounds (OHL),131.0,18.0,0.137404580152672,15.0,0.00104888992482956,33.0,0.251908396946565,,4.0,12.0,,,,,,,3.1,jeffrdu01,2007,0,0.13740458015267176,0.11450381679389313,0.25190839694656486,0.030534351145038167,0.0833969465648855,
172.0,Dallas Stars,Luke Gazdic,CA,LW,18.0,2017.0,Erie Otters (OHL),147.0,5.0,0.0340136054421769,3.0,0.000231385071035217,8.0,0.054421768707483,,-20.0,206.0,,,,,,,-0.8,gazdilu01,2007,0,0.034013605442176874,0.02040816326530612,0.05442176870748299,-0.1360544217687075,0.0108843537414966,
173.0,San Jose Sharks,Nick Bonino,US,C,19.0,2024.0,Avon Old Farms School (High-CT),868.0,159.0,0.183179723502304,199.0,0.000211036547813714,358.0,0.412442396313364,,30.0,251.0,,,,,,,32.8,boninni01,2007,0,0.18317972350230416,0.22926267281105991,0.41244239631336405,0.03456221198156682,0.13577188940092166,
175.0,Atlanta Thrashers,John Albert,US,C,18.0,2014.0,USA U-18 Development Team (USDP/NAHL),9.0,1.0,0.111111111111111,0.0,0.0123456790123457,1.0,0.111111111111111,,-3.0,0.0,,,,,,,0.0,alberjo01,2007,0,0.1111111111111111,0.0,0.1111111111111111,-0.3333333333333333,0.008749999999999999,
176.0,Vancouver Canucks,Taylor Matson,US,C,18.0,,Des Moines Buccaneers (USHL),,0.0,0.0,0.0,0.0,0.0,0.0,,0.0,,,,,,,,,matsota01,2007,0,0.0,0.0,0.0,0.0,,
177.0,New Jersey Devils,Vili Sopanen,FI,RW,19.0,,Pelicans (Finland),,0.0,0.0,0.0,0.0,0.0,0.0,,0.0,,,,,,,,,sopanvi01,2007,0,0.0,0.0,0.0,0.0,,
178.0,Detroit Red Wings,Zack Torquato,CA,C,18.0,,Erie Otters (OHL),,0.0,0.0,0.0,0.0,0.0,0.0,,0.0,,,,,,,,,torquza01,2007,0,0.0,0.0,0.0,0.0,,
179.0,Buffalo Sabres,Paul Byron,CA,C,18.0,2022.0,Gatineau Olympiques (QMJHL),521.0,98.0,0.18809980806142,110.0,0.00036103609992595,208.0,0.399232245681382,,31.0,139.0,,,,,,,21.9,byronpa01,2007,0,0.18809980806142035,0.21113243761996162,0.39923224568138194,0.05950095969289827,0.13272552783109404,
180.0,Washington Capitals,Justin Taylor,CA,C,18.0,,London Knights (OHL),,0.0,0.0,0.0,0.0,0.0,0.0,,0.0,,,,,,,,,tayloju01,2007,0,0.0,0.0,0.0,0.0,,
185.0,Washington Capitals,Nick Larson,US,C,18.0,,Omaha Lancers (USHL),,0.0,0.0,0.0,0.0,0.0,0.0,,0.0,,,,,,,,,larsoni01,2007,0,0.0,0.0,0.0,0.0,,
186.0,Calgary Flames,C.J. Severyn,US,LW,18.0,,USA U-18 Development Team (USDP/NAHL),,0.0,0.0,0.0,0.0,0.0,0.0,,0.0,,,,,,,,,severc.01,2007,0,0.0,0.0,0.0,0.0,,
188.0,Los Angeles Kings,Matt Fillier,CA,C,18.0,,St. John's Fog Devils (QMJHL),,0.0,0.0,0.0,0.0,0.0,0.0,,0.0,,,,,,,,,fillima02,2007,0,0.0,0.0,0.0,0.0,,
189.0,Boston Bruins,Jordan Knackstedt,CA,RW,18.0,,Moose Jaw Warriors (WHL),,0.0,0.0,0.0,0.0,0.0,0.0,,0.0,,,,,,,,,knackjo01,2007,0,0.0,0.0,0.0,0.0,,
190.0,St. Louis Blues,Trevor Nill,US,C,18.0,,Compuware (T1EHL 18U),,0.0,0.0,0.0,0.0,0.0,0.0,,0.0,,,,,,,,,nilltr01,2007,0,0.0,0.0,0.0,0.0,,
191.0,Florida Panthers,Ryan Watson,CA,LW,19.0,,Cambridge (MWJHL),,0.0,0.0,0.0,0.0,0.0,0.0,,0.0,,,,,,,,,watsory01,2007,0,0.0,0.0,0.0,0.0,,
193.0,New York Rangers,David Skokan,SK,C,18.0,,Rimouski Oceanic (QMJHL),,0.0,0.0,0.0,0.0,0.0,0.0,,0.0,,,,,,,,,skokada01,2007,0,0.0,0.0,0.0,0.0,,
195.0,Colorado Avalanche,Johan Alcen,SE,RW,19.0,,Brynas IF (Sweden),,0.0,0.0,0.0,0.0,0.0,0.0,,0.0,,,,,,,,,alcenjo01,2007,0,0.0,0.0,0.0,0.0,,
199.0,Washington Capitals,Andrew Glass,US,LW,18.0,,Noble & Greenough School (High-MA),,0.0,0.0,0.0,0.0,0.0,0.0,,0.0,,,,,,,,,glassan01,2007,0,0.0,0.0,0.0,0.0,,
200.0,Minnesota Wild,Carson McMillan,CA,RW,19.0,2014.0,Calgary Hitmen (WHL),16.0,2.0,0.125,3.0,0.0078125,5.0,0.3125,,2.0,11.0,,,,,,,0.6,mcmilca01,2007,0,0.125,0.1875,0.3125,0.125,0.08625000000000001,
203.0,San Jose Sharks,Frazer McLaren,CA,LW,19.0,2014.0,Portland Winter Hawks (WHL),102.0,4.0,0.0392156862745098,7.0,0.000384467512495194,11.0,0.107843137254902,,3.0,264.0,,,,,,,0.8,mclarfr01,2007,0,0.0392156862745098,0.06862745098039216,0.10784313725490197,0.029411764705882353,0.03651960784313726,
206.0,Vancouver Canucks,Dan Gendur,CA,RW,20.0,,Everett Silvertips (WHL),,0.0,0.0,0.0,0.0,0.0,0.0,,0.0,,,,,,,,,genduda01,2007,0,0.0,0.0,0.0,0.0,,
210.0,Tampa Bay Lightning,Justin Courtnall,CA,LW,18.0,,Burnaby (BCHL),,0.0,0.0,0.0,0.0,0.0,0.0,,0.0,,,,,,,,,courtju01,2007,0,0.0,0.0,0.0,0.0,,
211.0,Columbus Blue Jackets,Trent Vogelhuber,US,RW,,,St. Louis Bandits (NAHL),,0.0,0.0,0.0,0.0,0.0,0.0,,0.0,,,,,,,,,vogeltr01,2007,0,0.0,0.0,0.0,0.0,,
2.0,Pittsburgh Penguins,Jordan Staal,CA,C,18.0,2026.0,Peterborough Petes (OHL),1350.0,305.0,0.225925925925926,415.0,0.000167352537722908,720.0,0.533333333333333,,64.0,638.0,,,,,,,70.6,staaljo01,2006,0,0.22592592592592592,0.3074074074074074,0.5333333333333333,0.047407407407407405,0.17570370370370372,
3.0,Chicago Blackhawks,Jonathan Toews,CA,C,18.0,2026.0,North Dakota (WCHA),1092.0,375.0,0.343406593406593,517.0,0.00031447490238699,892.0,0.816849816849817,,136.0,619.0,,,,,,,103.8,toewsjo01,2006,0,0.3434065934065934,0.4734432234432234,0.8168498168498168,0.12454212454212454,0.2717032967032967,
4.0,Washington Capitals,Nicklas Backstrom,SE,C,18.0,2024.0,Brynas IF (Sweden),1105.0,271.0,0.245248868778281,762.0,0.000221944677627404,1033.0,0.934841628959276,,83.0,504.0,,,,,,,104.9,backsni02,2006,0,0.24524886877828053,0.6895927601809955,0.934841628959276,0.0751131221719457,0.307579185520362,
5.0,Boston Bruins,Phil Kessel,US,RW,18.0,2023.0,Minnesota (WCHA),1286.0,413.0,0.321150855365474,579.0,0.000249728503394614,992.0,0.771384136858476,,-155.0,402.0,,,,,,,105.0,kesseph01,2006,0,0.32115085536547433,0.45023328149300157,0.7713841368584758,-0.12052877138413685,0.24467340590979783,
6.0,Columbus Blue Jackets,Derick Brassard,CA,C,18.0,2023.0,Drummondville Voltigeurs (QMJHL),1013.0,215.0,0.212240868706811,330.0,0.000209517145811265,545.0,0.538005923000987,,-28.0,465.0,,,,,,,54.4,brassde01,2006,0,0.21224086870681144,0.32576505429417574,0.5380059230009872,-0.027640671273445213,0.17346989141164856,
7.0,New York Islanders,Kyle Okposo,US,RW,18.0,2024.0,Des Moines Buccaneers (USHL),1051.0,242.0,0.230256898192198,372.0,0.000219083632913604,614.0,0.584205518553758,,-135.0,554.0,,,,,,,57.4,okposky01,2006,0,0.2302568981921979,0.35394862036156044,0.5842055185537584,-0.12844909609895339,0.18344433872502383,
8.0,Phoenix Coyotes,Peter Mueller,US,C,18.0,2013.0,Everett Silvertips (WHL),297.0,63.0,0.212121212121212,97.0,0.000714212835424956,160.0,0.538720538720539,,-35.0,98.0,,,,,,,15.1,muellpe01,2006,0,0.21212121212121213,0.3265993265993266,0.5387205387205387,-0.11784511784511785,0.1691919191919192,
9.0,Minnesota Wild,James Sheppard,CA,C,18.0,2015.0,Cape Breton Screaming Eagles (QMJHL),394.0,23.0,0.0583756345177665,68.0,0.000148161508928341,91.0,0.230964467005076,,-38.0,192.0,,,,,,,3.0,sheppja01,2006,0,0.0583756345177665,0.17258883248730963,0.23096446700507614,-0.09644670050761421,0.07024111675126904,
10.0,Florida Panthers,Michael Frolik,CZ,LW,18.0,2021.0,HC Kladno (Czech),858.0,159.0,0.185314685314685,225.0,0.000215984481718747,384.0,0.447552447552448,,19.0,317.0,,,,,,,36.2,frolimi01,2006,0,0.1853146853146853,0.26223776223776224,0.44755244755244755,0.022144522144522144,0.14656177156177155,
12.0,Atlanta Thrashers,Bryan Little,CA,RW,18.0,2020.0,Barrie Colts (OHL),843.0,217.0,0.257413997627521,304.0,0.000305354682832172,521.0,0.61803084223013,,-15.0,293.0,,,,,,,52.6,littlbr01,2006,0,0.25741399762752076,0.36061684460260973,0.6180308422301305,-0.017793594306049824,0.19997034400948993,
13.0,Toronto Maple Leafs,Jiri Tlusty,CZ,C,18.0,2016.0,HC Kladno (Czech),446.0,89.0,0.199551569506726,88.0,0.000447425043737054,177.0,0.396860986547085,,-12.0,126.0,,,,,,,19.2,tlustji01,2006,0,0.19955156950672645,0.19730941704035873,0.3968609865470852,-0.026905829596412557,0.12763452914798207,
14.0,Vancouver Canucks,Michael Grabner,AT,RW,18.0,2020.0,Spokane Chiefs (WHL),640.0,175.0,0.2734375,101.0,0.00042724609375,276.0,0.43125,,18.0,110.0,,,,,,,34.8,grabnmi01,2006,0,0.2734375,0.1578125,0.43125,0.028125,0.1415625,
17.0,Los Angeles Kings,Trevor Lewis,US,C,19.0,2025.0,Des Moines Buccaneers (USHL),1034.0,104.0,0.100580270793037,133.0,9.72729891615445e-05,237.0,0.229206963249516,,-41.0,243.0,,,,,,,13.5,lewistr01,2006,0,0.10058027079303675,0.1286266924564797,0.22920696324951645,-0.039651837524177946,0.07250967117988395,
18.0,Colorado Avalanche,Chris Stewart,CA,RW,18.0,2020.0,Kingston Frontenacs (OHL),668.0,160.0,0.239520958083832,162.0,0.000358564308508731,322.0,0.482035928143713,,-52.0,750.0,,,,,,,35.5,stewach02,2006,0,0.23952095808383234,0.24251497005988024,0.4820359281437126,-0.07784431137724551,0.15276946107784434,
22.0,Philadelphia Flyers,Claude Giroux,CA,RW,18.0,2026.0,Gatineau Olympiques (QMJHL),1289.0,369.0,0.286268425135764,763.0,0.000222085667289189,1132.0,0.878200155159038,,22.0,502.0,,,,,,,116.2,giroucl01,2006,0,0.28626842513576417,0.5919317300232738,0.878200155159038,0.017067494181536073,0.28626842513576417,
25.0,St. Louis Blues,Patrik Berglund,SE,C,18.0,2019.0,VIK Vasteras HK (Sweden-2),717.0,170.0,0.237099023709902,156.0,0.000330682041436404,326.0,0.454672245467225,,5.0,248.0,,,,,,,36.5,berglpa01,2006,0,0.23709902370990238,0.2175732217573222,0.45467224546722457,0.00697350069735007,0.14811715481171547,
28.0,Ottawa Senators,Nick Foligno,US,LW,18.0,2026.0,Sudbury Wolves (OHL),1248.0,247.0,0.197916666666667,356.0,0.000158587072649573,603.0,0.483173076923077,,-39.0,996.0,,,,,,,57.1,foligni01,2006,0,0.19791666666666666,0.28525641025641024,0.4831730769230769,-0.03125,0.15546875000000002,
31.0,St. Louis Blues,Tomas Kana,CZ,C,18.0,2010.0,HC Vitkovice (Czech),6.0,0.0,0.0,2.0,0.0,2.0,0.333333333333333,,2.0,2.0,,,,,,,0.2,kanato01,2006,0,0.0,0.3333333333333333,0.3333333333333333,0.3333333333333333,0.0375,
33.0,Chicago Blackhawks,Igor Makarov,RU,RW,18.0,,Krylia Sovetov Moskva (Russia-2),,0.0,0.0,0.0,0.0,0.0,0.0,,0.0,,,,,,,,,makarig01,2006,0,0.0,0.0,0.0,0.0,,
35.0,Washington Capitals,Francois Bouchard,CA,RW,18.0,,Baie-Comeau Drakkar (QMJHL),,0.0,0.0,0.0,0.0,0.0,0.0,,0.0,,,,,,,,,bouchfr02,2006,0,0.0,0.0,0.0,0.0,,
36.0,San Jose Sharks,Jamie McGinn,CA,LW,18.0,2019.0,Ottawa 67's (OHL),617.0,117.0,0.189627228525122,103.0,0.000307337485454006,220.0,0.356564019448947,,-83.0,267.0,,,,,,,19.5,mcginja01,2006,0,0.18962722852512157,0.16693679092382496,0.3565640194489465,-0.13452188006482982,0.10915721231766613,
38.0,Anaheim Ducks,Bryce Swan,CA,C,18.0,,Halifax Mooseheads (QMJHL),,0.0,0.0,0.0,0.0,0.0,0.0,,0.0,,,,,,,,,swanbr01,2006,0,0.0,0.0,0.0,0.0,,
39.0,Philadelphia Flyers,Andreas Nodl,AT,RW,19.0,2013.0,Sioux Falls Stampede (USHL),183.0,15.0,0.0819672131147541,21.0,0.000447908268386634,36.0,0.19672131147541,,-9.0,28.0,,,,,,,1.2,nodlan01,2006,0,0.08196721311475409,0.11475409836065574,0.19672131147540983,-0.04918032786885246,0.06147540983606557,
40.0,Minnesota Wild,Ondrej Fiala,CZ,C,18.0,,Everett Silvertips (WHL),,0.0,0.0,0.0,0.0,0.0,0.0,,0.0,,,,,,,,,fialaon01,2006,0,0.0,0.0,0.0,0.0,,
41.0,Detroit Red Wings,Cory Emmerton,CA,C,18.0,2014.0,Kingston Frontenacs (OHL),139.0,12.0,0.0863309352517986,9.0,0.000621085865120853,21.0,0.151079136690647,,-1.0,22.0,,,,,,,1.4,emmerco01,2006,0,0.08633093525179857,0.06474820143884892,0.1510791366906475,-0.007194244604316547,0.0487410071942446,
43.0,Atlanta Thrashers,Riley Holzapfel,CA,C,18.0,,Moose Jaw Warriors (WHL),,0.0,0.0,0.0,0.0,0.0,0.0,,0.0,,,,,,,,,holzari01,2006,0,0.0,0.0,0.0,0.0,,
44.0,Toronto Maple Leafs,Nikolai Kulemin,RU,LW,20.0,2018.0,Metallurg Magnitogorsk (Russia),669.0,121.0,0.180866965620329,153.0,0.000270354208700043,274.0,0.409566517189836,,15.0,173.0,,,,,,,25.5,kulemni01,2006,0,0.18086696562032886,0.22869955156950672,0.40956651718983555,0.02242152466367713,0.13423019431988042,
47.0,Detroit Red Wings,Shawn Matthias,CA,C,18.0,2018.0,Belleville Bulls (OHL),551.0,90.0,0.163339382940109,84.0,0.000296441711325062,174.0,0.315789473684211,,-42.0,180.0,,,,,,,15.9,matthsh01,2006,0,0.16333938294010888,0.15245009074410162,0.3157894736842105,-0.07622504537205081,0.09882032667876588,
49.0,Montreal Canadiens,Ben Maxwell,CA,C,18.0,2012.0,Kootenay Ice (WHL),47.0,2.0,0.0425531914893617,6.0,0.000905387052965143,8.0,0.170212765957447,,-6.0,19.0,,,,,,,0.1,maxwebe01,2006,0,0.0425531914893617,0.1276595744680851,0.1702127659574468,-0.1276595744680851,0.04893617021276595,
50.0,Boston Bruins,Milan Lucic,CA,LW,18.0,2024.0,Vancouver Giants (WHL),1177.0,233.0,0.197960917587086,353.0,0.000168191093956743,586.0,0.497875955819881,,59.0,1301.0,,,,,,,60.8,lucicmi01,2006,0,0.1979609175870858,0.29991503823279525,0.49787595581988103,0.05012744265080714,0.16431605777400168,
54.0,New York Rangers,Artem Anisimov,RU,C,18.0,2021.0,Lokomotiv Yaroslavl (Russia),771.0,180.0,0.233463035019455,196.0,0.000302805492891641,376.0,0.487678339818418,,-17.0,214.0,,,,,,,38.9,anisiar01,2006,0,0.23346303501945526,0.25421530479896237,0.4876783398184176,-0.02204928664072633,0.1573929961089494,
56.0,Nashville Predators,Blake Geoffrion,US,C,18.0,2012.0,USA U-18 Development Team (USDP/NAHL),55.0,8.0,0.145454545454545,5.0,0.00264462809917355,13.0,0.236363636363636,,3.0,34.0,,,,,,,1.5,geoffbl01,2006,0,0.14545454545454545,0.09090909090909091,0.23636363636363636,0.05454545454545454,0.07954545454545456,
58.0,New Jersey Devils,Alexander Vasyunov,RU,LW,18.0,2011.0,Lokomotiv Yaroslavl 2 (Russia-3),18.0,1.0,0.0555555555555556,4.0,0.00308641975308642,5.0,0.277777777777778,,0.0,0.0,,,,,,,0.4,vasyual01,2006,0,0.05555555555555555,0.2222222222222222,0.2777777777777778,0.0,0.08125,
59.0,Colorado Avalanche,Codey Burki,CA,C,18.0,,Brandon Wheat Kings (WHL),,0.0,0.0,0.0,0.0,0.0,0.0,,0.0,,,,,,,,,burkico01,2006,0,0.0,0.0,0.0,0.0,,
60.0,New York Islanders,Jesse Joensuu,FI,LW,18.0,2015.0,Assat (Finland),129.0,13.0,0.10077519379845,11.0,0.000781203052701163,24.0,0.186046511627907,,-25.0,77.0,,,,,,,0.7,joensje01,2006,0,0.10077519379844961,0.08527131782945736,0.18604651162790697,-0.1937984496124031,0.05077519379844961,
66.0,Montreal Canadiens,Ryan White,CA,C,18.0,2017.0,Calgary Hitmen (WHL),313.0,31.0,0.0990415335463259,30.0,0.000316426624748645,61.0,0.194888178913738,,-36.0,447.0,,,,,,,2.9,whitery01,2006,0,0.09904153354632587,0.09584664536741214,0.19488817891373802,-0.11501597444089456,0.05758785942492013,
71.0,Boston Bruins,Brad Marchand,CA,LW,18.0,2026.0,Moncton Wildcats (QMJHL),1124.0,439.0,0.390569395017794,568.0,0.000347481668165297,1007.0,0.895907473309609,,276.0,1133.0,,,,,,,128.8,marchbr03,2006,0,0.3905693950177936,0.505338078291815,0.8959074733096085,0.24555160142348753,0.3034475088967971,
72.0,Minnesota Wild,Cal Clutterbuck,CA,RW,18.0,2024.0,Oshawa Generals (OHL),1064.0,143.0,0.134398496240602,150.0,0.000126314376165979,293.0,0.275375939849624,,-19.0,698.0,,,,,,,22.3,cluttca01,2006,0,0.13439849624060152,0.14097744360902256,0.27537593984962405,-0.017857142857142856,0.08860432330827067,
73.0,Florida Panthers,Brady Calla,CA,RW,18.0,,Everett Silvertips (WHL),,0.0,0.0,0.0,0.0,0.0,0.0,,0.0,,,,,,,,,callabr01,2006,0,0.0,0.0,0.0,0.0,,
76.0,Chicago Blackhawks,Tony Lagerstrom,SE,C,18.0,,Sodertalje SK Jr. (Sweden Jr.),,0.0,0.0,0.0,0.0,0.0,0.0,,0.0,,,,,,,,,lagerto01,2006,0,0.0,0.0,0.0,0.0,,
77.0,New Jersey Devils,Vladimir Zharkov,RU,RW,18.0,2012.0,CSKA Moskva 2 (Russia-3),82.0,2.0,0.024390243902439,12.0,0.000297441998810232,14.0,0.170731707317073,,3.0,10.0,,,,,,,0.6,zharkvl01,2006,0,0.024390243902439025,0.14634146341463414,0.17073170731707318,0.036585365853658534,0.05731707317073172,
79.0,Philadelphia Flyers,Jon Matsumoto,CA,C,19.0,2012.0,Bowling Green (CCHA),14.0,2.0,0.142857142857143,0.0,0.0102040816326531,2.0,0.142857142857143,,-4.0,4.0,,,,,,,0.1,matsujo01,2006,0,0.14285714285714285,0.0,0.14285714285714285,-0.2857142857142857,0.022500000000000003,
80.0,Atlanta Thrashers,Michael Forney,US,RW,18.0,,Thief River Falls HS (High-MN),,0.0,0.0,0.0,0.0,0.0,0.0,,0.0,,,,,,,,,fornemi01,2006,0,0.0,0.0,0.0,0.0,,
81.0,Colorado Avalanche,Mike Carman,US,C,18.0,,USA U-18 Development Team (USDP/NAHL),,0.0,0.0,0.0,0.0,0.0,0.0,,0.0,,,,,,,,,carmami01,2006,0,0.0,0.0,0.0,0.0,,
84.0,New York Rangers,Ryan Hillier,CA,LW,18.0,,Halifax Mooseheads (QMJHL),,0.0,0.0,0.0,0.0,0.0,0.0,,0.0,,,,,,,,,hilliry01,2006,0,0.0,0.0,0.0,0.0,,
85.0,Columbus Blue Jackets,Tom Sestito,US,LW,18.0,2017.0,Plymouth Whalers (OHL),154.0,10.0,0.0649350649350649,11.0,0.00042165626581211,21.0,0.136363636363636,,-21.0,499.0,,,,,,,0.9,sestito01,2006,0,0.06493506493506493,0.07142857142857142,0.13636363636363635,-0.13636363636363635,0.03749999999999999,
86.0,Los Angeles Kings,Bud Holloway,CA,LW,18.0,2016.0,Seattle Thunderbirds (WHL),1.0,0.0,0.0,0.0,0.0,0.0,0.0,,0.0,0.0,,,,,,,0.0,hollobu01,2006,0,0.0,0.0,0.0,0.0,0.0,
87.0,Calgary Flames,John Armstrong,CA,C,18.0,,Plymouth Whalers (OHL),,0.0,0.0,0.0,0.0,0.0,0.0,,0.0,,,,,,,,,armstjo01,2006,0,0.0,0.0,0.0,0.0,,
88.0,Phoenix Coyotes,Jonas Ahnelov,SE,LW,18.0,,Frolunda HC Jr. (Sweden Jr.),,0.0,0.0,0.0,0.0,0.0,0.0,,0.0,,,,,,,,,ahneljo01,2006,0,0.0,0.0,0.0,0.0,,
90.0,Dallas Stars,Aaron Snow,CA,LW,18.0,,Brampton Battalion (OHL),,0.0,0.0,0.0,0.0,0.0,0.0,,0.0,,,,,,,,,snowaa01,2006,0,0.0,0.0,0.0,0.0,,
91.0,Ottawa Senators,Kaspars Daugavins,LV,LW,18.0,2013.0,HK Riga 2000 (Belarus),91.0,6.0,0.0659340659340659,9.0,0.000724550175099625,15.0,0.164835164835165,,-10.0,21.0,,,,,,,0.0,daugaka01,2006,0,0.06593406593406594,0.0989010989010989,0.16483516483516483,-0.10989010989010989,0.04807692307692307,
94.0,St. Louis Blues,Ryan Turek,US,C,18.0,,Omaha Lancers (USHL),,0.0,0.0,0.0,0.0,0.0,0.0,,0.0,,,,,,,,,turekry01,2006,0,0.0,0.0,0.0,0.0,,
97.0,Washington Capitals,Oskar Osala,FI,LW,18.0,2010.0,Mississagua IceDogs (OHL),3.0,0.0,0.0,0.0,0.0,0.0,0.0,,-1.0,0.0,,,,,,,-0.1,osalaos01,2006,0,0.0,0.0,0.0,-0.3333333333333333,-0.0025,
100.0,New York Islanders,Rhett Rakhshani,US,RW,18.0,2012.0,USA U-18 Development Team (USDP/NAHL),7.0,0.0,0.0,0.0,0.0,0.0,0.0,,-1.0,2.0,,,,,,,-0.2,rakhsrh01,2006,0,0.0,0.0,0.0,-0.14285714285714285,-0.0024999999999999996,
104.0,New York Rangers,David Kveton,CZ,RW,18.0,,Vsetinska hokejova (Czech),,0.0,0.0,0.0,0.0,0.0,0.0,,0.0,,,,,,,,,kvetoda01,2006,0,0.0,0.0,0.0,0.0,,
105.0,Nashville Predators,Niko Snellman,FI,LW,18.0,,Ilves Jr. (Finland Jr.),,0.0,0.0,0.0,0.0,0.0,0.0,,0.0,,,,,,,,,snellni01,2006,0,0.0,0.0,0.0,0.0,,
112.0,Anaheim Ducks,Matt Beleskey,CA,LW,18.0,2019.0,Belleville Bulls (OHL),477.0,76.0,0.159329140461216,82.0,0.000334023355264604,158.0,0.331236897274633,,-11.0,440.0,,,,,,,14.6,belesma01,2006,0,0.15932914046121593,0.1719077568134172,0.3312368972746331,-0.023060796645702306,0.10649895178197066,
115.0,New York Islanders,Tomas Marcinko,SK,C,18.0,,HC Kosice (Slovakia),,0.0,0.0,0.0,0.0,0.0,0.0,,0.0,,,,,,,,,marcito01,2006,0,0.0,0.0,0.0,0.0,,
117.0,Buffalo Sabres,Felix Schutz,DE,C,18.0,,Saint John Sea Dogs (QMJHL),,0.0,0.0,0.0,0.0,0.0,0.0,,0.0,,,,,,,,,schutfe01,2006,0,0.0,0.0,0.0,0.0,,
118.0,Calgary Flames,Hugo Carpentier,CA,C,18.0,,Rouyn-Noranda Huskies (QMJHL),,0.0,0.0,0.0,0.0,0.0,0.0,,0.0,,,,,,,,,carpehu01,2006,0,0.0,0.0,0.0,0.0,,
119.0,New York Islanders,Doug Rogers,US,C,18.0,,St. Sebastian's School (High-MA),,0.0,0.0,0.0,0.0,0.0,0.0,,0.0,,,,,,,,,rogerdo01,2006,0,0.0,0.0,0.0,0.0,,
122.0,Washington Capitals,Luke Lynes,US,C,18.0,,Brampton Battalion (OHL),,0.0,0.0,0.0,0.0,0.0,0.0,,0.0,,,,,,,,,lyneslu01,2006,0,0.0,0.0,0.0,0.0,,
123.0,Carolina Hurricanes,Bobby Hughes,CA,C,18.0,,Kingston Frontenacs (OHL),,0.0,0.0,0.0,0.0,0.0,0.0,,0.0,,,,,,,,,hughebo01,2006,0,0.0,0.0,0.0,0.0,,
124.0,St. Louis Blues,Andy Sackrison,US,C,18.0,,St. Louis Park HS (High-MN),,0.0,0.0,0.0,0.0,0.0,0.0,,0.0,,,,,,,,,sackran01,2006,0,0.0,0.0,0.0,0.0,,
127.0,Washington Capitals,Maxime Lacroix,CA,LW,19.0,,Quebec Remparts (QMJHL),,0.0,0.0,0.0,0.0,0.0,0.0,,0.0,,,,,,,,,lacroma01,2006,0,0.0,0.0,0.0,0.0,,
129.0,Columbus Blue Jackets,Robert Nyholm,FI,RW,18.0,,HIFK Jr. (Finland Jr.),,0.0,0.0,0.0,0.0,0.0,0.0,,0.0,,,,,,,,,nyholro01,2006,0,0.0,0.0,0.0,0.0,,
131.0,Phoenix Coyotes,Martin Latal,CZ,RW,18.0,,HC Kladno (Czech),,0.0,0.0,0.0,0.0,0.0,0.0,,0.0,,,,,,,,,latalma01,2006,0,0.0,0.0,0.0,0.0,,
134.0,Los Angeles Kings,David Meckler,US,LW,19.0,,Yale (ECAC),,0.0,0.0,0.0,0.0,0.0,0.0,,0.0,,,,,,,,,mecklda01,2006,0,0.0,0.0,0.0,0.0,,
136.0,Columbus Blue Jackets,Nick Sucharski,CA,LW,18.0,,Michigan State (CCHA),,0.0,0.0,0.0,0.0,0.0,0.0,,0.0,,,,,,,,,suchani01,2006,0,0.0,0.0,0.0,0.0,,
138.0,Dallas Stars,David McIntyre,CA,C,19.0,2012.0,Newmarket (OPJHL),7.0,1.0,0.142857142857143,1.0,0.0204081632653061,2.0,0.285714285714286,,-1.0,2.0,,,,,,,0.2,mcintda01,2006,0,0.14285714285714285,0.14285714285714285,0.2857142857142857,-0.14285714285714285,0.03,
143.0,San Jose Sharks,Ashton Rome,CA,RW,20.0,,Kamloops Blazers (WHL),,0.0,0.0,0.0,0.0,0.0,0.0,,0.0,,,,,,,,,romeas01,2006,0,0.0,0.0,0.0,0.0,,
145.0,Philadelphia Flyers,Jon Rheault,US,RW,20.0,2013.0,Providence (H-East),5.0,0.0,0.0,0.0,0.0,0.0,0.0,,0.0,0.0,,,,,,,-0.1,rheaujo01,2006,0,0.0,0.0,0.0,0.0,0.0,
149.0,Calgary Flames,Juuso Puustinen,FI,RW,18.0,,KalPa Jr. (Finland Jr.),,0.0,0.0,0.0,0.0,0.0,0.0,,0.0,,,,,,,,,puustju01,2006,0,0.0,0.0,0.0,0.0,,
150.0,Dallas Stars,Max Warn,FI,LW,18.0,,HIFK Jr. (Finland Jr.),,0.0,0.0,0.0,0.0,0.0,0.0,,0.0,,,,,,,,,warnma01,2006,0,0.0,0.0,0.0,0.0,,
153.0,Carolina Hurricanes,Stefan Chaput,CA,C,18.0,,Lewiston MAINEiacs (QMJHL),,0.0,0.0,0.0,0.0,0.0,0.0,,0.0,,,,,,,,,chapust01,2006,0,0.0,0.0,0.0,0.0,,
154.0,St. Louis Blues,Matthew McCollem,US,LW,18.0,,Belmont Hill School (High-MA),,0.0,0.0,0.0,0.0,0.0,0.0,,0.0,,,,,,,,,mccolma01,2006,0,0.0,0.0,0.0,0.0,,
156.0,Chicago Blackhawks,Jan-Mikael Juutilainen,FI,C,18.0,,Jokerit Jr. (Finland Jr.),,0.0,0.0,0.0,0.0,0.0,0.0,,0.0,,,,,,,,,juutija01,2006,0,0.0,0.0,0.0,0.0,,
157.0,Washington Capitals,Brent Gwidt,US,C,18.0,,Lakeland HS (High-WI),,0.0,0.0,0.0,0.0,0.0,0.0,,0.0,,,,,,,,,gwidtbr01,2006,0,0.0,0.0,0.0,0.0,,
158.0,Boston Bruins,Levi Nelson,CA,C,18.0,,Swift Current Broncos (WHL),,0.0,0.0,0.0,0.0,0.0,0.0,,0.0,,,,,,,,,nelsole01,2006,0,0.0,0.0,0.0,0.0,,
161.0,Toronto Maple Leafs,Viktor Stalberg,SE,LW,20.0,2017.0,Frolunda HC Jr. (Sweden Jr.),488.0,82.0,0.168032786885246,86.0,0.000344329481322225,168.0,0.344262295081967,,-6.0,245.0,,,,,,,16.4,stalbvi01,2006,0,0.1680327868852459,0.1762295081967213,0.3442622950819672,-0.012295081967213115,0.11127049180327869,
163.0,Vancouver Canucks,Sergei Shirokov,RU,RW,20.0,2011.0,CSKA Moskva (Russia),8.0,1.0,0.125,0.0,0.015625,1.0,0.125,,-3.0,2.0,,,,,,,-0.1,shirose01,2006,0,0.125,0.0,0.125,-0.375,0.008749999999999999,
165.0,Atlanta Thrashers,Jonas Enlund,FI,C,18.0,,HIFK Jr. (Finland Jr.),,0.0,0.0,0.0,0.0,0.0,0.0,,0.0,,,,,,,,,enlunjo01,2006,0,0.0,0.0,0.0,0.0,,
166.0,Toronto Maple Leafs,Tyler Ruegsegger,US,C,18.0,,Shattuck-St. Mary's School (High-MN),,0.0,0.0,0.0,0.0,0.0,0.0,,0.0,,,,,,,,,ruegsty01,2006,0,0.0,0.0,0.0,0.0,,
167.0,Vancouver Canucks,Juraj Simek,SK,LW,18.0,,Kloten (Swiss),,0.0,0.0,0.0,0.0,0.0,0.0,,0.0,,,,,,,,,simekju01,2006,0,0.0,0.0,0.0,0.0,,
169.0,Chicago Blackhawks,Chris Auger,CA,C,18.0,,Wellington (OPJHL),,0.0,0.0,0.0,0.0,0.0,0.0,,0.0,,,,,,,,,augerch01,2006,0,0.0,0.0,0.0,0.0,,
171.0,New York Islanders,Brian Day,US,RW,18.0,,Governor's Academy (High-MA),,0.0,0.0,0.0,0.0,0.0,0.0,,0.0,,,,,,,,,daybr01,2006,0,0.0,0.0,0.0,0.0,,
172.0,Anaheim Ducks,Petteri Wirtanen,FI,C,20.0,2008.0,HPK (Finland),3.0,1.0,0.333333333333333,0.0,0.111111111111111,1.0,0.333333333333333,,1.0,2.0,,,,,,,0.2,wirtape01,2006,0,0.3333333333333333,0.0,0.3333333333333333,0.3333333333333333,0.01875,
174.0,New York Rangers,Eric Hunter,CA,C,20.0,,Prince George Cougars (WHL),,0.0,0.0,0.0,0.0,0.0,0.0,,0.0,,,,,,,,,hunteer01,2006,0,0.0,0.0,0.0,0.0,,
176.0,Nashville Predators,Ryan Flynn,US,RW,18.0,,USA U-18 Development Team (USDP/NAHL),,0.0,0.0,0.0,0.0,0.0,0.0,,0.0,,,,,,,,,flynnry01,2006,0,0.0,0.0,0.0,0.0,,
177.0,Washington Capitals,Mathieu Perreault,CA,C,18.0,2022.0,Acadie-Bathurst Titan (QMJHL),708.0,143.0,0.201977401129944,209.0,0.000285278815155288,352.0,0.497175141242938,,17.0,322.0,,,,,,,37.2,perrema01,2006,0,0.2019774011299435,0.2951977401129944,0.4971751412429379,0.02401129943502825,0.16278248587570623,
178.0,New Jersey Devils,Tony Romano,US,C,18.0,,New York (AtJHL),,0.0,0.0,0.0,0.0,0.0,0.0,,0.0,,,,,,,,,romanto01,2006,0,0.0,0.0,0.0,0.0,,
179.0,Calgary Flames,Jordan Fulton,US,C,19.0,,Breck School (High-MN),,0.0,0.0,0.0,0.0,0.0,0.0,,0.0,,,,,,,,,fultojo01,2006,0,0.0,0.0,0.0,0.0,,
180.0,Toronto Maple Leafs,Leo Komarov,EE,C,19.0,2022.0,Assat (Finland),491.0,63.0,0.128309572301426,107.0,0.000261322957844045,170.0,0.346232179226069,,20.0,207.0,,,,,,,13.5,komarle01,2006,0,0.12830957230142567,0.21792260692464357,0.34623217922606925,0.04073319755600815,0.11456211812627293,
182.0,Detroit Red Wings,Jan Mursak,SI,LW,18.0,2013.0,HC Ceske Budejovice Jr. (Czech Jr.),46.0,2.0,0.0434782608695652,2.0,0.000945179584120983,4.0,0.0869565217391304,,-1.0,8.0,,,,,,,-0.1,mursaja01,2006,0,0.043478260869565216,0.043478260869565216,0.08695652173913043,-0.021739130434782608,0.02717391304347826,
183.0,Carolina Hurricanes,Nick Dodge,CA,RW,20.0,,Clarkson (ECAC),,0.0,0.0,0.0,0.0,0.0,0.0,,0.0,,,,,,,,,dodgeni01,2006,0,0.0,0.0,0.0,0.0,,
186.0,Chicago Blackhawks,Peter Leblanc,CA,C,18.0,2014.0,Hamilton (OPJHL),1.0,0.0,0.0,0.0,0.0,0.0,0.0,,0.0,0.0,,,,,,,0.0,leblape01,2006,0,0.0,0.0,0.0,0.0,0.0,
187.0,Calgary Flames,Devin Didiomete,CA,LW,18.0,,Sudbury Wolves (OHL),,0.0,0.0,0.0,0.0,0.0,0.0,,0.0,,,,,,,,,didiode01,2006,0,0.0,0.0,0.0,0.0,,
189.0,Columbus Blue Jackets,Derek Dorsett,CA,RW,19.0,2018.0,Medicine Hat Tigers (WHL),515.0,51.0,0.0990291262135922,76.0,0.000192289565463286,127.0,0.246601941747573,,-49.0,1314.0,,,,,,,6.8,dorsede01,2006,0,0.09902912621359224,0.14757281553398058,0.24660194174757283,-0.09514563106796116,0.07538834951456311,
190.0,New York Islanders,Troy Mattila,US,LW,18.0,,Springfield Jr. Blues (NAHL),,0.0,0.0,0.0,0.0,0.0,0.0,,0.0,,,,,,,,,mattitr01,2006,0,0.0,0.0,0.0,0.0,,
191.0,Detroit Red Wings,Nick Oslund,US,RW,18.0,,Burnsville HS (High-MN),,0.0,0.0,0.0,0.0,0.0,0.0,,0.0,,,,,,,,,oslunni01,2006,0,0.0,0.0,0.0,0.0,,
192.0,Minnesota Wild,Chris Hickey,US,C,18.0,,Cretin-Derham Hall (High-MN),,0.0,0.0,0.0,0.0,0.0,0.0,,0.0,,,,,,,,,hickech01,2006,0,0.0,0.0,0.0,0.0,,
194.0,Columbus Blue Jackets,Matt Marquardt,CA,LW,19.0,,Moncton Wildcats (QMJHL),,0.0,0.0,0.0,0.0,0.0,0.0,,0.0,,,,,,,,,marquma02,2006,0,0.0,0.0,0.0,0.0,,
195.0,Atlanta Thrashers,Jesse Martin,CA,C,18.0,,Spruce Grove (AJHL),,0.0,0.0,0.0,0.0,0.0,0.0,,0.0,,,,,,,,,martije01,2006,0,0.0,0.0,0.0,0.0,,
196.0,Phoenix Coyotes,Benn Ferriero,US,C,19.0,2014.0,Boston College (H-East),98.0,14.0,0.142857142857143,9.0,0.00145772594752187,23.0,0.23469387755102,,12.0,25.0,,,,,,,2.5,ferribe01,2006,0,0.14285714285714285,0.09183673469387756,0.23469387755102042,0.12244897959183673,0.08239795918367347,
197.0,Vancouver Canucks,Evan Fuller,CA,RW,18.0,,Prince George Cougars (WHL),,0.0,0.0,0.0,0.0,0.0,0.0,,0.0,,,,,,,,,fulleev01,2006,0,0.0,0.0,0.0,0.0,,
198.0,Tampa Bay Lightning,Denis Kazionov,RU,LW,18.0,,HK MVD (Russia),,0.0,0.0,0.0,0.0,0.0,0.0,,0.0,,,,,,,,,kaziode01,2006,0,0.0,0.0,0.0,0.0,,
202.0,San Jose Sharks,John McCarthy,US,LW,20.0,2016.0,Boston University (H-East),88.0,3.0,0.0340909090909091,3.0,0.000387396694214876,6.0,0.0681818181818182,,-24.0,22.0,,,,,,,-1.6,mccarjo01,2006,0,0.03409090909090909,0.03409090909090909,0.06818181818181818,-0.2727272727272727,0.008522727272727274,
203.0,San Jose Sharks,Jay Barriball,US,LW,19.0,,Sioux Falls Stampede (USHL),,0.0,0.0,0.0,0.0,0.0,0.0,,0.0,,,,,,,,,barrija01,2006,0,0.0,0.0,0.0,0.0,,
204.0,New York Rangers,Lukas Zeliska,SK,C,18.0,,HC Ocelari Triec Jr. (Czech Jr.),,0.0,0.0,0.0,0.0,0.0,0.0,,0.0,,,,,,,,,zelislu01,2006,0,0.0,0.0,0.0,0.0,,
205.0,Philadelphia Flyers,Andrei Popov,RU,RW,18.0,,Traktor Chelyabinsk (Russia-2),,0.0,0.0,0.0,0.0,0.0,0.0,,0.0,,,,,,,,,popovan01,2006,0,0.0,0.0,0.0,0.0,,
207.0,Buffalo Sabres,Benjamin Breault,CA,C,18.0,,Baie-Comeau Drakkar (QMJHL),,0.0,0.0,0.0,0.0,0.0,0.0,,0.0,,,,,,,,,breaube01,2006,0,0.0,0.0,0.0,0.0,,
211.0,Ottawa Senators,Erik Condra,US,RW,20.0,2019.0,Notre Dame (CCHA),372.0,40.0,0.10752688172043,59.0,0.000289050757312984,99.0,0.266129032258065,,16.0,176.0,,,,,,,7.7,condrer01,2006,0,0.10752688172043011,0.1586021505376344,0.2661290322580645,0.043010752688172046,0.08864247311827957,
1.0,Pittsburgh Penguins,Sidney Crosby,CA,C,18.0,2026.0,Rimouski Oceanic (QMJHL),1377.0,643.0,0.466957153231663,1073.0,0.000339111948606872,1716.0,1.24618736383442,,197.0,880.0,,,,,,,203.8,crosbsi01,2005,0,0.46695715323166304,0.7792302106027597,1.2461873638344227,0.1430646332607117,0.41216412490922305,
2.0,Anaheim Ducks,Bobby Ryan,US,LW,18.0,2021.0,Owen Sound Attack (OHL),866.0,261.0,0.301385681293303,308.0,0.000348020417197809,569.0,0.657043879907621,,-12.0,470.0,,,,,,,64.7,ryanbo01,2005,0,0.30138568129330257,0.3556581986143187,0.6570438799076213,-0.013856812933025405,0.21284642032332568,
4.0,Minnesota Wild,Benoit Pouliot,CA,LW,18.0,2018.0,Sudbury Wolves (OHL),625.0,130.0,0.208,133.0,0.0003328,263.0,0.4208,,25.0,371.0,,,,,,,30.9,poulibe01,2005,0,0.208,0.2128,0.4208,0.04,0.13876,
6.0,Columbus Blue Jackets,Gilbert Brule,CA,C,18.0,2014.0,Vancouver Giants (WHL),299.0,43.0,0.1438127090301,52.0,0.00048097895996689,95.0,0.317725752508361,,-39.0,156.0,,,,,,,7.3,brulegi01,2005,0,0.14381270903010032,0.17391304347826086,0.3177257525083612,-0.13043478260869565,0.0967391304347826,
7.0,Chicago Blackhawks,Jack Skille,US,RW,18.0,2017.0,USA U-18 Development Team (USDP/NAHL),368.0,43.0,0.116847826086957,41.0,0.000317521266540644,84.0,0.228260869565217,,-52.0,118.0,,,,,,,5.3,skillja01,2005,0,0.11684782608695653,0.11141304347826086,0.22826086956521738,-0.14130434782608695,0.0671195652173913,
8.0,San Jose Sharks,Devin Setoguchi,CA,RW,18.0,2017.0,Saskatoon Blades (WHL),516.0,131.0,0.253875968992248,130.0,0.000492007691845442,261.0,0.505813953488372,,-11.0,177.0,,,,,,,29.2,setogde01,2005,0,0.25387596899224807,0.25193798449612403,0.5058139534883721,-0.02131782945736434,0.1633236434108527,
11.0,Los Angeles Kings,Anze Kopitar,SI,C,18.0,2026.0,Sodertalje SK Jr. (Sweden Jr.),1476.0,445.0,0.301490514905149,847.0,0.000204261866466903,1292.0,0.875338753387534,,115.0,352.0,,,,,,,140.2,kopitan01,2005,0,0.30149051490514905,0.5738482384823849,0.8753387533875339,0.07791327913279132,0.28838075880758807,
13.0,Buffalo Sabres,Marek Zagrapan,SK,C,18.0,,Chicoutimi Sagueneens (QMJHL),,0.0,0.0,0.0,0.0,0.0,0.0,,0.0,,,,,,,,,zagrama01,2005,0,0.0,0.0,0.0,0.0,,
15.0,New York Islanders,Ryan O'Marra,JP,C,18.0,2012.0,Erie Otters (OHL),33.0,1.0,0.0303030303030303,6.0,0.000918273645546373,7.0,0.212121212121212,,-3.0,17.0,,,,,,,0.2,omarrry01,2005,0,0.030303030303030304,0.18181818181818182,0.21212121212121213,-0.09090909090909091,0.06439393939393939,
16.0,Atlanta Thrashers,Alex Bourret,CA,RW,18.0,,Lewiston MAINEiacs (QMJHL),,0.0,0.0,0.0,0.0,0.0,0.0,,0.0,,,,,,,,,bourral01,2005,0,0.0,0.0,0.0,0.0,,
17.0,Phoenix Coyotes,Martin Hanzal,CZ,C,18.0,2019.0,HC Ceske Budejovice Jr. (Czech Jr.),673.0,127.0,0.188707280832095,211.0,0.000280397148338923,338.0,0.50222882615156,,-43.0,574.0,,,,,,,29.2,hanzama01,2005,0,0.1887072808320951,0.3135215453194651,0.5022288261515602,-0.0638930163447251,0.16002971768202082,
20.0,Florida Panthers,Kenndal McArdle,CA,LW,18.0,2012.0,Moose Jaw Warriors (WHL),42.0,1.0,0.0238095238095238,2.0,0.000566893424036281,3.0,0.0714285714285714,,-11.0,51.0,,,,,,,-0.6,mcardke01,2005,0,0.023809523809523808,0.047619047619047616,0.07142857142857142,-0.2619047619047619,0.010119047619047618,
23.0,New Jersey Devils,Niclas Bergfors,SE,RW,18.0,2012.0,Sodertalje SK Jr. (Sweden Jr.),173.0,35.0,0.202312138728324,48.0,0.00116943432790939,83.0,0.479768786127168,,-23.0,20.0,,,,,,,7.7,bergfni01,2005,0,0.2023121387283237,0.2774566473988439,0.4797687861271676,-0.1329479768786127,0.14927745664739886,
24.0,St. Louis Blues,T.J. Oshie,US,C,18.0,2024.0,Warroad HS (High-MN),1010.0,302.0,0.299009900990099,393.0,0.00029604940692089,695.0,0.688118811881188,,87.0,541.0,,,,,,,79.0,oshietj01,2005,0,0.299009900990099,0.3891089108910891,0.6881188118811881,0.08613861386138613,0.22794554455445543,
25.0,Edmonton Oilers,Andrew Cogliano,CA,C,18.0,2024.0,St. Michael's (OPJHL),1294.0,190.0,0.146831530139104,274.0,0.000113471043384161,464.0,0.358578052550232,,31.0,449.0,,,,,,,40.9,coglian01,2005,0,0.14683153013910355,0.2117465224111283,0.35857805255023184,0.023956723338485315,0.11773570324574961,
26.0,Calgary Flames,Matt Pelech,CA,RW,18.0,2014.0,Sarnia Sting (OHL),13.0,1.0,0.0769230769230769,3.0,0.00591715976331361,4.0,0.307692307692308,,2.0,38.0,,,,,,,0.7,pelecma01,2005,0,0.07692307692307693,0.23076923076923078,0.3076923076923077,0.15384615384615385,0.07,
29.0,Philadelphia Flyers,Steve Downie,CA,RW,18.0,2016.0,Windsor Spitfires (OHL),434.0,76.0,0.175115207373272,120.0,0.000403491261228737,196.0,0.451612903225806,,21.0,1057.0,,,,,,,20.9,downist01,2005,0,0.17511520737327188,0.2764976958525346,0.45161290322580644,0.04838709677419355,0.14919354838709678,
33.0,Dallas Stars,James Neal,CA,LW,18.0,2022.0,Plymouth Whalers (OHL),869.0,296.0,0.340621403912543,263.0,0.000391969394605918,559.0,0.643268124280783,,7.0,581.0,,,,,,,67.6,nealja01,2005,0,0.34062140391254314,0.30264672036823936,0.6432681242807825,0.00805523590333717,0.20946490218642116,
34.0,Colorado Avalanche,Ryan Stoa,US,C,18.0,2014.0,USA U-18 Development Team (USDP/NAHL),40.0,4.0,0.1,3.0,0.0025,7.0,0.175,,-8.0,20.0,,,,,,,-0.1,stoary01,2005,0,0.1,0.075,0.175,-0.2,0.046875,
39.0,Boston Bruins,Petr Kalus,CZ,LW,18.0,2010.0,HC Vitkovice Jr. (Czech Jr.),11.0,4.0,0.363636363636364,1.0,0.0330578512396695,5.0,0.454545454545455,,0.0,6.0,,,,,,,0.7,kaluspe01,2005,0,0.36363636363636365,0.09090909090909091,0.45454545454545453,0.0,0.08124999999999999,
42.0,Detroit Red Wings,Justin Abdelkader,US,LW,18.0,2020.0,Cedar Rapids Roughriders (USHL),739.0,106.0,0.143437077131258,146.0,0.000194096180150552,252.0,0.341001353179973,,-56.0,608.0,,,,,,,18.9,abdelju01,2005,0,0.14343707713125844,0.1975642760487145,0.34100135317997293,-0.07577807848443843,0.10703653585926928,
43.0,Chicago Blackhawks,Mike Blunden,CA,RW,18.0,2018.0,Erie Otters (OHL),127.0,7.0,0.0551181102362205,6.0,0.000434000868001736,13.0,0.102362204724409,,-6.0,145.0,,,,,,,0.1,blundmi01,2005,0,0.05511811023622047,0.047244094488188976,0.10236220472440945,-0.047244094488188976,0.030905511811023627,
44.0,Colorado Avalanche,Paul Stastny,CA,C,19.0,2023.0,Denver (WCHA),1145.0,293.0,0.25589519650655,529.0,0.000223489254590873,822.0,0.717903930131004,,54.0,500.0,,,,,,,84.7,stastpa01,2005,0,0.25589519650655024,0.46200873362445416,0.7179039301310044,0.04716157205240175,0.23567685589519652,
45.0,Montreal Canadiens,Guillaume Latendresse,CA,LW,18.0,2013.0,Drummondville Voltigeurs (QMJHL),341.0,87.0,0.255131964809384,60.0,0.00074818758008617,147.0,0.43108504398827,,-15.0,185.0,,,,,,,17.0,latengu01,2005,0,0.25513196480938416,0.17595307917888564,0.4310850439882698,-0.04398826979472141,0.13790322580645162,
47.0,Colorado Avalanche,Tom Fritsche,US,LW,18.0,,Ohio State (CCHA),,0.0,0.0,0.0,0.0,0.0,0.0,,0.0,,,,,,,,,fritsto01,2005,0,0.0,0.0,0.0,0.0,,
48.0,Buffalo Sabres,Philip Gogulla,DE,RW,18.0,,Kolner Haie (Germany),,0.0,0.0,0.0,0.0,0.0,0.0,,0.0,,,,,,,,,gogulph01,2005,0,0.0,0.0,0.0,0.0,,
50.0,Los Angeles Kings,Dany Roussin,CA,C,20.0,,Rimouski Oceanic (QMJHL),,0.0,0.0,0.0,0.0,0.0,0.0,,0.0,,,,,,,,,roussda01,2005,0,0.0,0.0,0.0,0.0,,
51.0,Vancouver Canucks,Mason Raymond,CA,LW,19.0,2017.0,Camrose (AJHL),546.0,115.0,0.210622710622711,136.0,0.000385755880261375,251.0,0.45970695970696,,-2.0,156.0,,,,,,,25.0,raymoma01,2005,0,0.21062271062271062,0.2490842490842491,0.4597069597069597,-0.003663003663003663,0.14922161172161175,
52.0,Colorado Avalanche,Chris Durand,CA,C,18.0,,Seattle Thunderbirds (WHL),,0.0,0.0,0.0,0.0,0.0,0.0,,0.0,,,,,,,,,duranch01,2005,0,0.0,0.0,0.0,0.0,,
53.0,Atlanta Thrashers,Andrew Kozek,CA,LW,19.0,,Surrey (BCHL),,0.0,0.0,0.0,0.0,0.0,0.0,,0.0,,,,,,,,,kozekan01,2005,0,0.0,0.0,0.0,0.0,,
54.0,Chicago Blackhawks,Dan Bertram,CA,RW,18.0,,Boston College (H-East),,0.0,0.0,0.0,0.0,0.0,0.0,,0.0,,,,,,,,,bertrda01,2005,0,0.0,0.0,0.0,0.0,,
56.0,New York Rangers,Marc-Andre Cliche,CA,C,18.0,2015.0,Lewiston MAINEiacs (QMJHL),151.0,3.0,0.0198675496688742,11.0,0.000131573176615061,14.0,0.0927152317880795,,-12.0,34.0,,,,,,,-1.5,clichma01,2005,0,0.019867549668874173,0.0728476821192053,0.09271523178807947,-0.07947019867549669,0.02615894039735099,
57.0,Minnesota Wild,Matt Kassian,CA,LW,18.0,2014.0,Kamloops Blazers (WHL),76.0,4.0,0.0526315789473684,1.0,0.000692520775623268,5.0,0.0657894736842105,,-4.0,177.0,,,,,,,0.2,kassima01,2005,0,0.05263157894736842,0.013157894736842105,0.06578947368421052,-0.05263157894736842,0.018749999999999996,
61.0,Pittsburgh Penguins,Michael Gergen,US,LW,18.0,,Shattuck-St. Mary's School (High-MN),,0.0,0.0,0.0,0.0,0.0,0.0,,0.0,,,,,,,,,gergemi01,2005,0,0.0,0.0,0.0,0.0,,
63.0,Anaheim Ducks,Jason Bailey,CA,RW,18.0,,USA U-18 Development Team (USDP/NAHL),,0.0,0.0,0.0,0.0,0.0,0.0,,0.0,,,,,,,,,baileja01,2005,0,0.0,0.0,0.0,0.0,,
64.0,Carolina Hurricanes,Joe Barnes,CA,C,19.0,,Saskatoon Blades (WHL),,0.0,0.0,0.0,0.0,0.0,0.0,,0.0,,,,,,,,,barnejo01,2005,0,0.0,0.0,0.0,0.0,,
66.0,New York Rangers,Brodie Dupont,CA,C,18.0,2011.0,Calgary Hitmen (WHL),1.0,0.0,0.0,0.0,0.0,0.0,0.0,,0.0,0.0,,,,,,,0.0,duponbr01,2005,0,0.0,0.0,0.0,0.0,0.0,
68.0,Chicago Blackhawks,Evan Brophey,CA,C,18.0,2012.0,Belleville Bulls (OHL),4.0,0.0,0.0,0.0,0.0,0.0,0.0,,0.0,0.0,,,,,,,0.0,brophev01,2005,0,0.0,0.0,0.0,0.0,0.0,
71.0,Dallas Stars,Rich Clune,CA,LW,18.0,2016.0,Sarnia Sting (OHL),139.0,7.0,0.0503597122302158,15.0,0.000362300087987164,22.0,0.158273381294964,,-2.0,327.0,,,,,,,1.1,cluneri01,2005,0,0.050359712230215826,0.1079136690647482,0.15827338129496402,-0.014388489208633094,0.05071942446043166,
73.0,Tampa Bay Lightning,Radek Smolenak,CZ,LW,18.0,2010.0,Kingston Frontenacs (OHL),7.0,0.0,0.0,1.0,0.0,1.0,0.142857142857143,,1.0,15.0,,,,,,,0.0,smolera01,2005,0,0.0,0.14285714285714285,0.14285714285714285,0.14285714285714285,0.01875,
74.0,Calgary Flames,Dan Ryder,CA,C,18.0,,Peterborough Petes (OHL),,0.0,0.0,0.0,0.0,0.0,0.0,,0.0,,,,,,,,,ryderda01,2005,0,0.0,0.0,0.0,0.0,,
75.0,Dallas Stars,Perttu Lindgren,FI,C,18.0,2010.0,Ilves Jr. (Finland Jr.),1.0,0.0,0.0,0.0,0.0,0.0,0.0,,0.0,0.0,,,,,,,0.0,lindgpe01,2005,0,0.0,0.0,0.0,0.0,0.0,
80.0,Detroit Red Wings,Christofer Lofberg,SE,C,18.0,,Djurgardens IF Jr. (Sweden Jr.),,0.0,0.0,0.0,0.0,0.0,0.0,,0.0,,,,,,,,,lofbech01,2005,0,0.0,0.0,0.0,0.0,,
83.0,Boston Bruins,Mikko Lehtonen,FI,RW,18.0,2010.0,Blues Jr. (Finland Jr.),2.0,0.0,0.0,0.0,0.0,0.0,0.0,,-1.0,0.0,,,,,,,-0.1,lehtomi02,2005,0,0.0,0.0,0.0,-0.5,-0.0025000000000000005,
88.0,Colorado Avalanche,T.J. Hensick,US,C,19.0,2011.0,Michigan (CCHA),112.0,12.0,0.107142857142857,26.0,0.000956632653061223,38.0,0.339285714285714,,-16.0,18.0,,,,,,,2.5,hensitj01,2005,0,0.10714285714285714,0.23214285714285715,0.3392857142857143,-0.14285714285714285,0.103125,
89.0,Tampa Bay Lightning,Chris Lawrence,CA,C,18.0,,Soo Greyhounds (OHL),,0.0,0.0,0.0,0.0,0.0,0.0,,0.0,,,,,,,,,lawrech01,2005,0,0.0,0.0,0.0,0.0,,
90.0,Florida Panthers,Dan Collins,US,RW,18.0,,Plymouth Whalers (OHL),,0.0,0.0,0.0,0.0,0.0,0.0,,0.0,,,,,,,,,collida01,2005,0,0.0,0.0,0.0,0.0,,
92.0,Tampa Bay Lightning,Marek Bartanus,SK,RW,18.0,,HC Kosice Jr. (Slovakia Jr.),,0.0,0.0,0.0,0.0,0.0,0.0,,0.0,,,,,,,,,bartama01,2005,0,0.0,0.0,0.0,0.0,,
93.0,Florida Panthers,Olivier Legault,CA,LW,18.0,,Lewiston MAINEiacs (QMJHL),,0.0,0.0,0.0,0.0,0.0,0.0,,0.0,,,,,,,,,legauol01,2005,0,0.0,0.0,0.0,0.0,,
95.0,Ottawa Senators,Cody Bass,CA,C,18.0,2017.0,Mississagua IceDogs (OHL),75.0,2.0,0.0266666666666667,3.0,0.000355555555555556,5.0,0.0666666666666667,,-5.0,107.0,,,,,,,-0.3,bassco01,2005,0,0.02666666666666667,0.04,0.06666666666666667,-0.06666666666666667,0.018333333333333333,
97.0,Edmonton Oilers,Chris VandeVelde,US,C,18.0,2017.0,Moorhead HS (High-MN),278.0,18.0,0.0647482014388489,30.0,0.00023290719942032,48.0,0.172661870503597,,-28.0,95.0,,,,,,,0.7,vandech01,2005,0,0.06474820143884892,0.1079136690647482,0.17266187050359713,-0.10071942446043165,0.05107913669064749,
98.0,Ottawa Senators,Ilya Zubov,RU,C,18.0,2009.0,Traktor Chelyabinsk (Russia-2),11.0,0.0,0.0,2.0,0.0,2.0,0.181818181818182,,-1.0,0.0,,,,,,,0.0,zubovil01,2005,0,0.0,0.18181818181818182,0.18181818181818182,-0.09090909090909091,0.030000000000000006,
99.0,New Jersey Devils,Patrick Davis,US,RW,18.0,2010.0,Kitchener Rangers (OHL),9.0,1.0,0.111111111111111,0.0,0.0123456790123457,1.0,0.111111111111111,,-2.0,0.0,,,,,,,0.0,davispa01,2005,0,0.1111111111111111,0.0,0.1111111111111111,-0.2222222222222222,0.011249999999999998,
101.0,Columbus Blue Jackets,Jared Boll,US,RW,19.0,2018.0,Lincoln Stars (USHL),579.0,28.0,0.0483592400690846,38.0,8.35220035735485e-05,66.0,0.113989637305699,,-52.0,1298.0,,,,,,,0.5,bollja01,2005,0,0.04835924006908463,0.06563039723661486,0.11398963730569948,-0.08981001727115717,0.03255613126079448,
102.0,Tampa Bay Lightning,Blair Jones,CA,C,18.0,2015.0,Moose Jaw Warriors (WHL),132.0,7.0,0.053030303030303,10.0,0.000401744719926538,17.0,0.128787878787879,,-18.0,65.0,,,,,,,-0.3,jonesbl01,2005,0,0.05303030303030303,0.07575757575757576,0.12878787878787878,-0.13636363636363635,0.035037878787878785,
103.0,Detroit Red Wings,Mattias Ritola,SE,RW,18.0,2012.0,Leksands IF Jr. (Sweden Jr.),43.0,4.0,0.0930232558139535,5.0,0.00216333153055706,9.0,0.209302325581395,,-7.0,17.0,,,,,,,0.4,ritolma01,2005,0,0.09302325581395349,0.11627906976744186,0.20930232558139536,-0.16279069767441862,0.05988372093023256,
106.0,Boston Bruins,Vladimir Sobotka,CZ,C,18.0,2020.0,HC Slavia Praha Jr. (Czech Jr.),548.0,53.0,0.0967153284671533,118.0,0.000176487825669988,171.0,0.312043795620438,,-22.0,362.0,,,,,,,10.8,sobotvl01,2005,0,0.09671532846715329,0.21532846715328466,0.31204379562043794,-0.040145985401459854,0.09940693430656934,
107.0,New York Rangers,Tom Pyatt,CA,C,18.0,2019.0,Saginaw Spirit (OHL),445.0,43.0,0.0966292134831461,58.0,0.000217144299962126,101.0,0.226966292134831,,-41.0,71.0,,,,,,,3.7,pyattto01,2005,0,0.09662921348314607,0.1303370786516854,0.22696629213483147,-0.09213483146067415,0.06915730337078653,
110.0,Minnesota Wild,Kyle Bailey,CA,C,18.0,,Portland Winter Hawks (WHL),,0.0,0.0,0.0,0.0,0.0,0.0,,0.0,,,,,,,,,baileky01,2005,0,0.0,0.0,0.0,0.0,,
111.0,Calgary Flames,J.D. Watt,CA,RW,18.0,,Vancouver Giants (WHL),,0.0,0.0,0.0,0.0,0.0,0.0,,0.0,,,,,,,,,wattj.01,2005,0,0.0,0.0,0.0,0.0,,
115.0,Ottawa Senators,Janne Kolehmainen,FI,LW,19.0,,SaiPa (Finland),,0.0,0.0,0.0,0.0,0.0,0.0,,0.0,,,,,,,,,kolehja01,2005,0,0.0,0.0,0.0,0.0,,
116.0,Atlanta Thrashers,Jordan Smotherman,US,LW,19.0,2009.0,Quebec Remparts (QMJHL),4.0,1.0,0.25,1.0,0.0625,2.0,0.5,,1.0,0.0,,,,,,,0.3,lavaljo01,2005,0,0.25,0.25,0.5,0.25,0.035,
117.0,Chicago Blackhawks,Denis Istomin,RU,RW,18.0,,Traktor Chelyabinsk (Russia-2),,0.0,0.0,0.0,0.0,0.0,0.0,,0.0,,,,,,,,,istomde01,2005,0,0.0,0.0,0.0,0.0,,
120.0,Edmonton Oilers,Viacheslav Trukhno,RU,LW,18.0,,Prince Edward Island Rocket (QMJHL),,0.0,0.0,0.0,0.0,0.0,0.0,,0.0,,,,,,,,,trukhvi01,2005,0,0.0,0.0,0.0,0.0,,
121.0,Montreal Canadiens,Juraj Mikus,SK,RW,18.0,,HK 36 Skalica (Slovakia),,0.0,0.0,0.0,0.0,0.0,0.0,,0.0,,,,,,,,,mikusju01,2005,0,0.0,0.0,0.0,0.0,,
122.0,Minnesota Wild,Morten Madsen,DK,RW,18.0,,Frolunda HC Jr. (Sweden Jr.),,0.0,0.0,0.0,0.0,0.0,0.0,,0.0,,,,,,,,,madsemo01,2005,0,0.0,0.0,0.0,0.0,,
123.0,Carolina Hurricanes,Ondrej Otcenas,SK,C,18.0,,HK Dukla Trencin Jr. (Slovakia Jr.),,0.0,0.0,0.0,0.0,0.0,0.0,,0.0,,,,,,,,,otcenon01,2005,0,0.0,0.0,0.0,0.0,,
126.0,Pittsburgh Penguins,Tim Crowder,CA,RW,18.0,,Surrey (BCHL),,0.0,0.0,0.0,0.0,0.0,0.0,,0.0,,,,,,,,,crowdti01,2005,0,0.0,0.0,0.0,0.0,,
127.0,Anaheim Ducks,Bobby Bolt,CA,LW,18.0,,Kingston Frontenacs (OHL),,0.0,0.0,0.0,0.0,0.0,0.0,,0.0,,,,,,,,,boltbo01,2005,0,0.0,0.0,0.0,0.0,,
130.0,Montreal Canadiens,Mathieu Aubin,CA,C,18.0,,Lewiston MAINEiacs (QMJHL),,0.0,0.0,0.0,0.0,0.0,0.0,,0.0,,,,,,,,,aubinma01,2005,0,0.0,0.0,0.0,0.0,,
133.0,Tampa Bay Lightning,Stanislav Lascek,SK,RW,19.0,,Chicoutimi Sagueneens (QMJHL),,0.0,0.0,0.0,0.0,0.0,0.0,,0.0,,,,,,,,,lascest01,2005,0,0.0,0.0,0.0,0.0,,
135.0,Atlanta Thrashers,Tomas Pospisil,CZ,RW,18.0,,HC Ocelari Triec Jr. (Czech Jr.),,0.0,0.0,0.0,0.0,0.0,0.0,,0.0,,,,,,,,,pospito01,2005,0,0.0,0.0,0.0,0.0,,
137.0,Detroit Red Wings,Johan Ryno,SE,RW,19.0,,IFK Kumla (Sweden-3),,0.0,0.0,0.0,0.0,0.0,0.0,,0.0,,,,,,,,,rynojo01,2005,0,0.0,0.0,0.0,0.0,,
138.0,Vancouver Canucks,Matt Butcher,US,C,18.0,,Chilliwack (BCHL),,0.0,0.0,0.0,0.0,0.0,0.0,,0.0,,,,,,,,,butchma01,2005,0,0.0,0.0,0.0,0.0,,
142.0,Buffalo Sabres,Nathan Gerbe,US,C,18.0,2021.0,USA U-18 Development Team (USDP/NAHL),435.0,63.0,0.144827586206897,88.0,0.00033293697978597,151.0,0.347126436781609,,-29.0,196.0,,,,,,,12.7,gerbena01,2005,0,0.14482758620689656,0.20229885057471264,0.3471264367816092,-0.06666666666666667,0.10948275862068967,
144.0,New York Islanders,Masi Marjamaki,FI,RW,20.0,2006.0,Moose Jaw Warriors (WHL),1.0,0.0,0.0,0.0,0.0,0.0,0.0,,0.0,0.0,,,,,,,0.0,marjama01,2005,0,0.0,0.0,0.0,0.0,0.0,
146.0,Dallas Stars,Tom Wandell,SE,C,18.0,2013.0,Sodertalje SK Jr. (Sweden Jr.),229.0,20.0,0.0873362445414847,23.0,0.000381380980530501,43.0,0.187772925764192,,-9.0,52.0,,,,,,,1.9,wandeto01,2005,0,0.08733624454148471,0.10043668122270742,0.18777292576419213,-0.039301310043668124,0.05906113537117904,
148.0,Phoenix Coyotes,Anton Krysanov,RU,C,18.0,,Lada Togliatti 2 (Russia-3),,0.0,0.0,0.0,0.0,0.0,0.0,,0.0,,,,,,,,,krysaan01,2005,0,0.0,0.0,0.0,0.0,,
150.0,Nashville Predators,Cal O'Reilly,CA,C,18.0,2018.0,Windsor Spitfires (OHL),145.0,16.0,0.110344827586207,33.0,0.000760998810939359,49.0,0.337931034482759,,-11.0,14.0,,,,,,,3.4,oreilca01,2005,0,0.1103448275862069,0.22758620689655173,0.33793103448275863,-0.07586206896551724,0.1060344827586207,
152.0,Philadelphia Flyers,Josh Beaulieu,CA,RW,18.0,,London Knights (OHL),,0.0,0.0,0.0,0.0,0.0,0.0,,0.0,,,,,,,,,beauljo01,2005,0,0.0,0.0,0.0,0.0,,
153.0,Toronto Maple Leafs,Alex Berry,US,RW,19.0,,Boston (EJHL),,0.0,0.0,0.0,0.0,0.0,0.0,,0.0,,,,,,,,,berryal01,2005,0,0.0,0.0,0.0,0.0,,
154.0,Boston Bruins,Wacey Rabbit,CA,C,18.0,,Saskatoon Blades (WHL),,0.0,0.0,0.0,0.0,0.0,0.0,,0.0,,,,,,,,,rabbiwa01,2005,0,0.0,0.0,0.0,0.0,,
156.0,St. Louis Blues,Ryan Reaves,CA,RW,18.0,2026.0,Brandon Wheat Kings (WHL),935.0,65.0,0.0695187165775401,74.0,7.43515685321284e-05,139.0,0.148663101604278,,-55.0,1119.0,,,,,,,5.8,reavery01,2005,0,0.06951871657754011,0.07914438502673797,0.14866310160427806,-0.058823529411764705,0.045374331550802144,
157.0,Edmonton Oilers,Fredrik Pettersson,SE,LW,18.0,,Frolunda HC Jr. (Sweden Jr.),,0.0,0.0,0.0,0.0,0.0,0.0,,0.0,,,,,,,,,pettefr01,2005,0,0.0,0.0,0.0,0.0,,
160.0,Dallas Stars,Matt Watkins,CA,RW,18.0,2012.0,Vernon (BCHL),1.0,0.0,0.0,0.0,0.0,0.0,0.0,,-1.0,0.0,,,,,,,-0.1,watkima01,2005,0,0.0,0.0,0.0,-1.0,-0.0025000000000000005,
162.0,San Jose Sharks,P.J. Fenton,US,LW,20.0,,Massachusetts (H-East),,0.0,0.0,0.0,0.0,0.0,0.0,,0.0,,,,,,,,,fentop.01,2005,0,0.0,0.0,0.0,0.0,,
163.0,Tampa Bay Lightning,Marek Kvapil,CZ,RW,20.0,,Saginaw Spirit (OHL),,0.0,0.0,0.0,0.0,0.0,0.0,,0.0,,,,,,,,,kvapima01,2005,0,0.0,0.0,0.0,0.0,,
171.0,St. Louis Blues,Nick Drazenovic,CA,C,18.0,2014.0,Prince George Cougars (WHL),12.0,0.0,0.0,0.0,0.0,0.0,0.0,,-6.0,6.0,,,,,,,-0.4,drazeni01,2005,0,0.0,0.0,0.0,-0.5,-0.015,
172.0,Boston Bruins,Lukas Vantuch,CZ,RW,18.0,,Bili Tygri Liberec Jr. (Czech Jr.),,0.0,0.0,0.0,0.0,0.0,0.0,,0.0,,,,,,,,,vantulu01,2005,0,0.0,0.0,0.0,0.0,,
173.0,Toronto Maple Leafs,Johan Dahlberg,SE,LW,18.0,,MODO Hockey Jr. (Sweden Jr.),,0.0,0.0,0.0,0.0,0.0,0.0,,0.0,,,,,,,,,dahlbjo01,2005,0,0.0,0.0,0.0,0.0,,
176.0,Nashville Predators,Ryan Maki,US,RW,20.0,,Harvard (ECAC),,0.0,0.0,0.0,0.0,0.0,0.0,,0.0,,,,,,,,,makiry01,2005,0,0.0,0.0,0.0,0.0,,
179.0,Calgary Flames,Brett Sutter,CA,LW,18.0,2015.0,Kootenay Ice (WHL),60.0,2.0,0.0333333333333333,8.0,0.000555555555555555,10.0,0.166666666666667,,-9.0,40.0,,,,,,,0.1,suttebr04,2005,0,0.03333333333333333,0.13333333333333333,0.16666666666666666,-0.15,0.04666666666666667,
181.0,Washington Capitals,Tim Kennedy,US,LW,19.0,2014.0,Sioux City Musketeers (USHL),162.0,15.0,0.0925925925925926,24.0,0.000571559213534522,39.0,0.240740740740741,,-17.0,60.0,,,,,,,1.8,kenneti01,2005,0,0.09259259259259259,0.14814814814814814,0.24074074074074073,-0.10493827160493827,0.07299382716049382,
189.0,Columbus Blue Jackets,Kirill Starkov,RU,C,18.0,,Frolunda HC Jr. (Sweden Jr.),,0.0,0.0,0.0,0.0,0.0,0.0,,0.0,,,,,,,,,starkki01,2005,0,0.0,0.0,0.0,0.0,,
190.0,Montreal Canadiens,Matt D'Agostini,CA,RW,18.0,2014.0,Guelph Storm (OHL),324.0,52.0,0.160493827160494,55.0,0.000495351318396586,107.0,0.330246913580247,,-32.0,147.0,,,,,,,9.4,dagosma01,2005,0,0.16049382716049382,0.1697530864197531,0.33024691358024694,-0.09876543209876543,0.10239197530864197,
192.0,Carolina Hurricanes,Nicolas Blanchard,CA,LW,18.0,2013.0,Chicoutimi Sagueneens (QMJHL),9.0,0.0,0.0,0.0,0.0,0.0,0.0,,-2.0,20.0,,,,,,,-0.2,blancni01,2005,0,0.0,0.0,0.0,-0.2222222222222222,-0.005,
193.0,San Jose Sharks,Tony Lucia,US,LW,18.0,,Wayzata HS (High-MN),,0.0,0.0,0.0,0.0,0.0,0.0,,0.0,,,,,,,,,luciato01,2005,0,0.0,0.0,0.0,0.0,,
195.0,Pittsburgh Penguins,Joe Vitale,US,C,20.0,2016.0,Sioux Falls Stampede (USHL),234.0,11.0,0.047008547008547,33.0,0.000200891226532252,44.0,0.188034188034188,,-24.0,156.0,,,,,,,0.8,vitaljo01,2005,0,0.04700854700854701,0.14102564102564102,0.18803418803418803,-0.10256410256410256,0.055982905982905985,
199.0,Minnesota Wild,Riley Emmerson,CA,RW,19.0,,Tri-City Americans (WHL),,0.0,0.0,0.0,0.0,0.0,0.0,,0.0,,,,,,,,,emmerri01,2005,0,0.0,0.0,0.0,0.0,,
200.0,Montreal Canadiens,Sergei Kostitsyn,BY,LW,18.0,2013.0,HK Gomel (Belarus),353.0,67.0,0.189801699716714,109.0,0.000537681868885875,176.0,0.498583569405099,,23.0,188.0,,,,,,,18.3,kostise01,2005,0,0.18980169971671387,0.3087818696883853,0.4985835694050991,0.06515580736543909,0.16529745042492916,
202.0,Chicago Blackhawks,David Kuchejda,CZ,RW,18.0,,HC Ceske Budejovice Jr. (Czech Jr.),,0.0,0.0,0.0,0.0,0.0,0.0,,0.0,,,,,,,,,kucheda01,2005,0,0.0,0.0,0.0,0.0,,
203.0,Chicago Blackhawks,Adam Hobson,SE,C,18.0,,Spokane Chiefs (WHL),,0.0,0.0,0.0,0.0,0.0,0.0,,0.0,,,,,,,,,hobsoad01,2005,0,0.0,0.0,0.0,0.0,,
205.0,Vancouver Canucks,Mario Bliznak,SK,C,18.0,2011.0,HK Dubmika Jr. (Slovakia Jr.),6.0,1.0,0.166666666666667,0.0,0.0277777777777778,1.0,0.166666666666667,,-1.0,0.0,,,,,,,0.1,bliznma01,2005,0,0.16666666666666666,0.0,0.16666666666666666,-0.16666666666666666,0.01375,
207.0,Atlanta Thrashers,Myles Stoesz,CA,LW,18.0,,Spokane Chiefs (WHL),,0.0,0.0,0.0,0.0,0.0,0.0,,0.0,,,,,,,,,stoesmy01,2005,0,0.0,0.0,0.0,0.0,,
211.0,New York Rangers,Ryan Russell,CA,C,18.0,2012.0,Kootenay Ice (WHL),41.0,2.0,0.048780487804878,0.0,0.00118976799524093,2.0,0.048780487804878,,-7.0,2.0,,,,,,,-0.7,russery01,2005,0,0.04878048780487805,0.0,0.04878048780487805,-0.17073170731707318,0.007317073170731707,
212.0,Phoenix Coyotes,Pat Brosnihan,US,RW,19.0,,Worcester Academy (High-MA),,0.0,0.0,0.0,0.0,0.0,0.0,,0.0,,,,,,,,,brosnpa01,2005,0,0.0,0.0,0.0,0.0,,
215.0,Philadelphia Flyers,Matt Clackson,CA,LW,20.0,,Chicago Steel (USHL),,0.0,0.0,0.0,0.0,0.0,0.0,,0.0,,,,,,,,,clackma01,2005,0,0.0,0.0,0.0,0.0,,
217.0,Boston Bruins,Brock Bradford,CA,C,18.0,,Omaha Lancers (USHL),,0.0,0.0,0.0,0.0,0.0,0.0,,0.0,,,,,,,,,bradfbr01,2005,0,0.0,0.0,0.0,0.0,,
218.0,New Jersey Devils,Alexander Sundstrom,CA,C,18.0,,IF Bjorkloven (Sweden-2),,0.0,0.0,0.0,0.0,0.0,0.0,,0.0,,,,,,,,,sundsal01,2005,0,0.0,0.0,0.0,0.0,,
219.0,St. Louis Blues,Nikolai Lemtyugov,RU,RW,19.0,,CSKA Moskva (Russia),,0.0,0.0,0.0,0.0,0.0,0.0,,0.0,,,,,,,,,lemtyni01,2005,0,0.0,0.0,0.0,0.0,,
220.0,Edmonton Oilers,Matthew Glasser,CA,LW,18.0,,Fort McMurray (AJHL),,0.0,0.0,0.0,0.0,0.0,0.0,,0.0,,,,,,,,,glassma01,2005,0,0.0,0.0,0.0,0.0,,
224.0,Florida Panthers,Zach Bearson,US,RW,18.0,,Waterloo Black Hawks (USHL),,0.0,0.0,0.0,0.0,0.0,0.0,,0.0,,,,,,,,,bearsza01,2005,0,0.0,0.0,0.0,0.0,,
226.0,Los Angeles Kings,John Seymour,CA,LW,18.0,,Brampton Battalion (OHL),,0.0,0.0,0.0,0.0,0.0,0.0,,0.0,,,,,,,,,seymojo01,2005,0,0.0,0.0,0.0,0.0,,
227.0,Buffalo Sabres,Andrew Orpik,US,RW,19.0,,Thayer Academy (High-MA),,0.0,0.0,0.0,0.0,0.0,0.0,,0.0,,,,,,,,,orpikan01,2005,0,0.0,0.0,0.0,0.0,,
228.0,Toronto Maple Leafs,Chad Rau,US,C,18.0,2012.0,Des Moines Buccaneers (USHL),9.0,2.0,0.222222222222222,0.0,0.0246913580246913,2.0,0.222222222222222,,-1.0,0.0,,,,,,,0.3,rauch01,2005,0,0.2222222222222222,0.0,0.2222222222222222,-0.1111111111111111,0.03,
230.0,Nashville Predators,Patric Hornqvist,SE,RW,18.0,2023.0,Vasby IK (Sweden-3),901.0,264.0,0.293007769145394,279.0,0.000325202851437729,543.0,0.602663706992231,,74.0,466.0,,,,,,,64.9,hornqpa01,2005,0,0.293007769145394,0.30965593784683687,0.6026637069922308,0.08213096559378469,0.19997225305216426,
1.0,Washington Capitals,Alex Ovechkin,RU,LW,18.0,2026.0,Dynamo Moskva (Russia),1518.0,909.0,0.598814229249012,741.0,0.000394475776843881,1650.0,1.08695652173913,,69.0,835.0,,,,,,,217.2,ovechal01,2004,0,0.5988142292490118,0.4881422924901186,1.0869565217391304,0.045454545454545456,0.35553359683794467,
2.0,Pittsburgh Penguins,Evgeni Malkin,RU,C,18.0,2026.0,Metallurg Magnitogorsk (Russia),1238.0,520.0,0.420032310177706,852.0,0.000339282964602347,1372.0,1.10823909531502,,31.0,1220.0,,,,,,,158.0,malkiev01,2004,0,0.420032310177706,0.6882067851373183,1.1082390953150243,0.025040387722132473,0.36142972536348955,
4.0,Carolina Hurricanes,Andrew Ladd,CA,LW,18.0,2022.0,Calgary Hitmen (WHL),1001.0,256.0,0.255744255744256,294.0,0.000255488766977279,550.0,0.549450549450549,,20.0,615.0,,,,,,,59.3,laddan01,2004,0,0.25574425574425574,0.2937062937062937,0.5494505494505495,0.01998001998001998,0.1795704295704296,
5.0,Phoenix Coyotes,Blake Wheeler,US,RW,18.0,2024.0,Breck School (High-MN),1172.0,321.0,0.273890784982935,622.0,0.000233695209029808,943.0,0.804607508532423,,67.0,764.0,,,,,,,100.0,wheelbl01,2004,0,0.2738907849829352,0.5307167235494881,0.8046075085324232,0.05716723549488054,0.2643558020477816,
7.0,Florida Panthers,Rostislav Olesz,CZ,LW,18.0,2014.0,HC Vitkovice (Czech),365.0,57.0,0.156164383561644,77.0,0.000427847626196285,134.0,0.367123287671233,,-11.0,118.0,,,,,,,9.8,oleszro01,2004,0,0.15616438356164383,0.21095890410958903,0.36712328767123287,-0.030136986301369864,0.11780821917808221,
8.0,Columbus Blue Jackets,Alexandre Picard,CA,LW,18.0,2010.0,Lewiston MAINEiacs (QMJHL),67.0,0.0,0.0,2.0,0.0,2.0,0.0298507462686567,,-9.0,58.0,,,,,,,-1.1,picaral02,2004,0,0.0,0.029850746268656716,0.029850746268656716,-0.13432835820895522,0.0029850746268656712,
11.0,Los Angeles Kings,Lauri Tukonen,FI,RW,18.0,2008.0,Blues (Finland),5.0,0.0,0.0,0.0,0.0,0.0,0.0,,-2.0,0.0,,,,,,,-0.1,tukonla01,2004,0,0.0,0.0,0.0,-0.4,-0.005000000000000001,
13.0,Buffalo Sabres,Drew Stafford,US,RW,18.0,2019.0,North Dakota (WCHA),841.0,196.0,0.233055885850178,232.0,0.000277117581272507,428.0,0.508917954815696,,-58.0,415.0,,,,,,,43.6,staffdr01,2004,0,0.23305588585017836,0.27586206896551724,0.5089179548156956,-0.06896551724137931,0.1619500594530321,
15.0,Nashville Predators,Alexander Radulov,RU,RW,18.0,2022.0,THK Tver (Russia-2),524.0,144.0,0.274809160305344,224.0,0.000524444962414779,368.0,0.702290076335878,,62.0,344.0,,,,,,,41.8,radulal01,2004,0,0.2748091603053435,0.42748091603053434,0.7022900763358778,0.1183206106870229,0.23416030534351145,
16.0,New York Islanders,Petteri Nokelainen,FI,C,18.0,2012.0,SaiPa (Finland),245.0,20.0,0.0816326530612245,21.0,0.000333194502290712,41.0,0.16734693877551,,-14.0,103.0,,,,,,,1.6,nokelpe01,2004,0,0.08163265306122448,0.08571428571428572,0.1673469387755102,-0.05714285714285714,0.05153061224489796,
18.0,Montreal Canadiens,Kyle Chipchura,CA,C,18.0,2016.0,Prince Albert Raiders (WHL),482.0,31.0,0.0643153526970954,73.0,0.000133434341695219,104.0,0.215767634854772,,-45.0,376.0,,,,,,,4.3,chipcky01,2004,0,0.06431535269709543,0.15145228215767634,0.2157676348547718,-0.09336099585062241,0.06545643153526971,
19.0,New York Rangers,Lauri Korpikoski,FI,LW,18.0,2017.0,TPS Jr. (Finland Jr.),609.0,86.0,0.141215106732348,115.0,0.000231880306621261,201.0,0.330049261083744,,-49.0,132.0,,,,,,,14.8,korpila01,2004,0,0.1412151067323481,0.18883415435139572,0.33004926108374383,-0.08045977011494253,0.10324302134646962,
20.0,New Jersey Devils,Travis Zajac,CA,C,19.0,2021.0,Salmon Arm (BCHL),1037.0,203.0,0.195756991321119,349.0,0.000188772412074367,552.0,0.532304725168756,,-20.0,344.0,,,,,,,52.4,zajactr01,2004,0,0.19575699132111862,0.3365477338476374,0.532304725168756,-0.019286403085824494,0.1720347155255545,
21.0,Colorado Avalanche,Wojtek Wolski,PL,LW,18.0,2013.0,Brampton Battalion (OHL),451.0,99.0,0.219512195121951,168.0,0.000486723270780379,267.0,0.592017738359202,,17.0,113.0,,,,,,,26.8,wolskwo01,2004,0,0.21951219512195122,0.37250554323725055,0.5920177383592018,0.037694013303769404,0.19429046563192906,
22.0,San Jose Sharks,Lukas Kaspar,CZ,RW,18.0,2009.0,HC Chemopetrol (Czech),16.0,2.0,0.125,2.0,0.0078125,4.0,0.25,,-2.0,8.0,,,,,,,0.3,kaspalu01,2004,0,0.125,0.125,0.25,-0.125,0.06,
24.0,Calgary Flames,Kris Chucko,CA,LW,18.0,2009.0,Salmon Arm (BCHL),2.0,0.0,0.0,0.0,0.0,0.0,0.0,,0.0,2.0,,,,,,,0.0,chuckkr01,2004,0,0.0,0.0,0.0,0.0,0.0,
25.0,Edmonton Oilers,Rob Schremp,US,C,18.0,2011.0,London Knights (OHL),114.0,20.0,0.175438596491228,34.0,0.0015389350569406,54.0,0.473684210526316,,-23.0,26.0,,,,,,,4.3,schrero01,2004,0,0.17543859649122806,0.2982456140350877,0.47368421052631576,-0.20175438596491227,0.14385964912280702,
31.0,Pittsburgh Penguins,Johannes Salmonsson,SE,LW,18.0,,Djurgardens IF (Sweden),,0.0,0.0,0.0,0.0,0.0,0.0,,0.0,,,,,,,,,salmojo01,2004,0,0.0,0.0,0.0,0.0,,
32.0,Chicago Blackhawks,Dave Bolland,CA,C,18.0,2016.0,London Knights (OHL),433.0,85.0,0.196304849884527,123.0,0.000453359930449254,208.0,0.480369515011547,,34.0,299.0,,,,,,,20.3,bollada01,2004,0,0.19630484988452657,0.2840646651270208,0.48036951501154734,0.07852193995381063,0.16004618937644344,
33.0,Washington Capitals,Chris Bourque,US,C,18.0,2013.0,Cushing Academy (High-MA),51.0,2.0,0.0392156862745098,6.0,0.000768935024990388,8.0,0.156862745098039,,-12.0,18.0,,,,,,,-0.4,bourqch01,2004,0,0.0392156862745098,0.11764705882352941,0.1568627450980392,-0.23529411764705882,0.0392156862745098,
36.0,New York Rangers,Darin Olver,CA,C,19.0,,Northern Michigan (CCHA),,0.0,0.0,0.0,0.0,0.0,0.0,,0.0,,,,,,,,,olverda01,2004,0,0.0,0.0,0.0,0.0,,
41.0,Chicago Blackhawks,Bryan Bickell,CA,LW,18.0,2017.0,Ottawa 67's (OHL),395.0,66.0,0.167088607594937,70.0,0.000423009133151739,136.0,0.344303797468354,,9.0,192.0,,,,,,,14.0,bickebr01,2004,0,0.1670886075949367,0.17721518987341772,0.34430379746835443,0.02278481012658228,0.1130379746835443,
42.0,Minnesota Wild,Roman Voloshenko,BY,LW,18.0,,Krylja Sovetov Moskva (Russia-2),,0.0,0.0,0.0,0.0,0.0,0.0,,0.0,,,,,,,,,volosro01,2004,0,0.0,0.0,0.0,0.0,,
45.0,Chicago Blackhawks,Ryan Garlock,CA,C,18.0,,Windsor Spitfires (OHL),,0.0,0.0,0.0,0.0,0.0,0.0,,0.0,,,,,,,,,garlory01,2004,0,0.0,0.0,0.0,0.0,,
46.0,Columbus Blue Jackets,Adam Pineault,US,RW,18.0,2008.0,Boston College (H-East),3.0,0.0,0.0,0.0,0.0,0.0,0.0,,-2.0,0.0,,,,,,,-0.1,pineaad01,2004,0,0.0,0.0,0.0,-0.6666666666666666,-0.005,
47.0,New York Islanders,Blake Comeau,CA,RW,18.0,2022.0,Kelowna Rockets (WHL),909.0,141.0,0.155115511551155,193.0,0.000170644127118982,334.0,0.367436743674367,,-96.0,573.0,,,,,,,25.4,comeabl01,2004,0,0.1551155115511551,0.21232123212321233,0.36743674367436746,-0.10561056105610561,0.11413641364136413,
48.0,New York Rangers,Dane Byers,CA,LW,18.0,2012.0,Prince Albert Raiders (WHL),14.0,1.0,0.0714285714285714,0.0,0.00510204081632653,1.0,0.0714285714285714,,0.0,60.0,,,,,,,0.0,byersda01,2004,0,0.07142857142857142,0.0,0.07142857142857142,0.0,0.01625,
49.0,St. Louis Blues,Carl Soderberg,SE,C,18.0,2021.0,Malmo (Sweden),597.0,110.0,0.184254606365159,187.0,0.000308634181516179,297.0,0.49748743718593,,-25.0,210.0,,,,,,,27.0,soderca01,2004,0,0.18425460636515914,0.3132328308207705,0.49748743718592964,-0.04187604690117253,0.1595896147403685,
50.0,Phoenix Coyotes,Enver Lisin,RU,RW,18.0,2010.0,Kristall Saratov (Russia-2),135.0,24.0,0.177777777777778,18.0,0.00131687242798354,42.0,0.311111111111111,,-37.0,64.0,,,,,,,2.6,lisinen01,2004,0,0.17777777777777778,0.13333333333333333,0.3111111111111111,-0.2740740740740741,0.0874074074074074,
51.0,New York Rangers,Bruce Graham,CA,C,18.0,,Moncton Wildcats (QMJHL),,0.0,0.0,0.0,0.0,0.0,0.0,,0.0,,,,,,,,,grahabr01,2004,0,0.0,0.0,0.0,0.0,,
52.0,Dallas Stars,Raymond Sawada,CA,RW,19.0,2011.0,Nanaimo (BCHL),11.0,1.0,0.0909090909090909,0.0,0.00826446280991735,1.0,0.0909090909090909,,-1.0,0.0,,,,,,,0.0,sawadra01,2004,0,0.09090909090909091,0.0,0.09090909090909091,-0.09090909090909091,0.013750000000000002,
53.0,Florida Panthers,David Booth,US,LW,19.0,2018.0,Michigan State (CCHA),530.0,124.0,0.233962264150943,112.0,0.000441438234247062,236.0,0.445283018867925,,-31.0,216.0,,,,,,,24.5,boothda01,2004,0,0.2339622641509434,0.21132075471698114,0.44528301886792454,-0.05849056603773585,0.14179245283018868,
54.0,Chicago Blackhawks,Jakub Sindel,CZ,C,18.0,,HC Sparta Praha (Czech),,0.0,0.0,0.0,0.0,0.0,0.0,,0.0,,,,,,,,,sindeja01,2004,0,0.0,0.0,0.0,0.0,,
55.0,Colorado Avalanche,Victor Oreskovich,CA,RW,18.0,2012.0,Green Bay Gamblers (USHL),67.0,2.0,0.0298507462686567,7.0,0.000445533526397861,9.0,0.134328358208955,,-7.0,41.0,,,,,,,1.2,oreskvi01,2004,0,0.029850746268656716,0.1044776119402985,0.13432835820895522,-0.1044776119402985,0.038432835820895524,
57.0,Edmonton Oilers,Geoff Paukovich,US,LW,18.0,,USA U-18 Development Team (USDP/NAHL),,0.0,0.0,0.0,0.0,0.0,0.0,,0.0,,,,,,,,,paukoge01,2004,0,0.0,0.0,0.0,0.0,,
60.0,New York Rangers,Brandon Dubinsky,US,C,18.0,2019.0,Portland Winter Hawks (WHL),823.0,153.0,0.185905224787363,285.0,0.000225887271916601,438.0,0.532199270959903,,24.0,905.0,,,,,,,42.8,dubinbr01,2004,0,0.1859052247873633,0.3462940461725395,0.5321992709599028,0.02916160388821385,0.1744228432563791,
62.0,Washington Capitals,Mikhail Yunkov,RU,C,18.0,,Krylja Sovetov Moskva (Russia-2),,0.0,0.0,0.0,0.0,0.0,0.0,,0.0,,,,,,,,,yunkomi01,2004,0,0.0,0.0,0.0,0.0,,
63.0,Boston Bruins,David Krejci,CZ,C,18.0,2023.0,HC Kladno Jr. (Czech Jr.),1032.0,231.0,0.223837209302326,555.0,0.000216896520641789,786.0,0.761627906976744,,166.0,359.0,,,,,,,84.0,krejcda01,2004,0,0.2238372093023256,0.5377906976744186,0.7616279069767442,0.16085271317829458,0.2555717054263566,
64.0,Boston Bruins,Martins Karsums,LV,RW,18.0,2009.0,Moncton Wildcats (QMJHL),24.0,1.0,0.0416666666666667,5.0,0.00173611111111111,6.0,0.25,,-8.0,6.0,,,,,,,-0.1,karsuma01,2004,0,0.041666666666666664,0.20833333333333334,0.25,-0.3333333333333333,0.06458333333333334,
65.0,Tampa Bay Lightning,Mark Tobin,CA,LW,18.0,,Rimouski Oceanic (QMJHL),,0.0,0.0,0.0,0.0,0.0,0.0,,0.0,,,,,,,,,tobinma01,2004,0,0.0,0.0,0.0,0.0,,
67.0,Pittsburgh Penguins,Nick Johnson,CA,RW,18.0,2014.0,St. Albert (AJHL),113.0,14.0,0.123893805309735,23.0,0.00109640535672332,37.0,0.327433628318584,,-8.0,52.0,,,,,,,3.1,johnsni01,2004,0,0.12389380530973451,0.20353982300884957,0.3274336283185841,-0.07079646017699115,0.10287610619469026,
68.0,Chicago Blackhawks,Adam Berti,CA,LW,18.0,2008.0,Oshawa Generals (OHL),2.0,0.0,0.0,0.0,0.0,0.0,0.0,,0.0,0.0,,,,,,,0.0,bertiad01,2004,0,0.0,0.0,0.0,0.0,0.0,
70.0,Calgary Flames,Brandon Prust,CA,LW,20.0,2016.0,London Knights (OHL),486.0,40.0,0.0823045267489712,75.0,0.000169350878084303,115.0,0.236625514403292,,16.0,1036.0,,,,,,,8.6,prustbr01,2004,0,0.0823045267489712,0.15432098765432098,0.2366255144032922,0.03292181069958848,0.07854938271604939,
72.0,Colorado Avalanche,Denis Parshin,RU,RW,18.0,,CSKA Moskva (Russia),,0.0,0.0,0.0,0.0,0.0,0.0,,0.0,,,,,,,,,parshde01,2004,0,0.0,0.0,0.0,0.0,,
73.0,New York Rangers,Zdenek Bahensky,CZ,RW,18.0,,HC Litvinov Jr. (Czech Jr.),,0.0,0.0,0.0,0.0,0.0,0.0,,0.0,,,,,,,,,bahenzd01,2004,0,0.0,0.0,0.0,0.0,,
75.0,Anaheim Ducks,Tim Brent,CA,C,20.0,2013.0,Toronto St. Michael's Majors (OHL),207.0,21.0,0.101449275362319,27.0,0.000490093117692362,48.0,0.231884057971014,,-21.0,76.0,,,,,,,3.1,brentti01,2004,0,0.10144927536231885,0.13043478260869565,0.2318840579710145,-0.10144927536231885,0.07028985507246377,
77.0,Ottawa Senators,Shawn Weller,US,LW,18.0,,Capital District (EJHL),,0.0,0.0,0.0,0.0,0.0,0.0,,0.0,,,,,,,,,wellesh01,2004,0,0.0,0.0,0.0,0.0,,
78.0,Minnesota Wild,Peter Olvecky,SK,C,18.0,2010.0,HK Dukla Trencin (Slovakia),32.0,2.0,0.0625,5.0,0.001953125,7.0,0.21875,,1.0,12.0,,,,,,,0.6,olvecpe01,2004,0,0.0625,0.15625,0.21875,0.03125,0.07265625,
80.0,New York Rangers,Billy Ryan,US,C,18.0,,Cushing Academy (High-MA),,0.0,0.0,0.0,0.0,0.0,0.0,,0.0,,,,,,,,,ryanbi01,2004,0,0.0,0.0,0.0,0.0,,
81.0,Nashville Predators,Vaclav Meidl,CZ,C,18.0,,Plymouth Whalers (OHL),,0.0,0.0,0.0,0.0,0.0,0.0,,0.0,,,,,,,,,meidlva01,2004,0,0.0,0.0,0.0,0.0,,
82.0,New York Islanders,Sergei Ogorodnikov,RU,C,18.0,,THK Tver (Russia-2),,0.0,0.0,0.0,0.0,0.0,0.0,,0.0,,,,,,,,,ogorose01,2004,0,0.0,0.0,0.0,0.0,,
83.0,St. Louis Blues,Viktor Alexandrov,KZ,LW,18.0,,Metallurg Novokuznetsk (Russia),,0.0,0.0,0.0,0.0,0.0,0.0,,0.0,,,,,,,,,alexavi01,2004,0,0.0,0.0,0.0,0.0,,
85.0,Pittsburgh Penguins,Brian Gifford,US,C,18.0,,Moorhead HS (High-MN),,0.0,0.0,0.0,0.0,0.0,0.0,,0.0,,,,,,,,,giffobr01,2004,0,0.0,0.0,0.0,0.0,,
86.0,Dallas Stars,John Lammers,CA,LW,18.0,,Lethbridge Hurricanes (WHL),,0.0,0.0,0.0,0.0,0.0,0.0,,0.0,,,,,,,,,lammejo01,2004,0,0.0,0.0,0.0,0.0,,
87.0,Ottawa Senators,Peter Regin,DK,C,18.0,2015.0,Herning (Denmark),243.0,23.0,0.0946502057613169,44.0,0.000389507019593897,67.0,0.275720164609053,,1.0,64.0,,,,,,,4.9,reginpe01,2004,0,0.09465020576131687,0.18106995884773663,0.2757201646090535,0.00411522633744856,0.08981481481481483,
92.0,Philadelphia Flyers,Rob Bellamy,US,RW,19.0,,New England Jr. Coyotes (EJHL),,0.0,0.0,0.0,0.0,0.0,0.0,,0.0,,,,,,,,,bellaro01,2004,0,0.0,0.0,0.0,0.0,,
97.0,Detroit Red Wings,Johan Franzen,SE,LW,24.0,2016.0,Linkoping HC (Sweden),602.0,187.0,0.31063122923588,183.0,0.00051599871966093,370.0,0.614617940199336,,93.0,401.0,,,,,,,45.8,franzjo01,2004,0,0.3106312292358804,0.30398671096345514,0.6146179401993356,0.15448504983388706,0.20747508305647844,
98.0,Calgary Flames,Dustin Boyd,CA,C,18.0,2011.0,Moose Jaw Warriors (WHL),220.0,32.0,0.145454545454545,31.0,0.000661157024793386,63.0,0.286363636363636,,-17.0,41.0,,,,,,,4.9,boyddu01,2004,0,0.14545454545454545,0.1409090909090909,0.2863636363636364,-0.07727272727272727,0.08920454545454547,
99.0,Pittsburgh Penguins,Tyler Kennedy,CA,C,18.0,2016.0,Soo Greyhounds (OHL),527.0,89.0,0.16888045540797,126.0,0.000320456272121385,215.0,0.407969639468691,,6.0,239.0,,,,,,,21.2,kennety01,2004,0,0.16888045540796964,0.23908918406072105,0.4079696394686907,0.011385199240986717,0.13315939278937383,
100.0,Montreal Canadiens,J.T. Wyman,US,RW,18.0,2013.0,Blake School (High-MN),44.0,2.0,0.0454545454545455,9.0,0.00103305785123967,11.0,0.25,,-2.0,8.0,,,,,,,0.5,wymanja01,2004,0,0.045454545454545456,0.20454545454545456,0.25,-0.045454545454545456,0.07897727272727273,
103.0,Phoenix Coyotes,Roman Tomanek,SI,RW,18.0,,HK 95 Povazska Bystrica (Slovakia-2),,0.0,0.0,0.0,0.0,0.0,0.0,,0.0,,,,,,,,,tomanro01,2004,0,0.0,0.0,0.0,0.0,,
104.0,Dallas Stars,Fredrik Naslund,SE,LW,18.0,,VIK Hockey Ungdom (Sweden-2),,0.0,0.0,0.0,0.0,0.0,0.0,,0.0,,,,,,,,,naslufr01,2004,0,0.0,0.0,0.0,0.0,,
106.0,Atlanta Thrashers,Chad Painchaud,CA,LW,18.0,,Mississagua IceDogs (OHL),,0.0,0.0,0.0,0.0,0.0,0.0,,0.0,,,,,,,,,paincch01,2004,0,0.0,0.0,0.0,0.0,,
107.0,Nashville Predators,Nick Fugere,CA,LW,18.0,,Gatineau Olympiques (QMJHL),,0.0,0.0,0.0,0.0,0.0,0.0,,0.0,,,,,,,,,fugerni01,2004,0,0.0,0.0,0.0,0.0,,
108.0,Boston Bruins,Ashton Rome,CA,RW,18.0,,Moose Jaw Warriors (WHL),,0.0,0.0,0.0,0.0,0.0,0.0,,0.0,,,,,,,,,romeas01,2004,0,0.0,0.0,0.0,0.0,,
110.0,Los Angeles Kings,Ned Lukacevic,ME,LW,18.0,,Spokane Chiefs (WHL),,0.0,0.0,0.0,0.0,0.0,0.0,,0.0,,,,,,,,,lukacne01,2004,0,0.0,0.0,0.0,0.0,,
111.0,Minnesota Wild,Ryan Jones,CA,RW,20.0,2014.0,Chatham (WOHL),334.0,54.0,0.161676646706587,46.0,0.000484061816486787,100.0,0.29940119760479,,-11.0,181.0,,,,,,,9.3,jonesry01,2004,0,0.16167664670658682,0.1377245508982036,0.2994011976047904,-0.03293413173652695,0.09565868263473054,
112.0,Edmonton Oilers,Liam Reddox,CA,LW,18.0,2011.0,Peterborough Petes (OHL),100.0,6.0,0.06,18.0,0.0006,24.0,0.24,,-17.0,34.0,,,,,,,0.2,reddoli01,2004,0,0.06,0.18,0.24,-0.17,0.0695,
113.0,Toronto Maple Leafs,Roman Kukumberg,SK,C,24.0,,HK Dukla Trencin (Slovakia),,0.0,0.0,0.0,0.0,0.0,0.0,,0.0,,,,,,,,,kukumro01,2004,0,0.0,0.0,0.0,0.0,,
114.0,Minnesota Wild,Patrick Bordeleau,CA,LW,18.0,2015.0,Val-d'Or Foreurs (QMJHL),129.0,8.0,0.062015503875969,8.0,0.000480740340123791,16.0,0.124031007751938,,-8.0,185.0,,,,,,,0.7,bordepa02,2004,0,0.06201550387596899,0.06201550387596899,0.12403100775193798,-0.06201550387596899,0.037209302325581395,
116.0,St. Louis Blues,Michal Birner,CZ,LW,18.0,,HC Slavia Praha Jr. (Czech Jr.),,0.0,0.0,0.0,0.0,0.0,0.0,,0.0,,,,,,,,,birnemi01,2004,0,0.0,0.0,0.0,0.0,,
117.0,Minnesota Wild,Julien Sprunger,CH,RW,18.0,,HC Fribourg-Gotteron (Swiss),,0.0,0.0,0.0,0.0,0.0,0.0,,0.0,,,,,,,,,sprunju01,2004,0,0.0,0.0,0.0,0.0,,
118.0,Calgary Flames,Aki Seitsonen,FI,C,18.0,,Prince Albert Raiders (WHL),,0.0,0.0,0.0,0.0,0.0,0.0,,0.0,,,,,,,,,seitsak01,2004,0,0.0,0.0,0.0,0.0,,
119.0,Phoenix Coyotes,Kevin Porter,US,C,18.0,2017.0,USA U-18 Development Team (USDP/NAHL),249.0,29.0,0.116465863453815,29.0,0.000467734391380783,58.0,0.232931726907631,,-27.0,60.0,,,,,,,2.8,porteke01,2004,0,0.11646586345381527,0.11646586345381527,0.23293172690763053,-0.10843373493975904,0.07028112449799198,
121.0,Calgary Flames,Kris Hogg,CA,LW,18.0,,Kamloops Blazers (WHL),,0.0,0.0,0.0,0.0,0.0,0.0,,0.0,,,,,,,,,hoggkr01,2004,0,0.0,0.0,0.0,0.0,,
122.0,Ottawa Senators,Alexander Nikulin,RU,C,19.0,2009.0,CSKA Moskva 2 (Russia-3),3.0,0.0,0.0,0.0,0.0,0.0,0.0,,-3.0,0.0,,,,,,,-0.2,nikulal01,2004,0,0.0,0.0,0.0,-1.0,-0.0075,
123.0,Chicago Blackhawks,Karel Hromas,CZ,LW,18.0,,HC Sparta Praha Jr. (Czech Jr.),,0.0,0.0,0.0,0.0,0.0,0.0,,0.0,,,,,,,,,hromaka01,2004,0,0.0,0.0,0.0,0.0,,
124.0,Philadelphia Flyers,David Laliberte,CA,RW,18.0,2010.0,Prince Edward Island Rocket (QMJHL),11.0,2.0,0.181818181818182,1.0,0.0165289256198347,3.0,0.272727272727273,,1.0,6.0,,,,,,,0.4,lalibda01,2004,0,0.18181818181818182,0.09090909090909091,0.2727272727272727,0.09090909090909091,0.051250000000000004,
125.0,Vancouver Canucks,Andrew Sarauer,CA,LW,19.0,,Langley (BCHL),,0.0,0.0,0.0,0.0,0.0,0.0,,0.0,,,,,,,,,sarauan01,2004,0,0.0,0.0,0.0,0.0,,
126.0,San Jose Sharks,Torrey Mitchell,CA,C,19.0,2018.0,Hotchkiss School (High-CT),666.0,67.0,0.100600600600601,85.0,0.000151051952853755,152.0,0.228228228228228,,-10.0,351.0,,,,,,,10.0,mitchto01,2004,0,0.1006006006006006,0.12762762762762764,0.22822822822822822,-0.015015015015015015,0.07342342342342344,
127.0,New York Rangers,Ryan Callahan,US,RW,19.0,2019.0,Guelph Storm (OHL),757.0,186.0,0.245706737120211,200.0,0.000324579573474519,386.0,0.509907529722589,,5.0,428.0,,,,,,,41.3,callary01,2004,0,0.24570673712021135,0.26420079260237783,0.5099075297225891,0.0066050198150594455,0.16605019815059444,
128.0,Detroit Red Wings,Evan McGrath,CA,C,18.0,,Kitchener Rangers (OHL),,0.0,0.0,0.0,0.0,0.0,0.0,,0.0,,,,,,,,,mcgraev01,2004,0,0.0,0.0,0.0,0.0,,
131.0,Chicago Blackhawks,Trevor Kell,CA,RW,18.0,,London Knights (OHL),,0.0,0.0,0.0,0.0,0.0,0.0,,0.0,,,,,,,,,kelltr01,2004,0,0.0,0.0,0.0,0.0,,
133.0,Columbus Blue Jackets,Petr Pohl,CZ,RW,18.0,,Gatineau Olympiques (QMJHL),,0.0,0.0,0.0,0.0,0.0,0.0,,0.0,,,,,,,,,pohlpe01,2004,0,0.0,0.0,0.0,0.0,,
134.0,Boston Bruins,Kris Versteeg,CA,RW,18.0,2018.0,Lethbridge Hurricanes (WHL),643.0,149.0,0.231726283048212,209.0,0.000360383021847919,358.0,0.556765163297045,,9.0,374.0,,,,,,,37.9,verstkr01,2004,0,0.2317262830482115,0.3250388802488336,0.5567651632970451,0.013996889580093312,0.1816485225505443,
135.0,New York Rangers,Roman Psurny,CZ,LW,18.0,,HC Ziln Jr. (Czech Jr.),,0.0,0.0,0.0,0.0,0.0,0.0,,0.0,,,,,,,,,psurnro01,2004,0,0.0,0.0,0.0,0.0,,
138.0,Washington Capitals,Pasi Salonen,FI,LW,18.0,,HIFK Jr. (Finland Jr.),,0.0,0.0,0.0,0.0,0.0,0.0,,0.0,,,,,,,,,salonpa01,2004,0,0.0,0.0,0.0,0.0,,
140.0,Chicago Blackhawks,Jake Dowell,US,C,19.0,2014.0,Wisconsin (WCHA),157.0,11.0,0.0700636942675159,22.0,0.000446265568582904,33.0,0.210191082802548,,4.0,133.0,,,,,,,2.0,dowelja01,2004,0,0.07006369426751592,0.14012738853503184,0.21019108280254778,0.025477707006369428,0.0695859872611465,
141.0,Ottawa Senators,Jim McKenzie,US,RW,20.0,,Sioux Falls Stampede (USHL),,0.0,0.0,0.0,0.0,0.0,0.0,,0.0,,,,,,,,,mckenji03,2004,0,0.0,0.0,0.0,0.0,,
142.0,Atlanta Thrashers,Juraj Gracik,SK,RW,18.0,,HC VTJ Telvis Topolcany (Slovakia-2),,0.0,0.0,0.0,0.0,0.0,0.0,,0.0,,,,,,,,,graciju01,2004,0,0.0,0.0,0.0,0.0,,
143.0,Los Angeles Kings,Eric Neilson,CA,RW,20.0,,Rimouski Oceanic (QMJHL),,0.0,0.0,0.0,0.0,0.0,0.0,,0.0,,,,,,,,,neilser01,2004,0,0.0,0.0,0.0,0.0,,
148.0,New York Islanders,Steve Regier,CA,LW,20.0,2009.0,Medicine Hat Tigers (WHL),26.0,3.0,0.115384615384615,1.0,0.00443786982248519,4.0,0.153846153846154,,-3.0,8.0,,,,,,,0.3,regiest01,2004,0,0.11538461538461539,0.038461538461538464,0.15384615384615385,-0.11538461538461539,0.04423076923076923,
149.0,Philadelphia Flyers,Gino Pisellini,US,RW,18.0,,Plymouth Whalers (OHL),,0.0,0.0,0.0,0.0,0.0,0.0,,0.0,,,,,,,,,piselgi01,2004,0,0.0,0.0,0.0,0.0,,
150.0,Montreal Canadiens,Mikhail Grabovski,DE,C,20.0,2016.0,Neftekhimik Nishnekamsk (Russia),534.0,125.0,0.234082397003745,171.0,0.000438356548696152,296.0,0.554307116104869,,5.0,312.0,,,,,,,30.7,grabomi01,2004,0,0.2340823970037453,0.3202247191011236,0.5543071161048689,0.009363295880149813,0.1806179775280899,
153.0,San Jose Sharks,Steven Zalewski,US,C,18.0,2012.0,Northwood School (High-NY),10.0,0.0,0.0,0.0,0.0,0.0,0.0,,-4.0,0.0,,,,,,,-0.3,zalewst01,2004,0,0.0,0.0,0.0,-0.4,-0.010000000000000002,
156.0,Ottawa Senators,Roman Wick,CH,RW,18.0,2011.0,Kloten (Swiss),7.0,0.0,0.0,0.0,0.0,0.0,0.0,,-4.0,0.0,,,,,,,-0.3,wickro01,2004,0,0.0,0.0,0.0,-0.5714285714285714,-0.009999999999999998,
158.0,Tampa Bay Lightning,Brandon Elliott,CA,LW,20.0,,Mississagua IceDogs (OHL),,0.0,0.0,0.0,0.0,0.0,0.0,,0.0,,,,,,,,,elliobr02,2004,0,0.0,0.0,0.0,0.0,,
159.0,Vancouver Canucks,Mike Brown,US,RW,19.0,2016.0,Michigan (CCHA),407.0,19.0,0.0466830466830467,17.0,0.000114700360400606,36.0,0.0884520884520885,,-36.0,778.0,,,,,,,-1.5,brownmi02,2004,0,0.04668304668304668,0.04176904176904177,0.08845208845208845,-0.08845208845208845,0.024324324324324322,
160.0,Boston Bruins,Ben Walter,CA,C,20.0,2010.0,Massachusetts-Lowell (H-East),24.0,1.0,0.0416666666666667,0.0,0.00173611111111111,1.0,0.0416666666666667,,-1.0,6.0,,,,,,,-0.2,waltebe01,2004,0,0.041666666666666664,0.0,0.041666666666666664,-0.041666666666666664,0.011458333333333334,
162.0,Detroit Red Wings,Tyler Haskins,US,C,18.0,,Toronto St. Michael's Majors (OHL),,0.0,0.0,0.0,0.0,0.0,0.0,,0.0,,,,,,,,,haskity01,2004,0,0.0,0.0,0.0,0.0,,
164.0,Pittsburgh Penguins,Moises Gutierrez,US,RW,18.0,,Kamloops Blazers (WHL),,0.0,0.0,0.0,0.0,0.0,0.0,,0.0,,,,,,,,,gutiemo01,2004,0,0.0,0.0,0.0,0.0,,
165.0,Chicago Blackhawks,Scott McCulloch,CA,LW,18.0,,Grande Prairie (AJHL),,0.0,0.0,0.0,0.0,0.0,0.0,,0.0,,,,,,,,,mcculsc01,2004,0,0.0,0.0,0.0,0.0,,
166.0,Washington Capitals,Peter Guggisberg,CH,RW,19.0,,HC Davos (Swiss),,0.0,0.0,0.0,0.0,0.0,0.0,,0.0,,,,,,,,,guggipe01,2004,0,0.0,0.0,0.0,0.0,,
168.0,Phoenix Coyotes,Kevin Cormier,CA,RW,18.0,,Moncton (MJAHL),,0.0,0.0,0.0,0.0,0.0,0.0,,0.0,,,,,,,,,cormike01,2004,0,0.0,0.0,0.0,0.0,,
169.0,New York Rangers,Jordan Foote,CA,LW,19.0,,Nanaimo (BCHL),,0.0,0.0,0.0,0.0,0.0,0.0,,0.0,,,,,,,,,footejo01,2004,0,0.0,0.0,0.0,0.0,,
170.0,Philadelphia Flyers,Ladislav Scurko,SI,C,18.0,,HK Spisska Nova Ves Jr. (Slovakia Jr.),,0.0,0.0,0.0,0.0,0.0,0.0,,0.0,,,,,,,,,scurkla01,2004,0,0.0,0.0,0.0,0.0,,
171.0,Philadelphia Flyers,Frederik Cabana,CA,C,18.0,,Halifax Mooseheads (QMJHL),,0.0,0.0,0.0,0.0,0.0,0.0,,0.0,,,,,,,,,cabanfr01,2004,0,0.0,0.0,0.0,0.0,,
172.0,Anaheim Ducks,Matt Auffrey,US,RW,18.0,,USA U-18 Development Team (USDP/NAHL),,0.0,0.0,0.0,0.0,0.0,0.0,,0.0,,,,,,,,,auffrma01,2004,0,0.0,0.0,0.0,0.0,,
174.0,Los Angeles Kings,Scott Parse,US,C,20.0,2012.0,Nebraska-Omaha (CCHA),73.0,14.0,0.191780821917808,16.0,0.00262713454681929,30.0,0.410958904109589,,19.0,36.0,,,,,,,4.2,parsesc01,2004,0,0.1917808219178082,0.2191780821917808,0.410958904109589,0.2602739726027397,0.1465753424657534,
175.0,Minnesota Wild,Aaron Boogaard,CA,RW,18.0,,Tri-City Americans (WHL),,0.0,0.0,0.0,0.0,0.0,0.0,,0.0,,,,,,,,,boogaaa01,2004,0,0.0,0.0,0.0,0.0,,
176.0,Buffalo Sabres,Patrick Kaleta,US,RW,18.0,2015.0,Peterborough Petes (OHL),348.0,27.0,0.0775862068965517,27.0,0.00022294887039239,54.0,0.155172413793103,,-18.0,542.0,,,,,,,1.9,kaletpa01,2004,0,0.07758620689655173,0.07758620689655173,0.15517241379310345,-0.05172413793103448,0.0478448275862069,
178.0,Nashville Predators,Mike Santorelli,CA,C,18.0,2016.0,Vernon (BCHL),406.0,64.0,0.157635467980296,74.0,0.000388264699458857,138.0,0.339901477832512,,-47.0,78.0,,,,,,,11.8,santomi01,2004,0,0.15763546798029557,0.18226600985221675,0.3399014778325123,-0.11576354679802955,0.10467980295566504,
182.0,Calgary Flames,Fred Wikner,SE,LW,18.0,,Vastra Frolunda HC Jr. (Sweden Jr.),,0.0,0.0,0.0,0.0,0.0,0.0,,0.0,,,,,,,,,wiknefr01,2004,0,0.0,0.0,0.0,0.0,,
187.0,Toronto Maple Leafs,Robbie Earl,US,LW,19.0,2011.0,Wisconsin (WCHA),47.0,6.0,0.127659574468085,1.0,0.00271616115889543,7.0,0.148936170212766,,-4.0,6.0,,,,,,,0.5,earlro01,2004,0,0.1276595744680851,0.02127659574468085,0.14893617021276595,-0.0851063829787234,0.04414893617021276,
190.0,Columbus Blue Jackets,Lennart Petrell,FI,C,20.0,2013.0,HIFK Jr. (Finland Jr.),95.0,7.0,0.0736842105263158,11.0,0.000775623268698061,18.0,0.189473684210526,,-14.0,49.0,,,,,,,0.6,petrele01,2004,0,0.07368421052631578,0.11578947368421053,0.18947368421052632,-0.14736842105263157,0.05421052631578947,
192.0,Detroit Red Wings,Anton Axelsson,SE,LW,18.0,,Vastra Frolunda HC Jr. (Sweden Jr.),,0.0,0.0,0.0,0.0,0.0,0.0,,0.0,,,,,,,,,axelsan01,2004,0,0.0,0.0,0.0,0.0,,
195.0,Minnesota Wild,Jean-Michel Rizk,CA,RW,18.0,,Saginaw Spirit (OHL),,0.0,0.0,0.0,0.0,0.0,0.0,,0.0,,,,,,,,,rizkje01,2004,0,0.0,0.0,0.0,0.0,,
196.0,Chicago Blackhawks,Petri Kontiola,FI,C,19.0,2008.0,Tappara (Finland),12.0,0.0,0.0,5.0,0.0,5.0,0.416666666666667,,5.0,6.0,,,,,,,0.4,kontipe01,2004,0,0.0,0.4166666666666667,0.4166666666666667,0.4166666666666667,0.09375000000000001,
197.0,Washington Capitals,Andrew Gordon,CA,RW,18.0,2013.0,Notre Dame (SJHL),55.0,3.0,0.0545454545454545,4.0,0.000991735537190082,7.0,0.127272727272727,,-15.0,6.0,,,,,,,-0.4,gordoan01,2004,0,0.05454545454545454,0.07272727272727272,0.12727272727272726,-0.2727272727272727,0.027727272727272732,
199.0,Phoenix Coyotes,Chad Kolarik,US,C,18.0,2011.0,USA U-18 Development Team (USDP/NAHL),6.0,0.0,0.0,1.0,0.0,1.0,0.166666666666667,,-2.0,2.0,,,,,,,-0.1,kolarch01,2004,0,0.0,0.16666666666666666,0.16666666666666666,-0.3333333333333333,0.011250000000000001,
200.0,Calgary Flames,Matt Schneider,CA,C,19.0,,Tri-City Americans (WHL),,0.0,0.0,0.0,0.0,0.0,0.0,,0.0,,,,,,,,,schnema02,2004,0,0.0,0.0,0.0,0.0,,
204.0,Atlanta Thrashers,Miikka Tuomainen,FI,LW,18.0,,TuTo Hockey (Finland-2),,0.0,0.0,0.0,0.0,0.0,0.0,,0.0,,,,,,,,,tuomami01,2004,0,0.0,0.0,0.0,0.0,,
205.0,Los Angeles Kings,Mike Curry,US,RW,19.0,,Sioux City Musketeers (USHL),,0.0,0.0,0.0,0.0,0.0,0.0,,0.0,,,,,,,,,currymi01,2004,0,0.0,0.0,0.0,0.0,,
207.0,Buffalo Sabres,Mark Mancari,CA,RW,19.0,2012.0,Ottawa 67's (OHL),42.0,3.0,0.0714285714285714,10.0,0.00170068027210884,13.0,0.30952380952381,,-3.0,22.0,,,,,,,0.7,mancama01,2004,0,0.07142857142857142,0.23809523809523808,0.30952380952380953,-0.07142857142857142,0.09702380952380953,
208.0,Edmonton Oilers,Stephane Goulet,CA,RW,18.0,,Quebec Remparts (QMJHL),,0.0,0.0,0.0,0.0,0.0,0.0,,0.0,,,,,,,,,goulest01,2004,0,0.0,0.0,0.0,0.0,,
209.0,Nashville Predators,Stanislav Balan,CZ,C,18.0,,HC Ziln Jr. (Czech Jr.),,0.0,0.0,0.0,0.0,0.0,0.0,,0.0,,,,,,,,,balanst01,2004,0,0.0,0.0,0.0,0.0,,
211.0,St. Louis Blues,David Fredriksson,SE,RW,18.0,,HV71 Jr. (Sweden Jr.),,0.0,0.0,0.0,0.0,0.0,0.0,,0.0,,,,,,,,,fredrda01,2004,0,0.0,0.0,0.0,0.0,,
214.0,Chicago Blackhawks,Troy Brouwer,CA,RW,19.0,2020.0,Moose Jaw Warriors (WHL),851.0,182.0,0.213866039952996,181.0,0.000251311445303168,363.0,0.426556991774383,,-28.0,595.0,,,,,,,34.8,brouwtr01,2004,0,0.21386603995299647,0.21269095182138661,0.42655699177438305,-0.03290246768507638,0.13698589894242066,
216.0,New Jersey Devils,Pierre-Luc Letourneau-Leblond,CA,LW,19.0,2014.0,Baie-Comeau Drakkar (QMJHL),41.0,0.0,0.0,3.0,0.0,3.0,0.0731707317073171,,-2.0,101.0,,,,,,,-0.1,letoupi01,2004,0,0.0,0.07317073170731707,0.07317073170731707,-0.04878048780487805,0.021341463414634144,
218.0,Dallas Stars,Sergei Kukushkin,BY,C,19.0,,Yunost Minsk (Belarus),,0.0,0.0,0.0,0.0,0.0,0.0,,0.0,,,,,,,,,kukusse01,2004,0,0.0,0.0,0.0,0.0,,
219.0,Ottawa Senators,Joe Cooper,CA,RW,19.0,,Miami (Ohio) (CCHA),,0.0,0.0,0.0,0.0,0.0,0.0,,0.0,,,,,,,,,coopejo02,2004,0,0.0,0.0,0.0,0.0,,
222.0,Pittsburgh Penguins,Jordan Morrison,CA,C,18.0,,Peterborough Petes (OHL),,0.0,0.0,0.0,0.0,0.0,0.0,,0.0,,,,,,,,,morrijo03,2004,0,0.0,0.0,0.0,0.0,,
223.0,Chicago Blackhawks,Jared Walker,CA,C,18.0,,Red Deer Rebels (WHL),,0.0,0.0,0.0,0.0,0.0,0.0,,0.0,,,,,,,,,walkeja02,2004,0,0.0,0.0,0.0,0.0,,
226.0,Detroit Red Wings,Steven Covington,CA,RW,18.0,,Calgary Hitmen (WHL),,0.0,0.0,0.0,0.0,0.0,0.0,,0.0,,,,,,,,,covinst01,2004,0,0.0,0.0,0.0,0.0,,
229.0,Chicago Blackhawks,Eric Hunter,CA,C,18.0,,Prince George Cougars (WHL),,0.0,0.0,0.0,0.0,0.0,0.0,,0.0,,,,,,,,,hunteer01,2004,0,0.0,0.0,0.0,0.0,,
231.0,Columbus Blue Jackets,Brian McGuirk,US,LW,19.0,,Governor's Academy (High-MA),,0.0,0.0,0.0,0.0,0.0,0.0,,0.0,,,,,,,,,mcguibr01,2004,0,0.0,0.0,0.0,0.0,,
233.0,Columbus Blue Jackets,Matt Greer,US,LW,18.0,,White Bear Lake HS (High-MN),,0.0,0.0,0.0,0.0,0.0,0.0,,0.0,,,,,,,,,greerma01,2004,0,0.0,0.0,0.0,0.0,,
235.0,Carolina Hurricanes,Jonas Fiedler,CZ,RW,20.0,,Plymouth Whalers (OHL),,0.0,0.0,0.0,0.0,0.0,0.0,,0.0,,,,,,,,,fiedljo01,2004,0,0.0,0.0,0.0,0.0,,
236.0,Anaheim Ducks,Matt Christie,CA,C,19.0,,Miami (Ohio) (CCHA),,0.0,0.0,0.0,0.0,0.0,0.0,,0.0,,,,,,,,,chrisma01,2004,0,0.0,0.0,0.0,0.0,,
237.0,Atlanta Thrashers,Mitch Carefoot,CA,C,19.0,,Cornell (ECAC),,0.0,0.0,0.0,0.0,0.0,0.0,,0.0,,,,,,,,,carefmi01,2004,0,0.0,0.0,0.0,0.0,,
239.0,Colorado Avalanche,Brandon Yip,CA,RW,19.0,2014.0,Coquitlam (BCHL),174.0,29.0,0.166666666666667,27.0,0.00095785440613027,56.0,0.32183908045977,,-19.0,130.0,,,,,,,4.4,yipbr01,2004,0,0.16666666666666666,0.15517241379310345,0.3218390804597701,-0.10919540229885058,0.09913793103448275,
240.0,Phoenix Coyotes,Aaron Gagnon,CA,C,18.0,2013.0,Seattle Thunderbirds (WHL),38.0,3.0,0.0789473684210526,2.0,0.00207756232686981,5.0,0.131578947368421,,-2.0,2.0,,,,,,,0.2,gagnoaa01,2004,0,0.07894736842105263,0.05263157894736842,0.13157894736842105,-0.05263157894736842,0.04013157894736842,
242.0,Edmonton Oilers,Tyler Spurgeon,CA,C,18.0,,Kelowna Rockets (WHL),,0.0,0.0,0.0,0.0,0.0,0.0,,0.0,,,,,,,,,spurgty01,2004,0,0.0,0.0,0.0,0.0,,
244.0,New York Islanders,Jason Pitton,CA,LW,18.0,,Soo Greyhounds (OHL),,0.0,0.0,0.0,0.0,0.0,0.0,,0.0,,,,,,,,,pittoja01,2004,0,0.0,0.0,0.0,0.0,,
245.0,Tampa Bay Lightning,Justin Keller,CA,LW,18.0,,Kelowna Rockets (WHL),,0.0,0.0,0.0,0.0,0.0,0.0,,0.0,,,,,,,,,kelleju01,2004,0,0.0,0.0,0.0,0.0,,
246.0,Montreal Canadiens,Greg Stewart,CA,LW,18.0,2010.0,Peterborough Petes (OHL),26.0,0.0,0.0,1.0,0.0,1.0,0.0384615384615385,,-7.0,48.0,,,,,,,-0.5,stewagr01,2004,0,0.0,0.038461538461538464,0.038461538461538464,-0.2692307692307692,-0.0009615384615384616,
249.0,Colorado Avalanche,J.D. Corbin,US,LW,19.0,,Denver (WCHA),,0.0,0.0,0.0,0.0,0.0,0.0,,0.0,,,,,,,,,corbij.01,2004,0,0.0,0.0,0.0,0.0,,
250.0,New Jersey Devils,Nathan Perkovich,US,RW,18.0,,Cedar Rapids Roughriders (USHL),,0.0,0.0,0.0,0.0,0.0,0.0,,0.0,,,,,,,,,perkona01,2004,0,0.0,0.0,0.0,0.0,,
251.0,Ottawa Senators,Matthew McIlvane,US,C,18.0,,Chicago Steel (USHL),,0.0,0.0,0.0,0.0,0.0,0.0,,0.0,,,,,,,,,mcilvma01,2004,0,0.0,0.0,0.0,0.0,,
252.0,Toronto Maple Leafs,Jan Steber,CZ,C,18.0,,Halifax Mooseheads (QMJHL),,0.0,0.0,0.0,0.0,0.0,0.0,,0.0,,,,,,,,,stebeja01,2004,0,0.0,0.0,0.0,0.0,,
255.0,Boston Bruins,Anton Hedman,SE,C,18.0,,Stocksunds IF Jr. (Sweden Jr.),,0.0,0.0,0.0,0.0,0.0,0.0,,0.0,,,,,,,,,hedmaan01,2004,0,0.0,0.0,0.0,0.0,,
256.0,Chicago Blackhawks,Matthew Ford,US,RW,19.0,,Sioux Falls Stampede (USHL),,0.0,0.0,0.0,0.0,0.0,0.0,,0.0,,,,,,,,,fordma01,2004,0,0.0,0.0,0.0,0.0,,
257.0,Detroit Red Wings,Gennady Stolyarov,RU,RW,18.0,,THK Tver (Russia-2),,0.0,0.0,0.0,0.0,0.0,0.0,,0.0,,,,,,,,,stolyge01,2004,0,0.0,0.0,0.0,0.0,,
259.0,Pittsburgh Penguins,Brian Ihnacak,CA,C,19.0,,Brown (ECAC),,0.0,0.0,0.0,0.0,0.0,0.0,,0.0,,,,,,,,,ihnacbr01,2004,0,0.0,0.0,0.0,0.0,,
260.0,Chicago Blackhawks,Marko Anttila,FI,RW,19.0,,LeKi (Finland-4),,0.0,0.0,0.0,0.0,0.0,0.0,,0.0,,,,,,,,,anttima01,2004,0,0.0,0.0,0.0,0.0,,
261.0,Phoenix Coyotes,Will Engasser,US,LW,18.0,,Blake School (High-MN),,0.0,0.0,0.0,0.0,0.0,0.0,,0.0,,,,,,,,,engaswi01,2004,0,0.0,0.0,0.0,0.0,,
263.0,Washington Capitals,Travis Morin,US,C,20.0,2015.0,Minnesota State (WCHA),13.0,0.0,0.0,1.0,0.0,1.0,0.0769230769230769,,3.0,0.0,,,,,,,0.0,morintr01,2004,0,0.0,0.07692307692307693,0.07692307692307693,0.23076923076923078,0.023750000000000004,
264.0,Los Angeles Kings,Valtteri Tenkanen,FI,C,19.0,,JYP (Finland),,0.0,0.0,0.0,0.0,0.0,0.0,,0.0,,,,,,,,,tenkava01,2004,0,0.0,0.0,0.0,0.0,,
269.0,Anaheim Ducks,Janne Pesonen,FI,LW,22.0,2009.0,Karpat (Finland),7.0,0.0,0.0,0.0,0.0,0.0,0.0,,-3.0,0.0,,,,,,,-0.2,pesonja01,2004,0,0.0,0.0,0.0,-0.42857142857142855,-0.0075,
270.0,Atlanta Thrashers,Matt Siddall,CA,RW,19.0,,Powell River (BCHL),,0.0,0.0,0.0,0.0,0.0,0.0,,0.0,,,,,,,,,siddama01,2004,0,0.0,0.0,0.0,0.0,,
272.0,Minnesota Wild,Kyle Wilson,CA,C,19.0,2012.0,Colgate (ECAC),39.0,4.0,0.102564102564103,9.0,0.00262984878369495,13.0,0.333333333333333,,-3.0,12.0,,,,,,,1.0,wilsoky01,2004,0,0.10256410256410256,0.23076923076923078,0.3333333333333333,-0.07692307692307693,0.10448717948717949,
273.0,Buffalo Sabres,Dylan Hunter,CA,LW,19.0,,London Knights (OHL),,0.0,0.0,0.0,0.0,0.0,0.0,,0.0,,,,,,,,,huntedy01,2004,0,0.0,0.0,0.0,0.0,,
277.0,St. Louis Blues,Jonathan Michel Boutin,CA,RW,19.0,,Shawinigan Cataractes (QMJHL),,0.0,0.0,0.0,0.0,0.0,0.0,,0.0,,,,,,,,,boutijo02,2004,0,0.0,0.0,0.0,0.0,,
279.0,Calgary Flames,Adam Cracknell,CA,RW,19.0,2019.0,Kootenay Ice (WHL),210.0,21.0,0.1,22.0,0.000476190476190476,43.0,0.204761904761905,,3.0,46.0,,,,,,,3.7,crackad01,2004,0,0.1,0.10476190476190476,0.20476190476190476,0.014285714285714285,0.06726190476190476,
284.0,Ottawa Senators,John Wikner,SE,LW,18.0,,Vastra Frolunda HC Jr. (Sweden Jr.),,0.0,0.0,0.0,0.0,0.0,0.0,,0.0,,,,,,,,,wiknejo01,2004,0,0.0,0.0,0.0,0.0,,
285.0,Toronto Maple Leafs,Pierce Norton,US,RW,19.0,,Thayer Academy (High-MA),,0.0,0.0,0.0,0.0,0.0,0.0,,0.0,,,,,,,,,nortopi01,2004,0,0.0,0.0,0.0,0.0,,
286.0,Philadelphia Flyers,Triston Grant,CA,LW,20.0,2010.0,Vancouver Giants (WHL),11.0,0.0,0.0,1.0,0.0,1.0,0.0909090909090909,,-2.0,19.0,,,,,,,-0.1,granttr01,2004,0,0.0,0.09090909090909091,0.09090909090909091,-0.18181818181818182,0.011250000000000001,
287.0,Vancouver Canucks,Jannik Hansen,DK,LW,18.0,2018.0,Rodovre (Denmark),626.0,109.0,0.174121405750799,147.0,0.000278149210464535,256.0,0.408945686900958,,48.0,282.0,,,,,,,26.9,hanseja01,2004,0,0.17412140575079874,0.23482428115015974,0.40894568690095845,0.07667731629392971,0.136741214057508,
291.0,Philadelphia Flyers,John Carter,US,C,18.0,,Brewster (EmJHL),,0.0,0.0,0.0,0.0,0.0,0.0,,0.0,,,,,,,,,cartejo02,2004,0,0.0,0.0,0.0,0.0,,
2.0,Carolina Hurricanes,Eric Staal,CA,C,18.0,2023.0,Peterborough Petes (OHL),1365.0,455.0,0.333333333333333,608.0,0.000244200244200244,1063.0,0.778754578754579,,-83.0,854.0,,,,,,,115.2,staaler01,2003,0,0.3333333333333333,0.44542124542124545,0.7787545787545788,-0.060805860805860805,0.2500549450549451,
3.0,Florida Panthers,Nathan Horton,CA,RW,18.0,2014.0,Oshawa Generals (OHL),627.0,203.0,0.323763955342903,218.0,0.000516369944725523,421.0,0.671451355661882,,54.0,567.0,,,,,,,49.5,hortona01,2003,0,0.3237639553429027,0.34768740031897927,0.671451355661882,0.0861244019138756,0.22252791068580544,
5.0,Buffalo Sabres,Thomas Vanek,AT,LW,19.0,2019.0,Minnesota (WCHA),1029.0,373.0,0.362487852283771,416.0,0.000352271965290351,789.0,0.766763848396501,,5.0,547.0,,,,,,,95.9,vanekth01,2003,0,0.3624878522837707,0.4042759961127308,0.7667638483965015,0.004859086491739553,0.24944120505344997,
6.0,San Jose Sharks,Milan Michalek,CZ,RW,18.0,2017.0,HC Ceske Budejovice (Czech),747.0,208.0,0.278447121820616,238.0,0.000372753844472043,446.0,0.597054886211513,,13.0,394.0,,,,,,,48.8,michami01,2003,0,0.2784471218206158,0.31860776439089694,0.5970548862115127,0.01740294511378849,0.19491298527443104,
10.0,Montreal Canadiens,Andrei Kostitsyn,BY,LW,18.0,2012.0,CSKA Moskva 2 (Russia-3),398.0,103.0,0.258793969849246,119.0,0.000650236105148859,222.0,0.557788944723618,,15.0,181.0,,,,,,,25.8,kostian01,2003,0,0.25879396984924624,0.2989949748743719,0.5577889447236181,0.03768844221105527,0.18316582914572865,
11.0,Philadelphia Flyers,Jeff Carter,CA,C,18.0,2024.0,Soo Greyhounds (OHL),1321.0,442.0,0.334595003785011,409.0,0.000253289177732787,851.0,0.644208932626798,,9.0,635.0,,,,,,,101.2,carteje01,2003,0,0.33459500378501134,0.3096139288417865,0.6442089326267979,0.006813020439061317,0.2097085541256624,
12.0,New York Rangers,Hugh Jessiman,US,RW,19.0,2011.0,Dartmouth (ECAC),2.0,0.0,0.0,0.0,0.0,0.0,0.0,,-1.0,5.0,,,,,,,-0.1,jessihu01,2003,0,0.0,0.0,0.0,-0.5,-0.0025000000000000005,
13.0,Los Angeles Kings,Dustin Brown,US,RW,18.0,2022.0,Guelph Storm (OHL),1296.0,325.0,0.250771604938272,387.0,0.000193496608748667,712.0,0.549382716049383,,-36.0,738.0,,,,,,,72.8,browndu01,2003,0,0.2507716049382716,0.2986111111111111,0.5493827160493827,-0.027777777777777776,0.1771604938271605,
15.0,New York Islanders,Robert Nilsson,CA,C,18.0,2010.0,Leksands IF (Sweden),252.0,37.0,0.146825396825397,81.0,0.000582640463592845,118.0,0.468253968253968,,-15.0,90.0,,,,,,,9.5,nilssro01,2003,0,0.14682539682539683,0.32142857142857145,0.46825396825396826,-0.05952380952380952,0.14920634920634923,
16.0,San Jose Sharks,Steve Bernier,CA,RW,18.0,2018.0,Moncton Wildcats (QMJHL),637.0,105.0,0.164835164835165,125.0,0.000258767919678438,230.0,0.361067503924647,,-15.0,300.0,,,,,,,21.6,bernist01,2003,0,0.16483516483516483,0.19623233908948196,0.36106750392464676,-0.023547880690737835,0.11616954474097331,
17.0,New Jersey Devils,Zach Parise,US,LW,19.0,2024.0,North Dakota (WCHA),1254.0,434.0,0.346092503987241,455.0,0.000275990832525711,889.0,0.708931419457735,,76.0,444.0,,,,,,,108.2,parisza01,2003,0,0.34609250398724084,0.3628389154704944,0.7089314194577353,0.06060606060606061,0.23343301435406702,
18.0,Washington Capitals,Eric Fehr,CA,RW,18.0,2019.0,Brandon Wheat Kings (WHL),652.0,113.0,0.173312883435583,108.0,0.000265817305882796,221.0,0.338957055214724,,49.0,217.0,,,,,,,23.9,fehrer01,2003,0,0.17331288343558282,0.1656441717791411,0.3389570552147239,0.07515337423312883,0.11391871165644171,
19.0,Anaheim Ducks,Ryan Getzlaf,CA,C,18.0,2022.0,Calgary Hitmen (WHL),1157.0,282.0,0.243733794295592,737.0,0.000210660150644418,1019.0,0.880726015557476,,102.0,960.0,,,,,,,106.5,getzlry01,2003,0,0.24373379429559205,0.6369922212618842,0.8807260155574762,0.0881590319792567,0.2906439066551426,
20.0,Minnesota Wild,Brent Burns,CA,RW,18.0,2026.0,Brampton Battalion (OHL),1523.0,264.0,0.173342087984242,658.0,0.000113816210101275,922.0,0.605384110308601,,22.0,867.0,,,,,,,157.9,burnsbr01,2003,0,0.17334208798424164,0.43204202232435984,0.6053841103086014,0.014445173998686802,0.19747209455022982,
22.0,Edmonton Oilers,Marc Pouliot,CA,C,18.0,2012.0,Rimouski Oceanic (QMJHL),192.0,21.0,0.109375,36.0,0.000569661458333333,57.0,0.296875,,-9.0,76.0,,,,,,,4.0,poulima01,2003,0,0.109375,0.1875,0.296875,-0.046875,0.094140625,
23.0,Vancouver Canucks,Ryan Kesler,US,C,19.0,2019.0,Ohio State (CCHA),1001.0,258.0,0.257742257742258,315.0,0.000257484772969289,573.0,0.572427572427572,,10.0,920.0,,,,,,,59.1,keslery01,2003,0,0.25774225774225773,0.3146853146853147,0.5724275724275725,0.00999000999000999,0.18653846153846157,
24.0,Philadelphia Flyers,Mike Richards,CA,C,18.0,2016.0,Kitchener Rangers (OHL),749.0,181.0,0.241655540720961,306.0,0.000322637571056023,487.0,0.650200267022697,,16.0,585.0,,,,,,,50.2,richami02,2003,0,0.2416555407209613,0.40854472630173566,0.650200267022697,0.021361815754339118,0.21238317757009348,
25.0,Florida Panthers,Anthony Stewart,CA,RW,18.0,2012.0,Kingston Frontenacs (OHL),262.0,27.0,0.103053435114504,44.0,0.000393333721811084,71.0,0.270992366412214,,-16.0,123.0,,,,,,,5.7,stewaan01,2003,0,0.10305343511450382,0.16793893129770993,0.27099236641221375,-0.061068702290076333,0.08501908396946567,
26.0,Los Angeles Kings,Brian Boyle,US,C,18.0,2022.0,St. Sebastian's School (High-MA),871.0,141.0,0.161882893226177,111.0,0.00018585866042041,252.0,0.289322617680827,,-42.0,615.0,,,,,,,22.3,boylebr01,2003,0,0.1618828932261768,0.12743972445464982,0.2893226176808266,-0.04822043628013777,0.09161882893226177,
27.0,Los Angeles Kings,Jeff Tambellini,CA,LW,19.0,2011.0,Michigan (CCHA),242.0,27.0,0.111570247933884,36.0,0.000461034082371421,63.0,0.260330578512397,,-20.0,88.0,,,,,,,3.9,tambeje01,2003,0,0.1115702479338843,0.1487603305785124,0.2603305785123967,-0.08264462809917356,0.08047520661157025,
28.0,Anaheim Ducks,Corey Perry,CA,RW,18.0,2026.0,London Knights (OHL),1412.0,455.0,0.322237960339943,493.0,0.000228213852931971,948.0,0.671388101983003,,63.0,1500.0,,,,,,,113.3,perryco01,2003,0,0.32223796033994334,0.34915014164305946,0.6713881019830028,0.04461756373937677,0.22043201133144477,
29.0,Ottawa Senators,Patrick Eaves,CA,RW,19.0,2019.0,Boston College (H-East),633.0,132.0,0.208530805687204,110.0,0.000329432552428442,242.0,0.382306477093207,,4.0,210.0,,,,,,,25.5,eavespa01,2003,0,0.20853080568720378,0.17377567140600317,0.382306477093207,0.00631911532385466,0.124565560821485,
32.0,Pittsburgh Penguins,Ryan Stone,CA,C,18.0,2010.0,Brandon Wheat Kings (WHL),35.0,0.0,0.0,7.0,0.0,7.0,0.2,,2.0,55.0,,,,,,,0.2,stonery01,2003,0,0.0,0.2,0.2,0.05714285714285714,0.06785714285714287,
33.0,Dallas Stars,Loui Eriksson,SE,LW,18.0,2022.0,Vastra Frolunda HC Jr. (Sweden Jr.),1050.0,253.0,0.240952380952381,360.0,0.000229478458049887,613.0,0.583809523809524,,16.0,200.0,,,,,,,64.0,erikslo01,2003,0,0.24095238095238095,0.34285714285714286,0.5838095238095238,0.015238095238095238,0.19050000000000003,
35.0,Nashville Predators,Konstantin Glazachev,RU,LW,18.0,,Lokomotiv Yaroslavl (Russia),,0.0,0.0,0.0,0.0,0.0,0.0,,0.0,,,,,,,,,glazako01,2003,0,0.0,0.0,0.0,0.0,,
36.0,Dallas Stars,Vojtech Polak,CZ,LW,18.0,2007.0,HC Energie Karlovy Vary (Czech),5.0,0.0,0.0,0.0,0.0,0.0,0.0,,-2.0,0.0,,,,,,,-0.1,polakvo01,2003,0,0.0,0.0,0.0,-0.4,-0.005000000000000001,
38.0,Florida Panthers,Kamil Kreps,CZ,C,18.0,2010.0,Brampton Battalion (OHL),232.0,18.0,0.0775862068965517,42.0,0.000334423305588585,60.0,0.258620689655172,,4.0,71.0,,,,,,,3.1,krepska01,2003,0,0.07758620689655173,0.1810344827586207,0.25862068965517243,0.017241379310344827,0.08491379310344828,
40.0,Montreal Canadiens,Cory Urquhart,CA,C,18.0,,Montreal Rocket (QMJHL),,0.0,0.0,0.0,0.0,0.0,0.0,,0.0,,,,,,,,,urquhco01,2003,0,0.0,0.0,0.0,0.0,,
42.0,New Jersey Devils,Petr Vrana,CZ,C,18.0,2009.0,Halifax Mooseheads (QMJHL),16.0,1.0,0.0625,0.0,0.00390625,1.0,0.0625,,-4.0,2.0,,,,,,,-0.2,vranape01,2003,0,0.0625,0.0,0.0625,-0.25,0.00625,
43.0,San Jose Sharks,Josh Hennessy,US,C,18.0,2012.0,Quebec Remparts (QMJHL),23.0,1.0,0.0434782608695652,0.0,0.00189035916824197,1.0,0.0434782608695652,,-1.0,6.0,,,,,,,-0.1,hennejo01,2003,0,0.043478260869565216,0.0,0.043478260869565216,-0.043478260869565216,0.011956521739130435,
44.0,Los Angeles Kings,Konstantin Pushkarev,KZ,RW,18.0,2007.0,Torpedo Ust Kamenogorsk 2 (Russia-3),17.0,2.0,0.117647058823529,3.0,0.00692041522491347,5.0,0.294117647058824,,-2.0,8.0,,,,,,,0.3,pushkko01,2003,0,0.11764705882352941,0.17647058823529413,0.29411764705882354,-0.11764705882352941,0.07625000000000001,
45.0,Boston Bruins,Patrice Bergeron,CA,C,18.0,2023.0,Acadie-Bathurst Titan (QMJHL),1294.0,427.0,0.329984544049459,613.0,0.000255011239605455,1040.0,0.80370942812983,,289.0,494.0,,,,,,,125.5,bergepa01,2003,0,0.32998454404945904,0.47372488408037094,0.80370942812983,0.223338485316847,0.27237248840803713,
46.0,Columbus Blue Jackets,Dan Fritsche,US,C,18.0,2009.0,Sarnia Sting (OHL),256.0,34.0,0.1328125,42.0,0.000518798828125,76.0,0.296875,,-19.0,103.0,,,,,,,6.1,fritsda01,2003,0,0.1328125,0.1640625,0.296875,-0.07421875,0.09277343750000001,
48.0,New York Islanders,Dmitri Chernykh,RU,RW,18.0,,Khimik Voskresensk (Russia-2),,0.0,0.0,0.0,0.0,0.0,0.0,,0.0,,,,,,,,,cherndm01,2003,0,0.0,0.0,0.0,0.0,,
51.0,Edmonton Oilers,Colin McDonald,US,RW,18.0,2017.0,New England Jr. Coyotes (EJHL),148.0,20.0,0.135135135135135,26.0,0.000913075237399561,46.0,0.310810810810811,,-24.0,73.0,,,,,,,3.4,mcdonco01,2003,0,0.13513513513513514,0.17567567567567569,0.3108108108108108,-0.16216216216216217,0.0929054054054054,
53.0,New York Islanders,Evgeny Tunik,RU,C,18.0,,Elemash Elektrostal (Russia-2),,0.0,0.0,0.0,0.0,0.0,0.0,,0.0,,,,,,,,,tunikev01,2003,0,0.0,0.0,0.0,0.0,,
54.0,Dallas Stars,B.J. Crombeen,US,RW,18.0,2015.0,Barrie Colts (OHL),445.0,34.0,0.0764044943820225,46.0,0.000171695492993309,80.0,0.179775280898876,,-37.0,850.0,,,,,,,2.4,crombbj01,2003,0,0.07640449438202247,0.10337078651685393,0.1797752808988764,-0.08314606741573034,0.05426966292134831,
55.0,Florida Panthers,Stefan Meyer,CA,LW,18.0,2011.0,Medicine Hat Tigers (WHL),20.0,0.0,0.0,2.0,0.0,2.0,0.1,,-1.0,17.0,,,,,,,-0.1,meyerst01,2003,0,0.0,0.1,0.1,-0.05,0.03,
56.0,Minnesota Wild,Patrick O'Sullivan,CA,C,18.0,2012.0,Mississagua IceDogs (OHL),334.0,58.0,0.173652694610778,103.0,0.000519918247337659,161.0,0.482035928143713,,-61.0,116.0,,,,,,,11.5,osullpa01,2003,0,0.17365269461077845,0.3083832335329341,0.4820359281437126,-0.18263473053892215,0.1475299401197605,
58.0,New York Islanders,Jeremy Colliton,CA,C,18.0,2011.0,Prince Albert Raiders (WHL),57.0,3.0,0.0526315789473684,3.0,0.000923361034164358,6.0,0.105263157894737,,-12.0,26.0,,,,,,,-0.4,collije01,2003,0,0.05263157894736842,0.05263157894736842,0.10526315789473684,-0.21052631578947367,0.023684210526315787,
60.0,Vancouver Canucks,Marc-Andre Bernier,CA,RW,18.0,,Halifax Mooseheads (QMJHL),,0.0,0.0,0.0,0.0,0.0,0.0,,0.0,,,,,,,,,bernima01,2003,0,0.0,0.0,0.0,0.0,,
61.0,Montreal Canadiens,Maxim Lapierre,CA,C,18.0,2015.0,Montreal Rocket (QMJHL),614.0,65.0,0.10586319218241,74.0,0.000172415622446922,139.0,0.226384364820847,,-49.0,586.0,,,,,,,7.4,lapiema01,2003,0,0.10586319218241043,0.12052117263843648,0.2263843648208469,-0.07980456026058631,0.06958469055374593,
62.0,St. Louis Blues,David Backes,US,C,19.0,2021.0,Lincoln Stars (USHL),965.0,248.0,0.25699481865285,313.0,0.000266315874251658,561.0,0.581347150259067,,64.0,1148.0,,,,,,,64.4,backeda01,2003,0,0.25699481865284973,0.3243523316062176,0.5813471502590674,0.06632124352331606,0.1922538860103627,
65.0,Buffalo Sabres,Branislav Fabry,SK,LW,18.0,,HC Slovan Bratislava Jr. (Slovakia Jr.),,0.0,0.0,0.0,0.0,0.0,0.0,,0.0,,,,,,,,,fabrybr01,2003,0,0.0,0.0,0.0,0.0,,
66.0,Boston Bruins,Masi Marjamaki,FI,RW,18.0,2006.0,Red Deer Rebels (WHL),1.0,0.0,0.0,0.0,0.0,0.0,0.0,,0.0,0.0,,,,,,,0.0,marjama01,2003,0,0.0,0.0,0.0,0.0,0.0,
67.0,Ottawa Senators,Igor Mirnov,RU,LW,18.0,,Dynamo Moskva (Russia),,0.0,0.0,0.0,0.0,0.0,0.0,,0.0,,,,,,,,,mirnoig01,2003,0,0.0,0.0,0.0,0.0,,
68.0,Edmonton Oilers,Jean-Francois Jacques,CA,LW,18.0,2012.0,Baie-Comeau Drakkar (QMJHL),166.0,9.0,0.0542168674698795,8.0,0.00032660763536072,17.0,0.102409638554217,,-36.0,197.0,,,,,,,-1.0,jacquje01,2003,0,0.05421686746987952,0.04819277108433735,0.10240963855421686,-0.21686746987951808,0.022439759036144577,
69.0,Philadelphia Flyers,Colin Fraser,CA,C,18.0,2015.0,Red Deer Rebels (WHL),359.0,20.0,0.0557103064066852,38.0,0.000155181911996338,58.0,0.161559888579387,,-7.0,290.0,,,,,,,1.9,fraseco01,2003,0,0.055710306406685235,0.10584958217270195,0.1615598885793872,-0.019498607242339833,0.05153203342618384,
70.0,Pittsburgh Penguins,Jonathan Filewich,CA,RW,18.0,2008.0,Prince George Cougars (WHL),5.0,0.0,0.0,0.0,0.0,0.0,0.0,,-2.0,0.0,,,,,,,-0.2,filewjo01,2003,0,0.0,0.0,0.0,-0.4,-0.005000000000000001,
72.0,Edmonton Oilers,Mikhail Zhukov,RU,LW,18.0,,IKF Arboga (Sweden-2),,0.0,0.0,0.0,0.0,0.0,0.0,,0.0,,,,,,,,,zhukomi01,2003,0,0.0,0.0,0.0,0.0,,
73.0,Pittsburgh Penguins,Daniel Carcillo,CA,LW,18.0,2015.0,Sarnia Sting (OHL),429.0,48.0,0.111888111888112,52.0,0.000260811449622639,100.0,0.233100233100233,,-17.0,1233.0,,,,,,,7.6,carcida01,2003,0,0.11188811188811189,0.12121212121212122,0.2331002331002331,-0.039627039627039624,0.07377622377622378,
74.0,Buffalo Sabres,Clarke MacArthur,CA,LW,18.0,2017.0,Medicine Hat Tigers (WHL),552.0,133.0,0.240942028985507,171.0,0.000436489182944759,304.0,0.550724637681159,,-6.0,343.0,,,,,,,32.3,macarcl01,2003,0,0.24094202898550723,0.30978260869565216,0.5507246376811594,-0.010869565217391304,0.17844202898550726,
75.0,New York Rangers,Ken Roche,US,C,19.0,,St. Sebastian's School (High-MA),,0.0,0.0,0.0,0.0,0.0,0.0,,0.0,,,,,,,,,rocheke01,2003,0,0.0,0.0,0.0,0.0,,
77.0,Phoenix Coyotes,Tyler Redenbach,CA,C,18.0,,Swift Current Broncos (WHL),,0.0,0.0,0.0,0.0,0.0,0.0,,0.0,,,,,,,,,redenty01,2003,0,0.0,0.0,0.0,0.0,,
78.0,Minnesota Wild,Danny Irmen,US,C,19.0,2010.0,Lincoln Stars (USHL),2.0,0.0,0.0,0.0,0.0,0.0,0.0,,-1.0,0.0,,,,,,,-0.1,irmenda01,2003,0,0.0,0.0,0.0,-0.5,-0.0025000000000000005,
80.0,Phoenix Coyotes,Dmitri Pestunov,KZ,C,18.0,,Metallurg Magnitogorsk (Russia),,0.0,0.0,0.0,0.0,0.0,0.0,,0.0,,,,,,,,,pestudm01,2003,0,0.0,0.0,0.0,0.0,,
81.0,Philadelphia Flyers,Stefan Ruzicka,SK,RW,18.0,2008.0,HKm Nitra (Slovakia-2),55.0,4.0,0.0727272727272727,13.0,0.00132231404958678,17.0,0.309090909090909,,-1.0,47.0,,,,,,,1.1,ruzicst01,2003,0,0.07272727272727272,0.23636363636363636,0.3090909090909091,-0.01818181818181818,0.09954545454545453,
83.0,Washington Capitals,Steve Werner,US,RW,19.0,,Massachusetts (H-East),,0.0,0.0,0.0,0.0,0.0,0.0,,0.0,,,,,,,,,wernest01,2003,0,0.0,0.0,0.0,0.0,,
86.0,Anaheim Ducks,Shane Hynes,CA,RW,19.0,,Cornell (ECAC),,0.0,0.0,0.0,0.0,0.0,0.0,,0.0,,,,,,,,,hynessh01,2003,0,0.0,0.0,0.0,0.0,,
87.0,Philadelphia Flyers,Ryan Potulny,US,C,19.0,2011.0,Lincoln Stars (USHL),126.0,22.0,0.174603174603175,27.0,0.00138573948097758,49.0,0.388888888888889,,-18.0,54.0,,,,,,,4.0,potulry01,2003,0,0.1746031746031746,0.21428571428571427,0.3888888888888889,-0.14285714285714285,0.11924603174603174,
89.0,Nashville Predators,Paul Brown,CA,RW,19.0,,Kamloops Blazers (WHL),,0.0,0.0,0.0,0.0,0.0,0.0,,0.0,,,,,,,,,brownpa01,2003,0,0.0,0.0,0.0,0.0,,
91.0,Toronto Maple Leafs,Martin Sagat,SK,LW,18.0,,HK Dukla Trencin (Slovakia),,0.0,0.0,0.0,0.0,0.0,0.0,,0.0,,,,,,,,,sagatma01,2003,0,0.0,0.0,0.0,0.0,,
93.0,New Jersey Devils,Ivan Khomutov,RU,C,18.0,,Elemash Elektrostal (Russia-2),,0.0,0.0,0.0,0.0,0.0,0.0,,0.0,,,,,,,,,khomuiv01,2003,0,0.0,0.0,0.0,0.0,,
94.0,Edmonton Oilers,Zack Stortini,CA,RW,18.0,2012.0,Sudbury Wolves (OHL),257.0,14.0,0.0544747081712062,27.0,0.000211963845024149,41.0,0.159533073929961,,-6.0,725.0,,,,,,,2.0,stortza01,2003,0,0.054474708171206226,0.10505836575875487,0.15953307392996108,-0.023346303501945526,0.05068093385214008,
95.0,Philadelphia Flyers,Rick Kozak,CA,RW,18.0,,Brandon Wheat Kings (WHL),,0.0,0.0,0.0,0.0,0.0,0.0,,0.0,,,,,,,,,kozakri01,2003,0,0.0,0.0,0.0,0.0,,
97.0,Calgary Flames,Ryan Donally,CA,LW,18.0,,Windsor Spitfires (OHL),,0.0,0.0,0.0,0.0,0.0,0.0,,0.0,,,,,,,,,donalry01,2003,0,0.0,0.0,0.0,0.0,,
98.0,Nashville Predators,Grigory Shafigulin,RU,C,18.0,,Lokomotiv Yaroslavl (Russia),,0.0,0.0,0.0,0.0,0.0,0.0,,0.0,,,,,,,,,shafigr01,2003,0,0.0,0.0,0.0,0.0,,
101.0,St. Louis Blues,Konstantin Zakharov,BY,LW,18.0,,Yunost Minsk (Belarus),,0.0,0.0,0.0,0.0,0.0,0.0,,0.0,,,,,,,,,zakhako01,2003,0,0.0,0.0,0.0,0.0,,
103.0,Columbus Blue Jackets,Kevin Jarman,CA,LW,18.0,,Stouffville (OPJHL),,0.0,0.0,0.0,0.0,0.0,0.0,,0.0,,,,,,,,,jarmake01,2003,0,0.0,0.0,0.0,0.0,,
104.0,Columbus Blue Jackets,Philippe Dupuis,CA,C,18.0,2012.0,Hull Olympiques (QMJHL),116.0,6.0,0.0517241379310345,12.0,0.00044589774078478,18.0,0.155172413793103,,-6.0,62.0,,,,,,,0.3,dupuiph01,2003,0,0.05172413793103448,0.10344827586206896,0.15517241379310345,-0.05172413793103448,0.0478448275862069,
107.0,Boston Bruins,Byron Bitz,CA,RW,19.0,2012.0,Nanaimo (BCHL),97.0,10.0,0.103092783505155,12.0,0.00106281220108407,22.0,0.22680412371134,,-6.0,65.0,,,,,,,1.4,bitzby01,2003,0,0.10309278350515463,0.12371134020618557,0.2268041237113402,-0.061855670103092786,0.07061855670103093,
108.0,Philadelphia Flyers,Kevin Romy,CH,C,18.0,,Geneve-Servette HC (Swiss),,0.0,0.0,0.0,0.0,0.0,0.0,,0.0,,,,,,,,,romyke01,2003,0,0.0,0.0,0.0,0.0,,
109.0,Washington Capitals,Andreas Valdix,SE,LW,18.0,,MIF (Sweden),,0.0,0.0,0.0,0.0,0.0,0.0,,0.0,,,,,,,,,valdian01,2003,0,0.0,0.0,0.0,0.0,,
112.0,Calgary Flames,Jamie Tardif,CA,RW,18.0,2013.0,Peterborough Petes (OHL),2.0,0.0,0.0,0.0,0.0,0.0,0.0,,0.0,0.0,,,,,,,0.0,tardija01,2003,0,0.0,0.0,0.0,0.0,0.0,
113.0,Montreal Canadiens,Corey Locke,CA,C,19.0,2011.0,Ottawa 67's (OHL),9.0,0.0,0.0,1.0,0.0,1.0,0.111111111111111,,-1.0,0.0,,,,,,,0.0,lockeco01,2003,0,0.0,0.1111111111111111,0.1111111111111111,-0.1111111111111111,0.013749999999999998,
115.0,Phoenix Coyotes,Liam Lindstrom,CA,C,18.0,,Mora IK (Sweden-2),,0.0,0.0,0.0,0.0,0.0,0.0,,0.0,,,,,,,,,lindsli01,2003,0,0.0,0.0,0.0,0.0,,
116.0,Atlanta Thrashers,Guillaume Desbiens,CA,RW,18.0,2012.0,Rouyn-Noranda Huskies (QMJHL),23.0,0.0,0.0,0.0,0.0,0.0,0.0,,-4.0,37.0,,,,,,,-0.2,desbigu01,2003,0,0.0,0.0,0.0,-0.17391304347826086,-0.008695652173913044,
120.0,New York Islanders,Stefan Blaho,SK,RW,18.0,,HK Dukla Trencin Jr. (Slovakia Jr.),,0.0,0.0,0.0,0.0,0.0,0.0,,0.0,,,,,,,,,blahost01,2003,0,0.0,0.0,0.0,0.0,,
121.0,Pittsburgh Penguins,Paul Bissonnette,CA,LW,18.0,2014.0,Saginaw Spirit (OHL),202.0,7.0,0.0346534653465347,15.0,0.000171551808646211,22.0,0.108910891089109,,7.0,340.0,,,,,,,1.6,bissopa01,2003,0,0.034653465346534656,0.07425742574257425,0.10891089108910891,0.034653465346534656,0.037128712871287134,
123.0,Montreal Canadiens,Danny Stewart,CA,LW,18.0,,Rimouski Oceanic (QMJHL),,0.0,0.0,0.0,0.0,0.0,0.0,,0.0,,,,,,,,,stewada01,2003,0,0.0,0.0,0.0,0.0,,
125.0,Toronto Maple Leafs,Konstantin Volkov,RU,RW,18.0,,Dynamo Moskva 2 (Russia-3),,0.0,0.0,0.0,0.0,0.0,0.0,,0.0,,,,,,,,,volkoko01,2003,0,0.0,0.0,0.0,0.0,,
127.0,St. Louis Blues,Alexandre Bolduc,CA,C,18.0,2015.0,Rouyn-Noranda Huskies (QMJHL),65.0,2.0,0.0307692307692308,3.0,0.000473372781065089,5.0,0.0769230769230769,,-7.0,44.0,,,,,,,-0.5,boldual01,2003,0,0.03076923076923077,0.046153846153846156,0.07692307692307693,-0.1076923076923077,0.019615384615384618,
128.0,Vancouver Canucks,Ty Morris,CA,LW,19.0,,St. Albert (AJHL),,0.0,0.0,0.0,0.0,0.0,0.0,,0.0,,,,,,,,,morrity01,2003,0,0.0,0.0,0.0,0.0,,
129.0,Boston Bruins,Patrik Valcak,CZ,C,18.0,,HC Ostrava Jr. (Czech Jr.),,0.0,0.0,0.0,0.0,0.0,0.0,,0.0,,,,,,,,,valcapa01,2003,0,0.0,0.0,0.0,0.0,,
130.0,Carolina Hurricanes,Matej Trojovsky,CZ,RW,18.0,,Regina Pats (WHL),,0.0,0.0,0.0,0.0,0.0,0.0,,0.0,,,,,,,,,trojoma01,2003,0,0.0,0.0,0.0,0.0,,
131.0,Colorado Avalanche,David Svagrovsky,CZ,RW,18.0,,Seattle Thunderbirds (WHL),,0.0,0.0,0.0,0.0,0.0,0.0,,0.0,,,,,,,,,svagrda01,2003,0,0.0,0.0,0.0,0.0,,
134.0,Dallas Stars,Alexander Naurov,RU,RW,18.0,,Lokomotiv Yaroslavl 2 (Russia-3),,0.0,0.0,0.0,0.0,0.0,0.0,,0.0,,,,,,,,,nauroal01,2003,0,0.0,0.0,0.0,0.0,,
138.0,Columbus Blue Jackets,Arsi Piispanen,FI,RW,18.0,,Jokerit Jr. (Finland Jr.),,0.0,0.0,0.0,0.0,0.0,0.0,,0.0,,,,,,,,,piispar01,2003,0,0.0,0.0,0.0,0.0,,
141.0,Florida Panthers,Dan Travis,US,RW,19.0,,Deerfield Academy (High-MA),,0.0,0.0,0.0,0.0,0.0,0.0,,0.0,,,,,,,,,travida01,2003,0,0.0,0.0,0.0,0.0,,
143.0,Calgary Flames,Greg Moore,US,RW,19.0,2010.0,Maine (H-East),10.0,0.0,0.0,0.0,0.0,0.0,0.0,,-2.0,0.0,,,,,,,-0.2,mooregr01,2003,0,0.0,0.0,0.0,-0.2,-0.005000000000000001,
145.0,Atlanta Thrashers,Brett Sterling,US,LW,19.0,2012.0,Colorado College (WCHA),30.0,5.0,0.166666666666667,4.0,0.00555555555555557,9.0,0.3,,-5.0,32.0,,,,,,,0.6,sterlbr01,2003,0,0.16666666666666666,0.13333333333333333,0.3,-0.16666666666666666,0.08916666666666666,
146.0,Colorado Avalanche,Mark McCutcheon,US,C,19.0,,New England Jr. Coyotes (EJHL),,0.0,0.0,0.0,0.0,0.0,0.0,,0.0,,,,,,,,,mccutma01,2003,0,0.0,0.0,0.0,0.0,,
147.0,Edmonton Oilers,Kalle Olsson,SE,RW,18.0,,Vastra Frolunda HC Jr. (Sweden Jr.),,0.0,0.0,0.0,0.0,0.0,0.0,,0.0,,,,,,,,,olssoka01,2003,0,0.0,0.0,0.0,0.0,,
148.0,St. Louis Blues,Lee Stempniak,US,RW,20.0,2019.0,Dartmouth (ECAC),911.0,203.0,0.222832052689352,266.0,0.000244601594609607,469.0,0.514818880351262,,-31.0,327.0,,,,,,,47.5,stemple01,2003,0,0.22283205268935236,0.29198682766191,0.5148188803512623,-0.03402854006586169,0.16561470911086718,
149.0,New York Rangers,Nigel Dawes,CA,LW,18.0,2011.0,Kootenay Ice (WHL),212.0,39.0,0.183962264150943,45.0,0.000867746529013882,84.0,0.39622641509434,,-4.0,43.0,,,,,,,8.6,dawesni01,2003,0,0.18396226415094338,0.21226415094339623,0.39622641509433965,-0.018867924528301886,0.12783018867924528,
152.0,Los Angeles Kings,Brady Murray,CA,C,19.0,2008.0,Salmon Arm (BCHL),4.0,1.0,0.25,0.0,0.0625,1.0,0.25,,-2.0,6.0,,,,,,,0.1,murrabr01,2003,0,0.25,0.0,0.25,-0.5,0.011250000000000001,
154.0,Edmonton Oilers,David Rohlfs,US,RW,19.0,,Compuware Ambassadors (NAHL),,0.0,0.0,0.0,0.0,0.0,0.0,,0.0,,,,,,,,,rohlfda01,2003,0,0.0,0.0,0.0,0.0,,
155.0,Washington Capitals,Josh Robertson,US,C,19.0,,Proctor Academy (High-NH),,0.0,0.0,0.0,0.0,0.0,0.0,,0.0,,,,,,,,,roberjo02,2003,0,0.0,0.0,0.0,0.0,,
156.0,Chicago Blackhawks,Alexei Ivanov,RU,C,18.0,,Lokomotiv Yaroslavl 2 (Russia-3),,0.0,0.0,0.0,0.0,0.0,0.0,,0.0,,,,,,,,,ivanoal01,2003,0,0.0,0.0,0.0,0.0,,
157.0,Minnesota Wild,Marcin Kolusz,PL,RW,18.0,,Podhale Nowy Targ (Poland),,0.0,0.0,0.0,0.0,0.0,0.0,,0.0,,,,,,,,,kolusma01,2003,0,0.0,0.0,0.0,0.0,,
158.0,Toronto Maple Leafs,John Mitchell,CA,C,18.0,2017.0,Plymouth Whalers (OHL),548.0,70.0,0.127737226277372,107.0,0.00023309712824338,177.0,0.322992700729927,,-30.0,267.0,,,,,,,12.0,mitchjo01,2003,0,0.12773722627737227,0.19525547445255476,0.32299270072992703,-0.05474452554744526,0.10223540145985403,
160.0,Vancouver Canucks,Nicklas Danielsson,SE,RW,18.0,,Brynas IF (Sweden),,0.0,0.0,0.0,0.0,0.0,0.0,,0.0,,,,,,,,,danieni01,2003,0,0.0,0.0,0.0,0.0,,
161.0,Pittsburgh Penguins,Evgeni Isakov,RU,RW,18.0,,Severstal Cherepovets (Russia),,0.0,0.0,0.0,0.0,0.0,0.0,,0.0,,,,,,,,,isakoev01,2003,0,0.0,0.0,0.0,0.0,,
163.0,Colorado Avalanche,Brad Richardson,CA,C,18.0,2022.0,Owen Sound Attack (OHL),869.0,111.0,0.127733026467204,143.0,0.00014698852297722,254.0,0.29228998849252,,-31.0,443.0,,,,,,,19.3,richabr02,2003,0,0.1277330264672037,0.16455696202531644,0.29228998849252014,-0.03567318757192175,0.09321058688147296,
164.0,Detroit Red Wings,Ryan Oulahen,CA,C,18.0,,Brampton Battalion (OHL),,0.0,0.0,0.0,0.0,0.0,0.0,,0.0,,,,,,,,,oulahry01,2003,0,0.0,0.0,0.0,0.0,,
165.0,Dallas Stars,Gino Guyer,US,C,19.0,,Minnesota (WCHA),,0.0,0.0,0.0,0.0,0.0,0.0,,0.0,,,,,,,,,guyergi01,2003,0,0.0,0.0,0.0,0.0,,
170.0,Detroit Red Wings,Andreas Sundin,SE,LW,19.0,,Linkoping HC (Sweden),,0.0,0.0,0.0,0.0,0.0,0.0,,0.0,,,,,,,,,sundian01,2003,0,0.0,0.0,0.0,0.0,,
171.0,Florida Panthers,Denis Stasyuk,RU,C,18.0,,Metallurg Novokuznetsk (Russia),,0.0,0.0,0.0,0.0,0.0,0.0,,0.0,,,,,,,,,stasyde01,2003,0,0.0,0.0,0.0,0.0,,
173.0,Calgary Flames,Tyler Johnson,CA,C,,,Moose Jaw Warriors (WHL),,0.0,0.0,0.0,0.0,0.0,0.0,,0.0,,,,,,,,,-9999,2003,0,0.0,0.0,0.0,0.0,,
174.0,Los Angeles Kings,Esa Pirnes,FI,C,26.0,2004.0,Tappara (Finland),57.0,3.0,0.0526315789473684,8.0,0.000923361034164358,11.0,0.192982456140351,,-9.0,12.0,,,,,,,0.0,pirnees01,2003,0,0.05263157894736842,0.14035087719298245,0.19298245614035087,-0.15789473684210525,0.054824561403508776,
175.0,Atlanta Thrashers,Mike Hamilton,CA,LW,20.0,,Merritt (BCHL),,0.0,0.0,0.0,0.0,0.0,0.0,,0.0,,,,,,,,,hamilmi01,2003,0,0.0,0.0,0.0,0.0,,
176.0,New York Rangers,Ivan Dornic,SK,C,18.0,,HC Slovan Bratislava Jr. (Slovakia Jr.),,0.0,0.0,0.0,0.0,0.0,0.0,,0.0,,,,,,,,,dorniiv01,2003,0,0.0,0.0,0.0,0.0,,
178.0,Phoenix Coyotes,Ryan Gibbons,CA,RW,18.0,,Seattle Thunderbirds (WHL),,0.0,0.0,0.0,0.0,0.0,0.0,,0.0,,,,,,,,,gibbory01,2003,0,0.0,0.0,0.0,0.0,,
181.0,Chicago Blackhawks,Johan Andersson,SE,C,19.0,,IF Troja-Ljungby (Sweden-2),,0.0,0.0,0.0,0.0,0.0,0.0,,0.0,,,,,,,,,anderjo04,2003,0,0.0,0.0,0.0,0.0,,
183.0,Boston Bruins,Nate Thompson,US,C,18.0,2022.0,Seattle Thunderbirds (WHL),844.0,65.0,0.0770142180094787,99.0,9.12490734709463e-05,164.0,0.194312796208531,,-67.0,401.0,,,,,,,3.1,thompna01,2003,0,0.07701421800947868,0.11729857819905214,0.1943127962085308,-0.07938388625592417,0.059182464454976304,
184.0,Edmonton Oilers,Dragan Umicevic,SE,LW,18.0,,Sodertalje SK (Sweden),,0.0,0.0,0.0,0.0,0.0,0.0,,0.0,,,,,,,,,umicedr01,2003,0,0.0,0.0,0.0,0.0,,
185.0,Dallas Stars,Francis Wathier,CA,LW,18.0,2013.0,Hull Olympiques (QMJHL),10.0,0.0,0.0,0.0,0.0,0.0,0.0,,-2.0,5.0,,,,,,,-0.2,wathifr01,2003,0,0.0,0.0,0.0,-0.2,-0.005000000000000001,
186.0,Anaheim Ducks,Drew Miller,US,LW,19.0,2017.0,River City Lancers (USHL),571.0,62.0,0.108581436077058,60.0,0.000190160133234778,122.0,0.213660245183888,,-34.0,136.0,,,,,,,6.3,milledr01,2003,0,0.1085814360770578,0.10507880910683012,0.2136602451838879,-0.0595446584938704,0.06646234676007004,
189.0,St. Louis Blues,Jonathan Lehun,CA,C,19.0,,St. Cloud State (WCHA),,0.0,0.0,0.0,0.0,0.0,0.0,,0.0,,,,,,,,,lehunjo01,2003,0,0.0,0.0,0.0,0.0,,
198.0,Carolina Hurricanes,Shay Stephenson,CA,LW,20.0,2007.0,Red Deer Rebels (WHL),2.0,0.0,0.0,0.0,0.0,0.0,0.0,,0.0,0.0,,,,,,,0.0,stephsh01,2003,0,0.0,0.0,0.0,0.0,0.0,
201.0,San Jose Sharks,Jonathan Tremblay,CA,RW,19.0,,Acadie-Bathurst Titan (QMJHL),,0.0,0.0,0.0,0.0,0.0,0.0,,0.0,,,,,,,,,trembjo01,2003,0,0.0,0.0,0.0,0.0,,
203.0,Atlanta Thrashers,Denis Loginov,RU,C,18.0,,Ak Bars Kazan 2 (Russia-3),,0.0,0.0,0.0,0.0,0.0,0.0,,0.0,,,,,,,,,loginde01,2003,0,0.0,0.0,0.0,0.0,,
204.0,Colorado Avalanche,Linus Videll,SE,LW,18.0,,Sodertalje SK Jr. (Sweden Jr.),,0.0,0.0,0.0,0.0,0.0,0.0,,0.0,,,,,,,,,videlli01,2003,0,0.0,0.0,0.0,0.0,,
205.0,San Jose Sharks,Joe Pavelski,US,C,19.0,2024.0,Waterloo Black Hawks (USHL),1332.0,476.0,0.357357357357357,592.0,0.00026828630432234,1068.0,0.801801801801802,,201.0,458.0,,,,,,,130.1,paveljo01,2003,0,0.35735735735735735,0.4444444444444444,0.8018018018018018,0.15090090090090091,0.2681306306306307,
206.0,Calgary Flames,Thomas Bellemare,CA,RW,19.0,,Drummondville Voltigeurs (QMJHL),,0.0,0.0,0.0,0.0,0.0,0.0,,0.0,,,,,,,,,belleth01,2003,0,0.0,0.0,0.0,0.0,,
208.0,Phoenix Coyotes,Randall Gelech,CA,C,19.0,,Kelowna Rockets (WHL),,0.0,0.0,0.0,0.0,0.0,0.0,,0.0,,,,,,,,,gelecra01,2003,0,0.0,0.0,0.0,0.0,,
214.0,Edmonton Oilers,Kyle Brodziak,CA,C,19.0,2019.0,Moose Jaw Warriors (WHL),917.0,129.0,0.140676117775354,167.0,0.000153409070638336,296.0,0.322791712104689,,-52.0,462.0,,,,,,,23.2,brodzky01,2003,0,0.1406761177753544,0.1821155943293348,0.3227917121046892,-0.05670665212649945,0.10207197382769902,
218.0,Anaheim Ducks,Dirk Southern,CA,C,20.0,,Northern Michigan (CCHA),,0.0,0.0,0.0,0.0,0.0,0.0,,0.0,,,,,,,,,southdi01,2003,0,0.0,0.0,0.0,0.0,,
219.0,Minnesota Wild,Adam Courchaine,CA,C,19.0,,Vancouver Giants (WHL),,0.0,0.0,0.0,0.0,0.0,0.0,,0.0,,,,,,,,,courcad01,2003,0,0.0,0.0,0.0,0.0,,
220.0,Toronto Maple Leafs,Jeremy Williams,CA,RW,19.0,2011.0,Swift Current Broncos (WHL),32.0,9.0,0.28125,2.0,0.0087890625,11.0,0.34375,,0.0,6.0,,,,,,,1.5,willije01,2003,0,0.28125,0.0625,0.34375,0.0,0.11171875,
221.0,St. Louis Blues,Evgeny Skachkov,RU,LW,19.0,,Kapitan-Rus Stupino (Russia-3),,0.0,0.0,0.0,0.0,0.0,0.0,,0.0,,,,,,,,,skachev01,2003,0,0.0,0.0,0.0,0.0,,
222.0,Vancouver Canucks,Francois-Pierre Guenette,CA,C,19.0,,Halifax Mooseheads (QMJHL),,0.0,0.0,0.0,0.0,0.0,0.0,,0.0,,,,,,,,,guenefr01,2003,0,0.0,0.0,0.0,0.0,,
223.0,Florida Panthers,Dany Roussin,CA,C,18.0,,Rimouski Oceanic (QMJHL),,0.0,0.0,0.0,0.0,0.0,0.0,,0.0,,,,,,,,,roussda01,2003,0,0.0,0.0,0.0,0.0,,
225.0,Colorado Avalanche,Brett Hemingway,CA,RW,19.0,,Coquitlam (BCHL),,0.0,0.0,0.0,0.0,0.0,0.0,,0.0,,,,,,,,,heminbr01,2003,0,0.0,0.0,0.0,0.0,,
226.0,Detroit Red Wings,Tomas Kollar,SE,LW,21.0,,Hammarby IF (Sweden-2),,0.0,0.0,0.0,0.0,0.0,0.0,,0.0,,,,,,,,,kollato01,2003,0,0.0,0.0,0.0,0.0,,
227.0,Tampa Bay Lightning,Jay Rosehill,CA,LW,18.0,2014.0,Olds (AJHL),117.0,5.0,0.0427350427350427,3.0,0.000365256775513185,8.0,0.0683760683760684,,-24.0,352.0,,,,,,,-0.1,rosehja01,2003,0,0.042735042735042736,0.02564102564102564,0.06837606837606838,-0.20512820512820512,0.011965811965811967,
229.0,Pittsburgh Penguins,Stephen Dixon,CA,C,18.0,,Cape Breton Screaming Eagles (QMJHL),,0.0,0.0,0.0,0.0,0.0,0.0,,0.0,,,,,,,,,dixonst01,2003,0,0.0,0.0,0.0,0.0,,
230.0,Carolina Hurricanes,Jamie Hoffmann,US,C,19.0,,Des Moines Buccaneers (USHL),,0.0,0.0,0.0,0.0,0.0,0.0,,0.0,,,,,,,,,hoffmja01,2003,0,0.0,0.0,0.0,0.0,,
232.0,Pittsburgh Penguins,Joe Jensen,US,C,20.0,2008.0,St. Cloud State (WCHA),6.0,1.0,0.166666666666667,0.0,0.0277777777777778,1.0,0.166666666666667,,1.0,2.0,,,,,,,0.2,jensejo01,2003,0,0.16666666666666666,0.0,0.16666666666666666,0.16666666666666666,0.01875,
233.0,Columbus Blue Jackets,Mathieu Gravel,CA,LW,18.0,,Shawinigan Cataractes (QMJHL),,0.0,0.0,0.0,0.0,0.0,0.0,,0.0,,,,,,,,,gravema01,2003,0,0.0,0.0,0.0,0.0,,
236.0,San Jose Sharks,Alexander Hult,SE,C,18.0,,Tranas AIF (Sweden-2),,0.0,0.0,0.0,0.0,0.0,0.0,,0.0,,,,,,,,,hultal01,2003,0,0.0,0.0,0.0,0.0,,
237.0,Toronto Maple Leafs,Shaun Landolt,CA,RW,18.0,,Calgary Hitmen (WHL),,0.0,0.0,0.0,0.0,0.0,0.0,,0.0,,,,,,,,,landosh01,2003,0,0.0,0.0,0.0,0.0,,
240.0,Calgary Flames,Cam Cunning,CA,LW,18.0,,Kamloops Blazers (WHL),,0.0,0.0,0.0,0.0,0.0,0.0,,0.0,,,,,,,,,cunnica01,2003,0,0.0,0.0,0.0,0.0,,
241.0,Montreal Canadiens,Jimmy Bonneau,CA,LW,18.0,,Montreal Rocket (QMJHL),,0.0,0.0,0.0,0.0,0.0,0.0,,0.0,,,,,,,,,bonneji01,2003,0,0.0,0.0,0.0,0.0,,
242.0,Phoenix Coyotes,Eduard Lewandowski,RU,LW,23.0,,Kolner Haie (Germany),,0.0,0.0,0.0,0.0,0.0,0.0,,0.0,,,,,,,,,lewaned01,2003,0,0.0,0.0,0.0,0.0,,
243.0,New York Rangers,Jan Marek,CZ,C,23.0,,HC Ocelari Trinec (Czech),,0.0,0.0,0.0,0.0,0.0,0.0,,0.0,,,,,,,,,marekja01,2003,0,0.0,0.0,0.0,0.0,,
244.0,Los Angeles Kings,Mike Sullivan,CA,C,19.0,,Stouffville (OPJHL),,0.0,0.0,0.0,0.0,0.0,0.0,,0.0,,,,,,,,,sullimi02,2003,0,0.0,0.0,0.0,0.0,,
246.0,New York Islanders,Igor Volkov,RU,RW,20.0,,Salavat Yulaev Ufa (Russia),,0.0,0.0,0.0,0.0,0.0,0.0,,0.0,,,,,,,,,volkoig01,2003,0,0.0,0.0,0.0,0.0,,
247.0,Boston Bruins,Benoit Mondou,CA,C,18.0,,Shawinigan Cataractes (QMJHL),,0.0,0.0,0.0,0.0,0.0,0.0,,0.0,,,,,,,,,mondobe01,2003,0,0.0,0.0,0.0,0.0,,
249.0,Washington Capitals,Andrew Joudrey,CA,C,19.0,2012.0,Notre Dame (SJHL),1.0,0.0,0.0,0.0,0.0,0.0,0.0,,0.0,0.0,,,,,,,0.0,joudran01,2003,0,0.0,0.0,0.0,0.0,0.0,
251.0,Minnesota Wild,Mathieu Melanson,US,LW,18.0,,Chicoutimi Sagueneens (QMJHL),,0.0,0.0,0.0,0.0,0.0,0.0,,0.0,,,,,,,,,melanma01,2003,0,0.0,0.0,0.0,0.0,,
252.0,Vancouver Canucks,Sergei Topol,RU,C,18.0,,Avangard Omsk (Russia),,0.0,0.0,0.0,0.0,0.0,0.0,,0.0,,,,,,,,,topolse01,2003,0,0.0,0.0,0.0,0.0,,
258.0,Detroit Red Wings,Vladimir Kutny,SK,LW,18.0,,Quebec Remparts (QMJHL),,0.0,0.0,0.0,0.0,0.0,0.0,,0.0,,,,,,,,,kutnyvl01,2003,0,0.0,0.0,0.0,0.0,,
260.0,Ottawa Senators,Ossi Louhivaara,FI,RW,20.0,,KooKoo (Finland-2),,0.0,0.0,0.0,0.0,0.0,0.0,,0.0,,,,,,,,,louhios01,2003,0,0.0,0.0,0.0,0.0,,
261.0,New Jersey Devils,Joey Tenute,CA,C,20.0,2006.0,Sarnia Sting (OHL),1.0,0.0,0.0,0.0,0.0,0.0,0.0,,0.0,0.0,,,,,,,0.0,tenutjo01,2003,0,0.0,0.0,0.0,0.0,0.0,
262.0,Carolina Hurricanes,Ryan Rorabeck,CA,C,18.0,,Toronto St. Michael's Majors (OHL),,0.0,0.0,0.0,0.0,0.0,0.0,,0.0,,,,,,,,,rorabry01,2003,0,0.0,0.0,0.0,0.0,,
263.0,Pittsburgh Penguins,Matt Moulson,CA,LW,19.0,2018.0,Cornell (ECAC),650.0,176.0,0.270769230769231,193.0,0.000416568047337278,369.0,0.567692307692308,,-42.0,122.0,,,,,,,42.2,moulsma01,2003,0,0.27076923076923076,0.2969230769230769,0.5676923076923077,-0.06461538461538462,0.18126923076923077,
264.0,Florida Panthers,John Hecimovic,CA,RW,19.0,,Sarnia Sting (OHL),,0.0,0.0,0.0,0.0,0.0,0.0,,0.0,,,,,,,,,hecimjo01,2003,0,0.0,0.0,0.0,0.0,,
265.0,Florida Panthers,Tanner Glass,CA,LW,19.0,2018.0,Nanaimo (BCHL),527.0,24.0,0.0455407969639469,45.0,8.64151745046431e-05,69.0,0.130929791271347,,-55.0,658.0,,,,,,,-2.1,glassta01,2003,0,0.04554079696394687,0.08538899430740038,0.13092979127134724,-0.10436432637571158,0.037333965844402274,
266.0,Buffalo Sabres,Louis-Philippe Martin,CA,RW,18.0,,Baie-Comeau Drakkar (QMJHL),,0.0,0.0,0.0,0.0,0.0,0.0,,0.0,,,,,,,,,martilo01,2003,0,0.0,0.0,0.0,0.0,,
269.0,Atlanta Thrashers,Rylan Kaip,CA,C,19.0,,Notre Dame (SJHL),,0.0,0.0,0.0,0.0,0.0,0.0,,0.0,,,,,,,,,kaipry01,2003,0,0.0,0.0,0.0,0.0,,
270.0,Calgary Flames,Kevin Harvey,CA,LW,19.0,,Georgetown (OPJHL),,0.0,0.0,0.0,0.0,0.0,0.0,,0.0,,,,,,,,,harveke01,2003,0,0.0,0.0,0.0,0.0,,
273.0,Tampa Bay Lightning,Albert Vishnyakov,RU,LW,19.0,,Ak Bars Kazan (Russia),,0.0,0.0,0.0,0.0,0.0,0.0,,0.0,,,,,,,,,vishnal01,2003,0,0.0,0.0,0.0,0.0,,
274.0,Los Angeles Kings,Marty Guerin,US,RW,20.0,,Des Moines Buccaneers (USHL),,0.0,0.0,0.0,0.0,0.0,0.0,,0.0,,,,,,,,,guerima01,2003,0,0.0,0.0,0.0,0.0,,
276.0,San Jose Sharks,Carter Lee,US,RW,19.0,,Canterbury School (High-CT),,0.0,0.0,0.0,0.0,0.0,0.0,,0.0,,,,,,,,,leeca01,2003,0,0.0,0.0,0.0,0.0,,
278.0,Edmonton Oilers,Troy Bodie,CA,RW,18.0,2015.0,Kelowna Rockets (WHL),159.0,9.0,0.0566037735849057,12.0,0.000355998576005696,21.0,0.132075471698113,,-9.0,172.0,,,,,,,0.5,bodietr01,2003,0,0.05660377358490566,0.07547169811320754,0.1320754716981132,-0.05660377358490566,0.04009433962264151,
279.0,Washington Capitals,Mark Olafson,CA,RW,18.0,,Kelowna Rockets (WHL),,0.0,0.0,0.0,0.0,0.0,0.0,,0.0,,,,,,,,,olafsma01,2003,0,0.0,0.0,0.0,0.0,,
282.0,Chicago Blackhawks,Chris Porter,CA,C,19.0,2016.0,Lincoln Stars (USHL),234.0,15.0,0.0641025641025641,19.0,0.000273942581634889,34.0,0.145299145299145,,-13.0,39.0,,,,,,,1.1,portech01,2003,0,0.0641025641025641,0.0811965811965812,0.1452991452991453,-0.05555555555555555,0.04444444444444445,
284.0,St. Louis Blues,Juhamatti Aaltonen,FI,RW,18.0,,Karpat Jr. (Finland Jr.),,0.0,0.0,0.0,0.0,0.0,0.0,,0.0,,,,,,,,,aaltoju01,2003,0,0.0,0.0,0.0,0.0,,
286.0,Tampa Bay Lightning,Zbynek Hrdel,CZ,C,18.0,,Rimouski Oceanic (QMJHL),,0.0,0.0,0.0,0.0,0.0,0.0,,0.0,,,,,,,,,hrdelzb01,2003,0,0.0,0.0,0.0,0.0,,
287.0,Tampa Bay Lightning,Nick Tarnasky,CA,C,18.0,2010.0,Lethbridge Hurricanes (WHL),245.0,13.0,0.0530612244897959,17.0,0.000216576426488963,30.0,0.122448979591837,,-30.0,297.0,,,,,,,0.3,tarnani01,2003,0,0.053061224489795916,0.06938775510204082,0.12244897959183673,-0.12244897959183673,0.0336734693877551,
288.0,Colorado Avalanche,David Jones,CA,RW,19.0,2016.0,Coquitlam (BCHL),462.0,104.0,0.225108225108225,87.0,0.000487247240493994,191.0,0.413419913419913,,-42.0,122.0,,,,,,,18.9,jonesda01,2003,0,0.22510822510822512,0.18831168831168832,0.4134199134199134,-0.09090909090909091,0.12981601731601733,
289.0,Detroit Red Wings,Mikael Johansson,SE,C,18.0,,Arvika HC (Sweden-3),,0.0,0.0,0.0,0.0,0.0,0.0,,0.0,,,,,,,,,johanmi01,2003,0,0.0,0.0,0.0,0.0,,
290.0,Phoenix Coyotes,Loic Burkhalter,CH,C,23.0,,HC Ambri-Piotta (Swiss),,0.0,0.0,0.0,0.0,0.0,0.0,,0.0,,,,,,,,,burkhlo01,2003,0,0.0,0.0,0.0,0.0,,
292.0,New Jersey Devils,Arseny Bondarev,RU,LW,18.0,,Lokomotiv Yaroslavl 2 (Russia-3),,0.0,0.0,0.0,0.0,0.0,0.0,,0.0,,,,,,,,,bondaar01,2003,0,0.0,0.0,0.0,0.0,,
1.0,Columbus Blue Jackets,Rick Nash,CA,LW,18.0,2018.0,London Knights (OHL),1060.0,437.0,0.412264150943396,368.0,0.000388928444286223,805.0,0.759433962264151,,-11.0,750.0,,,,,,,102.6,nashri01,2002,0,0.41226415094339625,0.3471698113207547,0.7594339622641509,-0.010377358490566037,0.24629716981132077,
6.0,Nashville Predators,Scottie Upshall,CA,LW,18.0,2018.0,Kamloops Blazers (WHL),759.0,138.0,0.181818181818182,146.0,0.000239549646664271,284.0,0.374176548089592,,9.0,615.0,,,,,,,29.4,upshasc01,2002,0,0.18181818181818182,0.19235836627140976,0.37417654808959155,0.011857707509881422,0.12220026350461134,
7.0,Anaheim Ducks,Joffrey Lupul,CA,LW,18.0,2016.0,Medicine Hat Tigers (WHL),701.0,205.0,0.29243937232525,215.0,0.000417174568224322,420.0,0.599144079885877,,-79.0,407.0,,,,,,,45.5,lupuljo01,2002,0,0.29243937232524964,0.3067047075606277,0.5991440798858774,-0.11269614835948645,0.18908701854493584,
8.0,Minnesota Wild,Pierre-Marc Bouchard,CA,C,18.0,2014.0,Chicoutimi Sagueneens (QMJHL),593.0,110.0,0.185497470489039,246.0,0.000312811923253017,356.0,0.600337268128162,,6.0,190.0,,,,,,,36.0,bouchpi02,2002,0,0.18549747048903878,0.4148397976391231,0.6003372681281619,0.01011804384485666,0.19561551433389546,
9.0,Florida Panthers,Petr Taticek,CZ,C,18.0,2006.0,Soo Greyhounds (OHL),3.0,0.0,0.0,0.0,0.0,0.0,0.0,,0.0,0.0,,,,,,,0.0,taticpe01,2002,0,0.0,0.0,0.0,0.0,0.0,
10.0,Calgary Flames,Eric Nystrom,US,LW,19.0,2016.0,Michigan (CCHA),593.0,75.0,0.126475548060708,48.0,0.00021328085676342,123.0,0.207419898819562,,-73.0,401.0,,,,,,,5.6,nystrer01,2002,0,0.12647554806070826,0.08094435075885328,0.20741989881956155,-0.12310286677908938,0.06125632377740304,
13.0,Washington Capitals,Alexander Semin,RU,LW,18.0,2016.0,Traktor Chelyabinsk (Russia-2),650.0,239.0,0.367692307692308,278.0,0.000565680473372782,517.0,0.795384615384615,,71.0,582.0,,,,,,,65.5,seminal01,2002,0,0.3676923076923077,0.4276923076923077,0.7953846153846154,0.10923076923076923,0.26396153846153847,
14.0,Montreal Canadiens,Chris Higgins,US,LW,19.0,2016.0,Yale (ECAC),711.0,165.0,0.232067510548523,168.0,0.000326395936073872,333.0,0.468354430379747,,-30.0,220.0,,,,,,,32.7,higgich01,2002,0,0.2320675105485232,0.23628691983122363,0.46835443037974683,-0.04219409282700422,0.15010548523206751,
15.0,Edmonton Oilers,Jesse Niinimaki,FI,C,19.0,,Ilves (Finland),,0.0,0.0,0.0,0.0,0.0,0.0,,0.0,,,,,,,,,niinije01,2002,0,0.0,0.0,0.0,0.0,,
16.0,Ottawa Senators,Jakub Klepis,CZ,C,18.0,2007.0,Portland Winter Hawks (WHL),66.0,4.0,0.0606060606060606,10.0,0.000918273645546373,14.0,0.212121212121212,,-13.0,36.0,,,,,,,0.2,klepija01,2002,0,0.06060606060606061,0.15151515151515152,0.21212121212121213,-0.19696969696969696,0.05909090909090909,
17.0,Washington Capitals,Boyd Gordon,CA,C,18.0,2017.0,Red Deer Rebels (WHL),706.0,56.0,0.0793201133144476,105.0,0.000112351435289586,161.0,0.228045325779037,,-26.0,149.0,,,,,,,5.2,gordobo01,2002,0,0.07932011331444759,0.14872521246458922,0.22804532577903683,-0.036827195467422094,0.07227337110481587,
19.0,Phoenix Coyotes,Jakub Koreis,CZ,C,18.0,,HC Plzen (Czech),,0.0,0.0,0.0,0.0,0.0,0.0,,0.0,,,,,,,,,koreija01,2002,0,0.0,0.0,0.0,0.0,,
20.0,Buffalo Sabres,Daniel Paille,CA,LW,18.0,2016.0,Guelph Storm (OHL),582.0,85.0,0.146048109965636,87.0,0.000250941769700405,172.0,0.29553264604811,,15.0,135.0,,,,,,,15.6,paillda01,2002,0,0.14604810996563575,0.14948453608247422,0.29553264604810997,0.02577319587628866,0.09733676975945017,
22.0,New York Islanders,Sean Bergenheim,FI,LW,18.0,2015.0,Jokerit (Finland),506.0,96.0,0.189723320158103,84.0,0.000374947273039729,180.0,0.355731225296443,,-42.0,379.0,,,,,,,16.6,bergese01,2002,0,0.18972332015810275,0.16600790513833993,0.3557312252964427,-0.08300395256916997,0.11146245059288538,
23.0,Phoenix Coyotes,Ben Eager,CA,LW,18.0,2014.0,Oshawa Generals (OHL),407.0,43.0,0.105651105651106,42.0,0.000259585026169794,85.0,0.208845208845209,,-12.0,875.0,,,,,,,6.9,eagerbe01,2002,0,0.10565110565110565,0.10319410319410319,0.20884520884520885,-0.029484029484029485,0.0664004914004914,
24.0,Toronto Maple Leafs,Alex Steen,CA,C,18.0,2020.0,Vastra Frolunda HC (Sweden),1018.0,245.0,0.240667976424361,377.0,0.000236412550515089,622.0,0.611001964636542,,42.0,454.0,,,,,,,64.7,steenal01,2002,0,0.2406679764243615,0.3703339882121807,0.6110019646365422,0.0412573673870334,0.20063850687622792,
27.0,San Jose Sharks,Mike Morris,US,RW,19.0,,St. Sebastian's School (High-MA),,0.0,0.0,0.0,0.0,0.0,0.0,,0.0,,,,,,,,,morrimi02,2002,0,0.0,0.0,0.0,0.0,,
28.0,Colorado Avalanche,Jonas Johansson,SE,RW,18.0,2006.0,HV71 Jr. (Sweden Jr.),1.0,0.0,0.0,0.0,0.0,0.0,0.0,,0.0,2.0,,,,,,,0.0,johanjo02,2002,0,0.0,0.0,0.0,0.0,0.0,
30.0,Atlanta Thrashers,Jim Slater,US,C,19.0,2015.0,Michigan State (CCHA),584.0,67.0,0.11472602739726,71.0,0.000196448677050103,138.0,0.236301369863014,,-17.0,407.0,,,,,,,9.2,slateji01,2002,0,0.11472602739726027,0.12157534246575342,0.2363013698630137,-0.02910958904109589,0.07534246575342467,
32.0,Dallas Stars,Janos Vas,HU,LW,18.0,,MIF Jr. (Sweden Jr.),,0.0,0.0,0.0,0.0,0.0,0.0,,0.0,,,,,,,,,vasja01,2002,0,0.0,0.0,0.0,0.0,,
33.0,New York Rangers,Lee Falardeau,US,C,19.0,,Michigan State (CCHA),,0.0,0.0,0.0,0.0,0.0,0.0,,0.0,,,,,,,,,falarle01,2002,0,0.0,0.0,0.0,0.0,,
36.0,Edmonton Oilers,Jarret Stoll,CA,C,20.0,2016.0,Kootenay Ice (WHL),872.0,144.0,0.165137614678899,244.0,0.000189377998484976,388.0,0.444954128440367,,2.0,618.0,,,,,,,34.1,stollja01,2002,0,0.1651376146788991,0.2798165137614679,0.44495412844036697,0.0022935779816513763,0.14472477064220185,
37.0,Anaheim Ducks,Tim Brent,CA,C,18.0,2013.0,Toronto St. Michael's Majors (OHL),207.0,21.0,0.101449275362319,27.0,0.000490093117692362,48.0,0.231884057971014,,-21.0,76.0,,,,,,,3.1,brentti01,2002,0,0.10144927536231885,0.13043478260869565,0.2318840579710145,-0.10144927536231885,0.07028985507246377,
39.0,Calgary Flames,Brian McConnell,US,C,19.0,,Boston University (H-East),,0.0,0.0,0.0,0.0,0.0,0.0,,0.0,,,,,,,,,mcconbr01,2002,0,0.0,0.0,0.0,0.0,,
40.0,Florida Panthers,Rob Globke,US,C,19.0,2008.0,Notre Dame (CCHA),46.0,1.0,0.0217391304347826,1.0,0.000472589792060491,2.0,0.0434782608695652,,-6.0,8.0,,,,,,,-0.6,globkro01,2002,0,0.021739130434782608,0.021739130434782608,0.043478260869565216,-0.13043478260869565,0.0076086956521739125,
41.0,Columbus Blue Jackets,Joakim Lindstrom,SE,C,18.0,2015.0,MODO Hockey (Sweden),150.0,19.0,0.126666666666667,24.0,0.000844444444444447,43.0,0.286666666666667,,-33.0,58.0,,,,,,,2.4,lindsjo01,2002,0,0.12666666666666668,0.16,0.2866666666666667,-0.22,0.08216666666666668,
42.0,Dallas Stars,Marius Holtet,NO,C,18.0,,Farjestad BK Jr. (Sweden Jr.),,0.0,0.0,0.0,0.0,0.0,0.0,,0.0,,,,,,,,,holtema01,2002,0,0.0,0.0,0.0,0.0,,
47.0,Ottawa Senators,Alexei Kaigorodov,RU,C,19.0,2007.0,Metallurg Magnitogorsk (Russia),6.0,0.0,0.0,1.0,0.0,1.0,0.166666666666667,,1.0,0.0,,,,,,,0.1,kaigoal01,2002,0,0.0,0.16666666666666666,0.16666666666666666,0.16666666666666666,0.01875,
48.0,St. Louis Blues,Alexei Shkotov,RU,RW,18.0,,Elemash Elektrostal (Russia-2),,0.0,0.0,0.0,0.0,0.0,0.0,,0.0,,,,,,,,,shkotal01,2002,0,0.0,0.0,0.0,0.0,,
50.0,Los Angeles Kings,Sergei Anshakov,RU,LW,18.0,,HK CSKA Moskva (Russia-2),,0.0,0.0,0.0,0.0,0.0,0.0,,0.0,,,,,,,,,anshase01,2002,0,0.0,0.0,0.0,0.0,,
53.0,New Jersey Devils,Barry Tallackson,US,RW,19.0,2009.0,Minnesota (WCHA),20.0,1.0,0.05,1.0,0.0025,2.0,0.1,,-4.0,2.0,,,,,,,-0.1,tallaba01,2002,0,0.05,0.05,0.1,-0.2,0.0225,
56.0,Boston Bruins,Vladislav Yevseyev,RU,LW,18.0,,HK CSKA Moskva (Russia-2),,0.0,0.0,0.0,0.0,0.0,0.0,,0.0,,,,,,,,,yevsevl01,2002,0,0.0,0.0,0.0,0.0,,
57.0,Toronto Maple Leafs,Matt Stajan,CA,C,18.0,2018.0,Belleville Bulls (OHL),1003.0,146.0,0.145563310069791,267.0,0.000145127926290918,413.0,0.411764705882353,,-3.0,526.0,,,,,,,33.6,stajama01,2002,0,0.14556331006979062,0.2662013958125623,0.4117647058823529,-0.0029910269192422734,0.13367397806580258,
58.0,Detroit Red Wings,Jiri Hudler,CZ,C,18.0,2017.0,HC Vsetin (Czech),708.0,164.0,0.231638418079096,264.0,0.000327172906891379,428.0,0.604519774011299,,40.0,243.0,,,,,,,47.7,hudleji01,2002,0,0.23163841807909605,0.3728813559322034,0.6045197740112994,0.05649717514124294,0.19929378531073447,
60.0,Tampa Bay Lightning,Adam Henrich,CA,LW,18.0,,Brampton Battalion (OHL),,0.0,0.0,0.0,0.0,0.0,0.0,,0.0,,,,,,,,,henriad02,2002,0,0.0,0.0,0.0,0.0,,
62.0,St. Louis Blues,Andrei Mikhnov,UA,C,18.0,,Sudbury Wolves (OHL),,0.0,0.0,0.0,0.0,0.0,0.0,,0.0,,,,,,,,,mikhnan01,2002,0,0.0,0.0,0.0,0.0,,
63.0,Detroit Red Wings,Tomas Fleischmann,CZ,LW,18.0,2016.0,HC Vitkovice Jr. (Czech Jr.),657.0,137.0,0.208523592085236,198.0,0.00031738750697905,335.0,0.509893455098935,,-43.0,200.0,,,,,,,32.1,fleisto01,2002,0,0.2085235920852359,0.3013698630136986,0.5098934550989346,-0.0654490106544901,0.1624429223744292,
64.0,New Jersey Devils,Jason Ryznar,US,LW,19.0,2006.0,Michigan (CCHA),8.0,0.0,0.0,0.0,0.0,0.0,0.0,,-1.0,2.0,,,,,,,-0.1,ryznaja01,2002,0,0.0,0.0,0.0,-0.125,-0.0025000000000000005,
66.0,Los Angeles Kings,Petr Kanko,CZ,RW,18.0,2006.0,Kitchener Rangers (OHL),10.0,1.0,0.1,0.0,0.01,1.0,0.1,,1.0,0.0,,,,,,,0.1,kankope01,2002,0,0.1,0.0,0.1,0.1,0.018750000000000003,
67.0,Florida Panthers,Gregory Campbell,CA,LW,18.0,2016.0,Plymouth Whalers (OHL),803.0,71.0,0.0884184308841843,116.0,0.000110110125634102,187.0,0.232876712328767,,-33.0,696.0,,,,,,,8.0,campbgr01,2002,0,0.08841843088418432,0.1444582814445828,0.2328767123287671,-0.0410958904109589,0.07363013698630137,
69.0,Pittsburgh Penguins,Erik Christensen,CA,C,18.0,2012.0,Kamloops Blazers (WHL),387.0,68.0,0.175710594315245,95.0,0.000454032543450245,163.0,0.421188630490956,,-24.0,162.0,,,,,,,14.7,chriser01,2002,0,0.17571059431524547,0.2454780361757106,0.42118863049095606,-0.06201550387596899,0.13378552971576227,
72.0,Minnesota Wild,Mike Erickson,US,RW,19.0,,Minnesota (WCHA),,0.0,0.0,0.0,0.0,0.0,0.0,,0.0,,,,,,,,,erickmi01,2002,0,0.0,0.0,0.0,0.0,,
75.0,Ottawa Senators,Arttu Luttinen,FI,C,19.0,,HIFK Jr. (Finland Jr.),,0.0,0.0,0.0,0.0,0.0,0.0,,0.0,,,,,,,,,luttiar01,2002,0,0.0,0.0,0.0,0.0,,
76.0,Buffalo Sabres,Michael Tessier,CA,LW,18.0,,Acadie-Bathurst Titan (QMJHL),,0.0,0.0,0.0,0.0,0.0,0.0,,0.0,,,,,,,,,tessimi01,2002,0,0.0,0.0,0.0,0.0,,
79.0,Edmonton Oilers,Brock Radunske,CA,LW,19.0,,Michigan State (CCHA),,0.0,0.0,0.0,0.0,0.0,0.0,,0.0,,,,,,,,,radunbr01,2002,0,0.0,0.0,0.0,0.0,,
81.0,New York Rangers,Marcus Jonasen,SE,LW,18.0,,VIK Hockey Ungdom (Sweden-3),,0.0,0.0,0.0,0.0,0.0,0.0,,0.0,,,,,,,,,jonasma01,2002,0,0.0,0.0,0.0,0.0,,
85.0,New Jersey Devils,Ahren Nittel,CA,LW,18.0,,Windsor Spitfires (OHL),,0.0,0.0,0.0,0.0,0.0,0.0,,0.0,,,,,,,,,nitteah01,2002,0,0.0,0.0,0.0,0.0,,
86.0,San Jose Sharks,Jonas Fiedler,CZ,RW,18.0,,Plymouth Whalers (OHL),,0.0,0.0,0.0,0.0,0.0,0.0,,0.0,,,,,,,,,fiedljo01,2002,0,0.0,0.0,0.0,0.0,,
87.0,New York Islanders,Frans Nielsen,DK,C,18.0,2021.0,MIF (Sweden),925.0,167.0,0.180540540540541,306.0,0.000195178962746531,473.0,0.511351351351351,,-37.0,166.0,,,,,,,43.3,nielsfr01,2002,0,0.18054054054054053,0.3308108108108108,0.5113513513513513,-0.04,0.16418918918918918,
89.0,St. Louis Blues,Tomas Troliga,SK,C,18.0,,HK VTJ Farmakol Presov (Slovakia-2),,0.0,0.0,0.0,0.0,0.0,0.0,,0.0,,,,,,,,,trolito01,2002,0,0.0,0.0,0.0,0.0,,
90.0,Calgary Flames,Matthew Lombardi,CA,C,20.0,2013.0,Victoriaville Tigres (QMJHL),536.0,101.0,0.188432835820896,161.0,0.000351553798173313,262.0,0.488805970149254,,6.0,293.0,,,,,,,24.1,lombama01,2002,0,0.1884328358208955,0.3003731343283582,0.48880597014925375,0.011194029850746268,0.1594216417910448,
92.0,Washington Capitals,Derek Krestanovich,CA,C,19.0,,Moose Jaw Warriors (WHL),,0.0,0.0,0.0,0.0,0.0,0.0,,0.0,,,,,,,,,krestde01,2002,0,0.0,0.0,0.0,0.0,,
93.0,Chicago Blackhawks,Alexander Kojevnikov,RU,LW,18.0,,Krylja Sovetov Moskva 2 (Russia-3),,0.0,0.0,0.0,0.0,0.0,0.0,,0.0,,,,,,,,,kojeval01,2002,0,0.0,0.0,0.0,0.0,,
95.0,Detroit Red Wings,Valtteri Filppula,FI,C,18.0,2021.0,Jokerit Jr. (Finland Jr.),1056.0,197.0,0.18655303030303,333.0,0.000176660066574839,530.0,0.501893939393939,,-4.0,346.0,,,,,,,47.7,filppva01,2002,0,0.1865530303030303,0.3153409090909091,0.5018939393939394,-0.003787878787878788,0.1629261363636364,
96.0,Columbus Blue Jackets,Jeff Genovy,US,LW,19.0,,Des Moines Buccaneers (USHL),,0.0,0.0,0.0,0.0,0.0,0.0,,0.0,,,,,,,,,genovje01,2002,0,0.0,0.0,0.0,0.0,,
97.0,Phoenix Coyotes,Lance Monych,CA,RW,18.0,,Brandon Wheat Kings (WHL),,0.0,0.0,0.0,0.0,0.0,0.0,,0.0,,,,,,,,,monycla01,2002,0,0.0,0.0,0.0,0.0,,
98.0,Columbus Blue Jackets,Ivan Tkachenko,RU,LW,22.0,,Lokomotiv Yaroslavl (Russia),,0.0,0.0,0.0,0.0,0.0,0.0,,0.0,,,,,,,,,tkachiv01,2002,0,0.0,0.0,0.0,0.0,,
99.0,Montreal Canadiens,Michael Lambert,CA,LW,18.0,,Montreal Rocket (QMJHL),,0.0,0.0,0.0,0.0,0.0,0.0,,0.0,,,,,,,,,lambemi01,2002,0,0.0,0.0,0.0,0.0,,
100.0,Tampa Bay Lightning,Dmitri Kazionov,RU,C,18.0,,HK CSKA Moskva (Russia-2),,0.0,0.0,0.0,0.0,0.0,0.0,,0.0,,,,,,,,,kaziodm01,2002,0,0.0,0.0,0.0,0.0,,
102.0,Nashville Predators,Brandon Segal,CA,RW,19.0,2013.0,Calgary Hitmen (WHL),103.0,11.0,0.106796116504854,11.0,0.00103685550004713,22.0,0.213592233009709,,1.0,85.0,,,,,,,2.1,segalbr01,2002,0,0.10679611650485436,0.10679611650485436,0.21359223300970873,0.009708737864077669,0.06990291262135921,
103.0,Anaheim Ducks,Joonas Vihko,FI,C,21.0,,HIFK (Finland),,0.0,0.0,0.0,0.0,0.0,0.0,,0.0,,,,,,,,,vihkojo01,2002,0,0.0,0.0,0.0,0.0,,
108.0,Buffalo Sabres,Jakub Hulva,CZ,RW,18.0,,HC Vitkovice Jr. (Czech Jr.),,0.0,0.0,0.0,0.0,0.0,0.0,,0.0,,,,,,,,,hulvaja01,2002,0,0.0,0.0,0.0,0.0,,
109.0,Washington Capitals,Jevon Desautels,CA,LW,18.0,,Spokane Chiefs (WHL),,0.0,0.0,0.0,0.0,0.0,0.0,,0.0,,,,,,,,,desauje01,2002,0,0.0,0.0,0.0,0.0,,
110.0,Dallas Stars,Jarkko A. Immonen,FI,C,18.0,,Blues Jr. (Finland Jr.),,0.0,0.0,0.0,0.0,0.0,0.0,,0.0,,,,,,,,,immonja02,2002,0,0.0,0.0,0.0,0.0,,
111.0,Edmonton Oilers,Jonas Almtorp,SE,C,18.0,,MoDo Hockey Jr. (Sweden Jr.),,0.0,0.0,0.0,0.0,0.0,0.0,,0.0,,,,,,,,,almtojo01,2002,0,0.0,0.0,0.0,0.0,,
112.0,Calgary Flames,Yuri Artemenkov,RU,RW,18.0,,Krylja Sovetov Moskva 2 (Russia-3),,0.0,0.0,0.0,0.0,0.0,0.0,,0.0,,,,,,,,,artemyu01,2002,0,0.0,0.0,0.0,0.0,,
114.0,Vancouver Canucks,John Laliberte,US,RW,19.0,,New Hampshire (EJHL),,0.0,0.0,0.0,0.0,0.0,0.0,,0.0,,,,,,,,,lalibjo01,2002,0,0.0,0.0,0.0,0.0,,
115.0,Los Angeles Kings,Mark Rooneem,CA,LW,19.0,,Kamloops Blazers (WHL),,0.0,0.0,0.0,0.0,0.0,0.0,,0.0,,,,,,,,,roonema01,2002,0,0.0,0.0,0.0,0.0,,
116.0,Atlanta Thrashers,Patrick Dwyer,US,RW,19.0,2015.0,Western Michigan (CCHA),416.0,42.0,0.100961538461538,51.0,0.000242696005917159,93.0,0.223557692307692,,-32.0,77.0,,,,,,,4.4,dwyerpa01,2002,0,0.10096153846153846,0.12259615384615384,0.22355769230769232,-0.07692307692307693,0.06881009615384616,
117.0,New Jersey Devils,Cam Janssen,US,RW,18.0,2014.0,Windsor Spitfires (OHL),336.0,6.0,0.0178571428571429,8.0,5.31462585034015e-05,14.0,0.0416666666666667,,-26.0,774.0,,,,,,,-1.4,janssca01,2002,0,0.017857142857142856,0.023809523809523808,0.041666666666666664,-0.07738095238095238,0.009672619047619048,
118.0,Washington Capitals,Petr Dvorak,CZ,C,18.0,,HC Havriov Jr. (Czech Jr.),,0.0,0.0,0.0,0.0,0.0,0.0,,0.0,,,,,,,,,dvorape01,2002,0,0.0,0.0,0.0,0.0,,
126.0,Philadelphia Flyers,Konstantin Baranov,RU,RW,20.0,,Lada Togliatti (Russia),,0.0,0.0,0.0,0.0,0.0,0.0,,0.0,,,,,,,,,baranko01,2002,0,0.0,0.0,0.0,0.0,,
128.0,Chicago Blackhawks,Matt Ellison,CA,RW,18.0,2007.0,Cowichan Valley (BCHL),43.0,3.0,0.0697674418604651,11.0,0.00162249864791779,14.0,0.325581395348837,,-5.0,19.0,,,,,,,0.5,ellisma02,2002,0,0.06976744186046512,0.2558139534883721,0.32558139534883723,-0.11627906976744186,0.10000000000000002,
130.0,Boston Bruins,Jan Kubista,CZ,RW,18.0,,HC Pardubice Jr. (Czech Jr.),,0.0,0.0,0.0,0.0,0.0,0.0,,0.0,,,,,,,,,kubisja01,2002,0,0.0,0.0,0.0,0.0,,
132.0,Phoenix Coyotes,John Zeiler,US,RW,19.0,2011.0,Sioux City Musketeers (USHL),90.0,1.0,0.0111111111111111,4.0,0.000123456790123457,5.0,0.0555555555555556,,-11.0,87.0,,,,,,,-1.0,zeilejo01,2002,0,0.011111111111111112,0.044444444444444446,0.05555555555555555,-0.12222222222222222,0.011944444444444445,
133.0,Columbus Blue Jackets,Lasse Pirjeta,FI,C,28.0,2006.0,Karpat (Finland),146.0,23.0,0.157534246575342,27.0,0.00107900168887221,50.0,0.342465753424658,,-3.0,50.0,,,,,,,5.2,pirjela01,2002,0,0.15753424657534246,0.18493150684931506,0.3424657534246575,-0.02054794520547945,0.11027397260273972,
136.0,Pittsburgh Penguins,Andrew Sertich,US,LW,19.0,,Greenway HS (High-MN),,0.0,0.0,0.0,0.0,0.0,0.0,,0.0,,,,,,,,,sertian01,2002,0,0.0,0.0,0.0,0.0,,
137.0,Pittsburgh Penguins,Cam Paddock,CA,C,19.0,2009.0,Kelowna Rockets (WHL),16.0,2.0,0.125,1.0,0.0078125,3.0,0.1875,,-4.0,0.0,,,,,,,0.1,paddoca01,2002,0,0.125,0.0625,0.1875,-0.25,0.03875000000000001,
138.0,Nashville Predators,Patrick Jarrett,CA,C,18.0,,Owen Sound Attack (OHL),,0.0,0.0,0.0,0.0,0.0,0.0,,0.0,,,,,,,,,jarrepa01,2002,0,0.0,0.0,0.0,0.0,,
139.0,San Jose Sharks,Kris Newbury,CA,C,20.0,2014.0,Sarnia Sting (OHL),76.0,4.0,0.0526315789473684,6.0,0.000692520775623268,10.0,0.131578947368421,,-3.0,139.0,,,,,,,0.5,newbukr01,2002,0,0.05263157894736842,0.07894736842105263,0.13157894736842105,-0.039473684210526314,0.04078947368421052,
140.0,Anaheim Ducks,George Davis,CA,RW,19.0,,Cape Breton Screaming Eagles (QMJHL),,0.0,0.0,0.0,0.0,0.0,0.0,,0.0,,,,,,,,,davisge01,2002,0,0.0,0.0,0.0,0.0,,
141.0,Calgary Flames,Jiri Cetkovsky,CZ,C,18.0,,HC Ziln Jr. (Czech Jr.),,0.0,0.0,0.0,0.0,0.0,0.0,,0.0,,,,,,,,,cetkoji01,2002,0,0.0,0.0,0.0,0.0,,
142.0,Calgary Flames,Emanuel Peter,CH,C,18.0,,Kloten (Swiss),,0.0,0.0,0.0,0.0,0.0,0.0,,0.0,,,,,,,,,peterem01,2002,0,0.0,0.0,0.0,0.0,,
143.0,New York Rangers,Mike Walsh,US,LW,19.0,,Compuware Ambassadors (NAHL),,0.0,0.0,0.0,0.0,0.0,0.0,,0.0,,,,,,,,,walshmi02,2002,0,0.0,0.0,0.0,0.0,,
146.0,Calgary Flames,Viktor Bobrov,RU,C,18.0,,HK CSKA Moskva 2 (Russia-3),,0.0,0.0,0.0,0.0,0.0,0.0,,0.0,,,,,,,,,bobrovi01,2002,0,0.0,0.0,0.0,0.0,,
147.0,Dallas Stars,David Bararuk,CA,C,19.0,,Moose Jaw Warriors (WHL),,0.0,0.0,0.0,0.0,0.0,0.0,,0.0,,,,,,,,,bararda01,2002,0,0.0,0.0,0.0,0.0,,
149.0,New York Islanders,Marcus Paulsson,SE,C,18.0,,Morrums GoIS (Sweden-2),,0.0,0.0,0.0,0.0,0.0,0.0,,0.0,,,,,,,,,paulsma01,2002,0,0.0,0.0,0.0,0.0,,
150.0,Ottawa Senators,Brock Hooton,CA,RW,19.0,,Quesnel (BCHL),,0.0,0.0,0.0,0.0,0.0,0.0,,0.0,,,,,,,,,hootobr01,2002,0,0.0,0.0,0.0,0.0,,
152.0,Los Angeles Kings,Greg Hogeboom,CA,RW,19.0,,Miami (Ohio) (CCHA),,0.0,0.0,0.0,0.0,0.0,0.0,,0.0,,,,,,,,,hogebgr01,2002,0,0.0,0.0,0.0,0.0,,
155.0,Minnesota Wild,Armands Berzins,LV,C,18.0,,Shawinigan Cataractes (QMJHL),,0.0,0.0,0.0,0.0,0.0,0.0,,0.0,,,,,,,,,berziar01,2002,0,0.0,0.0,0.0,0.0,,
158.0,Florida Panthers,Vince Bellissimo,CA,C,19.0,,Topeka Scarecrows (USHL),,0.0,0.0,0.0,0.0,0.0,0.0,,0.0,,,,,,,,,bellivi01,2002,0,0.0,0.0,0.0,0.0,,
159.0,Calgary Flames,Kristofer Persson,SE,RW,18.0,,MODO Hockey Jr. (Sweden Jr.),,0.0,0.0,0.0,0.0,0.0,0.0,,0.0,,,,,,,,,persskr01,2002,0,0.0,0.0,0.0,0.0,,
165.0,St. Louis Blues,Justin Maiser,US,C,19.0,,Boston University (H-East),,0.0,0.0,0.0,0.0,0.0,0.0,,0.0,,,,,,,,,maiseju01,2002,0,0.0,0.0,0.0,0.0,,
167.0,Atlanta Thrashers,Brad Schell,CA,C,18.0,,Spokane Chiefs (WHL),,0.0,0.0,0.0,0.0,0.0,0.0,,0.0,,,,,,,,,schelbr01,2002,0,0.0,0.0,0.0,0.0,,
168.0,Columbus Blue Jackets,Tim Konsorada,CA,RW,18.0,,Brandon Wheat Kings (WHL),,0.0,0.0,0.0,0.0,0.0,0.0,,0.0,,,,,,,,,konsoti01,2002,0,0.0,0.0,0.0,0.0,,
174.0,Tampa Bay Lightning,Karri Akkanen,FI,RW,18.0,,Ilves Jr. (Finland Jr.),,0.0,0.0,0.0,0.0,0.0,0.0,,0.0,,,,,,,,,akkanka01,2002,0,0.0,0.0,0.0,0.0,,
175.0,Minnesota Wild,Matt Foy,CA,RW,19.0,2008.0,Merrimack (H-East),56.0,6.0,0.107142857142857,7.0,0.00191326530612245,13.0,0.232142857142857,,-6.0,48.0,,,,,,,1.0,foyma01,2002,0,0.10714285714285714,0.125,0.23214285714285715,-0.10714285714285714,0.07008928571428573,
178.0,Buffalo Sabres,Maxim Scheviev,RU,C,18.0,,Elemash Elektrostal (Russia-2),,0.0,0.0,0.0,0.0,0.0,0.0,,0.0,,,,,,,,,schevma01,2002,0,0.0,0.0,0.0,0.0,,
180.0,Dallas Stars,Kirill Sidorenko,RU,C,19.0,,Mostovik Kurgan (Russia-2),,0.0,0.0,0.0,0.0,0.0,0.0,,0.0,,,,,,,,,sidorki01,2002,0,0.0,0.0,0.0,0.0,,
182.0,Montreal Canadiens,Andre Deveaux,BS,C,18.0,2012.0,Belleville Bulls (OHL),31.0,0.0,0.0,2.0,0.0,2.0,0.0645161290322581,,-1.0,104.0,,,,,,,-0.2,deveaan01,2002,0,0.0,0.06451612903225806,0.06451612903225806,-0.03225806451612903,0.019354838709677417,
184.0,Columbus Blue Jackets,Jaroslav Balastik,CZ,RW,22.0,2007.0,HC Ziln (Czech),74.0,13.0,0.175675675675676,11.0,0.00237399561723886,24.0,0.324324324324324,,-4.0,30.0,,,,,,,1.9,balasja01,2002,0,0.17567567567567569,0.14864864864864866,0.32432432432432434,-0.05405405405405406,0.10270270270270271,
185.0,Los Angeles Kings,Ryan Murphy,US,RW,,,Boston College (H-East),,0.0,0.0,0.0,0.0,0.0,0.0,,0.0,,,,,,,,,-9999,2002,0,0.0,0.0,0.0,0.0,,
187.0,New Jersey Devils,Eric Johansson,CA,C,20.0,,Tri-City Americans (WHL),,0.0,0.0,0.0,0.0,0.0,0.0,,0.0,,,,,,,,,johaner01,2002,0,0.0,0.0,0.0,0.0,,
190.0,St. Louis Blues,D.J. King,CA,C,18.0,2012.0,Lethbridge Hurricanes (WHL),118.0,4.0,0.0338983050847458,7.0,0.000287273771904625,11.0,0.0932203389830508,,-14.0,215.0,,,,,,,-0.1,kingdj01,2002,0,0.03389830508474576,0.059322033898305086,0.09322033898305085,-0.11864406779661017,0.024364406779661018,
194.0,New York Rangers,Kim Hirschovits,FI,C,20.0,,HIFK (Finland),,0.0,0.0,0.0,0.0,0.0,0.0,,0.0,,,,,,,,,hirscki01,2002,0,0.0,0.0,0.0,0.0,,
197.0,Detroit Red Wings,Jimmy Cuddihy,CA,C,18.0,,Shawinigan Cataractes (QMJHL),,0.0,0.0,0.0,0.0,0.0,0.0,,0.0,,,,,,,,,cuddiji01,2002,0,0.0,0.0,0.0,0.0,,
199.0,Columbus Blue Jackets,Greg Mauldin,US,C,20.0,2011.0,Massachusetts (H-East),36.0,5.0,0.138888888888889,5.0,0.00385802469135803,10.0,0.277777777777778,,2.0,12.0,,,,,,,1.1,mauldgr01,2002,0,0.1388888888888889,0.1388888888888889,0.2777777777777778,0.05555555555555555,0.09305555555555557,
200.0,Florida Panthers,Denis Yachmenev,RU,LW,18.0,,North Bay Centennials (OHL),,0.0,0.0,0.0,0.0,0.0,0.0,,0.0,,,,,,,,,yachmde01,2002,0,0.0,0.0,0.0,0.0,,
201.0,Philadelphia Flyers,Mathieu Brunelle,CA,LW,19.0,,Victoriaville Tigres (QMJHL),,0.0,0.0,0.0,0.0,0.0,0.0,,0.0,,,,,,,,,brunema02,2002,0,0.0,0.0,0.0,0.0,,
204.0,Minnesota Wild,Niklas Eckerblom,SE,C,18.0,,Djurgardens IF (Sweden),,0.0,0.0,0.0,0.0,0.0,0.0,,0.0,,,,,,,,,eckerni01,2002,0,0.0,0.0,0.0,0.0,,
205.0,Edmonton Oilers,J.F. Dufort,CA,LW,20.0,,Cape Breton Screaming Eagles (QMJHL),,0.0,0.0,0.0,0.0,0.0,0.0,,0.0,,,,,,,,,duforj.01,2002,0,0.0,0.0,0.0,0.0,,
206.0,Calgary Flames,David Van Der Gulik,CA,RW,19.0,2015.0,Chilliwack (BCHL),49.0,2.0,0.0408163265306122,11.0,0.00083298625572678,13.0,0.26530612244898,,8.0,10.0,,,,,,,1.3,vandeda01,2002,0,0.04081632653061224,0.22448979591836735,0.2653061224489796,0.16326530612244897,0.09438775510204082,
209.0,Washington Capitals,Joni Lindlof,FI,LW,18.0,,Tappara Jr. (Finland Jr.),,0.0,0.0,0.0,0.0,0.0,0.0,,0.0,,,,,,,,,lindljo01,2002,0,0.0,0.0,0.0,0.0,,
211.0,Edmonton Oilers,Patrick Murphy,US,LW,19.0,,Newmarket (OPJHL),,0.0,0.0,0.0,0.0,0.0,0.0,,0.0,,,,,,,,,murphpa01,2002,0,0.0,0.0,0.0,0.0,,
212.0,Montreal Canadiens,Jonathan Ferland,CA,RW,19.0,2006.0,Acadie-Bathurst Titan (QMJHL),7.0,1.0,0.142857142857143,0.0,0.0204081632653061,1.0,0.142857142857143,,-2.0,2.0,,,,,,,0.0,ferlajo01,2002,0,0.14285714285714285,0.0,0.14285714285714285,-0.2857142857142857,0.011250000000000001,
214.0,Vancouver Canucks,Marc-Andre Roy,CA,LW,18.0,,Baie-Comeau Drakkar (QMJHL),,0.0,0.0,0.0,0.0,0.0,0.0,,0.0,,,,,,,,,royma02,2002,0,0.0,0.0,0.0,0.0,,
216.0,Phoenix Coyotes,Ladislav Kouba,CZ,LW,19.0,,Red Deer Rebels (WHL),,0.0,0.0,0.0,0.0,0.0,0.0,,0.0,,,,,,,,,koubala01,2002,0,0.0,0.0,0.0,0.0,,
218.0,New Jersey Devils,Ilkka Pikkarainen,FI,RW,21.0,2010.0,HIFK (Finland),31.0,1.0,0.032258064516129,3.0,0.00104058272632674,4.0,0.129032258064516,,-3.0,10.0,,,,,,,0.0,pikkail01,2002,0,0.03225806451612903,0.0967741935483871,0.12903225806451613,-0.0967741935483871,0.037096774193548385,
221.0,St. Louis Blues,Jonas Johnson,SE,C,32.0,,Vastra Frolunda HC (Sweden),,0.0,0.0,0.0,0.0,0.0,0.0,,0.0,,,,,,,,,johnsjo02,2002,0,0.0,0.0,0.0,0.0,,
222.0,Toronto Maple Leafs,Scott May,CA,RW,20.0,,Ohio State (CCHA),,0.0,0.0,0.0,0.0,0.0,0.0,,0.0,,,,,,,,,maysc01,2002,0,0.0,0.0,0.0,0.0,,
223.0,Vancouver Canucks,Ilja Krikunov,RU,LW,18.0,,Elemash Elektrostal (Russia-2),,0.0,0.0,0.0,0.0,0.0,0.0,,0.0,,,,,,,,,krikuil01,2002,0,0.0,0.0,0.0,0.0,,
224.0,Carolina Hurricanes,Adam Taylor,CA,C,18.0,,Kootenay Ice (WHL),,0.0,0.0,0.0,0.0,0.0,0.0,,0.0,,,,,,,,,tayload01,2002,0,0.0,0.0,0.0,0.0,,
225.0,Columbus Blue Jackets,Steven Goertzen,CA,RW,18.0,2010.0,Seattle Thunderbirds (WHL),68.0,2.0,0.0294117647058824,2.0,0.000432525951557094,4.0,0.0588235294117647,,-21.0,83.0,,,,,,,-1.2,goertst01,2002,0,0.029411764705882353,0.029411764705882353,0.058823529411764705,-0.3088235294117647,0.003676470588235295,
226.0,New York Rangers,Joey Crabb,US,RW,19.0,2014.0,Green Bay Gamblers (USHL),179.0,20.0,0.111731843575419,33.0,0.000624200243438095,53.0,0.29608938547486,,-5.0,100.0,,,,,,,3.7,crabbjo01,2002,0,0.11173184357541899,0.18435754189944134,0.29608938547486036,-0.027932960893854747,0.09483240223463688,
228.0,Boston Bruins,Dmitri Utkin,RU,LW,18.0,,Lokomotiv Yaroslavl 2 (Russia-3),,0.0,0.0,0.0,0.0,0.0,0.0,,0.0,,,,,,,,,utkindm01,2002,0,0.0,0.0,0.0,0.0,,
230.0,Atlanta Thrashers,Colton Fretter,CA,RW,20.0,,Chatham (WOHL),,0.0,0.0,0.0,0.0,0.0,0.0,,0.0,,,,,,,,,frettco01,2002,0,0.0,0.0,0.0,0.0,,
231.0,Columbus Blue Jackets,Jaroslav Kracik,CZ,RW,19.0,,HC Plzen Jr. (Czech Jr.),,0.0,0.0,0.0,0.0,0.0,0.0,,0.0,,,,,,,,,kracija01,2002,0,0.0,0.0,0.0,0.0,,
234.0,Pittsburgh Penguins,Maxime Talbot,CA,C,18.0,2016.0,Hull Olympiques (QMJHL),704.0,91.0,0.129261363636364,113.0,0.000183609891528926,204.0,0.289772727272727,,-27.0,495.0,,,,,,,12.4,talboma01,2002,0,0.12926136363636365,0.16051136363636365,0.2897727272727273,-0.03835227272727273,0.09225852272727274,
235.0,Nashville Predators,Kaleb Betts,CA,C,19.0,,Chilliwack (BCHL),,0.0,0.0,0.0,0.0,0.0,0.0,,0.0,,,,,,,,,bettska01,2002,0,0.0,0.0,0.0,0.0,,
237.0,Minnesota Wild,Christoph Brandner,AT,LW,27.0,2004.0,Krefeld (Germany),35.0,4.0,0.114285714285714,5.0,0.00326530612244897,9.0,0.257142857142857,,-2.0,8.0,,,,,,,0.7,brandch01,2002,0,0.11428571428571428,0.14285714285714285,0.2571428571428571,-0.05714285714285714,0.08071428571428571,
240.0,New York Rangers,Petr Prucha,CZ,RW,20.0,2011.0,HC Pardubice (Czech),346.0,78.0,0.225433526011561,68.0,0.000651541982692373,146.0,0.421965317919075,,-4.0,133.0,,,,,,,15.2,pruchpe01,2002,0,0.2254335260115607,0.19653179190751446,0.42196531791907516,-0.011560693641618497,0.13656069364161852,
242.0,Washington Capitals,Igor Ignatushkin,RU,C,18.0,,Elemash Elektrostal (Russia-2),,0.0,0.0,0.0,0.0,0.0,0.0,,0.0,,,,,,,,,ignatig01,2002,0,0.0,0.0,0.0,0.0,,
243.0,Dallas Stars,Tuomas Mikkonen,FI,LW,19.0,,JYP (Finland),,0.0,0.0,0.0,0.0,0.0,0.0,,0.0,,,,,,,,,mikkotu01,2002,0,0.0,0.0,0.0,0.0,,
244.0,Edmonton Oilers,Dwight Helminen,US,C,19.0,2010.0,Michigan (CCHA),27.0,2.0,0.0740740740740741,1.0,0.00274348422496571,3.0,0.111111111111111,,-3.0,0.0,,,,,,,0.1,helmidw01,2002,0,0.07407407407407407,0.037037037037037035,0.1111111111111111,-0.1111111111111111,0.030555555555555558,
245.0,Edmonton Oilers,Tomas Micka,CZ,LW,19.0,,HC Slavia Praha Jr. (Czech Jr.),,0.0,0.0,0.0,0.0,0.0,0.0,,0.0,,,,,,,,,mickato01,2002,0,0.0,0.0,0.0,0.0,,
246.0,Ottawa Senators,Josef Vavra,CZ,LW,18.0,,HC Vsetin Jr. (Czech Jr.),,0.0,0.0,0.0,0.0,0.0,0.0,,0.0,,,,,,,,,vavrajo01,2002,0,0.0,0.0,0.0,0.0,,
248.0,Los Angeles Kings,Tuukka Pulliainen,FI,RW,18.0,,TuTo Hockey (Finland-2),,0.0,0.0,0.0,0.0,0.0,0.0,,0.0,,,,,,,,,pullitu01,2002,0,0.0,0.0,0.0,0.0,,
251.0,Chicago Blackhawks,Jason Kostadine,US,RW,18.0,,Hull Olympiques (QMJHL),,0.0,0.0,0.0,0.0,0.0,0.0,,0.0,,,,,,,,,kostaja01,2002,0,0.0,0.0,0.0,0.0,,
252.0,New York Islanders,Martin Chabada,CZ,LW,25.0,,HC Sparta Praha (Czech),,0.0,0.0,0.0,0.0,0.0,0.0,,0.0,,,,,,,,,chabama01,2002,0,0.0,0.0,0.0,0.0,,
254.0,Toronto Maple Leafs,Jarkko Immonen,FI,C,20.0,2007.0,Assat (Finland),20.0,3.0,0.15,5.0,0.0075,8.0,0.4,,-3.0,4.0,,,,,,,0.6,immonja01,2002,0,0.15,0.25,0.4,-0.15,0.1225,
255.0,Tampa Bay Lightning,Ryan Craig,CA,C,20.0,2015.0,Brandon Wheat Kings (WHL),198.0,32.0,0.161616161616162,31.0,0.000816243240485667,63.0,0.318181818181818,,-29.0,148.0,,,,,,,3.9,craigry01,2002,0,0.16161616161616163,0.15656565656565657,0.3181818181818182,-0.14646464646464646,0.0960858585858586,
256.0,Tampa Bay Lightning,Darren Reid,CA,RW,19.0,2007.0,Medicine Hat Tigers (WHL),21.0,0.0,0.0,1.0,0.0,1.0,0.0476190476190476,,-9.0,18.0,,,,,,,-0.5,reidda03,2002,0,0.0,0.047619047619047616,0.047619047619047616,-0.42857142857142855,-0.005952380952380952,
258.0,Colorado Avalanche,Sergei Shemetov,RU,LW,18.0,,Elemash Elektrostal (Russia-2),,0.0,0.0,0.0,0.0,0.0,0.0,,0.0,,,,,,,,,shemese01,2002,0,0.0,0.0,0.0,0.0,,
259.0,Boston Bruins,Yan Stastny,CA,C,19.0,2010.0,Notre Dame (CCHA),91.0,6.0,0.0659340659340659,10.0,0.000724550175099625,16.0,0.175824175824176,,-20.0,58.0,,,,,,,0.0,stastya01,2002,0,0.06593406593406594,0.10989010989010989,0.17582417582417584,-0.21978021978021978,0.046153846153846156,
262.0,Detroit Red Wings,Christian Soderstrom,SE,LW,21.0,,Timra IK (Sweden),,0.0,0.0,0.0,0.0,0.0,0.0,,0.0,,,,,,,,,soderch01,2002,0,0.0,0.0,0.0,0.0,,
263.0,Columbus Blue Jackets,Sergei Mozyakin,RU,LW,21.0,,HK CSKA Moskva (Russia-2),,0.0,0.0,0.0,0.0,0.0,0.0,,0.0,,,,,,,,,mozyase01,2002,0,0.0,0.0,0.0,0.0,,
269.0,Minnesota Wild,Mika Hannula,SE,RW,23.0,,MIF (Sweden),,0.0,0.0,0.0,0.0,0.0,0.0,,0.0,,,,,,,,,hannumi01,2002,0,0.0,0.0,0.0,0.0,,
270.0,New York Rangers,Rob Flynn,US,RW,19.0,,Harvard (ECAC),,0.0,0.0,0.0,0.0,0.0,0.0,,0.0,,,,,,,,,flynnro01,2002,0,0.0,0.0,0.0,0.0,,
272.0,Washington Capitals,Patric Blomdahl,SE,RW,18.0,,AIK Jr. (Sweden Jr.),,0.0,0.0,0.0,0.0,0.0,0.0,,0.0,,,,,,,,,blomdpa01,2002,0,0.0,0.0,0.0,0.0,,
273.0,Dallas Stars,Ned Havern,US,LW,19.0,,Boston College (H-East),,0.0,0.0,0.0,0.0,0.0,0.0,,0.0,,,,,,,,,haverne01,2002,0,0.0,0.0,0.0,0.0,,
274.0,Edmonton Oilers,Fredrik Johansson,SE,C,18.0,,Vastra Frolunda HC Jr. (Sweden Jr.),,0.0,0.0,0.0,0.0,0.0,0.0,,0.0,,,,,,,,,johanfr01,2002,0,0.0,0.0,0.0,0.0,,
277.0,Vancouver Canucks,Thomas Nussli,CH,RW,20.0,,EV Zug (Swiss),,0.0,0.0,0.0,0.0,0.0,0.0,,0.0,,,,,,,,,nusslth01,2002,0,0.0,0.0,0.0,0.0,,
279.0,Los Angeles Kings,Connor James,CA,RW,20.0,2009.0,Denver (WCHA),16.0,1.0,0.0625,0.0,0.00390625,1.0,0.0625,,-3.0,2.0,,,,,,,-0.1,jamesco01,2002,0,0.0625,0.0,0.0625,-0.1875,0.008749999999999999,
280.0,Phoenix Coyotes,Russell Spence,CA,C,20.0,,OCN (MJHL),,0.0,0.0,0.0,0.0,0.0,0.0,,0.0,,,,,,,,,spencru01,2002,0,0.0,0.0,0.0,0.0,,
281.0,New Jersey Devils,Bill Kinkel,US,LW,18.0,,Kitchener Rangers (OHL),,0.0,0.0,0.0,0.0,0.0,0.0,,0.0,,,,,,,,,kinkebi01,2002,0,0.0,0.0,0.0,0.0,,
282.0,Chicago Blackhawks,Adam Burish,US,RW,19.0,2015.0,Green Bay Gamblers (USHL),378.0,27.0,0.0714285714285714,33.0,0.00018896447467876,60.0,0.158730158730159,,-21.0,554.0,,,,,,,0.9,burisad01,2002,0,0.07142857142857142,0.0873015873015873,0.15873015873015872,-0.05555555555555555,0.04880952380952381,
284.0,St. Louis Blues,Ryan MacMurchy,CA,RW,19.0,,Notre Dame (SJHL),,0.0,0.0,0.0,0.0,0.0,0.0,,0.0,,,,,,,,,macmury01,2002,0,0.0,0.0,0.0,0.0,,
286.0,Tampa Bay Lightning,Alexei Glukhov,RU,RW,18.0,,Khimik Voskresensk (Russia-2),,0.0,0.0,0.0,0.0,0.0,0.0,,0.0,,,,,,,,,glukhal01,2002,0,0.0,0.0,0.0,0.0,,
287.0,Tampa Bay Lightning,John Toffey,US,C,19.0,,Ohio State (CCHA),,0.0,0.0,0.0,0.0,0.0,0.0,,0.0,,,,,,,,,toffejo01,2002,0,0.0,0.0,0.0,0.0,,
289.0,Colorado Avalanche,Sean Collins,US,C,19.0,,New Hampshire (H-East),,0.0,0.0,0.0,0.0,0.0,0.0,,0.0,,,,,,,,,collise03,2002,0,0.0,0.0,0.0,0.0,,
290.0,Boston Bruins,Pavel Frolov,RU,C,18.0,,HK CSKA Moskva 2 (Russia-3),,0.0,0.0,0.0,0.0,0.0,0.0,,0.0,,,,,,,,,frolopa01,2002,0,0.0,0.0,0.0,0.0,,
1.0,Atlanta Thrashers,Ilya Kovalchuk,RU,LW,18.0,2020.0,Spartak Moskva (Russia-2),926.0,443.0,0.478401727861771,433.0,,876.0,0.946004319654428,,-146.0,544.0,,,,,,,103.4,kovalil01,2001,0,0.47840172786177104,0.46760259179265656,0.9460043196544277,-0.15766738660907129,0.2995680345572354,
2.0,Ottawa Senators,Jason Spezza,CA,C,18.0,2022.0,Windsor Spitfires (OHL),1248.0,363.0,0.290865384615385,632.0,,995.0,0.797275641025641,,5.0,604.0,,,,,,,109.5,spezzja01,2001,0,0.29086538461538464,0.5064102564102564,0.7972756410256411,0.004006410256410256,0.2593149038461539,
3.0,Tampa Bay Lightning,Alexander Svitov,RU,C,18.0,2007.0,Avangard Omsk (Russia),179.0,13.0,0.0726256983240223,24.0,,37.0,0.206703910614525,,-22.0,223.0,,,,,,,1.1,svitoal01,2001,0,0.07262569832402235,0.1340782122905028,0.20670391061452514,-0.12290502793296089,0.06103351955307263,
4.0,Florida Panthers,Stephen Weiss,CA,C,18.0,2015.0,Plymouth Whalers (OHL),732.0,156.0,0.213114754098361,267.0,,423.0,0.577868852459016,,-23.0,341.0,,,,,,,40.0,weissst01,2001,0,0.21311475409836064,0.36475409836065575,0.5778688524590164,-0.031420765027322405,0.1862363387978142,
5.0,Anaheim Ducks,Stanislav Chistov,RU,LW,18.0,2007.0,Avangard Omsk (Russia),196.0,19.0,0.0969387755102041,42.0,,61.0,0.311224489795918,,-20.0,116.0,,,,,,,4.4,chistst01,2001,0,0.09693877551020408,0.21428571428571427,0.3112244897959184,-0.10204081632653061,0.09604591836734694,
6.0,Minnesota Wild,Mikko Koivu,FI,C,18.0,2021.0,TPS (Finland),1035.0,206.0,0.199033816425121,505.0,,711.0,0.68695652173913,,68.0,594.0,,,,,,,70.3,koivumi01,2001,0,0.19903381642512077,0.48792270531400966,0.6869565217391305,0.06570048309178744,0.22654589371980677,
11.0,Phoenix Coyotes,Fredrik Sjostrom,SE,RW,18.0,2011.0,Vastra Frolunda HC (Sweden),489.0,46.0,0.0940695296523517,58.0,,104.0,0.212678936605317,,-37.0,190.0,,,,,,,4.2,sjostfr01,2001,0,0.09406952965235174,0.11860940695296524,0.21267893660531698,-0.07566462167689161,0.06533742331288343,
13.0,Edmonton Oilers,Ales Hemsky,CZ,RW,18.0,2018.0,Hull Olympiques (QMJHL),845.0,174.0,0.205917159763314,398.0,,572.0,0.676923076923077,,-53.0,353.0,,,,,,,54.6,hemskal01,2001,0,0.20591715976331362,0.4710059171597633,0.676923076923077,-0.06272189349112427,0.2168639053254438,
14.0,Calgary Flames,Chuck Kobasew,CA,RW,19.0,2014.0,Boston College (H-East),601.0,110.0,0.183028286189684,100.0,,210.0,0.349417637271215,,-33.0,394.0,,,,,,,19.7,kobasch01,2001,0,0.18302828618968386,0.16638935108153077,0.34941763727121466,-0.05490848585690516,0.1108153078202995,
16.0,Vancouver Canucks,R.J. Umberger,US,C,19.0,2016.0,Ohio State (CCHA),779.0,180.0,0.231065468549422,212.0,,392.0,0.503209242618742,,-64.0,312.0,,,,,,,36.4,umberrj01,2001,0,0.23106546854942234,0.27214377406931967,0.503209242618742,-0.0821566110397946,0.15943517329910142,
18.0,Los Angeles Kings,Jens Karlsson,SE,RW,18.0,,Vastra Frolunda HC (Sweden),,0.0,0.0,0.0,,0.0,0.0,,0.0,,,,,,,,,karlsje01,2001,0,0.0,0.0,0.0,0.0,,
20.0,San Jose Sharks,Marcel Goc,DE,C,18.0,2015.0,SERC Wild Wings (Germany),636.0,75.0,0.117924528301887,113.0,,188.0,0.29559748427673,,-21.0,157.0,,,,,,,13.2,gocma01,2001,0,0.1179245283018868,0.17767295597484276,0.29559748427672955,-0.0330188679245283,0.0944182389937107,
21.0,Pittsburgh Penguins,Colby Armstrong,CA,RW,18.0,2013.0,Red Deer Rebels (WHL),476.0,89.0,0.186974789915966,120.0,,209.0,0.439075630252101,,24.0,376.0,,,,,,,18.3,armstco01,2001,0,0.1869747899159664,0.25210084033613445,0.43907563025210083,0.05042016806722689,0.1452205882352941,
22.0,Buffalo Sabres,Jiri Novotny,CZ,C,18.0,2009.0,HC Ceske Budejovice (Czech),189.0,20.0,0.105820105820106,31.0,,51.0,0.26984126984127,,-15.0,66.0,,,,,,,1.9,novotji01,2001,0,0.10582010582010581,0.164021164021164,0.2698412698412698,-0.07936507936507936,0.08373015873015872,
25.0,Montreal Canadiens,Alexander Perezhogin,KZ,LW,18.0,2007.0,Avangard Omsk (Russia),128.0,15.0,0.1171875,19.0,,34.0,0.265625,,16.0,86.0,,,,,,,3.2,perezal01,2001,0,0.1171875,0.1484375,0.265625,0.125,0.09257812500000001,
28.0,New Jersey Devils,Adrian Foster,CA,C,19.0,,Saskatoon Blades (WHL),,0.0,0.0,0.0,,0.0,0.0,,0.0,,,,,,,,,fostead01,2001,0,0.0,0.0,0.0,0.0,,
30.0,Los Angeles Kings,David Steckel,US,C,19.0,2014.0,Ohio State (CCHA),425.0,33.0,0.0776470588235294,46.0,,79.0,0.185882352941176,,-14.0,129.0,,,,,,,1.4,steckda01,2001,0,0.07764705882352942,0.10823529411764705,0.18588235294117647,-0.03294117647058824,0.05876470588235294,
32.0,Buffalo Sabres,Derek Roy,CA,C,18.0,2015.0,Kitchener Rangers (OHL),738.0,189.0,0.25609756097561,335.0,,524.0,0.710027100271003,,29.0,391.0,,,,,,,53.3,royde01,2001,0,0.25609756097560976,0.453929539295393,0.7100271002710027,0.03929539295392954,0.2327235772357724,
33.0,Nashville Predators,Timofei Shishkanov,RU,LW,18.0,2006.0,Spartak Moskva (Russia-2),24.0,3.0,0.125,2.0,,5.0,0.208333333333333,,-2.0,6.0,,,,,,,0.4,shishti01,2001,0,0.125,0.08333333333333333,0.20833333333333334,-0.08333333333333333,0.06354166666666668,
34.0,Florida Panthers,Greg Watson,CA,C,18.0,,Prince Albert Raiders (WHL),,0.0,0.0,0.0,,0.0,0.0,,0.0,,,,,,,,,watsogr01,2001,0,0.0,0.0,0.0,0.0,,
36.0,Minnesota Wild,Kyle Wanvig,CA,RW,20.0,2008.0,Red Deer Rebels (WHL),75.0,6.0,0.08,9.0,,15.0,0.2,,-11.0,94.0,,,,,,,0.6,wanviky01,2001,0,0.08,0.12,0.2,-0.14666666666666667,0.05766666666666667,
37.0,Montreal Canadiens,Duncan Milroy,CA,RW,18.0,2007.0,Swift Current Broncos (WHL),5.0,0.0,0.0,1.0,,1.0,0.2,,-2.0,0.0,,,,,,,-0.1,milrodu01,2001,0,0.0,0.2,0.2,-0.4,0.01125,
38.0,Columbus Blue Jackets,Tim Jackman,US,RW,19.0,2016.0,Minnesota State (WCHA),483.0,32.0,0.0662525879917184,43.0,,75.0,0.15527950310559,,-66.0,806.0,,,,,,,1.4,jackmti01,2001,0,0.06625258799171843,0.08902691511387163,0.15527950310559005,-0.13664596273291926,0.0436335403726708,
41.0,Calgary Flames,Andrei Taratukhin,RU,C,18.0,,Avangard Omsk (Russia),,0.0,0.0,0.0,,0.0,0.0,,0.0,,,,,,,,,taratan01,2001,0,0.0,0.0,0.0,0.0,,
44.0,New Jersey Devils,Igor Pohanka,SK,C,18.0,,Prince Albert Raiders (WHL),,0.0,0.0,0.0,,0.0,0.0,,0.0,,,,,,,,,pohanig01,2001,0,0.0,0.0,0.0,0.0,,
45.0,Phoenix Coyotes,Martin Podlesak,CZ,C,18.0,,Lethbridge Hurricanes (WHL),,0.0,0.0,0.0,,0.0,0.0,,0.0,,,,,,,,,podlema01,2001,0,0.0,0.0,0.0,0.0,,
46.0,Carolina Hurricanes,Mike Zigomanis,CA,C,20.0,2011.0,Kingston Frontenacs (OHL),197.0,21.0,0.106598984771574,19.0,,40.0,0.203045685279188,,-21.0,89.0,,,,,,,1.4,zigommi01,2001,0,0.1065989847715736,0.09644670050761421,0.20304568527918782,-0.1065989847715736,0.060659898477157366,
47.0,Tampa Bay Lightning,Alexander Polushin,RU,C,18.0,,THK Tver (Russia-2),,0.0,0.0,0.0,,0.0,0.0,,0.0,,,,,,,,,polusal01,2001,0,0.0,0.0,0.0,0.0,,
48.0,New Jersey Devils,Tuomas Pihlman,FI,LW,18.0,2007.0,JYP (Finland),15.0,1.0,0.0666666666666667,1.0,,2.0,0.133333333333333,,-1.0,12.0,,,,,,,0.0,pihlmtu01,2001,0,0.06666666666666667,0.06666666666666667,0.13333333333333333,-0.06666666666666667,0.03,
50.0,Buffalo Sabres,Chris Thorburn,CA,RW,18.0,2019.0,North Bay Centennials (OHL),801.0,53.0,0.066167290886392,81.0,,134.0,0.16729088639201,,-40.0,968.0,,,,,,,5.3,thorbch01,2001,0,0.066167290886392,0.10112359550561797,0.16729088639200998,-0.049937578027465665,0.05187265917602996,
51.0,Los Angeles Kings,Jaroslav Bednar,CZ,RW,24.0,2004.0,HIFK (Finland),102.0,10.0,0.0980392156862745,25.0,,35.0,0.343137254901961,,-1.0,30.0,,,,,,,2.8,bednaja01,2001,0,0.09803921568627451,0.24509803921568626,0.3431372549019608,-0.00980392156862745,0.11102941176470589,
52.0,Edmonton Oilers,Ed Caron,US,C,19.0,,Phillps-Exeter Academy (High-NH),,0.0,0.0,0.0,,0.0,0.0,,0.0,,,,,,,,,caroned01,2001,0,0.0,0.0,0.0,0.0,,
53.0,Columbus Blue Jackets,Kiel McLeod,CA,C,18.0,,Kelowna Rockets (WHL),,0.0,0.0,0.0,,0.0,0.0,,0.0,,,,,,,,,mcleoki01,2001,0,0.0,0.0,0.0,0.0,,
55.0,Buffalo Sabres,Jason Pominville,CA,RW,18.0,2019.0,Shawinigan Cataractes (QMJHL),1060.0,293.0,0.276415094339623,434.0,,727.0,0.685849056603774,,44.0,199.0,,,,,,,79.5,pominja01,2001,0,0.27641509433962264,0.40943396226415096,0.6858490566037736,0.04150943396226415,0.22497641509433963,
57.0,St. Louis Blues,Jay McClement,CA,C,18.0,2017.0,Brampton Battalion (OHL),906.0,90.0,0.0993377483443709,154.0,,244.0,0.269315673289183,,-116.0,325.0,,,,,,,10.1,mccleja01,2001,0,0.09933774834437085,0.16997792494481237,0.2693156732891832,-0.1280353200883002,0.08112582781456953,
59.0,Chicago Blackhawks,Matt Keith,CA,RW,18.0,2008.0,Spokane Chiefs (WHL),27.0,2.0,0.0740740740740741,3.0,,5.0,0.185185185185185,,-8.0,14.0,,,,,,,-0.1,keithma01,2001,0,0.07407407407407407,0.1111111111111111,0.18518518518518517,-0.2962962962962963,0.045370370370370366,
62.0,Detroit Red Wings,Igor Grigorenko,RU,RW,18.0,,CSK VVS Samara (Russia-2),,0.0,0.0,0.0,,0.0,0.0,,0.0,,,,,,,,,grigoig01,2001,0,0.0,0.0,0.0,0.0,,
66.0,Vancouver Canucks,Fedor Fedorov,RU,C,20.0,2006.0,Sudbury Wolves (OHL),18.0,0.0,0.0,2.0,,2.0,0.111111111111111,,0.0,14.0,,,,,,,-0.1,fedorfe01,2001,0,0.0,0.1111111111111111,0.1111111111111111,0.0,0.0325,
67.0,New Jersey Devils,Robin Leblanc,CH,RW,18.0,,Baie-Comeau Drakkar (QMJHL),,0.0,0.0,0.0,,0.0,0.0,,0.0,,,,,,,,,leblaro01,2001,0,0.0,0.0,0.0,0.0,,
69.0,Anaheim Ducks,Joel Stepp,CA,C,18.0,,Red Deer Rebels (WHL),,0.0,0.0,0.0,,0.0,0.0,,0.0,,,,,,,,,steppjo01,2001,0,0.0,0.0,0.0,0.0,,
70.0,Dallas Stars,Yared Hagos,SE,C,18.0,,AIK (Sweden),,0.0,0.0,0.0,,0.0,0.0,,0.0,,,,,,,,,hagosya01,2001,0,0.0,0.0,0.0,0.0,,
71.0,Montreal Canadiens,Tomas Plekanec,CZ,LW,18.0,2019.0,HC Kladno (Czech),1001.0,233.0,0.232767232767233,375.0,,608.0,0.607392607392607,,55.0,543.0,,,,,,,64.3,plekato01,2001,0,0.23276723276723277,0.37462537462537465,0.6073926073926074,0.054945054945054944,0.20014985014985015,
75.0,Nashville Predators,Denis Platonov,RU,RW,19.0,,Kristall Saratov (Russia-2),,0.0,0.0,0.0,,0.0,0.0,,0.0,,,,,,,,,platode01,2001,0,0.0,0.0,0.0,0.0,,
76.0,Nashville Predators,Oliver Setzinger,AT,C,18.0,,Ilves (Finland),,0.0,0.0,0.0,,0.0,0.0,,0.0,,,,,,,,,setziol01,2001,0,0.0,0.0,0.0,0.0,,
77.0,Boston Bruins,Darren McLachlan,CA,LW,18.0,,Seattle Thunderbirds (WHL),,0.0,0.0,0.0,,0.0,0.0,,0.0,,,,,,,,,mclacda01,2001,0,0.0,0.0,0.0,0.0,,
79.0,New York Rangers,Garth Murray,CA,C,18.0,2009.0,Regina Pats (WHL),116.0,8.0,0.0689655172413793,2.0,,10.0,0.0862068965517241,,-19.0,131.0,,,,,,,-0.7,murraga01,2001,0,0.06896551724137931,0.017241379310344827,0.08620689655172414,-0.16379310344827586,0.019827586206896557,
83.0,Los Angeles Kings,Henrik Juntunen,SE,RW,18.0,,Karpat Jr. (Finland Jr.),,0.0,0.0,0.0,,0.0,0.0,,0.0,,,,,,,,,juntuhe01,2001,0,0.0,0.0,0.0,0.0,,
87.0,Columbus Blue Jackets,Per Mars,SE,C,18.0,,Brynas IF (Sweden),,0.0,0.0,0.0,,0.0,0.0,,0.0,,,,,,,,,marspe01,2001,0,0.0,0.0,0.0,0.0,,
88.0,Toronto Maple Leafs,Nicolas Corbeil,CA,C,18.0,,Sherbrooke Castors (QMJHL),,0.0,0.0,0.0,,0.0,0.0,,0.0,,,,,,,,,corbeni01,2001,0,0.0,0.0,0.0,0.0,,
90.0,Washington Capitals,Owen Fussey,CA,RW,18.0,2004.0,Calgary Hitmen (WHL),4.0,0.0,0.0,1.0,,1.0,0.25,,-1.0,0.0,,,,,,,0.0,fusseow01,2001,0,0.0,0.25,0.25,-0.25,0.013750000000000002,
91.0,Carolina Hurricanes,Kevin Estrada,CA,RW,19.0,,Chilliwack (BCHL),,0.0,0.0,0.0,,0.0,0.0,,0.0,,,,,,,,,estrake01,2001,0,0.0,0.0,0.0,0.0,,
92.0,Dallas Stars,Anthony Aquino,CA,RW,19.0,,Merrimack (H-East),,0.0,0.0,0.0,,0.0,0.0,,0.0,,,,,,,,,aquinan01,2001,0,0.0,0.0,0.0,0.0,,
93.0,Minnesota Wild,Stephane Veilleux,CA,LW,19.0,2015.0,Val-d'Or Foreurs (QMJHL),506.0,50.0,0.0988142292490119,56.0,,106.0,0.209486166007905,,-64.0,348.0,,,,,,,4.0,veillst01,2001,0,0.09881422924901186,0.11067193675889328,0.20948616600790515,-0.12648221343873517,0.06175889328063242,
94.0,Tampa Bay Lightning,Evgeny Artyukhin,RU,RW,18.0,2010.0,Vityaz Podolsk (Russia),199.0,19.0,0.0954773869346734,30.0,,49.0,0.246231155778894,,-7.0,313.0,,,,,,,3.4,artyuev01,2001,0,0.09547738693467336,0.1507537688442211,0.24623115577889448,-0.035175879396984924,0.07826633165829146,
95.0,Philadelphia Flyers,Patrick Sharp,CA,LW,19.0,2018.0,Vermont (ECAC),939.0,287.0,0.305644302449414,333.0,,620.0,0.660276890308839,,39.0,536.0,,,,,,,71.1,sharppa01,2001,0,0.30564430244941426,0.3546325878594249,0.6602768903088392,0.04153354632587859,0.21666666666666667,
97.0,Colorado Avalanche,Danny Bois,CA,RW,18.0,2007.0,London Knights (OHL),1.0,0.0,0.0,0.0,,0.0,0.0,,0.0,7.0,,,,,,,0.0,boisda01,2001,0,0.0,0.0,0.0,0.0,0.0,
98.0,Nashville Predators,Jordin Tootoo,CA,RW,18.0,2017.0,Brandon Wheat Kings (WHL),723.0,65.0,0.0899031811894882,96.0,,161.0,0.22268326417704,,-60.0,1010.0,,,,,,,9.8,tootojo01,2001,0,0.08990318118948824,0.13278008298755187,0.22268326417704012,-0.08298755186721991,0.06822268326417705,
101.0,New York Islanders,Cory Stillman,CA,C,18.0,,Kingston Frontenacs (OHL),,0.0,0.0,0.0,,0.0,0.0,,0.0,,,,,,,,,stillco02,2001,0,0.0,0.0,0.0,0.0,,
102.0,Anaheim Ducks,Timo Parssinen,FI,LW,24.0,2002.0,HPK (Finland),17.0,0.0,0.0,3.0,,3.0,0.176470588235294,,0.0,2.0,,,,,,,0.0,parssti01,2001,0,0.0,0.17647058823529413,0.17647058823529413,0.0,0.04875,
103.0,Minnesota Wild,Tony Virta,FI,RW,29.0,2002.0,TPS (Finland),8.0,2.0,0.25,3.0,,5.0,0.625,,0.0,0.0,,,,,,,0.6,virtato01,2001,0,0.25,0.375,0.625,0.0,0.08125,
108.0,Calgary Flames,Tomi Maki,FI,RW,18.0,2007.0,Jokerit Jr. (Finland Jr.),1.0,0.0,0.0,0.0,,0.0,0.0,,0.0,0.0,,,,,,,0.0,makito01,2001,0,0.0,0.0,0.0,0.0,0.0,
112.0,Atlanta Thrashers,Milan Gajic,CA,C,20.0,,Burnaby (BCHL),,0.0,0.0,0.0,,0.0,0.0,,0.0,,,,,,,,,gajicmi01,2001,0,0.0,0.0,0.0,0.0,,
114.0,Vancouver Canucks,Evgeny Gladskikh,RU,RW,19.0,,Metallurg Magnitogorsk (Russia),,0.0,0.0,0.0,,0.0,0.0,,0.0,,,,,,,,,gladsev01,2001,0,0.0,0.0,0.0,0.0,,
117.0,Florida Panthers,Mike Woodford,US,RW,19.0,,Cushing Academy (High-MA),,0.0,0.0,0.0,,0.0,0.0,,0.0,,,,,,,,,woodfmi01,2001,0,0.0,0.0,0.0,0.0,,
119.0,Chicago Blackhawks,Alexei Zotkin,RU,LW,19.0,,Metallurg Magnitogorsk (Russia),,0.0,0.0,0.0,,0.0,0.0,,0.0,,,,,,,,,zotkial01,2001,0,0.0,0.0,0.0,0.0,,
120.0,Pittsburgh Penguins,Tomas Surovy,SK,C,19.0,2006.0,HC SKP Poprad (Slovakia),126.0,27.0,0.214285714285714,32.0,,59.0,0.468253968253968,,-21.0,71.0,,,,,,,5.2,surovto01,2001,0,0.21428571428571427,0.25396825396825395,0.46825396825396826,-0.16666666666666666,0.14384920634920637,
122.0,St. Louis Blues,Igor Valeev,RU,RW,20.0,,North Bay Centennials (OHL),,0.0,0.0,0.0,,0.0,0.0,,0.0,,,,,,,,,valeeig01,2001,0,0.0,0.0,0.0,0.0,,
123.0,Tampa Bay Lightning,Aaron Lobb,CA,RW,18.0,,London Knights (OHL),,0.0,0.0,0.0,,0.0,0.0,,0.0,,,,,,,,,lobbaa01,2001,0,0.0,0.0,0.0,0.0,,
124.0,Calgary Flames,Yegor Shastin,UA,LW,19.0,,Avangard Omsk (Russia),,0.0,0.0,0.0,,0.0,0.0,,0.0,,,,,,,,,shastye01,2001,0,0.0,0.0,0.0,0.0,,
125.0,Washington Capitals,Jeff Lucky,CA,RW,18.0,,Spokane Chiefs (WHL),,0.0,0.0,0.0,,0.0,0.0,,0.0,,,,,,,,,luckyje01,2001,0,0.0,0.0,0.0,0.0,,
126.0,Dallas Stars,Daniel Volrab,CZ,C,18.0,,HC Sparta Praha Jr. (Czech Jr.),,0.0,0.0,0.0,,0.0,0.0,,0.0,,,,,,,,,volrada01,2001,0,0.0,0.0,0.0,0.0,,
128.0,New Jersey Devils,Andrei Posnov,RU,RW,19.0,,Krylia Sovetov Moskva 2 (Russia-3),,0.0,0.0,0.0,,0.0,0.0,,0.0,,,,,,,,,posnoan01,2001,0,0.0,0.0,0.0,0.0,,
130.0,Colorado Avalanche,Colt King,CA,LW,18.0,,Guelph Storm (OHL),,0.0,0.0,0.0,,0.0,0.0,,0.0,,,,,,,,,kingco01,2001,0,0.0,0.0,0.0,0.0,,
131.0,Pittsburgh Penguins,Ben Eaves,US,C,19.0,,Boston College (H-East),,0.0,0.0,0.0,,0.0,0.0,,0.0,,,,,,,,,eavesbe01,2001,0,0.0,0.0,0.0,0.0,,
134.0,Toronto Maple Leafs,Kyle Wellwood,CA,C,18.0,2013.0,Belleville Bulls (OHL),489.0,92.0,0.188139059304703,143.0,,235.0,0.480572597137014,,11.0,36.0,,,,,,,22.3,wellwky01,2001,0,0.18813905930470348,0.29243353783231085,0.48057259713701433,0.022494887525562373,0.1573108384458078,
135.0,Atlanta Thrashers,Colin Stuart,US,LW,19.0,2012.0,Colorado College (WCHA),56.0,8.0,0.142857142857143,5.0,,13.0,0.232142857142857,,3.0,26.0,,,,,,,1.1,stuarco01,2001,0,0.14285714285714285,0.08928571428571429,0.23214285714285715,0.05357142857142857,0.078125,
137.0,Anaheim Ducks,Joel Perrault,CA,C,18.0,2011.0,Baie-Comeau Drakkar (QMJHL),96.0,12.0,0.125,14.0,,26.0,0.270833333333333,,-18.0,68.0,,,,,,,1.3,perrajo01,2001,0,0.125,0.14583333333333334,0.2708333333333333,-0.1875,0.07864583333333333,
139.0,New York Rangers,Shawn Collymore,CA,RW,18.0,,Quebec Remparts (QMJHL),,0.0,0.0,0.0,,0.0,0.0,,0.0,,,,,,,,,collysh01,2001,0,0.0,0.0,0.0,0.0,,
140.0,San Jose Sharks,Tomas Plihal,CZ,C,18.0,2009.0,Bili Tygri Liberec Jr. (Czech Jr.),89.0,7.0,0.0786516853932584,9.0,,16.0,0.179775280898876,,0.0,26.0,,,,,,,1.0,plihato01,2001,0,0.07865168539325842,0.10112359550561797,0.1797752808988764,0.0,0.05842696629213484,
142.0,Chicago Blackhawks,Tommi Jaminki,FI,LW,18.0,,Blues Jr. (Finalnd Jr.),,0.0,0.0,0.0,,0.0,0.0,,0.0,,,,,,,,,jaminto01,2001,0,0.0,0.0,0.0,0.0,,
143.0,Colorado Avalanche,Frantisek Skladany,SK,LW,19.0,,Boston University (H-East),,0.0,0.0,0.0,,0.0,0.0,,0.0,,,,,,,,,skladfr01,2001,0,0.0,0.0,0.0,0.0,,
147.0,Boston Bruins,Jiri Jakes,CZ,RW,18.0,,Brandon Wheat Kings (WHL),,0.0,0.0,0.0,,0.0,0.0,,0.0,,,,,,,,,jakesji01,2001,0,0.0,0.0,0.0,0.0,,
148.0,Phoenix Coyotes,David Klema,US,C,19.0,,Des Moines Buccaneers (USHL),,0.0,0.0,0.0,,0.0,0.0,,0.0,,,,,,,,,klemada01,2001,0,0.0,0.0,0.0,0.0,,
154.0,Edmonton Oilers,Jake Brenk,US,C,19.0,,Breck School (High-MN),,0.0,0.0,0.0,,0.0,0.0,,0.0,,,,,,,,,brenkja01,2001,0,0.0,0.0,0.0,0.0,,
155.0,Buffalo Sabres,Michal Vondrka,CZ,LW,18.0,,HC Ceske Budejovice Jr. (Czech Jr.),,0.0,0.0,0.0,,0.0,0.0,,0.0,,,,,,,,,vondrmi01,2001,0,0.0,0.0,0.0,0.0,,
157.0,Detroit Red Wings,Andreas Jamtin,SE,RW,18.0,,Farjestad BK Jr. (Sweden Jr.),,0.0,0.0,0.0,,0.0,0.0,,0.0,,,,,,,,,jamtian01,2001,0,0.0,0.0,0.0,0.0,,
159.0,St. Louis Blues,Dmitri Semin,RU,C,18.0,,Spartak Moskva (Russia-2),,0.0,0.0,0.0,,0.0,0.0,,0.0,,,,,,,,,semindm01,2001,0,0.0,0.0,0.0,0.0,,
163.0,New Jersey Devils,Andreas Salomonsson,SE,RW,27.0,2003.0,Djurgardens IF (Sweden),71.0,5.0,0.0704225352112676,9.0,,14.0,0.197183098591549,,-13.0,36.0,,,,,,,0.2,saloman01,2001,0,0.07042253521126761,0.1267605633802817,0.19718309859154928,-0.18309859154929578,0.05492957746478873,
164.0,Calgary Flames,Yuri Trubachev,RU,C,18.0,,SKA St. Petersburg (Russia),,0.0,0.0,0.0,,0.0,0.0,,0.0,,,,,,,,,trubayu01,2001,0,0.0,0.0,0.0,0.0,,
165.0,Colorado Avalanche,Pierre-Luc Emond,CA,C,18.0,,Drummondville Voltigeurs (QMJHL),,0.0,0.0,0.0,,0.0,0.0,,0.0,,,,,,,,,emondpi01,2001,0,0.0,0.0,0.0,0.0,,
169.0,Florida Panthers,Dustin Johner,CA,C,18.0,,Seattle Thunderbirds (WHL),,0.0,0.0,0.0,,0.0,0.0,,0.0,,,,,,,,,johnedu01,2001,0,0.0,0.0,0.0,0.0,,
171.0,Montreal Canadiens,Eric Himelfarb,CA,C,18.0,,Sarnia Sting (OHL),,0.0,0.0,0.0,,0.0,0.0,,0.0,,,,,,,,,himeler01,2001,0,0.0,0.0,0.0,0.0,,
173.0,Columbus Blue Jackets,Justin Aikins,CA,C,19.0,,Langley (BCHL),,0.0,0.0,0.0,,0.0,0.0,,0.0,,,,,,,,,aikinju01,2001,0,0.0,0.0,0.0,0.0,,
174.0,Chicago Blackhawks,Alexander Golovin,RU,LW,18.0,,Avangard-VDV Omsk (Russia-3),,0.0,0.0,0.0,,0.0,0.0,,0.0,,,,,,,,,goloval01,2001,0,0.0,0.0,0.0,0.0,,
175.0,San Jose Sharks,Ryane Clowe,CA,LW,18.0,2015.0,Rimouski Oceanic (QMJHL),491.0,112.0,0.228105906313646,197.0,,309.0,0.629327902240326,,7.0,618.0,,,,,,,32.1,clowery01,2001,0,0.22810590631364563,0.40122199592668023,0.6293279022403259,0.014256619144602852,0.20524439918533607,
177.0,Philadelphia Flyers,Andrei Razin,RU,C,27.0,,Metallurg Magnitogorsk (Russia),,0.0,0.0,0.0,,0.0,0.0,,0.0,,,,,,,,,razinan01,2001,0,0.0,0.0,0.0,0.0,,
180.0,Phoenix Coyotes,Scott Polaski,US,RW,19.0,,Sioux City Musketeers (USHL),,0.0,0.0,0.0,,0.0,0.0,,0.0,,,,,,,,,polassc01,2001,0,0.0,0.0,0.0,0.0,,
182.0,San Jose Sharks,Tom Cavanagh,US,LW,19.0,2009.0,Phillps-Exeter Academy (High-NH),18.0,1.0,0.0555555555555556,2.0,,3.0,0.166666666666667,,-1.0,4.0,,,,,,,0.2,cavanto01,2001,0,0.05555555555555555,0.1111111111111111,0.16666666666666666,-0.05555555555555555,0.04625,
183.0,Toronto Maple Leafs,Jaroslav Sklenar,CZ,RW,18.0,,HC Ytong Brno (Czech-2),,0.0,0.0,0.0,,0.0,0.0,,0.0,,,,,,,,,sklenja01,2001,0,0.0,0.0,0.0,0.0,,
184.0,Colorado Avalanche,Scott Horvath,US,RW,19.0,,Massachusetts (H-East),,0.0,0.0,0.0,,0.0,0.0,,0.0,,,,,,,,,horvasc01,2001,0,0.0,0.0,0.0,0.0,,
187.0,Columbus Blue Jackets,Artem Vostrikov,RU,C,18.0,,Lada Togliatti 2 (Russia-3),,0.0,0.0,0.0,,0.0,0.0,,0.0,,,,,,,,,vostrar01,2001,0,0.0,0.0,0.0,0.0,,
191.0,Washington Capitals,Zbynek Novak,CZ,LW,18.0,,HC Slavia Praha Jr. (Czech Jr.),,0.0,0.0,0.0,,0.0,0.0,,0.0,,,,,,,,,novakzb01,2001,0,0.0,0.0,0.0,0.0,,
192.0,Dallas Stars,Jussi Jokinen,FI,C,18.0,2018.0,Karpat Jr. (Finland Jr.),951.0,191.0,0.200841219768665,372.0,,563.0,0.592008412197687,,7.0,377.0,,,,,,,57.2,jokinju01,2001,0,0.20084121976866456,0.3911671924290221,0.5920084121976866,0.007360672975814932,0.1927707676130389,
193.0,Ottawa Senators,Brooks Laich,CA,C,18.0,2018.0,Moose Jaw Warriors (WHL),776.0,134.0,0.172680412371134,198.0,,332.0,0.427835051546392,,-19.0,307.0,,,,,,,27.8,laichbr01,2001,0,0.17268041237113402,0.2551546391752577,0.42783505154639173,-0.024484536082474227,0.13782216494845362,
194.0,New Jersey Devils,James Massen,US,RW,19.0,,Sioux Falls Stampede (USHL),,0.0,0.0,0.0,,0.0,0.0,,0.0,,,,,,,,,masseja01,2001,0,0.0,0.0,0.0,0.0,,
198.0,Toronto Maple Leafs,Ivan Kolozvary,SK,C,18.0,,HK Dukla Trencin (Slovakia),,0.0,0.0,0.0,,0.0,0.0,,0.0,,,,,,,,,koloziv01,2001,0,0.0,0.0,0.0,0.0,,
200.0,Florida Panthers,Toni Koivisto,FI,LW,18.0,,Lukko (Finland),,0.0,0.0,0.0,,0.0,0.0,,0.0,,,,,,,,,koivito02,2001,0,0.0,0.0,0.0,0.0,,
201.0,Atlanta Thrashers,Colin FitzRandolph,US,C,19.0,,Phillps-Exeter Academy (High-NH),,0.0,0.0,0.0,,0.0,0.0,,0.0,,,,,,,,,fitzrco01,2001,0,0.0,0.0,0.0,0.0,,
202.0,Minnesota Wild,Derek Boogaard,CA,LW,19.0,2011.0,Prince George Cougars (WHL),277.0,3.0,0.0108303249097473,13.0,0.000516632535487874,16.0,0.0577617328519856,,-12.0,589.0,,,,,,,-0.7,boogade01,2001,0,0.010830324909747292,0.04693140794223827,0.05776173285198556,-0.04332129963898917,0.016606498194945852,
204.0,Columbus Blue Jackets,Raffaele Sannitz,CH,C,18.0,,HC Lugano (Swiss),,0.0,0.0,0.0,0.000405730158234761,0.0,0.0,,0.0,,,,,,,,,sannira01,2001,0,0.0,0.0,0.0,0.0,,
206.0,New York Rangers,Petr Preucil,CZ,C,18.0,,Quebec Remparts (QMJHL),,0.0,0.0,0.0,0.000494585589337776,0.0,0.0,,0.0,,,,,,,,,preucpe01,2001,0,0.0,0.0,0.0,0.0,,
207.0,Calgary Flames,Garrett Bembridge,CA,RW,20.0,,Saskatoon Blades (WHL),,0.0,0.0,0.0,0.000192303204275479,0.0,0.0,,0.0,,,,,,,,,bembrga01,2001,0,0.0,0.0,0.0,0.0,,
212.0,Vancouver Canucks,Jason King,CA,C,20.0,2008.0,Halifax Mooseheads (QMJHL),59.0,12.0,0.203389830508475,11.0,0.000192371226282928,23.0,0.389830508474576,,-3.0,8.0,,,,,,,2.4,kingja01,2001,0,0.2033898305084746,0.1864406779661017,0.3898305084745763,-0.05084745762711865,0.12415254237288136,
215.0,Edmonton Oilers,Dan Baum,CA,C,18.0,,Prince George Cougars (WHL),,0.0,0.0,0.0,0.000304539577686662,0.0,0.0,,0.0,,,,,,,,,baumda01,2001,0,0.0,0.0,0.0,0.0,,
216.0,Chicago Blackhawks,Oleg Minakov,RU,RW,18.0,,Elemash Elektrostal (Russia-2),,0.0,0.0,0.0,0.0,0.0,0.0,,0.0,,,,,,,,,minakol01,2001,0,0.0,0.0,0.0,0.0,,
219.0,Tampa Bay Lightning,Dennis Packard,CA,LW,19.0,,Harvard (ECAC),,0.0,0.0,0.0,0.0,0.0,0.0,,0.0,,,,,,,,,packade01,2001,0,0.0,0.0,0.0,0.0,,
220.0,Calgary Flames,Dave Moss,US,LW,19.0,2015.0,Cedar Rapids Roughriders (USHL),501.0,78.0,0.155688622754491,100.0,4.77430555555556e-05,178.0,0.355289421157685,,-23.0,157.0,,,,,,,14.9,mossda01,2001,0,0.15568862275449102,0.1996007984031936,0.35528942115768464,-0.04590818363273453,0.11317365269461077,
223.0,Ottawa Senators,Brandon Bochenski,US,RW,19.0,2010.0,Lincoln Stars (USHL),156.0,28.0,0.179487179487179,40.0,0.000559894739788921,68.0,0.435897435897436,,1.0,54.0,,,,,,,6.7,bochebr01,2001,0,0.1794871794871795,0.2564102564102564,0.4358974358974359,0.00641025641025641,0.14198717948717948,
224.0,Anaheim Ducks,Tony Martensson,SE,C,21.0,2004.0,Brynas IF (Sweden),6.0,1.0,0.166666666666667,1.0,3.2164744034859e-05,2.0,0.333333333333333,,-2.0,0.0,,,,,,,0.2,marteto01,2001,0,0.16666666666666666,0.16666666666666666,0.3333333333333333,-0.3333333333333333,0.027499999999999997,
226.0,New York Rangers,Pontus Petterstrom,SE,LW,19.0,,Tingsryds AIF (Sweden-2),,0.0,0.0,0.0,0.00091552734375,0.0,0.0,,0.0,,,,,,,,,pettepo01,2001,0,0.0,0.0,0.0,0.0,,
227.0,Colorado Avalanche,Marek Svatos,SK,RW,19.0,2011.0,Kootenay Ice (WHL),344.0,100.0,0.290697674418605,72.0,0.0,172.0,0.5,,-4.0,217.0,,,,,,,20.1,svatoma01,2001,0,0.29069767441860467,0.20930232558139536,0.5,-0.011627906976744186,0.16191860465116278,
228.0,New York Islanders,Mike Bray,CA,RW,18.0,,Quebec Remparts (QMJHL),,0.0,0.0,0.0,0.00011645359971016,0.0,0.0,,0.0,,,,,,,,,braymi01,2001,0,0.0,0.0,0.0,0.0,,
229.0,New Jersey Devils,Aaron Voros,CA,C,20.0,2011.0,Victoria (BCHL),162.0,18.0,0.111111111111111,19.0,0.0,37.0,0.228395061728395,,-22.0,395.0,,,,,,,2.7,vorosaa01,2001,0,0.1111111111111111,0.11728395061728394,0.22839506172839505,-0.13580246913580246,0.06743827160493826,
231.0,Florida Panthers,Kyle Bruce,CA,RW,18.0,,Prince Albert Raiders (WHL),,0.0,0.0,0.0,0.000182698961937716,0.0,0.0,,0.0,,,,,,,,,bruceky01,2001,0,0.0,0.0,0.0,0.0,,
236.0,Columbus Blue Jackets,Ryan Bowness,CA,RW,18.0,,Brampton Battalion (OHL),,0.0,0.0,0.0,0.000304831580551746,0.0,0.0,,0.0,,,,,,,,,bownery01,2001,0,0.0,0.0,0.0,0.0,,
238.0,New York Rangers,Ryan Hollweg,US,C,18.0,2011.0,Medicine Hat Tigers (WHL),228.0,5.0,0.0219298245614035,9.0,0.0,14.0,0.0614035087719298,,-34.0,349.0,,,,,,,-2.5,hollwry01,2001,0,0.021929824561403508,0.039473684210526314,0.06140350877192982,-0.14912280701754385,0.0125,
239.0,Minnesota Wild,Jake Riddle,US,LW,18.0,,Seattle Thunderbirds (WHL),,0.0,0.0,0.0,0.000137168919237512,0.0,0.0,,0.0,,,,,,,,,riddlja01,2001,0,0.0,0.0,0.0,0.0,,
240.0,Nashville Predators,Gustav Grasberg,SE,C,18.0,,Mora IK (Sweden-2),,0.0,0.0,0.0,0.000740740740740741,0.0,0.0,,0.0,,,,,,,,,grasbgu01,2001,0,0.0,0.0,0.0,0.0,,
242.0,Columbus Blue Jackets,Andrew Murray,CA,C,19.0,2013.0,Selkirk (MJHL),221.0,24.0,0.108597285067873,16.0,0.0,40.0,0.180995475113122,,-7.0,36.0,,,,,,,2.6,murraan01,2001,0,0.1085972850678733,0.07239819004524888,0.18099547511312217,-0.03167420814479638,0.05723981900452489,
243.0,Phoenix Coyotes,Frantisek Lukes,CZ,LW,18.0,,Toronto St. Michael's Majors (OHL),,0.0,0.0,0.0,0.0,0.0,0.0,,0.0,,,,,,,,,lukesfr01,2001,0,0.0,0.0,0.0,0.0,,
245.0,Vancouver Canucks,Konstantin Mikhailov,RU,C,18.0,,Neftekhimik Nishnekamsk (Russia),,0.0,0.0,0.0,0.0,0.0,0.0,,0.0,,,,,,,,,mikhako01,2001,0,0.0,0.0,0.0,0.0,,
247.0,Buffalo Sabres,Marek Dubec,SK,LW,19.0,,HC Vsetin Jr. (Czech Jr.),,0.0,0.0,0.0,0.000541111597825249,0.0,0.0,,0.0,,,,,,,,,dubecma01,2001,0,0.0,0.0,0.0,0.0,,
251.0,Calgary Flames,Ville Hamalainen,FI,LW,20.0,,SaiPa (Finland),,0.0,0.0,0.0,8.26058562876305e-05,0.0,0.0,,0.0,,,,,,,,,hamalvi01,2001,0,0.0,0.0,0.0,0.0,,
252.0,Tampa Bay Lightning,J.F. Soucy,CA,C,18.0,,Montreal Rocket (QMJHL),,0.0,0.0,0.0,0.000961168781237985,0.0,0.0,,0.0,,,,,,,,,soucyj.01,2001,0,0.0,0.0,0.0,0.0,,
253.0,St. Louis Blues,Petr Cajanek,CZ,RW,26.0,2007.0,HC Ziln (Czech),269.0,46.0,0.171003717472119,107.0,0.0,153.0,0.568773234200743,,15.0,144.0,,,,,,,13.8,cajanpe01,2001,0,0.17100371747211895,0.39776951672862454,0.5687732342007435,0.055762081784386616,0.187639405204461,
254.0,Washington Capitals,Peter Polcik,SK,RW,18.0,,HKm Nitra Jr. (Slovakia Jr.),,0.0,0.0,0.0,0.0,0.0,0.0,,0.0,,,,,,,,,polcipe01,2001,0,0.0,0.0,0.0,0.0,,
255.0,Dallas Stars,Marco Rosa,CA,C,19.0,,Merrimack (H-East),,0.0,0.0,0.0,0.000711111111111111,0.0,0.0,,0.0,,,,,,,,,rosama01,2001,0,0.0,0.0,0.0,0.0,,
256.0,Ottawa Senators,Gregg Johnson,US,C,19.0,,Boston University (H-East),,0.0,0.0,0.0,0.000260768956924173,0.0,0.0,,0.0,,,,,,,,,johnsgr03,2001,0,0.0,0.0,0.0,0.0,,
259.0,Tampa Bay Lightning,Dmitri Bezrukov,RU,LW,23.0,,Neftekhimik Nishnekamsk (Russia),,0.0,0.0,0.0,0.000250995015956112,0.0,0.0,,0.0,,,,,,,,,bezrudm01,2001,0,0.0,0.0,0.0,0.0,,
260.0,New York Islanders,Bryan Perez,US,C,19.0,,Michigan Tech (WCHA),,0.0,0.0,0.0,0.00274348422496571,0.0,0.0,,0.0,,,,,,,,,perezbr01,2001,0,0.0,0.0,0.0,0.0,,
261.0,Tampa Bay Lightning,Vitali Smolyaninov,RU,LW,18.0,,Neftekhimik Nizhekamsk 2 (Russia-3),,0.0,0.0,0.0,0.0,0.0,0.0,,0.0,,,,,,,,,smolyvi01,2001,0,0.0,0.0,0.0,0.0,,
264.0,Anaheim Ducks,P.A. Parenteau,CA,LW,18.0,2017.0,Chicoutimi Sagueneens (QMJHL),491.0,114.0,0.232179226069246,182.0,0.0,296.0,0.602851323828921,,-45.0,342.0,,,,,,,30.2,parenpi01,2001,0,0.23217922606924643,0.37067209775967414,0.6028513238289206,-0.09164969450101833,0.19134419551934828,
265.0,Dallas Stars,Dale Sullivan,CA,RW,18.0,,Hull Olympiques (QMJHL),,0.0,0.0,0.0,0.0,0.0,0.0,,0.0,,,,,,,,,sullida02,2001,0,0.0,0.0,0.0,0.0,,
266.0,Montreal Canadiens,Viktor Ujcik,CZ,RW,29.0,,HC Slavia Praha (Czech),,0.0,0.0,0.0,0.00067281814686659,0.0,0.0,,0.0,,,,,,,,,ujcikvi01,2001,0,0.0,0.0,0.0,0.0,,
268.0,Chicago Blackhawks,Jeff Miles,CA,C,20.0,,Vermont (ECAC),,0.0,0.0,0.0,0.0,0.0,0.0,,0.0,,,,,,,,,milesje01,2001,0,0.0,0.0,0.0,0.0,,
269.0,New York Rangers,Juris Stals,LV,LW,19.0,,Lukko Jr. (Finland Jr.),,0.0,0.0,0.0,0.0,0.0,0.0,,0.0,,,,,,,,,stalsju01,2001,0,0.0,0.0,0.0,0.0,,
270.0,St. Louis Blues,Grant Jacobsen,CA,C,18.0,,Regina Pats (WHL),,0.0,0.0,0.0,0.0,0.0,0.0,,0.0,,,,,,,,,jacobgr01,2001,0,0.0,0.0,0.0,0.0,,
276.0,Toronto Maple Leafs,Mike Knoepfli,CA,LW,19.0,,Georgetown (OPJHL),,0.0,0.0,0.0,0.0,0.0,0.0,,0.0,,,,,,,,,knoepmi01,2001,0,0.0,0.0,0.0,0.0,,
278.0,Edmonton Oilers,Shay Stephenson,CA,LW,18.0,2007.0,Red Deer Rebels (WHL),2.0,0.0,0.0,0.0,0.0,0.0,0.0,,0.0,0.0,,,,,,,0.0,stephsh01,2001,0,0.0,0.0,0.0,0.0,0.0,
281.0,Tampa Bay Lightning,Ilja Solarev,RU,LW,19.0,,Molot Prikamie Perm 2 (Russia-3),,0.0,0.0,0.0,0.0,0.0,0.0,,0.0,,,,,,,,,solaril01,2001,0,0.0,0.0,0.0,0.0,,
282.0,Boston Bruins,Marcel Rodman,SI,RW,19.0,,Peterborough Petes (OHL),,0.0,0.0,0.0,0.0,0.0,0.0,,0.0,,,,,,,,,rodmama01,2001,0,0.0,0.0,0.0,0.0,,
284.0,Washington Capitals,Viktor Hubl,CZ,LW,23.0,,HC Slavia Praha (Czech),,0.0,0.0,0.0,0.0,0.0,0.0,,0.0,,,,,,,,,hublvi01,2001,0,0.0,0.0,0.0,0.0,,
285.0,Dallas Stars,Marek Tomica,CZ,LW,20.0,,HC Slavia Praha (Czech),,0.0,0.0,0.0,0.0,0.0,0.0,,0.0,,,,,,,,,tomicma01,2001,0,0.0,0.0,0.0,0.0,,
286.0,Ottawa Senators,Toni Dahlman,FI,RW,22.0,2003.0,Ilves (Finland),22.0,1.0,0.0454545454545455,1.0,0.000200753415760324,2.0,0.0909090909090909,,-2.0,0.0,,,,,,,0.0,dahlmto01,2001,0,0.045454545454545456,0.045454545454545456,0.09090909090909091,-0.09090909090909091,0.025,
287.0,New York Islanders,Juha-Pekka Ketola,FI,RW,18.0,,Lukko Jr. (Finland Jr.),,0.0,0.0,0.0,0.015625,0.0,0.0,,0.0,,,,,,,,,ketolju01,2001,0,0.0,0.0,0.0,0.0,,
2.0,Atlanta Thrashers,Dany Heatley,DE,LW,19.0,2015.0,Wisconsin (WCHA),869.0,372.0,0.428078250863061,419.0,0.000492610185112843,791.0,0.9102416570771,,38.0,620.0,,,,,,,95.2,heatlda01,2000,0,0.428078250863061,0.48216340621403914,0.9102416570771001,0.04372842347525892,0.29801495972382047,
3.0,Minnesota Wild,Marian Gaborik,SK,RW,18.0,2018.0,HK Dukla Trencin (Slovakia),1035.0,407.0,0.393236714975845,408.0,0.000379938855049126,815.0,0.78743961352657,,95.0,492.0,,,,,,,108.1,gaborma01,2000,0,0.3932367149758454,0.39420289855072466,0.7874396135265701,0.09178743961352658,0.2605072463768116,
5.0,New York Islanders,Raffi Torres,CA,LW,18.0,2014.0,Brampton Battalion (OHL),635.0,137.0,0.215748031496063,123.0,0.000339760679521359,260.0,0.409448818897638,,2.0,497.0,,,,,,,28.4,torrera01,2000,0,0.215748031496063,0.19370078740157481,0.4094488188976378,0.0031496062992125984,0.13322834645669293,
6.0,Nashville Predators,Scott Hartnell,CA,LW,18.0,2018.0,Prince Albert Raiders (WHL),1249.0,327.0,0.261809447558046,380.0,0.000209615250246634,707.0,0.566052842273819,,66.0,1809.0,,,,,,,81.4,hartnsc01,2000,0,0.2618094475580464,0.3042433947157726,0.566052842273819,0.05284227381905524,0.18660928742994395,
8.0,Tampa Bay Lightning,Nikita Alexeev,RU,RW,18.0,2007.0,Erie Otters (OHL),159.0,20.0,0.125786163522013,17.0,0.000791107946679327,37.0,0.232704402515723,,-8.0,28.0,,,,,,,2.4,alexeni01,2000,0,0.12578616352201258,0.1069182389937107,0.23270440251572327,-0.050314465408805034,0.07311320754716981,
10.0,Chicago Blackhawks,Mikhail Yakubov,RU,C,18.0,2006.0,Lada Togliatti 2 (Russia-3),53.0,2.0,0.0377358490566038,10.0,0.000711997152011392,12.0,0.226415094339623,,-13.0,20.0,,,,,,,-0.1,yakubmi01,2000,0,0.03773584905660377,0.18867924528301888,0.22641509433962265,-0.24528301886792453,0.061320754716981146,
11.0,Chicago Blackhawks,Pavel Vorobiev,KZ,RW,18.0,2006.0,Torpedo Yaroslavl 2 (Russia-3),57.0,10.0,0.175438596491228,15.0,0.00307787011388119,25.0,0.43859649122807,,-1.0,38.0,,,,,,,2.1,vorobpa01,2000,0,0.17543859649122806,0.2631578947368421,0.43859649122807015,-0.017543859649122806,0.14166666666666666,
12.0,Anaheim Ducks,Alexei Smirnov,RU,LW,18.0,2004.0,THK Tver (Russia-2),52.0,3.0,0.0576923076923077,3.0,0.0011094674556213,6.0,0.115384615384615,,-1.0,20.0,,,,,,,0.3,smirnal01,2000,0,0.057692307692307696,0.057692307692307696,0.11538461538461539,-0.019230769230769232,0.03653846153846155,
14.0,Colorado Avalanche,Vaclav Nedorost,CZ,C,18.0,2004.0,HC Ceske Budejovice (Czech),99.0,10.0,0.101010101010101,10.0,0.00102030405060708,20.0,0.202020202020202,,-2.0,34.0,,,,,,,1.4,nedorva01,2000,0,0.10101010101010101,0.10101010101010101,0.20202020202020202,-0.020202020202020204,0.06464646464646465,
15.0,Buffalo Sabres,Artem Kryukov,RU,C,,,Torpedo Yaroslavl 2 (Russia-3),,0.0,0.0,0.0,0.0,0.0,0.0,,0.0,,,,,,,,,-9999,2000,0,0.0,0.0,0.0,0.0,,
16.0,Montreal Canadiens,Marcel Hossa,SK,LW,18.0,2008.0,Portland Winter Hawks (WHL),237.0,31.0,0.130801687763713,30.0,0.000551905855543093,61.0,0.257383966244726,,-6.0,106.0,,,,,,,4.3,hossama02,2000,0,0.1308016877637131,0.12658227848101267,0.25738396624472576,-0.02531645569620253,0.08238396624472574,
17.0,Edmonton Oilers,Alexei Mikhnov,UA,LW,18.0,2007.0,Torpedo Yaroslavl 2 (Russia-3),2.0,0.0,0.0,0.0,0.0,0.0,0.0,,0.0,0.0,,,,,,,0.0,mikhnal01,2000,0,0.0,0.0,0.0,0.0,0.0,
19.0,Phoenix Coyotes,Krys Kolanos,CA,C,19.0,2012.0,Boston College (H-East),149.0,20.0,0.134228187919463,22.0,0.000900860321607134,42.0,0.281879194630872,,0.0,94.0,,,,,,,3.6,kolankr01,2000,0,0.1342281879194631,0.1476510067114094,0.28187919463087246,0.0,0.09161073825503356,
20.0,Los Angeles Kings,Alex Frolov,RU,LW,18.0,2011.0,Torpedo Yaroslavl 2 (Russia-3),579.0,175.0,0.302245250431779,222.0,0.000522012522334679,397.0,0.68566493955095,,27.0,218.0,,,,,,,43.7,froloal01,2000,0,0.3022452504317789,0.38341968911917096,0.6856649395509499,0.046632124352331605,0.22517271157167532,
23.0,Vancouver Canucks,Nathan Smith,CA,C,18.0,2010.0,Swift Current Broncos (WHL),26.0,0.0,0.0,0.0,0.0,0.0,0.0,,-5.0,14.0,,,,,,,-0.6,smithna02,2000,0,0.0,0.0,0.0,-0.19230769230769232,-0.009615384615384616,
24.0,Toronto Maple Leafs,Brad Boyes,CA,RW,18.0,2016.0,Erie Otters (OHL),822.0,211.0,0.25669099756691,294.0,0.000312276152757798,505.0,0.614355231143552,,-18.0,251.0,,,,,,,53.8,boyesbr01,2000,0,0.25669099756691,0.35766423357664234,0.6143552311435523,-0.021897810218978103,0.19857055961070558,
25.0,Dallas Stars,Steve Ott,CA,C,18.0,2017.0,Windsor Spitfires (OHL),848.0,109.0,0.128537735849057,179.0,0.000151577518689926,288.0,0.339622641509434,,-66.0,1555.0,,,,,,,19.6,ottst01,2000,0,0.12853773584905662,0.21108490566037735,0.33962264150943394,-0.07783018867924528,0.10648584905660377,
26.0,Washington Capitals,Brian Sutherby,CA,C,18.0,2011.0,Moose Jaw Warriors (WHL),460.0,41.0,0.0891304347826087,49.0,0.000193761814744802,90.0,0.195652173913043,,-32.0,533.0,,,,,,,3.3,suthebr01,2000,0,0.0891304347826087,0.10652173913043478,0.1956521739130435,-0.06956521739130435,0.06010869565217391,
27.0,Boston Bruins,Martin Samuelsson,SE,RW,18.0,2004.0,MoDo Hockey Jr. (Sweden Jr.),14.0,0.0,0.0,1.0,0.0,1.0,0.0714285714285714,,-2.0,2.0,,,,,,,-0.2,samuema01,2000,0,0.0,0.07142857142857142,0.07142857142857142,-0.14285714285714285,0.011250000000000001,
28.0,Philadelphia Flyers,Justin Williams,CA,RW,18.0,2020.0,Plymouth Whalers (OHL),1264.0,320.0,0.253164556962025,477.0,0.000200288415318058,797.0,0.630537974683544,,110.0,766.0,,,,,,,89.0,williju01,2000,0,0.25316455696202533,0.377373417721519,0.6305379746835443,0.08702531645569621,0.20927610759493673,
30.0,St. Louis Blues,Jeff Taffe,US,C,19.0,2012.0,Minnesota (WCHA),180.0,21.0,0.116666666666667,25.0,0.00064814814814815,46.0,0.255555555555556,,-20.0,40.0,,,,,,,3.1,taffeje01,2000,0,0.11666666666666667,0.1388888888888889,0.25555555555555554,-0.1111111111111111,0.0775,
32.0,Carolina Hurricanes,Tomas Kurka,CZ,LW,18.0,2004.0,Plymouth Whalers (OHL),17.0,3.0,0.176470588235294,2.0,0.0103806228373702,5.0,0.294117647058824,,1.0,2.0,,,,,,,0.6,kurkato01,2000,0,0.17647058823529413,0.11764705882352941,0.29411764705882354,0.058823529411764705,0.08375,
34.0,Tampa Bay Lightning,Ruslan Zainullin,RU,RW,,,Ak-Bars Kazan (Russia),,0.0,0.0,0.0,0.0,0.0,0.0,,0.0,,,,,,,,,-9999,2000,0,0.0,0.0,0.0,0.0,,
36.0,Nashville Predators,Daniel Widing,SE,RW,,,Leksands IF Jr. (Sweden Jr.),,0.0,0.0,0.0,0.0,0.0,0.0,,0.0,,,,,,,,,-9999,2000,0,0.0,0.0,0.0,0.0,,
38.0,Detroit Red Wings,Tomas Kopecky,SK,C,18.0,2015.0,HK Dukla Trencin (Slovakia),578.0,68.0,0.117647058823529,106.0,0.000203541624262161,174.0,0.301038062283737,,-54.0,307.0,,,,,,,11.2,kopecto01,2000,0,0.11764705882352941,0.18339100346020762,0.30103806228373703,-0.09342560553633218,0.09316608996539794,
39.0,New Jersey Devils,Teemu Laine,FI,RW,,,Jokerit (Finland),,0.0,0.0,0.0,0.0,0.0,0.0,,0.0,,,,,,,,,-9999,2000,0,0.0,0.0,0.0,0.0,,
43.0,Washington Capitals,Matt Pettinger,CA,LW,19.0,2010.0,Calgary Hitmen (WHL),422.0,65.0,0.154028436018957,58.0,0.000364996293883784,123.0,0.291469194312796,,-55.0,210.0,,,,,,,7.3,pettima01,2000,0,0.15402843601895735,0.13744075829383887,0.2914691943127962,-0.13033175355450238,0.08821090047393365,
46.0,Calgary Flames,Jarret Stoll,CA,C,18.0,2016.0,Kootenay Ice (WHL),872.0,144.0,0.165137614678899,244.0,0.000189377998484976,388.0,0.444954128440367,,2.0,618.0,,,,,,,34.1,stollja01,2000,0,0.1651376146788991,0.2798165137614679,0.44495412844036697,0.0022935779816513763,0.14472477064220185,
49.0,Chicago Blackhawks,Jonas Nordqvist,SE,C,18.0,2007.0,Leksands IF Jr. (Sweden Jr.),3.0,0.0,0.0,2.0,0.0,2.0,0.666666666666667,,1.0,2.0,,,,,,,0.2,nordqjo01,2000,0,0.0,0.6666666666666666,0.6666666666666666,0.3333333333333333,0.034999999999999996,
51.0,Toronto Maple Leafs,Kris Vernarsky,US,C,18.0,2004.0,Plymouth Whalers (OHL),17.0,1.0,0.0588235294117647,0.0,0.00346020761245675,1.0,0.0588235294117647,,-3.0,2.0,,,,,,,-0.2,vernakr01,2000,0,0.058823529411764705,0.0,0.058823529411764705,-0.17647058823529413,0.008749999999999999,
52.0,Pittsburgh Penguins,Shane Endicott,CA,C,18.0,2006.0,Seattle Thunderbirds (WHL),45.0,1.0,0.0222222222222222,2.0,0.000493827160493827,3.0,0.0666666666666667,,-10.0,47.0,,,,,,,-1.0,endicsh01,2000,0,0.022222222222222223,0.044444444444444446,0.06666666666666667,-0.2222222222222222,0.010555555555555556,
53.0,Phoenix Coyotes,Alexander Tatarinov,RU,RW,,,Torpedo Yaroslavl 2 (Russia-3),,0.0,0.0,0.0,0.0,0.0,0.0,,0.0,,,,,,,,,-9999,2000,0,0.0,0.0,0.0,0.0,,
55.0,Ottawa Senators,Antoine Vermette,CA,C,18.0,2018.0,Victoriaville Tigres (QMJHL),1046.0,228.0,0.217973231357553,287.0,0.000208387410475672,515.0,0.492351816443595,,-49.0,622.0,,,,,,,47.1,vermean01,2000,0,0.2179732313575526,0.27437858508604207,0.49235181644359466,-0.04684512428298279,0.15767208413001915,
56.0,New Jersey Devils,Alexander Suglobov,RU,RW,18.0,2007.0,Torpedo Yaroslavl 2 (Russia-3),18.0,1.0,0.0555555555555556,0.0,0.00308641975308642,1.0,0.0555555555555556,,-9.0,4.0,,,,,,,-0.4,sugloal01,2000,0,0.05555555555555555,0.0,0.05555555555555555,-0.5,-0.006250000000000003,
59.0,Boston Bruins,Ivan Huml,CZ,LW,19.0,2004.0,Langley (BCHL),49.0,6.0,0.122448979591837,12.0,0.00249895876718035,18.0,0.36734693877551,,2.0,36.0,,,,,,,1.5,humliv01,2000,0,0.12244897959183673,0.24489795918367346,0.3673469387755102,0.04081632653061224,0.12142857142857144,
65.0,St. Louis Blues,Dave Morisset,CA,RW,19.0,2002.0,Seattle Thunderbirds (WHL),4.0,0.0,0.0,0.0,0.0,0.0,0.0,,-7.0,5.0,,,,,,,-0.4,morisda02,2000,0,0.0,0.0,0.0,-1.75,-0.0175,
67.0,New Jersey Devils,Max Birbraer,KZ,RW,,,Newmarket (OPJHL),,0.0,0.0,0.0,0.0,0.0,0.0,,0.0,,,,,,,,,-9999,2000,0,0.0,0.0,0.0,0.0,,
68.0,Dallas Stars,Joel Lundqvist,SE,C,18.0,2009.0,Vastra Frolunda HC Jr. (Sweden Jr.),134.0,7.0,0.0522388059701493,19.0,0.000389841835598129,26.0,0.194029850746269,,-17.0,56.0,,,,,,,0.4,lundqjo01,2000,0,0.05223880597014925,0.1417910447761194,0.19402985074626866,-0.12686567164179105,0.05671641791044776,
69.0,Columbus Blue Jackets,Ben Knopp,CA,RW,,,Moose Jaw Warriors (WHL),,0.0,0.0,0.0,0.0,0.0,0.0,,0.0,,,,,,,,,-9999,2000,0,0.0,0.0,0.0,0.0,,
71.0,Vancouver Canucks,Thatcher Bell,CA,C,,,Rimouski Oceanic (QMJHL),,0.0,0.0,0.0,0.0,0.0,0.0,,0.0,,,,,,,,,-9999,2000,0,0.0,0.0,0.0,0.0,,
74.0,Chicago Blackhawks,Igor Radulov,RU,LW,18.0,2004.0,Torpedo Yaroslavl 2 (Russia-3),43.0,9.0,0.209302325581395,7.0,0.00486749594375337,16.0,0.372093023255814,,-5.0,22.0,,,,,,,1.7,radulig01,2000,0,0.20930232558139536,0.16279069767441862,0.37209302325581395,-0.11627906976744186,0.11511627906976744,
75.0,St. Louis Blues,Justin Papineau,CA,C,20.0,2004.0,Belleville Bulls (OHL),81.0,11.0,0.135802469135802,8.0,0.00167657369303459,19.0,0.234567901234568,,2.0,12.0,,,,,,,2.2,papinju01,2000,0,0.13580246913580246,0.09876543209876543,0.2345679012345679,0.024691358024691357,0.07746913580246913,
76.0,New Jersey Devils,Mike Rupp,US,C,20.0,2014.0,Erie Otters (OHL),610.0,54.0,0.0885245901639344,45.0,0.00014512227895727,99.0,0.162295081967213,,-28.0,855.0,,,,,,,6.5,ruppmi01,2000,0,0.08852459016393442,0.07377049180327869,0.16229508196721312,-0.04590163934426229,0.05045081967213116,
77.0,Florida Panthers,Robert Fried,US,RW,,,Deerfield Academy (High-MA),,0.0,0.0,0.0,0.0,0.0,0.0,,0.0,,,,,,,,,-9999,2000,0,0.0,0.0,0.0,0.0,,
78.0,Montreal Canadiens,Jozef Balej,SK,RW,18.0,2006.0,Portland Winter Hawks (WHL),18.0,1.0,0.0555555555555556,5.0,0.00308641975308642,6.0,0.333333333333333,,0.0,4.0,,,,,,,0.3,balejjo01,2000,0,0.05555555555555555,0.2777777777777778,0.3333333333333333,0.0,0.0975,
80.0,Carolina Hurricanes,Ryan Bayda,CA,LW,19.0,2009.0,North Dakota (WCHA),179.0,16.0,0.0893854748603352,24.0,0.000499360194750476,40.0,0.223463687150838,,-20.0,94.0,,,,,,,1.8,baydary01,2000,0,0.0893854748603352,0.1340782122905028,0.22346368715083798,-0.11173184357541899,0.06703910614525141,
81.0,Tampa Bay Lightning,Alexander Kharitonov,RU,LW,24.0,2002.0,Dynamo Moskva (Russia),71.0,7.0,0.0985915492957746,15.0,0.00138861337036302,22.0,0.309859154929577,,-10.0,12.0,,,,,,,1.3,kharial01,2000,0,0.09859154929577464,0.2112676056338028,0.30985915492957744,-0.14084507042253522,0.09366197183098592,
82.0,Florida Panthers,Sean O'Connor,CA,RW,,,Moose Jaw Warriors (WHL),,0.0,0.0,0.0,0.0,0.0,0.0,,0.0,,,,,,,,,-9999,2000,0,0.0,0.0,0.0,0.0,,
85.0,Phoenix Coyotes,Ramzi Abid,CA,LW,20.0,2007.0,Halifax Mooseheads (QMJHL),68.0,14.0,0.205882352941176,16.0,0.00302768166089965,30.0,0.441176470588235,,-11.0,78.0,,,,,,,2.8,abidra01,2000,0,0.20588235294117646,0.23529411764705882,0.4411764705882353,-0.16176470588235295,0.13529411764705884,
86.0,Los Angeles Kings,Yanick Lehoux,CA,C,18.0,2007.0,Baie-Comeau Drakkar (QMJHL),10.0,2.0,0.2,2.0,0.02,4.0,0.4,,0.0,6.0,,,,,,,0.4,lehouya01,2000,0,0.2,0.2,0.4,0.0,0.065,
87.0,Ottawa Senators,Jan Bohac,CZ,C,,,HC Slavia Praha (Czech),,0.0,0.0,0.0,0.0,0.0,0.0,,0.0,,,,,,,,,-9999,2000,0,0.0,0.0,0.0,0.0,,
89.0,Nashville Predators,Libor Pivko,CZ,LW,20.0,2004.0,HC Havirov (Czech),1.0,0.0,0.0,0.0,0.0,0.0,0.0,,0.0,0.0,,,,,,,0.0,pivkoli01,2000,0,0.0,0.0,0.0,0.0,0.0,
91.0,Dallas Stars,Alexei Tereschenko,RU,C,,,Dynamo Moskva (Russia),,0.0,0.0,0.0,0.0,0.0,0.0,,0.0,,,,,,,,,-9999,2000,0,0.0,0.0,0.0,0.0,,
92.0,Colorado Avalanche,Sergei Klyazmin,RU,LW,,,THK Tver (Russia-2),,0.0,0.0,0.0,0.0,0.0,0.0,,0.0,,,,,,,,,-9999,2000,0,0.0,0.0,0.0,0.0,,
94.0,Philadelphia Flyers,Alexander Drozdetsky,RU,RW,,,SKA St. Petersburg (Russia),,0.0,0.0,0.0,0.0,0.0,0.0,,0.0,,,,,,,,,-9999,2000,0,0.0,0.0,0.0,0.0,,
95.0,New York Rangers,Dominic Moore,CA,C,20.0,2018.0,Harvard (ECAC),897.0,106.0,0.118171683389075,176.0,0.000131741007122715,282.0,0.31438127090301,,-23.0,487.0,,,,,,,19.2,mooredo01,2000,0,0.11817168338907469,0.19620958751393533,0.31438127090301005,-0.02564102564102564,0.10089186176142699,
98.0,Anaheim Ducks,Jonas Ronnqvist,SE,RW,27.0,2001.0,Lulea HF (Sweden),38.0,0.0,0.0,4.0,0.0,4.0,0.105263157894737,,-7.0,14.0,,,,,,,-0.4,ronnqjo01,2000,0,0.0,0.10526315789473684,0.10526315789473684,-0.18421052631578946,0.024999999999999994,
99.0,Minnesota Wild,Marc Cavosie,US,C,,,RPI (ECAC),,0.0,0.0,0.0,0.0,0.0,0.0,,0.0,,,,,,,,,-9999,2000,0,0.0,0.0,0.0,0.0,,
100.0,Toronto Maple Leafs,Miguel Delisle,CA,RW,,,Ottawa 67's (OHL),,0.0,0.0,0.0,0.0,0.0,0.0,,0.0,,,,,,,,,-9999,2000,0,0.0,0.0,0.0,0.0,,
103.0,Boston Bruins,Brett Nowak,US,C,,,Harvard (ECAC),,0.0,0.0,0.0,0.0,0.0,0.0,,0.0,,,,,,,,,-9999,2000,0,0.0,0.0,0.0,0.0,,
104.0,San Jose Sharks,Jon DiSalvatore,US,RW,19.0,2012.0,Providence (H-East),6.0,0.0,0.0,0.0,0.0,0.0,0.0,,-1.0,4.0,,,,,,,-0.1,disaljo01,2000,0,0.0,0.0,0.0,-0.16666666666666666,-0.0025,
105.0,New York Islanders,Vladimir Gorbunov,RU,RW,,,HK CSKA Moskva (Russia-2),,0.0,0.0,0.0,0.0,0.0,0.0,,0.0,,,,,,,,,-9999,2000,0,0.0,0.0,0.0,0.0,,
107.0,Atlanta Thrashers,Carl Mallette,CA,C,,,Victoriaville Tigres (QMJHL),,0.0,0.0,0.0,0.0,0.0,0.0,,0.0,,,,,,,,,-9999,2000,0,0.0,0.0,0.0,0.0,,
108.0,Atlanta Thrashers,Blake Robson,CA,C,,,Portland Winter Hawks (WHL),,0.0,0.0,0.0,0.0,0.0,0.0,,0.0,,,,,,,,,-9999,2000,0,0.0,0.0,0.0,0.0,,
109.0,Montreal Canadiens,Johan Eneqvist,SE,LW,,,Leksands IF Jr. (Sweden Jr.),,0.0,0.0,0.0,0.0,0.0,0.0,,0.0,,,,,,,,,-9999,2000,0,0.0,0.0,0.0,0.0,,
113.0,Edmonton Oilers,Lou Dickenson,CA,C,,,Mississagua IceDogs (OHL),,0.0,0.0,0.0,0.0,0.0,0.0,,0.0,,,,,,,,,-9999,2000,0,0.0,0.0,0.0,0.0,,
114.0,Montreal Canadiens,Christian Larrivee,CA,C,,,Chicoutimi Sagueneens (QMJHL),,0.0,0.0,0.0,0.0,0.0,0.0,,0.0,,,,,,,,,-9999,2000,0,0.0,0.0,0.0,0.0,,
124.0,Pittsburgh Penguins,Michel Ouellet,CA,RW,18.0,2009.0,Rimouski Oceanic (QMJHL),190.0,52.0,0.273684210526316,64.0,0.0014404432132964,116.0,0.610526315789474,,-4.0,58.0,,,,,,,12.6,ouellmi01,2000,0,0.2736842105263158,0.3368421052631579,0.6105263157894737,-0.021052631578947368,0.19736842105263158,
126.0,Tampa Bay Lightning,Johan Hagglund,SE,C,,,MoDo Hockey Jr. (Sweden Jr.),,0.0,0.0,0.0,0.0,0.0,0.0,,0.0,,,,,,,,,-9999,2000,0,0.0,0.0,0.0,0.0,,
127.0,Detroit Red Wings,Dmitri Semenov,RU,RW,,,THK Tver (Russia-2),,0.0,0.0,0.0,0.0,0.0,0.0,,0.0,,,,,,,,,-9999,2000,0,0.0,0.0,0.0,0.0,,
129.0,St. Louis Blues,Troy Riddle,US,C,,,Des Moines Buccaneers (USHL),,0.0,0.0,0.0,0.0,0.0,0.0,,0.0,,,,,,,,,-9999,2000,0,0.0,0.0,0.0,0.0,,
130.0,Detroit Red Wings,Aaron Van Leusen,CA,C,,,Brampton Battalion (OHL),,0.0,0.0,0.0,0.0,0.0,0.0,,0.0,,,,,,,,,-9999,2000,0,0.0,0.0,0.0,0.0,,
131.0,Nashville Predators,Matt Hendricks,US,C,19.0,2019.0,Blaine HS (High-MN),607.0,54.0,0.0889621087314662,62.0,0.000146560310924986,116.0,0.191103789126853,,-41.0,722.0,,,,,,,5.2,hendrma01,2000,0,0.08896210873146623,0.10214168039538715,0.19110378912685339,-0.06754530477759473,0.05873146622734762,
132.0,Minnesota Wild,Maxim Sushinsky,RU,RW,26.0,2001.0,Avangard Omsk (Russia),30.0,7.0,0.233333333333333,4.0,0.00777777777777777,11.0,0.366666666666667,,-7.0,29.0,,,,,,,1.0,sushima01,2000,0,0.23333333333333334,0.13333333333333333,0.36666666666666664,-0.23333333333333334,0.1075,
135.0,New Jersey Devils,Mike Danton,CA,C,19.0,2004.0,Barrie Colts (OHL),87.0,9.0,0.103448275862069,5.0,0.00118906064209275,14.0,0.160919540229885,,-8.0,182.0,,,,,,,0.8,dantomi01,2000,0,0.10344827586206896,0.05747126436781609,0.16091954022988506,-0.09195402298850575,0.04770114942528735,
136.0,New York Islanders,Dmitri Upper,KZ,C,,,Torpedo Nizhny Novgorod (Russia),,0.0,0.0,0.0,0.0,0.0,0.0,,0.0,,,,,,,,,-9999,2000,0,0.0,0.0,0.0,0.0,,
139.0,Dallas Stars,Ruslan Bernikov,RU,RW,,,Amur Khabarovsk (Russia),,0.0,0.0,0.0,0.0,0.0,0.0,,0.0,,,,,,,,,-9999,2000,0,0.0,0.0,0.0,0.0,,
140.0,New York Rangers,Nathan Martz,CA,C,,,Chilliwack (BCHL),,0.0,0.0,0.0,0.0,0.0,0.0,,0.0,,,,,,,,,-9999,2000,0,0.0,0.0,0.0,0.0,,
142.0,San Jose Sharks,Michal Pinc,CZ,LW,,,Hull Olympiques (QMJHL),,0.0,0.0,0.0,0.0,0.0,0.0,,0.0,,,,,,,,,-9999,2000,0,0.0,0.0,0.0,0.0,,
144.0,Vancouver Canucks,Pavel Duma,RU,C,,,Neftekhimik Nishnekamsk (Russia),,0.0,0.0,0.0,0.0,0.0,0.0,,0.0,,,,,,,,,-9999,2000,0,0.0,0.0,0.0,0.0,,
146.0,Pittsburgh Penguins,David Koci,CZ,LW,19.0,2011.0,HC Slavia Praha Jr. (Czech Jr.),142.0,3.0,0.0211267605633803,1.0,0.000148780003967467,4.0,0.028169014084507,,-13.0,461.0,,,,,,,-0.5,kocida01,2000,0,0.02112676056338028,0.007042253521126761,0.028169014084507043,-0.09154929577464789,0.004577464788732394,
147.0,Atlanta Thrashers,Matt McRae,CA,C,,,Cornell (ECAC),,0.0,0.0,0.0,0.0,0.0,0.0,,0.0,,,,,,,,,-9999,2000,0,0.0,0.0,0.0,0.0,,
148.0,New York Islanders,Kristofer Ottosson,SE,RW,,,Djurgardens IF (Sweden),,0.0,0.0,0.0,0.0,0.0,0.0,,0.0,,,,,,,,,-9999,2000,0,0.0,0.0,0.0,0.0,,
149.0,Buffalo Sabres,Denis Denisov,RU,LW,,,HK CSKA Moskva (Russia-2),,0.0,0.0,0.0,0.0,0.0,0.0,,0.0,,,,,,,,,-9999,2000,0,0.0,0.0,0.0,0.0,,
150.0,Columbus Blue Jackets,Tyler Kolarik,US,C,,,Deerfield Academy (High-MA),,0.0,0.0,0.0,0.0,0.0,0.0,,0.0,,,,,,,,,-9999,2000,0,0.0,0.0,0.0,0.0,,
154.0,Nashville Predators,Matt Koalska,US,C,20.0,2006.0,Twin City Vulcans (USHL),3.0,0.0,0.0,0.0,0.0,0.0,0.0,,-1.0,2.0,,,,,,,-0.1,koalsma01,2000,0,0.0,0.0,0.0,-0.3333333333333333,-0.0025,
155.0,Calgary Flames,Travis Moen,CA,LW,18.0,2016.0,Kelowna Rockets (WHL),747.0,59.0,0.0789825970548862,77.0,0.000105733061653127,136.0,0.182061579651941,,-66.0,801.0,,,,,,,1.8,moentr01,2000,0,0.07898259705488621,0.10307898259705489,0.18206157965194109,-0.08835341365461848,0.05475234270414993,
157.0,Ottawa Senators,Grant Potulny,US,C,,,Lincoln Stars (USHL),,0.0,0.0,0.0,0.0,0.0,0.0,,0.0,,,,,,,,,-9999,2000,0,0.0,0.0,0.0,0.0,,
161.0,Tampa Bay Lightning,Pavel Sedov,RU,RW,,,Khimik Voskresensk (Russia-2),,0.0,0.0,0.0,0.0,0.0,0.0,,0.0,,,,,,,,,-9999,2000,0,0.0,0.0,0.0,0.0,,
162.0,Dallas Stars,Artem Chernov,RU,C,,,Metallurg Novokuznetsk (Russia),,0.0,0.0,0.0,0.0,0.0,0.0,,0.0,,,,,,,,,-9999,2000,0,0.0,0.0,0.0,0.0,,
163.0,Washington Capitals,Ivan Nepryayev,RU,C,,,Torpedo Yaroslavl 2 (Russia-3),,0.0,0.0,0.0,0.0,0.0,0.0,,0.0,,,,,,,,,-9999,2000,0,0.0,0.0,0.0,0.0,,
167.0,St. Louis Blues,Craig Weller,CA,RW,19.0,2009.0,Calgary (AJHL),95.0,4.0,0.0421052631578947,10.0,0.000443213296398892,14.0,0.147368421052632,,-10.0,127.0,,,,,,,0.2,wellecr01,2000,0,0.042105263157894736,0.10526315789473684,0.14736842105263157,-0.10526315789473684,0.042631578947368416,
172.0,Montreal Canadiens,Scott Selig,US,RW,,,Thayer Academy (High-MA),,0.0,0.0,0.0,0.0,0.0,0.0,,0.0,,,,,,,,,-9999,2000,0,0.0,0.0,0.0,0.0,,
175.0,New York Rangers,Sven Helfenstein,CH,LW,,,EHC Kloten (Swiss),,0.0,0.0,0.0,0.0,0.0,0.0,,0.0,,,,,,,,,-9999,2000,0,0.0,0.0,0.0,0.0,,
176.0,Calgary Flames,Jukka Hentunen,FI,RW,26.0,2002.0,HPK (Finland),38.0,4.0,0.105263157894737,5.0,0.00277008310249308,9.0,0.236842105263158,,-9.0,4.0,,,,,,,0.3,hentuju01,2000,0,0.10526315789473684,0.13157894736842105,0.23684210526315788,-0.23684210526315788,0.06513157894736843,
179.0,Toronto Maple Leafs,Vadim Sozinov,KZ,C,,,Kristall Saratov (Russia-2),,0.0,0.0,0.0,0.0,0.0,0.0,,0.0,,,,,,,,,-9999,2000,0,0.0,0.0,0.0,0.0,,
180.0,Atlanta Thrashers,Darcy Hordichuk,CA,LW,20.0,2013.0,Saskatoon Blades (WHL),542.0,20.0,0.03690036900369,21.0,6.80818616304244e-05,41.0,0.0756457564575646,,-25.0,1140.0,,,,,,,0.0,hordida01,2000,0,0.03690036900369004,0.03874538745387454,0.07564575645756458,-0.046125461254612546,0.022278597785977863,
183.0,San Jose Sharks,Michal Macho,SK,C,,,MHC Martin (Slovakia-2),,0.0,0.0,0.0,0.0,0.0,0.0,,0.0,,,,,,,,,-9999,2000,0,0.0,0.0,0.0,0.0,,
184.0,Edmonton Oilers,Shaun Norrie,CA,RW,,,Calgary Hitmen (WHL),,0.0,0.0,0.0,0.0,0.0,0.0,,0.0,,,,,,,,,-9999,2000,0,0.0,0.0,0.0,0.0,,
185.0,Pittsburgh Penguins,Patrick Foley,US,LW,,,New Hampshire (H-East),,0.0,0.0,0.0,0.0,0.0,0.0,,0.0,,,,,,,,,-9999,2000,0,0.0,0.0,0.0,0.0,,
186.0,Phoenix Coyotes,Brent Gauvreau,CA,RW,,,Oshawa Generals (OHL),,0.0,0.0,0.0,0.0,0.0,0.0,,0.0,,,,,,,,,-9999,2000,0,0.0,0.0,0.0,0.0,,
187.0,Detroit Red Wings,Per Backer,SE,RW,,,Grums IK (Sweden-2),,0.0,0.0,0.0,0.0,0.0,0.0,,0.0,,,,,,,,,-9999,2000,0,0.0,0.0,0.0,0.0,,
190.0,Florida Panthers,Josh Olson,US,LW,19.0,2004.0,Omaha Lancers (USHL),5.0,1.0,0.2,0.0,0.04,1.0,0.2,,1.0,0.0,,,,,,,0.2,olsonjo01,2000,0,0.2,0.0,0.2,0.2,0.018750000000000003,
192.0,Dallas Stars,Ladislav Vlcek,CZ,RW,,,HC Kladno Jr. (Czech Jr.),,0.0,0.0,0.0,0.0,0.0,0.0,,0.0,,,,,,,,,-9999,2000,0,0.0,0.0,0.0,0.0,,
195.0,Philadelphia Flyers,Colin Shields,GB,RW,,,Cleveland Barons (NAHL),,0.0,0.0,0.0,0.0,0.0,0.0,,0.0,,,,,,,,,-9999,2000,0,0.0,0.0,0.0,0.0,,
197.0,Nashville Predators,Zbynek Irgl,CZ,C,,,HC Vitkovice (Czech),,0.0,0.0,0.0,0.0,0.0,0.0,,0.0,,,,,,,,,-9999,2000,0,0.0,0.0,0.0,0.0,,
198.0,New Jersey Devils,Ken Magowan,CA,LW,,,Vernon (BCHL),,0.0,0.0,0.0,0.0,0.0,0.0,,0.0,,,,,,,,,-9999,2000,0,0.0,0.0,0.0,0.0,,
199.0,Minnesota Wild,Brian Passmore,CA,C,,,Oshawa Generals (OHL),,0.0,0.0,0.0,0.0,0.0,0.0,,0.0,,,,,,,,,-9999,2000,0,0.0,0.0,0.0,0.0,,
200.0,Columbus Blue Jackets,Janne Jokila,FI,LW,,,TPS Jr. (Finland Jr.),,0.0,0.0,0.0,0.0,0.0,0.0,,0.0,,,,,,,,,-9999,2000,0,0.0,0.0,0.0,0.0,,
201.0,Los Angeles Kings,Yevgeny Fedorov,RU,C,,,Molot Prikamie Perm (Russia),,0.0,0.0,0.0,0.0,0.0,0.0,,0.0,,,,,,,,,-9999,2000,0,0.0,0.0,0.0,0.0,,
204.0,Boston Bruins,Chris Berti,CA,C,,,Sarnia Sting (OHL),,0.0,0.0,0.0,0.0,0.0,0.0,,0.0,,,,,,,,,-9999,2000,0,0.0,0.0,0.0,0.0,,
206.0,Los Angeles Kings,Tim Eriksson,SE,C,,,Vastra Frolunda HC Jr. (Sweden Jr.),,0.0,0.0,0.0,0.0,0.0,0.0,,0.0,,,,,,,,,-9999,2000,0,0.0,0.0,0.0,0.0,,
208.0,Vancouver Canucks,Brandon Reid,CA,C,19.0,2007.0,Halifax Mooseheads (QMJHL),13.0,2.0,0.153846153846154,4.0,0.0118343195266272,6.0,0.461538461538462,,4.0,0.0,,,,,,,0.8,reidbr01,2000,0,0.15384615384615385,0.3076923076923077,0.46153846153846156,0.3076923076923077,0.10750000000000001,
210.0,Philadelphia Flyers,John Eichelberger,US,C,,,Green Bay Gamblers (USHL),,0.0,0.0,0.0,0.0,0.0,0.0,,0.0,,,,,,,,,-9999,2000,0,0.0,0.0,0.0,0.0,,
211.0,Edmonton Oilers,Joe Cullen,US,C,,,Colorado College (WCHA),,0.0,0.0,0.0,0.0,0.0,0.0,,0.0,,,,,,,,,-9999,2000,0,0.0,0.0,0.0,0.0,,
212.0,Carolina Hurricanes,Magnus Kahnberg,SE,LW,,,Vastra Frolunda HC Jr. (Sweden Jr.),,0.0,0.0,0.0,0.0,0.0,0.0,,0.0,,,,,,,,,-9999,2000,0,0.0,0.0,0.0,0.0,,
213.0,Buffalo Sabres,Vasily Bizyayev,RU,RW,,,HK CSKA Moskva 2 (Russia-3),,0.0,0.0,0.0,0.0,0.0,0.0,,0.0,,,,,,,,,-9999,2000,0,0.0,0.0,0.0,0.0,,
214.0,Minnesota Wild,Peter Bartos,SK,LW,27.0,2001.0,HC Ceske Budejovice (Czech),13.0,4.0,0.307692307692308,2.0,0.0236686390532545,6.0,0.461538461538462,,2.0,6.0,,,,,,,0.9,bartope01,2000,0,0.3076923076923077,0.15384615384615385,0.46153846153846156,0.15384615384615385,0.10250000000000002,
215.0,Edmonton Oilers,Matthew Lombardi,CA,C,18.0,2013.0,Victoriaville Tigres (QMJHL),536.0,101.0,0.188432835820896,161.0,0.000351553798173313,262.0,0.488805970149254,,6.0,293.0,,,,,,,24.1,lombama01,2000,0,0.1884328358208955,0.3003731343283582,0.48880597014925375,0.011194029850746268,0.1594216417910448,
216.0,Pittsburgh Penguins,Jim Abbott,US,LW,,,New Hampshire (H-East),,0.0,0.0,0.0,0.0,0.0,0.0,,0.0,,,,,,,,,-9999,2000,0,0.0,0.0,0.0,0.0,,
219.0,Dallas Stars,Marco Tuokko,FI,C,,,TPS (Finland),,0.0,0.0,0.0,0.0,0.0,0.0,,0.0,,,,,,,,,-9999,2000,0,0.0,0.0,0.0,0.0,,
220.0,Buffalo Sabres,Paul Gaustad,US,C,18.0,2016.0,Portland Winter Hawks (WHL),727.0,89.0,0.12242090784044,142.0,0.00016839189524132,231.0,0.317744154057772,,10.0,778.0,,,,,,,16.0,gaustpa01,2000,0,0.12242090784044017,0.1953232462173315,0.3177441540577717,0.013755158184319119,0.10395460797799173,
224.0,Dallas Stars,Antti Miettinen,FI,RW,20.0,2013.0,HPK (Finland),539.0,97.0,0.179962894248609,133.0,0.000333882920683876,230.0,0.426716141001855,,-24.0,234.0,,,,,,,21.0,miettan01,2000,0,0.17996289424860853,0.24675324675324675,0.4267161410018553,-0.04452690166975881,0.13645640074211504,
225.0,Chicago Blackhawks,Vladislav Luchkin,RU,C,,,Severstal Cherepovets 2 (Russia-3),,0.0,0.0,0.0,0.0,0.0,0.0,,0.0,,,,,,,,,-9999,2000,0,0.0,0.0,0.0,0.0,,
227.0,Philadelphia Flyers,Guillaume Lefebvre,CA,LW,19.0,2010.0,Rouyn-Noranda Huskies (QMJHL),39.0,2.0,0.0512820512820513,4.0,0.00131492439184747,6.0,0.153846153846154,,-2.0,13.0,,,,,,,0.0,lefebgu01,2000,0,0.05128205128205128,0.10256410256410256,0.15384615384615385,-0.05128205128205128,0.04743589743589744,
228.0,Detroit Red Wings,Jimmie Svensson,SE,C,,,Vasteras IK Jr. (Sweden Jr.),,0.0,0.0,0.0,0.0,0.0,0.0,,0.0,,,,,,,,,-9999,2000,0,0.0,0.0,0.0,0.0,,
229.0,St. Louis Blues,Brett Lutes,CA,LW,,,Montreal Rocket (QMJHL),,0.0,0.0,0.0,0.0,0.0,0.0,,0.0,,,,,,,,,-9999,2000,0,0.0,0.0,0.0,0.0,,
230.0,Atlanta Thrashers,Samu Isosalo,FI,RW,,,North Bay Centennials (OHL),,0.0,0.0,0.0,0.0,0.0,0.0,,0.0,,,,,,,,,-9999,2000,0,0.0,0.0,0.0,0.0,,
231.0,Columbus Blue Jackets,Peter Zingoni,US,C,,,New England Jr. Coyotes (EJHL),,0.0,0.0,0.0,0.0,0.0,0.0,,0.0,,,,,,,,,-9999,2000,0,0.0,0.0,0.0,0.0,,
234.0,Florida Panthers,Janis Sprukts,LV,C,18.0,2009.0,Lukko Jr. (Finland Jr.),14.0,1.0,0.0714285714285714,2.0,0.00510204081632653,3.0,0.214285714285714,,1.0,2.0,,,,,,,0.3,sprukja01,2000,0,0.07142857142857142,0.14285714285714285,0.21428571428571427,0.07142857142857142,0.05125,
241.0,Vancouver Canucks,Nathan Barrett,CA,C,,,Lethbridge Hurricanes (WHL),,0.0,0.0,0.0,0.0,0.0,0.0,,0.0,,,,,,,,,-9999,2000,0,0.0,0.0,0.0,0.0,,
244.0,Atlanta Thrashers,Eric Bowen,US,RW,,,Portland Winter Hawks (WHL),,0.0,0.0,0.0,0.0,0.0,0.0,,0.0,,,,,,,,,-9999,2000,0,0.0,0.0,0.0,0.0,,
245.0,Los Angeles Kings,Dan Welch,US,RW,,,Minnesota (WCHA),,0.0,0.0,0.0,0.0,0.0,0.0,,0.0,,,,,,,,,-9999,2000,0,0.0,0.0,0.0,0.0,,
246.0,San Jose Sharks,Chad Wiseman,CA,LW,19.0,2006.0,Mississagua IceDogs (OHL),9.0,1.0,0.111111111111111,1.0,0.0123456790123457,2.0,0.222222222222222,,-1.0,8.0,,,,,,,0.1,wisemch01,2000,0,0.1111111111111111,0.1111111111111111,0.2222222222222222,-0.1111111111111111,0.03,
248.0,Pittsburgh Penguins,Steve Crampton,CA,RW,,,Moose Jaw Warriors (WHL),,0.0,0.0,0.0,0.0,0.0,0.0,,0.0,,,,,,,,,-9999,2000,0,0.0,0.0,0.0,0.0,,
249.0,Phoenix Coyotes,Sami Venalainen,FI,RW,,,Tappara Jr. (Finland Jr.),,0.0,0.0,0.0,0.0,0.0,0.0,,0.0,,,,,,,,,-9999,2000,0,0.0,0.0,0.0,0.0,,
250.0,Los Angeles Kings,Flavien Conne,CH,C,,,HC Fribourg-Gotteron (Swiss),,0.0,0.0,0.0,0.0,0.0,0.0,,0.0,,,,,,,,,-9999,2000,0,0.0,0.0,0.0,0.0,,
251.0,Detroit Red Wings,Todd Jackson,US,RW,,,USA National Jr. Team (NAHL),,0.0,0.0,0.0,0.0,0.0,0.0,,0.0,,,,,,,,,-9999,2000,0,0.0,0.0,0.0,0.0,,
252.0,Colorado Avalanche,Darryl Bootland,CA,RW,18.0,2008.0,Toronto St. Michael's Majors (OHL),32.0,1.0,0.03125,2.0,0.0009765625,3.0,0.09375,,-3.0,85.0,,,,,,,0.0,bootlda01,2000,0,0.03125,0.0625,0.09375,-0.09375,0.025781250000000002,
253.0,Florida Panthers,Mathew Sommerfeld,CA,LW,,,Swift Current Broncos (WHL),,0.0,0.0,0.0,0.0,0.0,0.0,,0.0,,,,,,,,,-9999,2000,0,0.0,0.0,0.0,0.0,,
254.0,Toronto Maple Leafs,Alexander Shinkar,RU,RW,,,Severstal Cherepovets (Russia),,0.0,0.0,0.0,0.0,0.0,0.0,,0.0,,,,,,,,,-9999,2000,0,0.0,0.0,0.0,0.0,,
255.0,Minnesota Wild,Eric Johansson,CA,C,18.0,,Tri-City Americans (WHL),,0.0,0.0,0.0,0.0,0.0,0.0,,0.0,,,,,,,,,johaner01,2000,0,0.0,0.0,0.0,0.0,,
257.0,New Jersey Devils,Warren McCutcheon,CA,C,,,Lethbridge Hurricanes (WHL),,0.0,0.0,0.0,0.0,0.0,0.0,,0.0,,,,,,,,,-9999,2000,0,0.0,0.0,0.0,0.0,,
258.0,Buffalo Sabres,Sean McMorrow,CA,LW,18.0,2003.0,Kitchener Rangers (OHL),1.0,0.0,0.0,0.0,0.0,0.0,0.0,,0.0,0.0,,,,,,,0.0,mcmorse01,2000,0,0.0,0.0,0.0,0.0,0.0,
260.0,Detroit Red Wings,Yevgeny Bumagin,RU,C,,,Lada Togliatti 2 (Russia-3),,0.0,0.0,0.0,0.0,0.0,0.0,,0.0,,,,,,,,,-9999,2000,0,0.0,0.0,0.0,0.0,,
262.0,Chicago Blackhawks,Peter Flache,CA,C,,,Guelph Storm (OHL),,0.0,0.0,0.0,0.0,0.0,0.0,,0.0,,,,,,,,,-9999,2000,0,0.0,0.0,0.0,0.0,,
263.0,Tampa Bay Lightning,Thomas Ziegler,CH,RW,22.0,2001.0,HC Ambri-Piotta (Swiss),5.0,0.0,0.0,0.0,0.0,0.0,0.0,,-2.0,0.0,,,,,,,-0.1,zieglth01,2000,0,0.0,0.0,0.0,-0.4,-0.005000000000000001,
264.0,New York Islanders,Dmitri Altarev,RU,LW,,,Dizel Penza (Russia-2),,0.0,0.0,0.0,0.0,0.0,0.0,,0.0,,,,,,,,,-9999,2000,0,0.0,0.0,0.0,0.0,,
266.0,Colorado Avalanche,Sean Kotary,US,C,,,Northwood School (High-NY),,0.0,0.0,0.0,0.0,0.0,0.0,,0.0,,,,,,,,,-9999,2000,0,0.0,0.0,0.0,0.0,,
271.0,Chicago Blackhawks,Reto Von Arx,CH,C,24.0,2001.0,HC Davos (Swiss),19.0,3.0,0.157894736842105,1.0,0.00831024930747921,4.0,0.210526315789474,,-4.0,4.0,,,,,,,0.2,vonarre01,2000,0,0.15789473684210525,0.05263157894736842,0.21052631578947367,-0.21052631578947367,0.05499999999999999,
272.0,Vancouver Canucks,Tim Smith,CA,C,,,Spokane Chiefs (WHL),,0.0,0.0,0.0,0.0,0.0,0.0,,0.0,,,,,,,,,-9999,2000,0,0.0,0.0,0.0,0.0,,
273.0,Pittsburgh Penguins,Roman Simicek,CZ,C,28.0,2002.0,HPK (Finland),63.0,7.0,0.111111111111111,10.0,0.0017636684303351,17.0,0.26984126984127,,-8.0,59.0,,,,,,,1.0,simicro01,2000,0,0.1111111111111111,0.15873015873015872,0.2698412698412698,-0.12698412698412698,0.08134920634920635,
274.0,Edmonton Oilers,Yevgeny Muratov,RU,LW,,,Neftekhimik Nishnekamsk (Russia),,0.0,0.0,0.0,0.0,0.0,0.0,,0.0,,,,,,,,,-9999,2000,0,0.0,0.0,0.0,0.0,,
276.0,Carolina Hurricanes,Troy Ferguson,CA,RW,,,Michigan State (CCHA),,0.0,0.0,0.0,0.0,0.0,0.0,,0.0,,,,,,,,,-9999,2000,0,0.0,0.0,0.0,0.0,,
277.0,Buffalo Sabres,Ryan Courtney,CA,LW,,,Windsor Spitfires (OHL),,0.0,0.0,0.0,0.0,0.0,0.0,,0.0,,,,,,,,,-9999,2000,0,0.0,0.0,0.0,0.0,,
278.0,Columbus Blue Jackets,Martin Paroulek,CZ,RW,,,HC Vsetin (Czech),,0.0,0.0,0.0,0.0,0.0,0.0,,0.0,,,,,,,,,-9999,2000,0,0.0,0.0,0.0,0.0,,
279.0,Boston Bruins,Andreas Lindstrom,SE,RW,,,Lulea HF Jr. (Sweden Jr.),,0.0,0.0,0.0,0.0,0.0,0.0,,0.0,,,,,,,,,-9999,2000,0,0.0,0.0,0.0,0.0,,
281.0,Phoenix Coyotes,Peter Fabus,SK,C,,,HK Dukla Trencin (Slovakia),,0.0,0.0,0.0,0.0,0.0,0.0,,0.0,,,,,,,,,-9999,2000,0,0.0,0.0,0.0,0.0,,
286.0,Columbus Blue Jackets,Andrej Nedorost,SK,LW,20.0,2004.0,Moskitos Essen (DEL),28.0,2.0,0.0714285714285714,3.0,0.00255102040816326,5.0,0.178571428571429,,-9.0,12.0,,,,,,,0.0,nedoran01,2000,0,0.07142857142857142,0.10714285714285714,0.17857142857142858,-0.32142857142857145,0.04196428571428572,
287.0,Philadelphia Flyers,Milan Kopecky,CZ,LW,,,HC Slavia Praha Jr. (Czech Jr.),,0.0,0.0,0.0,0.0,0.0,0.0,,0.0,,,,,,,,,-9999,2000,0,0.0,0.0,0.0,0.0,,
290.0,Atlanta Thrashers,Simon Gamache,CA,C,19.0,2008.0,Val-d'Or Foreurs (QMJHL),48.0,6.0,0.125,7.0,0.00260416666666667,13.0,0.270833333333333,,-10.0,18.0,,,,,,,0.7,gamacsi01,2000,0,0.125,0.14583333333333334,0.2708333333333333,-0.20833333333333334,0.07760416666666667,
